2024-08-22 11:34:12,154 [INFO] Activator:176 - 


2024-08-22 11:34:12,158 [INFO] Activator:177 - !SESSION log4j initialized
2024-08-22 11:34:15,184 [INFO] LogOutputStream:77 - [STDOUT_REDIRECT] 
2024-08-22 11:34:16,542 [ERROR] LogOutputStream:75 - [STDERR_REDIRECT] 
2024-08-22 11:34:18,232 [INFO] LogOutputStream:77 - [STDOUT_REDIRECT] 
2024-08-22 11:34:19,366 [INFO] ApplicationProperties:184 - Using Application install path: /Applications/STM32CubeIDE.app/Contents/Eclipse/plugins/com.st.stm32cube.common.mx_6.12.0.202406281431
2024-08-22 11:34:19,376 [INFO] DbMcusXml:78 - Set database path to: /Applications/STM32CubeIDE.app/Contents/Eclipse/plugins/com.st.stm32cube.common.mx_6.12.0.202406281431//db//mcu/
2024-08-22 11:34:19,376 [INFO] ApiDb:274 - Set plugin database path to: /Applications/STM32CubeIDE.app/Contents/Eclipse/plugins/com.st.stm32cube.common.mx_6.12.0.202406281431//db//plugins/boardmanager/
2024-08-22 11:34:19,377 [WARN] ApiDb:259 - Overriding images path with different value:  => /Applications/STM32CubeIDE.app/Contents/Eclipse/plugins/com.st.stm32cube.common.mx_6.12.0.202406281431//db//plugins/mcufinder/images/
2024-08-22 11:34:19,386 [INFO] ApiDb:250 - Set database path to: /Users/kitton/.stmcufinder/plugins/mcufinder//mcu/
2024-08-22 11:34:19,386 [INFO] DbMcusAds:125 - Set database path to: /Users/kitton/.stmcufinder/plugins/mcufinder//mcu/
2024-08-22 11:34:19,388 [INFO] CrossReferenceDbSqlite:203 - Set database path to: /Users/kitton/.stmcufinder/plugins/mcufinder//mcu/cs/
2024-08-22 11:34:19,496 [INFO] RulesReader:64 - Compatibility file has been processed (297 Rules)
2024-08-22 11:34:19,594 [INFO] DbMcusXml:78 - Set database path to: /Applications/STM32CubeIDE.app/Contents/Eclipse/plugins/com.st.stm32cube.common.mx_6.12.0.202406281431//db//mcu/
2024-08-22 11:34:19,595 [INFO] ApiDb:274 - Set plugin database path to: /Applications/STM32CubeIDE.app/Contents/Eclipse/plugins/com.st.stm32cube.common.mx_6.12.0.202406281431//db//plugins/boardmanager/
2024-08-22 11:34:19,595 [INFO] ApiDb:261 - Set plugin images path to: /Applications/STM32CubeIDE.app/Contents/Eclipse/plugins/com.st.stm32cube.common.mx_6.12.0.202406281431//db//plugins/mcufinder/images/
2024-08-22 11:34:19,596 [WARN] DbFile:41 - Overriding database path with different value: /Users/kitton/.stmcufinder/plugins/mcufinder/ => /Users/kitton/.stmcufinder/plugins/mcufinder
2024-08-22 11:34:19,596 [INFO] ApiDb:250 - Set database path to: /Users/kitton/.stmcufinder/plugins/mcufinder//mcu/
2024-08-22 11:34:19,596 [WARN] DbFile:41 - Overriding database path with different value: /Users/kitton/.stmcufinder/plugins/mcufinder/ => /Users/kitton/.stmcufinder/plugins/mcufinder
2024-08-22 11:34:19,596 [INFO] DbMcusAds:125 - Set database path to: /Users/kitton/.stmcufinder/plugins/mcufinder//mcu/
2024-08-22 11:34:19,597 [WARN] DbFile:41 - Overriding database path with different value: /Users/kitton/.stmcufinder/plugins/mcufinder/ => /Users/kitton/.stmcufinder/plugins/mcufinder
2024-08-22 11:34:19,597 [WARN] DbFile:41 - Overriding database path with different value: /Users/kitton/.stmcufinder/plugins/mcufinder/ => /Users/kitton/.stmcufinder/plugins/mcufinder
2024-08-22 11:34:19,597 [INFO] CrossReferenceDbSqlite:203 - Set database path to: /Users/kitton/.stmcufinder/plugins/mcufinder//mcu/cs/
2024-08-22 11:34:19,757 [ERROR] LogOutputStream:75 - [STDERR_REDIRECT] [Fatal Error] :2:10: DOCTYPE is disallowed when the feature "http://apache.org/xml/features/disallow-doctype-decl" set to true.
2024-08-22 11:34:19,770 [ERROR] LogOutputStream:75 - [STDERR_REDIRECT] 
2024-08-22 11:34:19,788 [INFO] MainPanel:268 - HeapMemory: 306184192
2024-08-22 11:34:20,246 [INFO] DbMcusXml:78 - Set database path to: /Applications/STM32CubeIDE.app/Contents/Eclipse/plugins/com.st.stm32cube.common.mx_6.12.0.202406281431//db//mcu/
2024-08-22 11:34:20,246 [INFO] ApiDb:274 - Set plugin database path to: /Applications/STM32CubeIDE.app/Contents/Eclipse/plugins/com.st.stm32cube.common.mx_6.12.0.202406281431//db//plugins/boardmanager/
2024-08-22 11:34:20,246 [INFO] ApiDb:261 - Set plugin images path to: /Applications/STM32CubeIDE.app/Contents/Eclipse/plugins/com.st.stm32cube.common.mx_6.12.0.202406281431//db//plugins/mcufinder/images/
2024-08-22 11:34:20,246 [WARN] DbFile:41 - Overriding database path with different value: /Users/kitton/.stmcufinder/plugins/mcufinder/ => /Users/kitton/.stmcufinder/plugins/mcufinder
2024-08-22 11:34:20,246 [INFO] ApiDb:250 - Set database path to: /Users/kitton/.stmcufinder/plugins/mcufinder//mcu/
2024-08-22 11:34:20,246 [WARN] DbFile:41 - Overriding database path with different value: /Users/kitton/.stmcufinder/plugins/mcufinder/ => /Users/kitton/.stmcufinder/plugins/mcufinder
2024-08-22 11:34:20,247 [INFO] DbMcusAds:125 - Set database path to: /Users/kitton/.stmcufinder/plugins/mcufinder//mcu/
2024-08-22 11:34:20,247 [WARN] DbFile:41 - Overriding database path with different value: /Users/kitton/.stmcufinder/plugins/mcufinder/ => /Users/kitton/.stmcufinder/plugins/mcufinder
2024-08-22 11:34:20,247 [WARN] DbFile:41 - Overriding database path with different value: /Users/kitton/.stmcufinder/plugins/mcufinder/ => /Users/kitton/.stmcufinder/plugins/mcufinder
2024-08-22 11:34:20,247 [INFO] CrossReferenceDbSqlite:203 - Set database path to: /Users/kitton/.stmcufinder/plugins/mcufinder//mcu/cs/
2024-08-22 11:34:20,262 [INFO] ApplicationProperties:184 - Using Application install path: /Applications/STM32CubeIDE.app/Contents/Eclipse/plugins/com.st.stm32cube.common.mx_6.12.0.202406281431
2024-08-22 11:34:20,263 [INFO] PluginManage:196 - Search for loadable plugins [exclusion list=, ]
2024-08-22 11:34:20,264 [INFO] PluginManage:310 - Check plugin analytics
2024-08-22 11:34:20,433 [INFO] AnalyticsPlugin:253 - Accepted Software Licenses: 
2024-08-22 11:34:20,433 [INFO] AnalyticsPlugin:255 - Accepted CMSIS Pack Licenses: 
2024-08-22 11:34:20,433 [INFO] AnalyticsPlugin:257 - Accepted Firmware Licenses: FW.F7.1.17.0
2024-08-22 11:34:20,442 [INFO] PluginManage:359 - Loaded plugin analytics (category:tool,tabindex:-1)
2024-08-22 11:34:20,443 [INFO] PluginManage:310 - Check plugin cadmodel
2024-08-22 11:34:20,452 [INFO] CADModel:105 - Init CAD model plugin
2024-08-22 11:34:20,452 [INFO] PluginManage:359 - Loaded plugin cadmodel (category:power,tabindex:5)
2024-08-22 11:34:20,453 [INFO] PluginManage:310 - Check plugin clock
2024-08-22 11:34:20,461 [INFO] PluginManage:359 - Loaded plugin clock (category:base,tabindex:2)
2024-08-22 11:34:20,461 [INFO] PluginManage:310 - Check plugin ddr
2024-08-22 11:34:20,462 [INFO] PluginManage:359 - Loaded plugin ddr (category:tool,tabindex:6)
2024-08-22 11:34:20,463 [INFO] PluginManage:310 - Check plugin filemanager
2024-08-22 11:34:20,571 [INFO] PluginManage:359 - Loaded plugin filemanager (category:base,tabindex:10)
2024-08-22 11:34:20,571 [INFO] PluginManage:310 - Check plugin ipmanager
2024-08-22 11:34:20,575 [INFO] PluginManage:359 - Loaded plugin ipmanager (category:base,tabindex:5)
2024-08-22 11:34:20,575 [INFO] PluginManage:310 - Check plugin lpbam
2024-08-22 11:34:20,582 [INFO] PluginManage:359 - Loaded plugin lpbam (category:base,tabindex:0)
2024-08-22 11:34:20,582 [INFO] PluginManage:310 - Check plugin memorymap
2024-08-22 11:34:20,589 [INFO] PluginManage:359 - Loaded plugin memorymap (category:base,tabindex:4)
2024-08-22 11:34:20,589 [INFO] PluginManage:310 - Check plugin pinoutandconfiguration
2024-08-22 11:34:20,592 [INFO] PluginManage:359 - Loaded plugin pinoutandconfiguration (category:base,tabindex:1)
2024-08-22 11:34:20,593 [INFO] PluginManage:310 - Check plugin pinoutconfig
2024-08-22 11:34:20,657 [WARN] SupportedApi:132 - Cannot load RTOS API schema: s4s-elt-must-match.1: The content of 'definitions' must match (annotation?, (simpleType | complexType)?, (unique | key | keyref)*)). A problem was found starting at: attribute.
2024-08-22 11:34:20,785 [INFO] PluginManage:359 - Loaded plugin pinoutconfig (category:base,tabindex:0)
2024-08-22 11:34:20,785 [INFO] PluginManage:310 - Check plugin power
2024-08-22 11:34:20,796 [INFO] PluginManage:359 - Loaded plugin power (category:power,tabindex:4)
2024-08-22 11:34:20,796 [INFO] PluginManage:310 - Check plugin projectmanager
2024-08-22 11:34:20,821 [INFO] PluginManage:359 - Loaded plugin projectmanager (category:projectmanager,tabindex:4)
2024-08-22 11:34:20,821 [INFO] PluginManage:310 - Check plugin rif
2024-08-22 11:34:20,825 [INFO] PluginManage:359 - Loaded plugin rif (category:base,tabindex:3)
2024-08-22 11:34:20,825 [INFO] PluginManage:310 - Check plugin thirdparty
2024-08-22 11:34:20,935 [INFO] PluginManage:359 - Loaded plugin thirdparty (category:base,tabindex:-1)
2024-08-22 11:34:20,936 [INFO] PluginManage:310 - Check plugin tools
2024-08-22 11:34:20,935 [WARN] IntegrityCheckThread:84 - waiting for thirdparty lock release [integrity check]
2024-08-22 11:34:20,936 [INFO] IntegrityCheckThread:86 - entering critical section [integrity check]
2024-08-22 11:34:20,937 [INFO] ThirdPartyUpdaterWithRetryManager:70 - Updater plugin not ready yet. [1/15]
2024-08-22 11:34:20,939 [INFO] PluginManage:359 - Loaded plugin tools (category:base,tabindex:7)
2024-08-22 11:34:20,939 [INFO] PluginManage:310 - Check plugin tutovideos
2024-08-22 11:34:21,083 [INFO] PluginManage:359 - Loaded plugin tutovideos (category:base,tabindex:-1)
2024-08-22 11:34:21,084 [INFO] PluginManage:310 - Check plugin updater
2024-08-22 11:34:21,123 [INFO] PluginManage:359 - Loaded plugin updater (category:base,tabindex:12)
2024-08-22 11:34:21,124 [INFO] PluginManage:310 - Check plugin userauth
2024-08-22 11:34:21,132 [INFO] UserAuth:113 - Init User Auth plugin
2024-08-22 11:34:21,132 [INFO] PluginManage:359 - Loaded plugin userauth (category:base,tabindex:14)
2024-08-22 11:34:21,133 [INFO] PluginManage:283 - PluginManage : Loaded plugins [18]
2024-08-22 11:34:21,351 [INFO] PinOutPanel:1561 - setPackage(No Configuration,No Configuration)
2024-08-22 11:34:21,486 [INFO] CADModel:165 - CPN selected for project level
2024-08-22 11:34:21,487 [INFO] CADModel:114 - Register for checkConnection events
2024-08-22 11:34:21,502 [INFO] IPUIPlugin:80 - create IPUIPlugin
2024-08-22 11:34:21,502 [INFO] PluginManager:220 - loadIPPluginJar : add mdma
2024-08-22 11:34:21,506 [INFO] IPUIPlugin:80 - create IPUIPlugin
2024-08-22 11:34:21,506 [INFO] PluginManager:220 - loadIPPluginJar : add freertos
2024-08-22 11:34:21,508 [INFO] IPUIPlugin:80 - create IPUIPlugin
2024-08-22 11:34:21,508 [INFO] PluginManager:220 - loadIPPluginJar : add gic
2024-08-22 11:34:21,513 [INFO] IPUIPlugin:80 - create IPUIPlugin
2024-08-22 11:34:21,513 [INFO] PluginManager:220 - loadIPPluginJar : add adc
2024-08-22 11:34:21,514 [INFO] IPUIPlugin:80 - create IPUIPlugin
2024-08-22 11:34:21,514 [INFO] PluginManager:220 - loadIPPluginJar : add gtzc
2024-08-22 11:34:21,516 [INFO] IPUIPlugin:80 - create IPUIPlugin
2024-08-22 11:34:21,517 [INFO] PluginManager:220 - loadIPPluginJar : add quadspi
2024-08-22 11:34:21,520 [INFO] IPUIPlugin:80 - create IPUIPlugin
2024-08-22 11:34:21,521 [INFO] PluginManager:220 - loadIPPluginJar : add aes
2024-08-22 11:34:21,522 [INFO] IPUIPlugin:80 - create IPUIPlugin
2024-08-22 11:34:21,522 [INFO] PluginManager:220 - loadIPPluginJar : add pdm2pcm
2024-08-22 11:34:21,523 [INFO] IPUIPlugin:80 - create IPUIPlugin
2024-08-22 11:34:21,523 [INFO] PluginManager:220 - loadIPPluginJar : add hash
2024-08-22 11:34:21,524 [INFO] IPUIPlugin:80 - create IPUIPlugin
2024-08-22 11:34:21,524 [INFO] PluginManager:220 - loadIPPluginJar : add tim
2024-08-22 11:34:21,524 [INFO] IPUIPlugin:80 - create IPUIPlugin
2024-08-22 11:34:21,524 [INFO] PluginManager:220 - loadIPPluginJar : add tsc
2024-08-22 11:34:21,526 [INFO] IPUIPlugin:80 - create IPUIPlugin
2024-08-22 11:34:21,526 [INFO] PluginManager:220 - loadIPPluginJar : add extmemmanager
2024-08-22 11:34:21,526 [INFO] IPUIPlugin:80 - create IPUIPlugin
2024-08-22 11:34:21,526 [INFO] PluginManager:220 - loadIPPluginJar : add ts
2024-08-22 11:34:21,527 [INFO] IPUIPlugin:80 - create IPUIPlugin
2024-08-22 11:34:21,527 [INFO] PluginManager:220 - loadIPPluginJar : add radio
2024-08-22 11:34:21,528 [INFO] IPUIPlugin:80 - create IPUIPlugin
2024-08-22 11:34:21,528 [INFO] PluginManager:220 - loadIPPluginJar : add can
2024-08-22 11:34:21,530 [INFO] IPUIPlugin:80 - create IPUIPlugin
2024-08-22 11:34:21,530 [INFO] PluginManager:220 - loadIPPluginJar : add dma3
2024-08-22 11:34:21,531 [INFO] IPUIPlugin:80 - create IPUIPlugin
2024-08-22 11:34:21,531 [INFO] PluginManager:220 - loadIPPluginJar : add dfsdm
2024-08-22 11:34:21,532 [INFO] IPUIPlugin:80 - create IPUIPlugin
2024-08-22 11:34:21,533 [INFO] PluginManager:220 - loadIPPluginJar : add spi
2024-08-22 11:34:21,534 [INFO] IPUIPlugin:80 - create IPUIPlugin
2024-08-22 11:34:21,534 [INFO] PluginManager:220 - loadIPPluginJar : add gfxmmu
2024-08-22 11:34:21,535 [INFO] IPUIPlugin:80 - create IPUIPlugin
2024-08-22 11:34:21,535 [INFO] PluginManager:220 - loadIPPluginJar : add genericplugin
2024-08-22 11:34:21,536 [INFO] IPUIPlugin:80 - create IPUIPlugin
2024-08-22 11:34:21,536 [INFO] PluginManager:220 - loadIPPluginJar : add cryp
2024-08-22 11:34:21,538 [INFO] IPUIPlugin:80 - create IPUIPlugin
2024-08-22 11:34:21,538 [INFO] PluginManager:220 - loadIPPluginJar : add gpio
2024-08-22 11:34:21,540 [INFO] IPUIPlugin:80 - create IPUIPlugin
2024-08-22 11:34:21,541 [INFO] PluginManager:220 - loadIPPluginJar : add ddr_ctrl_phy
2024-08-22 11:34:21,541 [INFO] IPUIPlugin:80 - create IPUIPlugin
2024-08-22 11:34:21,541 [INFO] PluginManager:220 - loadIPPluginJar : add comp
2024-08-22 11:34:21,543 [INFO] IPUIPlugin:80 - create IPUIPlugin
2024-08-22 11:34:21,543 [INFO] PluginManager:220 - loadIPPluginJar : add tracer_emb
2024-08-22 11:34:21,544 [INFO] IPUIPlugin:80 - create IPUIPlugin
2024-08-22 11:34:21,544 [INFO] PluginManager:220 - loadIPPluginJar : add openamp
2024-08-22 11:34:21,546 [INFO] IPUIPlugin:80 - create IPUIPlugin
2024-08-22 11:34:21,546 [INFO] PluginManager:220 - loadIPPluginJar : add stm32_wpan
2024-08-22 11:34:21,548 [INFO] IPUIPlugin:80 - create IPUIPlugin
2024-08-22 11:34:21,557 [INFO] PluginManager:220 - loadIPPluginJar : add plateformsettings
2024-08-22 11:34:21,558 [INFO] IPUIPlugin:80 - create IPUIPlugin
2024-08-22 11:34:21,558 [INFO] PluginManager:220 - loadIPPluginJar : add ipddr
2024-08-22 11:34:21,559 [INFO] IPUIPlugin:80 - create IPUIPlugin
2024-08-22 11:34:21,559 [INFO] PluginManager:220 - loadIPPluginJar : add usart
2024-08-22 11:34:21,560 [INFO] IPUIPlugin:80 - create IPUIPlugin
2024-08-22 11:34:21,560 [INFO] PluginManager:220 - loadIPPluginJar : add ltdc
2024-08-22 11:34:21,561 [INFO] IPUIPlugin:80 - create IPUIPlugin
2024-08-22 11:34:21,562 [INFO] PluginManager:220 - loadIPPluginJar : add nvic
2024-08-22 11:34:21,562 [INFO] IPUIPlugin:80 - create IPUIPlugin
2024-08-22 11:34:21,562 [INFO] PluginManager:220 - loadIPPluginJar : add fatfs
2024-08-22 11:34:21,565 [INFO] IPUIPlugin:80 - create IPUIPlugin
2024-08-22 11:34:21,565 [INFO] PluginManager:220 - loadIPPluginJar : add linkedlist
2024-08-22 11:34:21,568 [INFO] IPUIPlugin:80 - create IPUIPlugin
2024-08-22 11:34:21,568 [INFO] PluginManager:220 - loadIPPluginJar : add dma
2024-08-22 11:34:21,569 [INFO] IPUIPlugin:80 - create IPUIPlugin
2024-08-22 11:34:21,569 [INFO] PluginManager:220 - loadIPPluginJar : add fmc
2024-08-22 11:34:21,570 [INFO] IPUIPlugin:80 - create IPUIPlugin
2024-08-22 11:34:21,570 [INFO] PluginManager:220 - loadIPPluginJar : add i2s
2024-08-22 11:34:21,571 [INFO] IPUIPlugin:80 - create IPUIPlugin
2024-08-22 11:34:21,571 [INFO] PluginManager:220 - loadIPPluginJar : add ucpd
2024-08-22 11:34:21,572 [INFO] IPUIPlugin:80 - create IPUIPlugin
2024-08-22 11:34:21,572 [INFO] PluginManager:220 - loadIPPluginJar : add lorawan
2024-08-22 11:34:21,573 [INFO] IPUIPlugin:80 - create IPUIPlugin
2024-08-22 11:34:21,573 [INFO] PluginManager:220 - loadIPPluginJar : add opamp
2024-08-22 11:34:21,574 [INFO] IPUIPlugin:80 - create IPUIPlugin
2024-08-22 11:34:21,574 [INFO] PluginManager:220 - loadIPPluginJar : add i3c
2024-08-22 11:34:21,575 [INFO] IPUIPlugin:80 - create IPUIPlugin
2024-08-22 11:34:21,575 [INFO] PluginManager:220 - loadIPPluginJar : add touchsensing
2024-08-22 11:34:21,576 [INFO] IPUIPlugin:80 - create IPUIPlugin
2024-08-22 11:34:21,576 [INFO] PluginManager:220 - loadIPPluginJar : add i2c
2024-08-22 11:34:21,577 [INFO] IPUIPlugin:80 - create IPUIPlugin
2024-08-22 11:34:21,577 [INFO] PluginManager:220 - loadIPPluginJar : add resmgrutility
2024-08-22 11:34:21,578 [INFO] IPUIPlugin:80 - create IPUIPlugin
2024-08-22 11:34:21,578 [INFO] PluginManager:220 - loadIPPluginJar : add sai
2024-08-22 11:34:21,579 [INFO] IPUIPlugin:80 - create IPUIPlugin
2024-08-22 11:34:21,579 [INFO] PluginManager:220 - loadIPPluginJar : add usbx
2024-08-22 11:34:21,700 [INFO] CADModel:165 - CPN selected for project level
2024-08-22 11:34:21,700 [INFO] CADModel:114 - Register for checkConnection events
2024-08-22 11:34:21,701 [FATAL] Updater:334 - Updater called before beeing initialized
2024-08-22 11:34:21,701 [ERROR] CADModel:125 - Updater not yet initialized, retry later 
2024-08-22 11:34:21,874 [INFO] CADModel:165 - CPN selected for project level
2024-08-22 11:34:21,874 [INFO] CADModel:114 - Register for checkConnection events
2024-08-22 11:34:21,874 [FATAL] Updater:334 - Updater called before beeing initialized
2024-08-22 11:34:21,874 [ERROR] CADModel:125 - Updater not yet initialized, retry later 
2024-08-22 11:34:21,876 [FATAL] Updater:334 - Updater called before beeing initialized
2024-08-22 11:34:21,994 [FATAL] Updater:334 - Updater called before beeing initialized
2024-08-22 11:34:21,998 [INFO] DbMcusAds:53 - JSON generation date=Thu May 16 16:22:00 ICT 2024 (1715851320667)
2024-08-22 11:34:21,998 [FATAL] Updater:334 - Updater called before beeing initialized
2024-08-22 11:34:22,041 [WARN] DetailPanel:346 - Failed to get advertising image, set to default
2024-08-22 11:34:22,095 [FATAL] Updater:334 - Updater called before beeing initialized
2024-08-22 11:34:22,096 [FATAL] Updater:334 - Updater called before beeing initialized
2024-08-22 11:34:22,097 [FATAL] Updater:334 - Updater called before beeing initialized
2024-08-22 11:34:22,097 [WARN] DetailPanel:346 - Failed to get advertising image, set to default
2024-08-22 11:34:22,099 [FATAL] Updater:334 - Updater called before beeing initialized
2024-08-22 11:34:22,149 [ERROR] Updater:1164 - MainUpdater not yet initialized. External WinMGr cannot be set.
2024-08-22 11:34:22,153 [INFO] Updater:1100 - Updater Version found : 6.12.0
2024-08-22 11:34:22,163 [INFO] ApplicationProperties:184 - Using Application install path: /Applications/STM32CubeIDE.app/Contents/Eclipse/plugins/com.st.stm32cube.common.mx_6.12.0.202406281431
2024-08-22 11:34:22,403 [INFO] MainUpdater:2873 - connection check result : 10
2024-08-22 11:34:22,404 [INFO] MainUpdater:290 - Updater Check For Update Now.
2024-08-22 11:34:22,404 [INFO] MicroXplorer:498 - Change Database Version : DB.6.0.120
2024-08-22 11:34:22,409 [INFO] McuFinderGlobals:63 - Set McuFinder mode to 2 (CubeIDE integrated)
2024-08-22 11:34:22,410 [INFO] UserAuth:417 - Internet connection configuration mode: 1
2024-08-22 11:34:22,449 [INFO] JxBrowserEngine:152 - Initiate JxBrowser Engine with user profile folder
2024-08-22 11:34:22,669 [INFO] CheckServerUpdateThread:120 - End of CheckServer Thread
2024-08-22 11:34:24,089 [WARN] PackLoader:240 - Cannot read IP mode file for STMicroelectronics.FP-SNS-MOTENVWB1.1.4.0
2024-08-22 11:34:24,117 [WARN] PackLoader:240 - Cannot read IP mode file for STMicroelectronics.X-CUBE-SMBUS.2.1.0
2024-08-22 11:34:24,165 [WARN] PackLoader:240 - Cannot read IP mode file for STMicroelectronics.X-CUBE-AZRTOS-F7.1.1.0
2024-08-22 11:34:24,308 [WARN] PackLoader:240 - Cannot read IP mode file for STMicroelectronics.X-CUBE-MEMS1.11.0.0
2024-08-22 11:34:24,559 [WARN] PackLoader:240 - Cannot read IP mode file for STMicroelectronics.FP-SNS-FLIGHT1.5.0.2
2024-08-22 11:34:24,589 [WARN] PackLoader:240 - Cannot read IP mode file for STMicroelectronics.X-CUBE-DISPLAY.3.0.0
2024-08-22 11:34:24,604 [WARN] PackLoader:240 - Cannot read IP mode file for STMicroelectronics.X-CUBE-BLE1.7.0.0
2024-08-22 11:34:24,639 [WARN] PackLoader:240 - Cannot read IP mode file for emotas.I-CUBE-CANOPEN.1.3.0
2024-08-22 11:34:24,678 [WARN] PackLoader:240 - Cannot read IP mode file for STMicroelectronics.X-CUBE-BLEMGR.3.1.0
2024-08-22 11:34:24,704 [WARN] PackLoader:240 - Cannot read IP mode file for STMicroelectronics.FP-SNS-SMARTAG2.1.2.0
2024-08-22 11:34:24,715 [INFO] LogOutputStream:77 - [STDOUT_REDIRECT] 1 : Invalid condition id : UX_CORESTACK_Condition cause : null
2024-08-22 11:34:24,717 [INFO] LogOutputStream:77 - [STDOUT_REDIRECT] 1 : Invalid condition id : UX_CORESTACK_Condition cause : null
2024-08-22 11:34:24,717 [INFO] LogOutputStream:77 - [STDOUT_REDIRECT] 1 : Invalid condition id : UX_CORESTACK_Condition cause : null
2024-08-22 11:34:24,717 [INFO] LogOutputStream:77 - [STDOUT_REDIRECT] 1 : Invalid condition id : UX_CORESTACK_Condition cause : null
2024-08-22 11:34:24,718 [INFO] LogOutputStream:77 - [STDOUT_REDIRECT] 1 : Invalid condition id : UX_CORESTACK_Condition cause : null
2024-08-22 11:34:24,724 [WARN] PackLoader:240 - Cannot read IP mode file for STMicroelectronics.X-CUBE-AZRTOS-WL.2.0.0
2024-08-22 11:34:24,729 [WARN] PackLoader:240 - Cannot read IP mode file for STMicroelectronics.FP-SNS-MOTENV1.5.0.0
2024-08-22 11:34:24,732 [WARN] PackLoader:240 - Cannot read IP mode file for wolfSSL.I-CUBE-wolfMQTT.1.19.0
2024-08-22 11:34:24,741 [WARN] PackLoader:240 - Cannot read IP mode file for WES.I-CUBE-Cesium.1.3.0
2024-08-22 11:34:24,745 [WARN] PackLoader:240 - Cannot read IP mode file for STMicroelectronics.X-CUBE-BLE2.3.3.0
2024-08-22 11:34:24,750 [WARN] PackLoader:240 - Cannot read IP mode file for STMicroelectronics.X-CUBE-TCPP.4.1.0
2024-08-22 11:34:24,767 [WARN] PackLoader:240 - Cannot read IP mode file for STMicroelectronics.X-CUBE-AZRTOS-G0.1.1.0
2024-08-22 11:34:24,780 [WARN] PackLoader:240 - Cannot read IP mode file for STMicroelectronics.X-CUBE-SAFEA1.1.2.2
2024-08-22 11:34:24,785 [WARN] PackLoader:240 - Cannot read IP mode file for STMicroelectronics.X-CUBE-NFC4.3.0.0
2024-08-22 11:34:24,811 [WARN] PackLoader:240 - Cannot read IP mode file for EmbeddedOffice.I-CUBE-FS-RTOS.1.0.1
2024-08-22 11:34:24,811 [ERROR] ConditionMgr:805 - Attr not supported : Dmpu
2024-08-22 11:34:24,812 [ERROR] ConditionMgr:805 - Attr not supported : Dmpu
2024-08-22 11:34:24,812 [ERROR] ConditionMgr:805 - Attr not supported : Dmpu
2024-08-22 11:34:24,812 [ERROR] ConditionMgr:805 - Attr not supported : Dmpu
2024-08-22 11:34:24,812 [ERROR] ConditionMgr:805 - Attr not supported : Dmpu
2024-08-22 11:34:24,813 [ERROR] ConditionMgr:805 - Attr not supported : Dmpu
2024-08-22 11:34:24,813 [ERROR] ConditionMgr:805 - Attr not supported : Dmpu
2024-08-22 11:34:24,813 [ERROR] ConditionMgr:805 - Attr not supported : Dmpu
2024-08-22 11:34:24,813 [ERROR] ConditionMgr:805 - Attr not supported : Dmpu
2024-08-22 11:34:24,813 [ERROR] ConditionMgr:805 - Attr not supported : Dmpu
2024-08-22 11:34:24,813 [ERROR] ConditionMgr:805 - Attr not supported : Dmpu
2024-08-22 11:34:24,813 [ERROR] ConditionMgr:805 - Attr not supported : Dmpu
2024-08-22 11:34:24,813 [ERROR] ConditionMgr:805 - Attr not supported : Dmpu
2024-08-22 11:34:24,813 [ERROR] ConditionMgr:805 - Attr not supported : Dmpu
2024-08-22 11:34:24,813 [ERROR] ConditionMgr:805 - Attr not supported : Dmpu
2024-08-22 11:34:24,813 [ERROR] ConditionMgr:805 - Attr not supported : Dmpu
2024-08-22 11:34:24,813 [ERROR] ConditionMgr:805 - Attr not supported : Dmpu
2024-08-22 11:34:24,813 [ERROR] ConditionMgr:805 - Attr not supported : Dmpu
2024-08-22 11:34:24,813 [ERROR] ConditionMgr:805 - Attr not supported : Dmpu
2024-08-22 11:34:24,813 [ERROR] ConditionMgr:805 - Attr not supported : Dmpu
2024-08-22 11:34:24,813 [ERROR] ConditionMgr:805 - Attr not supported : Dmpu
2024-08-22 11:34:24,813 [ERROR] ConditionMgr:805 - Attr not supported : Dmpu
2024-08-22 11:34:24,813 [ERROR] ConditionMgr:805 - Attr not supported : Dmpu
2024-08-22 11:34:24,814 [ERROR] ConditionMgr:805 - Attr not supported : Dmpu
2024-08-22 11:34:24,814 [ERROR] ConditionMgr:805 - Attr not supported : Dmpu
2024-08-22 11:34:24,814 [ERROR] ConditionMgr:805 - Attr not supported : Dmpu
2024-08-22 11:34:24,814 [ERROR] ConditionMgr:805 - Attr not supported : Dmpu
2024-08-22 11:34:24,814 [ERROR] ConditionMgr:805 - Attr not supported : Dmpu
2024-08-22 11:34:24,814 [ERROR] ConditionMgr:805 - Attr not supported : Dmpu
2024-08-22 11:34:24,814 [ERROR] ConditionMgr:805 - Attr not supported : Dmpu
2024-08-22 11:34:24,814 [ERROR] ConditionMgr:805 - Attr not supported : Dmpu
2024-08-22 11:34:24,814 [ERROR] ConditionMgr:805 - Attr not supported : Dmpu
2024-08-22 11:34:24,814 [ERROR] ConditionMgr:805 - Attr not supported : Dmpu
2024-08-22 11:34:24,814 [ERROR] ConditionMgr:805 - Attr not supported : Dmpu
2024-08-22 11:34:24,814 [ERROR] ConditionMgr:805 - Attr not supported : Dmpu
2024-08-22 11:34:24,815 [ERROR] ConditionMgr:805 - Attr not supported : Dmpu
2024-08-22 11:34:24,817 [ERROR] ConditionMgr:805 - Attr not supported : Dmpu
2024-08-22 11:34:24,819 [ERROR] ConditionMgr:805 - Attr not supported : Dmpu
2024-08-22 11:34:24,820 [ERROR] ConditionMgr:805 - Attr not supported : Dmpu
2024-08-22 11:34:24,820 [ERROR] ConditionMgr:805 - Attr not supported : Dmpu
2024-08-22 11:34:24,820 [ERROR] ConditionMgr:805 - Attr not supported : Dmpu
2024-08-22 11:34:24,820 [ERROR] ConditionMgr:805 - Attr not supported : Dmpu
2024-08-22 11:34:24,820 [ERROR] ConditionMgr:805 - Attr not supported : Dmpu
2024-08-22 11:34:24,820 [ERROR] ConditionMgr:805 - Attr not supported : Dmpu
2024-08-22 11:34:24,820 [ERROR] ConditionMgr:805 - Attr not supported : Dmpu
2024-08-22 11:34:24,820 [ERROR] ConditionMgr:805 - Attr not supported : Dmpu
2024-08-22 11:34:24,820 [ERROR] ConditionMgr:805 - Attr not supported : Dmpu
2024-08-22 11:34:24,820 [ERROR] ConditionMgr:805 - Attr not supported : Dmpu
2024-08-22 11:34:24,820 [ERROR] ConditionMgr:805 - Attr not supported : Dmpu
2024-08-22 11:34:24,820 [ERROR] ConditionMgr:805 - Attr not supported : Dmpu
2024-08-22 11:34:24,820 [ERROR] ConditionMgr:805 - Attr not supported : Dmpu
2024-08-22 11:34:24,820 [ERROR] ConditionMgr:805 - Attr not supported : Dmpu
2024-08-22 11:34:24,820 [ERROR] ConditionMgr:805 - Attr not supported : Dmpu
2024-08-22 11:34:24,820 [ERROR] ConditionMgr:805 - Attr not supported : Dmpu
2024-08-22 11:34:24,820 [ERROR] ConditionMgr:805 - Attr not supported : Dmpu
2024-08-22 11:34:24,820 [ERROR] ConditionMgr:805 - Attr not supported : Dmpu
2024-08-22 11:34:24,820 [ERROR] ConditionMgr:805 - Attr not supported : Dmpu
2024-08-22 11:34:24,820 [ERROR] ConditionMgr:805 - Attr not supported : Dmpu
2024-08-22 11:34:24,820 [ERROR] ConditionMgr:805 - Attr not supported : Dmpu
2024-08-22 11:34:24,821 [ERROR] ConditionMgr:805 - Attr not supported : Dmpu
2024-08-22 11:34:24,821 [ERROR] ConditionMgr:805 - Attr not supported : Dmpu
2024-08-22 11:34:24,821 [ERROR] ConditionMgr:805 - Attr not supported : Dmpu
2024-08-22 11:34:24,821 [ERROR] ConditionMgr:805 - Attr not supported : Dmpu
2024-08-22 11:34:24,821 [ERROR] ConditionMgr:805 - Attr not supported : Dmpu
2024-08-22 11:34:24,826 [WARN] PackLoader:240 - Cannot read IP mode file for RealThread.X-CUBE-RT-Thread_Nano.4.1.1
2024-08-22 11:34:24,831 [WARN] PackLoader:240 - Cannot read IP mode file for STMicroelectronics.FP-ATR-SIGFOX1.3.2.0
2024-08-22 11:34:24,837 [WARN] PackLoader:240 - Cannot read IP mode file for wolfSSL.I-CUBE-wolfSSL.5.7.2
2024-08-22 11:34:24,844 [WARN] PackLoader:240 - Cannot read IP mode file for STMicroelectronics.X-CUBE-EEPRMA1.5.1.0
2024-08-22 11:34:24,856 [WARN] PackLoader:240 - Cannot read IP mode file for ITTIA_DB.I-CUBE-ITTIADB.8.9.0
2024-08-22 11:34:24,918 [WARN] PackLoader:240 - Cannot read IP mode file for SEGGER.I-CUBE-embOS.1.3.1
2024-08-22 11:34:24,974 [WARN] PackLoader:240 - Cannot read IP mode file for STMicroelectronics.X-CUBE-ALGOBUILD.1.4.0
2024-08-22 11:34:24,979 [WARN] PackLoader:240 - Cannot read IP mode file for STMicroelectronics.X-CUBE-GNSS1.6.0.0
2024-08-22 11:34:25,001 [WARN] PackLoader:240 - Cannot read IP mode file for STMicroelectronics.X-CUBE-AZRTOS-F4.1.1.0
2024-08-22 11:34:25,013 [WARN] PackLoader:240 - Cannot read IP mode file for STMicroelectronics.X-CUBE-FREERTOS.1.2.0
2024-08-22 11:34:25,031 [WARN] PackLoader:240 - Cannot read IP mode file for STMicroelectronics.X-CUBE-AZRTOS-L5.2.0.0
2024-08-22 11:34:25,043 [WARN] PackLoader:240 - Cannot read IP mode file for STMicroelectronics.X-CUBE-NFC6.3.1.0
2024-08-22 11:34:25,049 [WARN] PackLoader:240 - Cannot read IP mode file for STMicroelectronics.X-CUBE-AI.9.0.0
2024-08-22 11:34:25,052 [WARN] PackLoader:240 - Cannot read IP mode file for STMicroelectronics.X-CUBE-NFC7.1.0.1
2024-08-22 11:34:25,070 [WARN] ConditionMgr:438 - getConditionDescription Invalid condition id : LAN8742 Phy interface Condition cause : null
2024-08-22 11:34:25,072 [WARN] PackLoader:240 - Cannot read IP mode file for STMicroelectronics.X-CUBE-AZRTOS-L4.2.0.0
2024-08-22 11:34:25,074 [WARN] ConditionMgr:1039 - genDependencies : Invalid condition id : LAN8742 Phy interface Condition cause : null
2024-08-22 11:34:25,074 [WARN] ConditionMgr:1039 - genDependencies : Invalid condition id : LAN8742 Phy interface Condition cause : null
2024-08-22 11:34:25,075 [WARN] ConditionMgr:1039 - genDependencies : Invalid condition id : LAN8742 Phy interface Condition cause : null
2024-08-22 11:34:25,089 [WARN] PackLoader:240 - Cannot read IP mode file for STMicroelectronics.X-CUBE-SFXS2LP1.4.0.0
2024-08-22 11:34:25,117 [WARN] PackLoader:240 - Cannot read IP mode file for STMicroelectronics.X-CUBE-AZRTOS-H7.3.3.0
2024-08-22 11:34:25,144 [WARN] ConditionMgr:438 - getConditionDescription Invalid condition id : UX DEVICE CLASS RTOS Condition cause : null
2024-08-22 11:34:25,145 [WARN] ConditionMgr:438 - getConditionDescription Invalid condition id : UX DEVICE CLASS RTOS Condition cause : null
2024-08-22 11:34:25,148 [WARN] PackLoader:240 - Cannot read IP mode file for STMicroelectronics.X-CUBE-AZRTOS-WB.2.0.0
2024-08-22 11:34:25,149 [WARN] ConditionMgr:1039 - genDependencies : Invalid condition id : UX DEVICE CLASS RTOS Condition cause : null
2024-08-22 11:34:25,149 [WARN] ConditionMgr:1039 - genDependencies : Invalid condition id : UX DEVICE CLASS RTOS Condition cause : null
2024-08-22 11:34:25,150 [WARN] ConditionMgr:1039 - genDependencies : Invalid condition id : UX DEVICE CLASS RTOS Condition cause : null
2024-08-22 11:34:25,150 [WARN] ConditionMgr:1039 - genDependencies : Invalid condition id : UX DEVICE CLASS RTOS Condition cause : null
2024-08-22 11:34:25,150 [WARN] ConditionMgr:1039 - genDependencies : Invalid condition id : UX DEVICE CLASS RTOS Condition cause : null
2024-08-22 11:34:25,218 [WARN] PackLoader:240 - Cannot read IP mode file for STMicroelectronics.X-CUBE-SUBG2.5.0.0
2024-08-22 11:34:25,230 [WARN] PackLoader:240 - Cannot read IP mode file for Cesanta.I-CUBE-Mongoose.7.13.0
2024-08-22 11:34:25,243 [WARN] PackLoader:240 - Cannot read IP mode file for STMicroelectronics.X-CUBE-AZRTOS-G4.2.0.0
2024-08-22 11:34:25,250 [WARN] PackLoader:240 - Cannot read IP mode file for STMicroelectronics.X-CUBE-ISPU.2.0.0
2024-08-22 11:34:25,255 [WARN] PackLoader:240 - Cannot read IP mode file for STMicroelectronics.X-CUBE-ALS.1.0.2
2024-08-22 11:34:25,262 [WARN] PackLoader:240 - Cannot read IP mode file for STMicroelectronics.X-CUBE-TOUCHGFX.4.24.0
2024-08-22 11:34:25,266 [WARN] PackLoader:240 - Cannot read IP mode file for wolfSSL.I-CUBE-wolfTPM.3.4.0
2024-08-22 11:34:25,270 [WARN] PackLoader:240 - Cannot read IP mode file for portGmbH.I-Cube-SoM-uGOAL.1.1.0
2024-08-22 11:34:25,286 [WARN] PackLoader:240 - Cannot read IP mode file for STMicroelectronics.X-CUBE-AZRTOS-H7RS.1.0.0
2024-08-22 11:34:25,291 [WARN] PackLoader:240 - Cannot read IP mode file for STMicroelectronics.FP-ATR-ASTRA1.2.0.0
2024-08-22 11:34:25,300 [WARN] PackLoader:240 - Cannot read IP mode file for STMicroelectronics.X-CUBE-TOF1.3.4.2
2024-08-22 11:34:25,328 [WARN] PackLoader:240 - Cannot read IP mode file for Infineon.AIROC-Wi-Fi-Bluetooth-STM32.1.6.1
2024-08-22 11:34:25,335 [WARN] PackLoader:240 - Cannot read IP mode file for wolfSSL.I-CUBE-wolfSSH.1.4.17
2024-08-22 11:34:25,340 [INFO] ThirdParty:978 - Integrity check success = true
2024-08-22 11:34:25,340 [INFO] IntegrityCheckThread:100 - exiting critical section [integrity check]
2024-08-22 11:34:25,340 [INFO] IntegrityCheckThread:103 - End integrity checks thread
2024-08-22 11:34:27,083 [INFO] WebApp:167 - Instantiating new browser for Auth
2024-08-22 11:34:28,493 [INFO] WebApp:448 - Apply proxy settings
2024-08-22 11:34:28,525 [INFO] WebApp:493 - Chromium authenticates against Manually configured proxy
2024-08-22 11:34:28,551 [INFO] WebApp:501 - Username used for proxy authentication: 
2024-08-22 11:34:28,610 [INFO] WebApp:869 - Register for checkConnection events
2024-08-22 11:34:28,610 [INFO] WebApp:448 - Apply proxy settings
2024-08-22 11:34:28,614 [INFO] WebApp:493 - Chromium authenticates against Manually configured proxy
2024-08-22 11:34:28,614 [INFO] WebApp:501 - Username used for proxy authentication: 
2024-08-22 11:34:28,739 [INFO] WebApp:220 - Starting web application
2024-08-22 11:34:28,739 [INFO] WebApp:578 - Web application path used /Applications/STM32CubeIDE.app/Contents/Eclipse/plugins/com.st.stm32cube.common.mx_6.12.0.202406281431/db/plugins/mcufinder/reactClient1/index.html
2024-08-22 11:34:29,214 [INFO] UserAuth:417 - Internet connection configuration mode: 1
2024-08-22 11:34:29,311 [INFO] WebApp:186 - Connection restablished
2024-08-22 11:37:37,408 [INFO] McuFinderGlobals:63 - Set McuFinder mode to 2 (CubeIDE integrated)
2024-08-22 11:37:37,415 [INFO] MainUpdater:2873 - connection check result : 10
2024-08-22 11:37:37,415 [INFO] MainUpdater:2873 - connection check result : 10
2024-08-22 11:37:37,849 [INFO] RulesReader:64 - Compatibility file has been processed (297 Rules)
2024-08-22 11:37:37,856 [INFO] RulesReader:64 - Compatibility file has been processed (297 Rules)
2024-08-22 11:37:37,858 [INFO] MicroXplorer:468 - Change Database Path : 
2024-08-22 11:37:37,858 [INFO] MicroXplorer:498 - Change Database Version : DB.6.0.120
2024-08-22 11:37:37,864 [WARN] ThirdParty:871 - waiting for thirdparty lock release [close project]
2024-08-22 11:37:37,864 [INFO] ThirdParty:873 - entering critical section [close project]
2024-08-22 11:37:37,866 [INFO] ThirdParty:883 - exiting critical section [close project]
2024-08-22 11:37:37,869 [INFO] PinOutPanel:1561 - setPackage(No Configuration,No Configuration)
2024-08-22 11:37:37,875 [INFO] UtilMem:75 - Begin LoadConfig() Used Memory: 622489608 Bytes (975175680)
2024-08-22 11:37:37,876 [INFO] MicroXplorer:468 - Change Database Path : 
2024-08-22 11:37:37,877 [INFO] MicroXplorer:498 - Change Database Version : DB.6.0.120
2024-08-22 11:37:37,877 [INFO] OpenFileManager:332 - Change cursor
2024-08-22 11:37:37,910 [INFO] Mcu:2032 - Initializing MCU STM32F767ZITx STM32F767ZITx STM32F767ZIT6
2024-08-22 11:37:39,842 [INFO] Context:742 - Trying to add GPIOservice into a context  which must be forbidden
2024-08-22 11:37:40,950 [INFO] RtosManager:555 - Registered RTOS mode: class=CMSIS, group=RTOS, mode=CMSIS_V1, owner=FREERTOS
2024-08-22 11:37:40,952 [INFO] RtosManager:555 - Registered RTOS mode: class=CMSIS, group=RTOS2, mode=CMSIS_V2, owner=FREERTOS
2024-08-22 11:37:40,953 [INFO] RtosManager:555 - Registered RTOS mode: class=RTOS, group=Core, mode=CMSIS_V1, owner=FREERTOS
2024-08-22 11:37:40,953 [INFO] RtosManager:555 - Registered RTOS mode: class=RTOS, group=Core, mode=CMSIS_V2, owner=FREERTOS
2024-08-22 11:37:40,956 [WARN] ModelIntegratedComponent:184 - Missing modes for component STMicroelectronics:FreeRTOS:0.0.1:STMicroelectronics:RTOS:FreeRTOS:Core:::10.2.0:
2024-08-22 11:37:40,975 [WARN] ModelIntegratedComponent:63 - No mode defined for component null
2024-08-22 11:37:40,975 [WARN] ModelIntegratedComponent:63 - No mode defined for component null
2024-08-22 11:37:40,975 [WARN] ModelIntegratedComponent:63 - No mode defined for component null
2024-08-22 11:37:40,975 [WARN] ModelIntegratedComponent:63 - No mode defined for component null
2024-08-22 11:37:40,975 [WARN] ModelIntegratedComponent:63 - No mode defined for component null
2024-08-22 11:37:40,976 [WARN] ModelIntegratedComponent:63 - No mode defined for component null
2024-08-22 11:37:40,976 [WARN] ModelIntegratedComponent:63 - No mode defined for component null
2024-08-22 11:37:40,976 [WARN] ModelIntegratedComponent:63 - No mode defined for component null
2024-08-22 11:37:40,976 [WARN] ModelIntegratedComponent:63 - No mode defined for component null
2024-08-22 11:37:40,976 [WARN] ModelIntegratedComponent:63 - No mode defined for component null
2024-08-22 11:37:40,976 [WARN] ModelIntegratedComponent:63 - No mode defined for component null
2024-08-22 11:37:40,976 [WARN] ModelIntegratedComponent:63 - No mode defined for component null
2024-08-22 11:37:40,976 [WARN] ModelIntegratedComponent:63 - No mode defined for component null
2024-08-22 11:37:40,976 [WARN] ModelIntegratedComponent:63 - No mode defined for component null
2024-08-22 11:37:40,976 [WARN] ModelIntegratedComponent:63 - No mode defined for component null
2024-08-22 11:37:40,976 [WARN] ModelIntegratedComponent:63 - No mode defined for component null
2024-08-22 11:37:40,976 [WARN] ModelIntegratedComponent:63 - No mode defined for component null
2024-08-22 11:37:40,976 [WARN] ModelIntegratedComponent:63 - No mode defined for component null
2024-08-22 11:37:40,976 [WARN] ModelIntegratedComponent:63 - No mode defined for component null
2024-08-22 11:37:40,976 [WARN] ModelIntegratedComponent:63 - No mode defined for component null
2024-08-22 11:37:40,976 [WARN] ModelIntegratedComponent:63 - No mode defined for component null
2024-08-22 11:37:40,976 [WARN] ModelIntegratedComponent:63 - No mode defined for component null
2024-08-22 11:37:40,976 [WARN] ModelIntegratedComponent:63 - No mode defined for component null
2024-08-22 11:37:40,976 [WARN] ModelIntegratedComponent:63 - No mode defined for component null
2024-08-22 11:37:40,976 [WARN] ModelIntegratedComponent:63 - No mode defined for component null
2024-08-22 11:37:40,976 [WARN] ModelIntegratedComponent:63 - No mode defined for component null
2024-08-22 11:37:40,976 [WARN] ModelIntegratedComponent:63 - No mode defined for component null
2024-08-22 11:37:40,976 [WARN] ModelIntegratedComponent:63 - No mode defined for component null
2024-08-22 11:37:40,976 [WARN] ModelIntegratedComponent:63 - No mode defined for component null
2024-08-22 11:37:40,976 [WARN] ModelIntegratedComponent:63 - No mode defined for component null
2024-08-22 11:37:40,976 [WARN] ModelIntegratedComponent:63 - No mode defined for component null
2024-08-22 11:37:40,976 [WARN] ModelIntegratedComponent:63 - No mode defined for component null
2024-08-22 11:37:40,976 [WARN] ModelIntegratedComponent:63 - No mode defined for component null
2024-08-22 11:37:40,976 [WARN] ModelIntegratedComponent:63 - No mode defined for component null
2024-08-22 11:37:40,977 [WARN] ModelIntegratedComponent:63 - No mode defined for component null
2024-08-22 11:37:40,977 [WARN] ModelPack:524 - Component already loaded: STMicroelectronics:HAL Drivers:0.0.0:STMicroelectronics:Device:STMicro_Driver:XSPI:HAL::0.0.1:HAL_XSPI
2024-08-22 11:37:41,012 [INFO] ThirdPartyModel:298 - Start build external matchings
2024-08-22 11:37:41,274 [INFO] ThirdPartyModel:316 - End build external matchings
2024-08-22 11:37:42,364 [INFO] ApiDb:581 - Connected to CubeFinder SQLite database (/Users/kitton/.stmcufinder/plugins/mcufinder/mcu/cube-finder-db.db)
2024-08-22 11:37:42,400 [INFO] ApiDb:668 - CubeFinder database Data Model version=2.1
2024-08-22 11:37:42,400 [INFO] ApiDb:669 - CubeFinder database Configuration version=3.0.39
2024-08-22 11:37:42,401 [INFO] ApiDb:670 - CubeFinder database generation date=2024-06-20 (1718880634)
2024-08-22 11:37:42,401 [INFO] ApiDb:671 - CubeFinder database FW Pack versions=[FP-ATR-ASTRA1_V2.0.0, FP-SNS-FLIGHT1_V5.0.2, FP-SNS-MOTENV1_V5.0.0, FP-SNS-MOTENVWB1_V1.4.0, FP-SNS-SMARTAG2_V1.2.0, STM32Cube_FW_C0_V1.2.0, STM32Cube_FW_F4_V1.28.0, STM32Cube_FW_F7_V1.17.2, STM32Cube_FW_G0_V1.6.2, STM32Cube_FW_G4_V1.6.0, STM32Cube_FW_H5_V1.3.0, STM32Cube_FW_H7RS_V1.1.0, STM32Cube_FW_H7_V1.11.2, STM32Cube_FW_L0_V1.12.2, STM32Cube_FW_L5_V1.5.1, STM32Cube_FW_U0_V1.1.0, STM32Cube_FW_U5_V1.6.0, STM32Cube_FW_WB0_V1.0.0, STM32Cube_FW_WBA_V1.4.0, STM32Cube_FW_WB_V1.20.0, STM32Cube_FW_WL_V1.3.0, X-CUBE-ALGOBUILD_V1.4.0, X-CUBE-ALS_V1.0.2, X-CUBE-AZRTOS-F4_V1.1.0, X-CUBE-AZRTOS-F7_V1.1.0, X-CUBE-AZRTOS-G0_V1.1.0, X-CUBE-AZRTOS-G4_V2.0.0, X-CUBE-AZRTOS-H7RS_V1.0.0, X-CUBE-AZRTOS-H7_V3.2.0, X-CUBE-AZRTOS-L4_V2.0.0, X-CUBE-AZRTOS-L5_V1.1.0, X-CUBE-AZRTOS-WB_V2.0.0, X-CUBE-AZRTOS-WL_V2.0.0, X-CUBE-BLE1_V7.0.0, X-CUBE-BLE2_V3.3.0, X-CUBE-BLEMGR_V3.1.0, X-CUBE-EEPRMA1_V5.1.0, X-CUBE-FREERTOS_V1.2.0, X-CUBE-GNSS1_V6.0.0, X-CUBE-MEMS1_V10.0.0, X-CUBE-NFC4_V3.0.0, X-CUBE-NFC7_V1.0.1, X-CUBE-SFXS2LP1_V4.0.0, X-CUBE-SUBG2_V5.0.0, X-CUBE-TOF1_V3.4.1]
2024-08-22 11:37:42,479 [INFO] DbBoardsSqlite:226 - include board P-NUCLEO-WB55-NUCLEO as a kit item of type 'Nucleo-64'
2024-08-22 11:37:42,480 [INFO] DbBoardsSqlite:226 - include board P-NUCLEO-WB55-USBDONGLE as a kit item of type 'Nucleo USB Dongle'
2024-08-22 11:37:42,481 [INFO] DbBoardsSqlite:226 - include board STEVAL-IDP005V1 as a kit item of type 'Evaluation Board'
2024-08-22 11:37:42,481 [INFO] DbBoardsSqlite:226 - include board STEVAL-IDP005V2 as a kit item of type 'Evaluation Board'
2024-08-22 11:37:42,555 [INFO] ApiDb:240 - Found 646 in-development CPN: [B-G473E-ZEST1S, B-WB1M-WPAN1, B-WL5M-SUBG1, NUCLEO-C031C6, NUCLEO-C071RB, NUCLEO-H503RB, NUCLEO-H533RE, NUCLEO-H563ZI, NUCLEO-H7S3L8, NUCLEO-U031R8, NUCLEO-U083RC, NUCLEO-U545RE-Q, NUCLEO-U5A5ZJ-Q, NUCLEO-WB05KZ, NUCLEO-WB07CC, NUCLEO-WB09KE, NUCLEO-WBA52CG, NUCLEO-WBA55CG, STEVAL-PROTEUS1, STEVAL-SMARTAG2, STEVAL-STWINBX1, STM320518-EVAL, STM32C0116-DK, STM32C011D6Y3TR, STM32C011D6Y6TR, STM32C011F4P3, STM32C011F4P6, STM32C011F4U3, STM32C011F4U6TR, STM32C011F6P3, STM32C011F6P6, STM32C011F6U3, STM32C011F6U6TR, STM32C011J4M3, STM32C011J4M6, STM32C011J6M3, STM32C011J6M6, STM32C0316-DK, STM32C031C4T3, STM32C031C4T6, STM32C031C4U3, STM32C031C4U6, STM32C031C6T3, STM32C031C6T6, STM32C031C6U3, STM32C031C6U6, STM32C031F4P3, STM32C031F4P6, STM32C031F6P3, STM32C031F6P6, STM32C031G4U3, STM32C031G4U6, STM32C031G6U3, STM32C031G6U6, STM32C031K4T3, STM32C031K4T6, STM32C031K4U3, STM32C031K4U6, STM32C031K6T3, STM32C031K6T6, STM32C031K6U3, STM32C031K6U6, STM32C071C8T6, STM32C071C8T6N, STM32C071C8U6, STM32C071C8U6N, STM32C071CBT6, STM32C071CBT6N, STM32C071CBU6, STM32C071CBU6N, STM32C071F8P6, STM32C071F8P6N, STM32C071FBP6, STM32C071FBP6N, STM32C071FBY6TR, STM32C071G8U6, STM32C071G8U6N, STM32C071GBU6, STM32C071GBU6N, STM32C071K8T6, STM32C071K8T6N, STM32C071K8U6, STM32C071K8U6N, STM32C071KBT6, STM32C071KBT6N, STM32C071KBU6, STM32C071KBU6N, STM32C071R8T6, STM32C071R8T6N, STM32C071RBI6N, STM32C071RBT6, STM32C071RBT6N, STM32G071K8TXN, STM32G071K8UXN, STM32G081GBU6N, STM32G081KBT6N, STM32G081KBUXN, STM32G0B1CCT6N, STM32G0B1KCT6, STM32G0B1NEY6TR, STM32G0B1RCT6N, STM32G0C1CCT6, STM32G0C1CCT6N, STM32G0C1CCU6N, STM32G0C1CET6N, STM32G0C1CEU6N, STM32G0C1KCT6, STM32G0C1NEY6TR, STM32G0C1RCI6N, STM32G0C1RCT6N, STM32G0C1REI6N, STM32G0C1RET6N, STM32G0C1VCI6, STM32G0C1VEI6, STM32G411C6T3, STM32G411C6T6, STM32G411C6U3, STM32G411C6U6, STM32G411C8T3, STM32G411C8T6, STM32G411C8U3, STM32G411C8U6, STM32G411CBT3, STM32G411CBT6, STM32G411CBU3, STM32G411CBU6, STM32G411K6T3, STM32G411K6T6, STM32G411K6U3, STM32G411K6U6, STM32G411K8T3, STM32G411K8T6, STM32G411K8U3, STM32G411K8U6, STM32G411KBT3, STM32G411KBT6, STM32G411KBU3, STM32G411KBU6, STM32G411M6T3, STM32G411M6T6, STM32G411M8T3, STM32G411M8T6, STM32G411MBT3, STM32G411MBT6, STM32G411R6T3, STM32G411R6T6, STM32G411R8T3, STM32G411R8T6, STM32G411RBT3, STM32G411RBT6, STM32G414CBT3, STM32G414CBT6, STM32G414CBU3, STM32G414CBU6, STM32G414CCT3, STM32G414CCT6, STM32G414CCU3, STM32G414CCU6, STM32G414MBT3, STM32G414MBT6, STM32G414MCT3, STM32G414MCT6, STM32G414RBT3, STM32G414RBT6, STM32G414RCT3, STM32G414RCT6, STM32G414VBT3, STM32G414VBT6, STM32G414VCT3, STM32G414VCT6, STM32G431CBT3Z, STM32G431RBT3Z, STM32G471CCT6, STM32G471CCU6, STM32G471CET3, STM32G471CET6, STM32G471CEU3, STM32G471CEU6, STM32G471MCT6, STM32G471MET3, STM32G471MET6, STM32G471MEY6TR, STM32G471QCT6, STM32G471QET3, STM32G471RCT6, STM32G471RET3, STM32G471RET6, STM32G471VCH6, STM32G471VCI6, STM32G471VCT6, STM32G471VEH3, STM32G471VEH6, STM32G471VEI3, STM32G471VEI6, STM32G471VET3, STM32G471VET6, STM32G473QET3Z, STM32G473RET3Z, STM32G474CCT6, STM32G491RET3Z, STM32H503CBT6, STM32H503CBU6, STM32H503EBY6TR, STM32H503KBU6, STM32H503RBT6, STM32H523CCT6, STM32H523CCU6, STM32H523CET6, STM32H523CEU6, STM32H523HEY6TR, STM32H523RCT6, STM32H523RET6, STM32H523VCI6, STM32H523VCT6, STM32H523VEI6, STM32H523VET6, STM32H523ZCJ6, STM32H523ZCT6, STM32H523ZEJ6, STM32H523ZET6, STM32H533CET6, STM32H533CEU6, STM32H533HEY6TR, STM32H533RET6, STM32H533VEI6, STM32H533VET6, STM32H533ZEJ6, STM32H533ZET6, STM32H562AGI6, STM32H562AII6, STM32H562IGK6, STM32H562IGT6, STM32H562IIK6, STM32H562IIT6, STM32H562RGT6, STM32H562RGV6, STM32H562RIT6, STM32H562RIV6, STM32H562VGT6, STM32H562VIT6, STM32H562ZGT6, STM32H562ZIT6, STM32H563AGI6, STM32H563AII3Q, STM32H563AII6, STM32H563IGK6, STM32H563IGT6, STM32H563IIK3Q, STM32H563IIK6, STM32H563IIT3Q, STM32H563IIT6, STM32H563MIY3QTR, STM32H563RGT6, STM32H563RGV6, STM32H563RIT6, STM32H563RIV6, STM32H563VGT6, STM32H563VIT3Q, STM32H563VIT6, STM32H563ZGT6, STM32H563ZIT3Q, STM32H563ZIT6, STM32H573AII3Q, STM32H573AII6, STM32H573I-DK, STM32H573IIK3Q, STM32H573IIK6, STM32H573IIT3Q, STM32H573IIT6, STM32H573MIY3QTR, STM32H573RIT6, STM32H573RIV6, STM32H573VIT3Q, STM32H573VIT6, STM32H573ZIT3Q, STM32H573ZIT6, STM32H7R3A8I6, STM32H7R3I8K6, STM32H7R3I8T6, STM32H7R3L8H6, STM32H7R3L8H6H, STM32H7R3R8V6, STM32H7R3V8H6, STM32H7R3V8T6, STM32H7R3V8Y6TR, STM32H7R3Z8J6, STM32H7R3Z8T6, STM32H7R7A8I6, STM32H7R7I8K6, STM32H7R7I8T6, STM32H7R7L8H6, STM32H7R7L8H6H, STM32H7R7Z8J6, STM32H7S3A8I6, STM32H7S3I8K6, STM32H7S3I8T6, STM32H7S3L8H6, STM32H7S3L8H6H, STM32H7S3R8V6, STM32H7S3V8H6, STM32H7S3V8T6, STM32H7S3V8Y6TR, STM32H7S3Z8J6, STM32H7S3Z8T6, STM32H7S78-DK, STM32H7S7A8I6, STM32H7S7I8K6, STM32H7S7I8T6, STM32H7S7L8H6, STM32H7S7L8H6H, STM32H7S7Z8J6, STM32L4R5QGI6STR, STM32MP131AAE3, STM32MP131AAF3, STM32MP131AAG3, STM32MP131CAE3, STM32MP131CAF3, STM32MP131CAG3, STM32MP131DAE7, STM32MP131DAF7, STM32MP131DAG7, STM32MP131FAE7, STM32MP131FAF7, STM32MP131FAG7, STM32MP133AAE3, STM32MP133AAF3, STM32MP133AAG3, STM32MP133CAE3, STM32MP133CAF3, STM32MP133CAG3, STM32MP133DAE7, STM32MP133DAF7, STM32MP133DAG7, STM32MP133FAE7, STM32MP133FAF7, STM32MP133FAG7, STM32MP135AAE3, STM32MP135AAF3, STM32MP135AAG3, STM32MP135CAE3, STM32MP135CAF3, STM32MP135CAG3, STM32MP135DAE7, STM32MP135DAF7, STM32MP135DAG7, STM32MP135F-DK, STM32MP135FAE7, STM32MP135FAF7, STM32MP135FAF7T, STM32MP135FAF7U, STM32MP135FAG7, STM32MP251AAI3, STM32MP251AAK3, STM32MP251AAL3, STM32MP251CAI3, STM32MP251CAK3, STM32MP251CAL3, STM32MP251DAI3, STM32MP251DAK3, STM32MP251DAL3, STM32MP251FAI3, STM32MP251FAK3, STM32MP251FAL3, STM32MP253AAI3, STM32MP253AAK3, STM32MP253AAL3, STM32MP253CAI3, STM32MP253CAK3, STM32MP253CAL3, STM32MP253DAI3, STM32MP253DAK3, STM32MP253DAL3, STM32MP253FAI3, STM32MP253FAK3, STM32MP253FAL3, STM32MP255AAI3, STM32MP255AAK3, STM32MP255AAL3, STM32MP255CAI3, STM32MP255CAK3, STM32MP255CAL3, STM32MP255DAI3, STM32MP255DAK3, STM32MP255DAL3, STM32MP255FAI3, STM32MP255FAK3, STM32MP255FAL3, STM32MP257AAI3, STM32MP257AAK3, STM32MP257AAL3, STM32MP257CAI3, STM32MP257CAK3, STM32MP257CAL3, STM32MP257DAI3, STM32MP257DAK3, STM32MP257DAL3, STM32MP257F-DK, STM32MP257F-EV1, STM32MP257FAI3, STM32MP257FAK3, STM32MP257FAL3, STM32U031C6T6, STM32U031C6U6, STM32U031C8T6, STM32U031C8U6, STM32U031F4P6, STM32U031F6P6, STM32U031F8P6, STM32U031G6Y6TR, STM32U031G8Y6TR, STM32U031K4U6, STM32U031K6U6, STM32U031K8U6, STM32U031R6I6, STM32U031R6T6, STM32U031R8I6, STM32U031R8T6, STM32U073C8T6, STM32U073C8U6, STM32U073CBT6, STM32U073CBU6, STM32U073CCT6, STM32U073CCU6, STM32U073H8Y6TR, STM32U073HBY6TR, STM32U073HCY6TR, STM32U073K8U6, STM32U073KBU6, STM32U073KCU6, STM32U073M8I6, STM32U073M8T6, STM32U073MBI6, STM32U073MBT6, STM32U073MCI6, STM32U073MCT6, STM32U073R8I6, STM32U073R8T6, STM32U073RBI6, STM32U073RBT6, STM32U073RCI6, STM32U073RCT6, STM32U083C-DK, STM32U083CCT6, STM32U083CCU6, STM32U083HCY6TR, STM32U083KCU6, STM32U083MCI6, STM32U083MCT6, STM32U083RCI6, STM32U083RCT6, STM32U535CBT6, STM32U535CBT6Q, STM32U535CBU6, STM32U535CBU6Q, STM32U535CCT6, STM32U535CCT6Q, STM32U535CCU6, STM32U535CCU6Q, STM32U535CET6, STM32U535CET6Q, STM32U535CEU6, STM32U535CEU6Q, STM32U535JEY6QTR, STM32U535NCY6QTR, STM32U535NEY6QTR, STM32U535RBI6, STM32U535RBI6Q, STM32U535RBT6, STM32U535RBT6Q, STM32U535RCI6, STM32U535RCI6Q, STM32U535RCT6, STM32U535RCT6Q, STM32U535REI6, STM32U535REI6Q, STM32U535RET6, STM32U535RET6Q, STM32U535VCI6, STM32U535VCI6Q, STM32U535VCT6, STM32U535VCT6Q, STM32U535VEI6, STM32U535VEI6Q, STM32U535VET6, STM32U535VET6Q, STM32U545CET6, STM32U545CET6Q, STM32U545CEU6, STM32U545CEU6Q, STM32U545JEY6QTR, STM32U545NEY6QTR, STM32U545REI6, STM32U545REI6Q, STM32U545RET6, STM32U545RET6Q, STM32U545VEI6, STM32U545VEI6Q, STM32U545VET6, STM32U545VET6Q, STM32U595AIH6, STM32U595AIH6Q, STM32U595AJH6, STM32U595AJH6Q, STM32U595QII6, STM32U595QII6Q, STM32U595QJI6, STM32U595QJI6Q, STM32U595RIT6, STM32U595RIT6Q, STM32U595RJT6, STM32U595RJT6Q, STM32U595VIT6, STM32U595VIT6Q, STM32U595VJT6, STM32U595VJT6Q, STM32U595ZIT6, STM32U595ZIT6Q, STM32U595ZIY6QTR, STM32U595ZJT6, STM32U595ZJT6Q, STM32U595ZJY6QTR, STM32U599BJY6QTR, STM32U599NIH6Q, STM32U599NJH6Q, STM32U599VIT6Q, STM32U599VJT6, STM32U599VJT6Q, STM32U599ZIT6Q, STM32U599ZIY6QTR, STM32U599ZJT6Q, STM32U599ZJY6QTR, STM32U5A5AJH6, STM32U5A5AJH6Q, STM32U5A5QII3Q , STM32U5A5QJI6, STM32U5A5QJI6Q, STM32U5A5RJT6, STM32U5A5RJT6Q, STM32U5A5VJT6, STM32U5A5VJT6Q, STM32U5A5ZJT6, STM32U5A5ZJT6Q, STM32U5A5ZJY6QTR, STM32U5A9BJY6QTR, STM32U5A9J-DK, STM32U5A9NJH6Q, STM32U5A9VJT6Q, STM32U5A9ZJT6Q, STM32U5A9ZJY6QTR, STM32U5F7VIT6, STM32U5F7VIT6Q, STM32U5F7VJT6, STM32U5F7VJT6Q, STM32U5F9BJY6QTR, STM32U5F9NJH6Q, STM32U5F9VIT6Q, STM32U5F9VJT6Q, STM32U5F9ZIJ6QTR, STM32U5F9ZIT6Q, STM32U5F9ZJJ6QTR, STM32U5F9ZJT6Q, STM32U5G7VJT6, STM32U5G7VJT6Q, STM32U5G9BJY6QTR, STM32U5G9J-DK1, STM32U5G9J-DK2, STM32U5G9NJH6Q, STM32U5G9VJT6Q, STM32U5G9ZJJ6QTR, STM32U5G9ZJT6Q, STM32WB05KZV6TR, STM32WB05KZV7TR, STM32WB05TZF6TR, STM32WB05TZF7TR, STM32WB06CCF6TR, STM32WB06CCF7TR, STM32WB06CCV6TR, STM32WB06CCV7TR, STM32WB06KCV6TR, STM32WB06KCV7TR, STM32WB07CCF6TR, STM32WB07CCF7TR, STM32WB07CCV6TR, STM32WB07CCV7TR, STM32WB07KCV6TR, STM32WB07KCV7TR, STM32WB09KEV6TR, STM32WB09KEV7TR, STM32WB09TEF6TR, STM32WB09TEF7TR, STM32WB1MMCH6, STM32WBA50KGU6, STM32WBA50KGU6TR, STM32WBA52CEU6, STM32WBA52CEU6TR, STM32WBA52CEU7, STM32WBA52CEU7TR, STM32WBA52CGU6, STM32WBA52CGU6TR, STM32WBA52CGU6U, STM32WBA52CGU7, STM32WBA52CGU7TR, STM32WBA52KEU6, STM32WBA52KEU6TR, STM32WBA52KGU6, STM32WBA52KGU6TR, STM32WBA54CEU6, STM32WBA54CEU6TR, STM32WBA54CEU7, STM32WBA54CEU7TR, STM32WBA54CGU6, STM32WBA54CGU6TR, STM32WBA54CGU7, STM32WBA54CGU7TR, STM32WBA54KEU6, STM32WBA54KEU6TR, STM32WBA54KEU7, STM32WBA54KEU7TR, STM32WBA54KGU6, STM32WBA54KGU6TR, STM32WBA54KGU7, STM32WBA54KGU7TR, STM32WBA55CEU6, STM32WBA55CEU6TR, STM32WBA55CEU7, STM32WBA55CEU7TR, STM32WBA55CGU6, STM32WBA55CGU6TR, STM32WBA55CGU6U, STM32WBA55CGU7, STM32WBA55CGU7TR, STM32WBA55G-DK1, STM32WBA55HEF6, STM32WBA55HEF7, STM32WBA55HGF6, STM32WBA55HGF7, STM32WBA55UEI6, STM32WBA55UEI6TR, STM32WBA55UEI7, STM32WBA55UEI7TR, STM32WBA55UGI6, STM32WBA55UGI6TR, STM32WBA55UGI7, STM32WBA55UGI7TR, STM32WL5MOCH6, STM32WL5MOCH6TR]
2024-08-22 11:37:42,633 [INFO] BoardInfo:889 - No configuration file found for board P-NUCLEO-WB55
2024-08-22 11:37:42,634 [INFO] DbBoards:161 - Kit is not supported: P-NUCLEO-WB55
2024-08-22 11:37:42,637 [INFO] BoardInfo:889 - No configuration file found for board STEVAL-BFA001V1B
2024-08-22 11:37:42,637 [INFO] DbBoards:161 - Kit is not supported: STEVAL-BFA001V1B
2024-08-22 11:37:42,637 [INFO] BoardInfo:889 - No configuration file found for board STEVAL-BFA001V2B
2024-08-22 11:37:42,637 [INFO] DbBoards:161 - Kit is not supported: STEVAL-BFA001V2B
2024-08-22 11:37:42,725 [INFO] DbBoards:168 - Found 201 boards, 198 are supported
2024-08-22 11:37:42,725 [INFO] DbBoards:169 - Found 201 boards, 25 of them is supported for  Bsp
2024-08-22 11:37:42,728 [INFO] ApiDb:668 - CubeFinder database Data Model version=2.1
2024-08-22 11:37:42,728 [INFO] ApiDb:669 - CubeFinder database Configuration version=3.0.39
2024-08-22 11:37:42,728 [INFO] ApiDb:670 - CubeFinder database generation date=2024-06-20 (1718880634)
2024-08-22 11:37:42,728 [INFO] ApiDb:671 - CubeFinder database FW Pack versions=[FP-ATR-ASTRA1_V2.0.0, FP-SNS-FLIGHT1_V5.0.2, FP-SNS-MOTENV1_V5.0.0, FP-SNS-MOTENVWB1_V1.4.0, FP-SNS-SMARTAG2_V1.2.0, STM32Cube_FW_C0_V1.2.0, STM32Cube_FW_F4_V1.28.0, STM32Cube_FW_F7_V1.17.2, STM32Cube_FW_G0_V1.6.2, STM32Cube_FW_G4_V1.6.0, STM32Cube_FW_H5_V1.3.0, STM32Cube_FW_H7RS_V1.1.0, STM32Cube_FW_H7_V1.11.2, STM32Cube_FW_L0_V1.12.2, STM32Cube_FW_L5_V1.5.1, STM32Cube_FW_U0_V1.1.0, STM32Cube_FW_U5_V1.6.0, STM32Cube_FW_WB0_V1.0.0, STM32Cube_FW_WBA_V1.4.0, STM32Cube_FW_WB_V1.20.0, STM32Cube_FW_WL_V1.3.0, X-CUBE-ALGOBUILD_V1.4.0, X-CUBE-ALS_V1.0.2, X-CUBE-AZRTOS-F4_V1.1.0, X-CUBE-AZRTOS-F7_V1.1.0, X-CUBE-AZRTOS-G0_V1.1.0, X-CUBE-AZRTOS-G4_V2.0.0, X-CUBE-AZRTOS-H7RS_V1.0.0, X-CUBE-AZRTOS-H7_V3.2.0, X-CUBE-AZRTOS-L4_V2.0.0, X-CUBE-AZRTOS-L5_V1.1.0, X-CUBE-AZRTOS-WB_V2.0.0, X-CUBE-AZRTOS-WL_V2.0.0, X-CUBE-BLE1_V7.0.0, X-CUBE-BLE2_V3.3.0, X-CUBE-BLEMGR_V3.1.0, X-CUBE-EEPRMA1_V5.1.0, X-CUBE-FREERTOS_V1.2.0, X-CUBE-GNSS1_V6.0.0, X-CUBE-MEMS1_V10.0.0, X-CUBE-NFC4_V3.0.0, X-CUBE-NFC7_V1.0.1, X-CUBE-SFXS2LP1_V4.0.0, X-CUBE-SUBG2_V5.0.0, X-CUBE-TOF1_V3.4.1]
2024-08-22 11:37:43,788 [INFO] ApiDb:240 - Found 646 in-development CPN: [B-G473E-ZEST1S, B-WB1M-WPAN1, B-WL5M-SUBG1, NUCLEO-C031C6, NUCLEO-C071RB, NUCLEO-H503RB, NUCLEO-H533RE, NUCLEO-H563ZI, NUCLEO-H7S3L8, NUCLEO-U031R8, NUCLEO-U083RC, NUCLEO-U545RE-Q, NUCLEO-U5A5ZJ-Q, NUCLEO-WB05KZ, NUCLEO-WB07CC, NUCLEO-WB09KE, NUCLEO-WBA52CG, NUCLEO-WBA55CG, STEVAL-PROTEUS1, STEVAL-SMARTAG2, STEVAL-STWINBX1, STM320518-EVAL, STM32C0116-DK, STM32C011D6Y3TR, STM32C011D6Y6TR, STM32C011F4P3, STM32C011F4P6, STM32C011F4U3, STM32C011F4U6TR, STM32C011F6P3, STM32C011F6P6, STM32C011F6U3, STM32C011F6U6TR, STM32C011J4M3, STM32C011J4M6, STM32C011J6M3, STM32C011J6M6, STM32C0316-DK, STM32C031C4T3, STM32C031C4T6, STM32C031C4U3, STM32C031C4U6, STM32C031C6T3, STM32C031C6T6, STM32C031C6U3, STM32C031C6U6, STM32C031F4P3, STM32C031F4P6, STM32C031F6P3, STM32C031F6P6, STM32C031G4U3, STM32C031G4U6, STM32C031G6U3, STM32C031G6U6, STM32C031K4T3, STM32C031K4T6, STM32C031K4U3, STM32C031K4U6, STM32C031K6T3, STM32C031K6T6, STM32C031K6U3, STM32C031K6U6, STM32C071C8T6, STM32C071C8T6N, STM32C071C8U6, STM32C071C8U6N, STM32C071CBT6, STM32C071CBT6N, STM32C071CBU6, STM32C071CBU6N, STM32C071F8P6, STM32C071F8P6N, STM32C071FBP6, STM32C071FBP6N, STM32C071FBY6TR, STM32C071G8U6, STM32C071G8U6N, STM32C071GBU6, STM32C071GBU6N, STM32C071K8T6, STM32C071K8T6N, STM32C071K8U6, STM32C071K8U6N, STM32C071KBT6, STM32C071KBT6N, STM32C071KBU6, STM32C071KBU6N, STM32C071R8T6, STM32C071R8T6N, STM32C071RBI6N, STM32C071RBT6, STM32C071RBT6N, STM32G071K8TXN, STM32G071K8UXN, STM32G081GBU6N, STM32G081KBT6N, STM32G081KBUXN, STM32G0B1CCT6N, STM32G0B1KCT6, STM32G0B1NEY6TR, STM32G0B1RCT6N, STM32G0C1CCT6, STM32G0C1CCT6N, STM32G0C1CCU6N, STM32G0C1CET6N, STM32G0C1CEU6N, STM32G0C1KCT6, STM32G0C1NEY6TR, STM32G0C1RCI6N, STM32G0C1RCT6N, STM32G0C1REI6N, STM32G0C1RET6N, STM32G0C1VCI6, STM32G0C1VEI6, STM32G411C6T3, STM32G411C6T6, STM32G411C6U3, STM32G411C6U6, STM32G411C8T3, STM32G411C8T6, STM32G411C8U3, STM32G411C8U6, STM32G411CBT3, STM32G411CBT6, STM32G411CBU3, STM32G411CBU6, STM32G411K6T3, STM32G411K6T6, STM32G411K6U3, STM32G411K6U6, STM32G411K8T3, STM32G411K8T6, STM32G411K8U3, STM32G411K8U6, STM32G411KBT3, STM32G411KBT6, STM32G411KBU3, STM32G411KBU6, STM32G411M6T3, STM32G411M6T6, STM32G411M8T3, STM32G411M8T6, STM32G411MBT3, STM32G411MBT6, STM32G411R6T3, STM32G411R6T6, STM32G411R8T3, STM32G411R8T6, STM32G411RBT3, STM32G411RBT6, STM32G414CBT3, STM32G414CBT6, STM32G414CBU3, STM32G414CBU6, STM32G414CCT3, STM32G414CCT6, STM32G414CCU3, STM32G414CCU6, STM32G414MBT3, STM32G414MBT6, STM32G414MCT3, STM32G414MCT6, STM32G414RBT3, STM32G414RBT6, STM32G414RCT3, STM32G414RCT6, STM32G414VBT3, STM32G414VBT6, STM32G414VCT3, STM32G414VCT6, STM32G431CBT3Z, STM32G431RBT3Z, STM32G471CCT6, STM32G471CCU6, STM32G471CET3, STM32G471CET6, STM32G471CEU3, STM32G471CEU6, STM32G471MCT6, STM32G471MET3, STM32G471MET6, STM32G471MEY6TR, STM32G471QCT6, STM32G471QET3, STM32G471RCT6, STM32G471RET3, STM32G471RET6, STM32G471VCH6, STM32G471VCI6, STM32G471VCT6, STM32G471VEH3, STM32G471VEH6, STM32G471VEI3, STM32G471VEI6, STM32G471VET3, STM32G471VET6, STM32G473QET3Z, STM32G473RET3Z, STM32G474CCT6, STM32G491RET3Z, STM32H503CBT6, STM32H503CBU6, STM32H503EBY6TR, STM32H503KBU6, STM32H503RBT6, STM32H523CCT6, STM32H523CCU6, STM32H523CET6, STM32H523CEU6, STM32H523HEY6TR, STM32H523RCT6, STM32H523RET6, STM32H523VCI6, STM32H523VCT6, STM32H523VEI6, STM32H523VET6, STM32H523ZCJ6, STM32H523ZCT6, STM32H523ZEJ6, STM32H523ZET6, STM32H533CET6, STM32H533CEU6, STM32H533HEY6TR, STM32H533RET6, STM32H533VEI6, STM32H533VET6, STM32H533ZEJ6, STM32H533ZET6, STM32H562AGI6, STM32H562AII6, STM32H562IGK6, STM32H562IGT6, STM32H562IIK6, STM32H562IIT6, STM32H562RGT6, STM32H562RGV6, STM32H562RIT6, STM32H562RIV6, STM32H562VGT6, STM32H562VIT6, STM32H562ZGT6, STM32H562ZIT6, STM32H563AGI6, STM32H563AII3Q, STM32H563AII6, STM32H563IGK6, STM32H563IGT6, STM32H563IIK3Q, STM32H563IIK6, STM32H563IIT3Q, STM32H563IIT6, STM32H563MIY3QTR, STM32H563RGT6, STM32H563RGV6, STM32H563RIT6, STM32H563RIV6, STM32H563VGT6, STM32H563VIT3Q, STM32H563VIT6, STM32H563ZGT6, STM32H563ZIT3Q, STM32H563ZIT6, STM32H573AII3Q, STM32H573AII6, STM32H573I-DK, STM32H573IIK3Q, STM32H573IIK6, STM32H573IIT3Q, STM32H573IIT6, STM32H573MIY3QTR, STM32H573RIT6, STM32H573RIV6, STM32H573VIT3Q, STM32H573VIT6, STM32H573ZIT3Q, STM32H573ZIT6, STM32H7R3A8I6, STM32H7R3I8K6, STM32H7R3I8T6, STM32H7R3L8H6, STM32H7R3L8H6H, STM32H7R3R8V6, STM32H7R3V8H6, STM32H7R3V8T6, STM32H7R3V8Y6TR, STM32H7R3Z8J6, STM32H7R3Z8T6, STM32H7R7A8I6, STM32H7R7I8K6, STM32H7R7I8T6, STM32H7R7L8H6, STM32H7R7L8H6H, STM32H7R7Z8J6, STM32H7S3A8I6, STM32H7S3I8K6, STM32H7S3I8T6, STM32H7S3L8H6, STM32H7S3L8H6H, STM32H7S3R8V6, STM32H7S3V8H6, STM32H7S3V8T6, STM32H7S3V8Y6TR, STM32H7S3Z8J6, STM32H7S3Z8T6, STM32H7S78-DK, STM32H7S7A8I6, STM32H7S7I8K6, STM32H7S7I8T6, STM32H7S7L8H6, STM32H7S7L8H6H, STM32H7S7Z8J6, STM32L4R5QGI6STR, STM32MP131AAE3, STM32MP131AAF3, STM32MP131AAG3, STM32MP131CAE3, STM32MP131CAF3, STM32MP131CAG3, STM32MP131DAE7, STM32MP131DAF7, STM32MP131DAG7, STM32MP131FAE7, STM32MP131FAF7, STM32MP131FAG7, STM32MP133AAE3, STM32MP133AAF3, STM32MP133AAG3, STM32MP133CAE3, STM32MP133CAF3, STM32MP133CAG3, STM32MP133DAE7, STM32MP133DAF7, STM32MP133DAG7, STM32MP133FAE7, STM32MP133FAF7, STM32MP133FAG7, STM32MP135AAE3, STM32MP135AAF3, STM32MP135AAG3, STM32MP135CAE3, STM32MP135CAF3, STM32MP135CAG3, STM32MP135DAE7, STM32MP135DAF7, STM32MP135DAG7, STM32MP135F-DK, STM32MP135FAE7, STM32MP135FAF7, STM32MP135FAF7T, STM32MP135FAF7U, STM32MP135FAG7, STM32MP251AAI3, STM32MP251AAK3, STM32MP251AAL3, STM32MP251CAI3, STM32MP251CAK3, STM32MP251CAL3, STM32MP251DAI3, STM32MP251DAK3, STM32MP251DAL3, STM32MP251FAI3, STM32MP251FAK3, STM32MP251FAL3, STM32MP253AAI3, STM32MP253AAK3, STM32MP253AAL3, STM32MP253CAI3, STM32MP253CAK3, STM32MP253CAL3, STM32MP253DAI3, STM32MP253DAK3, STM32MP253DAL3, STM32MP253FAI3, STM32MP253FAK3, STM32MP253FAL3, STM32MP255AAI3, STM32MP255AAK3, STM32MP255AAL3, STM32MP255CAI3, STM32MP255CAK3, STM32MP255CAL3, STM32MP255DAI3, STM32MP255DAK3, STM32MP255DAL3, STM32MP255FAI3, STM32MP255FAK3, STM32MP255FAL3, STM32MP257AAI3, STM32MP257AAK3, STM32MP257AAL3, STM32MP257CAI3, STM32MP257CAK3, STM32MP257CAL3, STM32MP257DAI3, STM32MP257DAK3, STM32MP257DAL3, STM32MP257F-DK, STM32MP257F-EV1, STM32MP257FAI3, STM32MP257FAK3, STM32MP257FAL3, STM32U031C6T6, STM32U031C6U6, STM32U031C8T6, STM32U031C8U6, STM32U031F4P6, STM32U031F6P6, STM32U031F8P6, STM32U031G6Y6TR, STM32U031G8Y6TR, STM32U031K4U6, STM32U031K6U6, STM32U031K8U6, STM32U031R6I6, STM32U031R6T6, STM32U031R8I6, STM32U031R8T6, STM32U073C8T6, STM32U073C8U6, STM32U073CBT6, STM32U073CBU6, STM32U073CCT6, STM32U073CCU6, STM32U073H8Y6TR, STM32U073HBY6TR, STM32U073HCY6TR, STM32U073K8U6, STM32U073KBU6, STM32U073KCU6, STM32U073M8I6, STM32U073M8T6, STM32U073MBI6, STM32U073MBT6, STM32U073MCI6, STM32U073MCT6, STM32U073R8I6, STM32U073R8T6, STM32U073RBI6, STM32U073RBT6, STM32U073RCI6, STM32U073RCT6, STM32U083C-DK, STM32U083CCT6, STM32U083CCU6, STM32U083HCY6TR, STM32U083KCU6, STM32U083MCI6, STM32U083MCT6, STM32U083RCI6, STM32U083RCT6, STM32U535CBT6, STM32U535CBT6Q, STM32U535CBU6, STM32U535CBU6Q, STM32U535CCT6, STM32U535CCT6Q, STM32U535CCU6, STM32U535CCU6Q, STM32U535CET6, STM32U535CET6Q, STM32U535CEU6, STM32U535CEU6Q, STM32U535JEY6QTR, STM32U535NCY6QTR, STM32U535NEY6QTR, STM32U535RBI6, STM32U535RBI6Q, STM32U535RBT6, STM32U535RBT6Q, STM32U535RCI6, STM32U535RCI6Q, STM32U535RCT6, STM32U535RCT6Q, STM32U535REI6, STM32U535REI6Q, STM32U535RET6, STM32U535RET6Q, STM32U535VCI6, STM32U535VCI6Q, STM32U535VCT6, STM32U535VCT6Q, STM32U535VEI6, STM32U535VEI6Q, STM32U535VET6, STM32U535VET6Q, STM32U545CET6, STM32U545CET6Q, STM32U545CEU6, STM32U545CEU6Q, STM32U545JEY6QTR, STM32U545NEY6QTR, STM32U545REI6, STM32U545REI6Q, STM32U545RET6, STM32U545RET6Q, STM32U545VEI6, STM32U545VEI6Q, STM32U545VET6, STM32U545VET6Q, STM32U595AIH6, STM32U595AIH6Q, STM32U595AJH6, STM32U595AJH6Q, STM32U595QII6, STM32U595QII6Q, STM32U595QJI6, STM32U595QJI6Q, STM32U595RIT6, STM32U595RIT6Q, STM32U595RJT6, STM32U595RJT6Q, STM32U595VIT6, STM32U595VIT6Q, STM32U595VJT6, STM32U595VJT6Q, STM32U595ZIT6, STM32U595ZIT6Q, STM32U595ZIY6QTR, STM32U595ZJT6, STM32U595ZJT6Q, STM32U595ZJY6QTR, STM32U599BJY6QTR, STM32U599NIH6Q, STM32U599NJH6Q, STM32U599VIT6Q, STM32U599VJT6, STM32U599VJT6Q, STM32U599ZIT6Q, STM32U599ZIY6QTR, STM32U599ZJT6Q, STM32U599ZJY6QTR, STM32U5A5AJH6, STM32U5A5AJH6Q, STM32U5A5QII3Q , STM32U5A5QJI6, STM32U5A5QJI6Q, STM32U5A5RJT6, STM32U5A5RJT6Q, STM32U5A5VJT6, STM32U5A5VJT6Q, STM32U5A5ZJT6, STM32U5A5ZJT6Q, STM32U5A5ZJY6QTR, STM32U5A9BJY6QTR, STM32U5A9J-DK, STM32U5A9NJH6Q, STM32U5A9VJT6Q, STM32U5A9ZJT6Q, STM32U5A9ZJY6QTR, STM32U5F7VIT6, STM32U5F7VIT6Q, STM32U5F7VJT6, STM32U5F7VJT6Q, STM32U5F9BJY6QTR, STM32U5F9NJH6Q, STM32U5F9VIT6Q, STM32U5F9VJT6Q, STM32U5F9ZIJ6QTR, STM32U5F9ZIT6Q, STM32U5F9ZJJ6QTR, STM32U5F9ZJT6Q, STM32U5G7VJT6, STM32U5G7VJT6Q, STM32U5G9BJY6QTR, STM32U5G9J-DK1, STM32U5G9J-DK2, STM32U5G9NJH6Q, STM32U5G9VJT6Q, STM32U5G9ZJJ6QTR, STM32U5G9ZJT6Q, STM32WB05KZV6TR, STM32WB05KZV7TR, STM32WB05TZF6TR, STM32WB05TZF7TR, STM32WB06CCF6TR, STM32WB06CCF7TR, STM32WB06CCV6TR, STM32WB06CCV7TR, STM32WB06KCV6TR, STM32WB06KCV7TR, STM32WB07CCF6TR, STM32WB07CCF7TR, STM32WB07CCV6TR, STM32WB07CCV7TR, STM32WB07KCV6TR, STM32WB07KCV7TR, STM32WB09KEV6TR, STM32WB09KEV7TR, STM32WB09TEF6TR, STM32WB09TEF7TR, STM32WB1MMCH6, STM32WBA50KGU6, STM32WBA50KGU6TR, STM32WBA52CEU6, STM32WBA52CEU6TR, STM32WBA52CEU7, STM32WBA52CEU7TR, STM32WBA52CGU6, STM32WBA52CGU6TR, STM32WBA52CGU6U, STM32WBA52CGU7, STM32WBA52CGU7TR, STM32WBA52KEU6, STM32WBA52KEU6TR, STM32WBA52KGU6, STM32WBA52KGU6TR, STM32WBA54CEU6, STM32WBA54CEU6TR, STM32WBA54CEU7, STM32WBA54CEU7TR, STM32WBA54CGU6, STM32WBA54CGU6TR, STM32WBA54CGU7, STM32WBA54CGU7TR, STM32WBA54KEU6, STM32WBA54KEU6TR, STM32WBA54KEU7, STM32WBA54KEU7TR, STM32WBA54KGU6, STM32WBA54KGU6TR, STM32WBA54KGU7, STM32WBA54KGU7TR, STM32WBA55CEU6, STM32WBA55CEU6TR, STM32WBA55CEU7, STM32WBA55CEU7TR, STM32WBA55CGU6, STM32WBA55CGU6TR, STM32WBA55CGU6U, STM32WBA55CGU7, STM32WBA55CGU7TR, STM32WBA55G-DK1, STM32WBA55HEF6, STM32WBA55HEF7, STM32WBA55HGF6, STM32WBA55HGF7, STM32WBA55UEI6, STM32WBA55UEI6TR, STM32WBA55UEI7, STM32WBA55UEI7TR, STM32WBA55UGI6, STM32WBA55UGI6TR, STM32WBA55UGI7, STM32WBA55UGI7TR, STM32WL5MOCH6, STM32WL5MOCH6TR]
2024-08-22 11:37:43,799 [INFO] DbMcus:218 - Found 4251 MCUs, 4251 are supported
2024-08-22 11:37:43,801 [INFO] ApiDb:423 - Load user favorites file /Users/kitton/.stm32cubeide/favorites.mcus.txt: 1 item(s)
2024-08-22 11:37:43,801 [INFO] ApiDb:427 - User favorites MCUs=[STM32F767ZIT6]
2024-08-22 11:37:43,801 [INFO] DbMcus:224 - Set 1 / 1 favorites MCUs
2024-08-22 11:37:43,994 [INFO] ApiDb:414 - User favorites file not found: /Users/kitton/.stm32cubeide/favorites.boards.txt
2024-08-22 11:37:43,994 [INFO] DbBoards:198 - Set 0 / 0 favorites Boards
2024-08-22 11:37:44,091 [INFO] UtilMem:75 - End LoadConfig() Used Memory: 738066872 Bytes (1073741824)
2024-08-22 11:37:44,204 [WARN] ThirdParty:833 - waiting for thirdparty lock release [change project]
2024-08-22 11:37:44,205 [INFO] ThirdParty:835 - entering critical section [change project]
2024-08-22 11:37:44,206 [INFO] ThirdParty:1030 - CMSIS Pack Vendor :STMicroelectronics USBPD 4.1
2024-08-22 11:37:44,206 [INFO] ThirdParty:1030 - CMSIS Pack Vendor :STMicroelectronics X-CUBE-AZRTOS-H7 3.3.0
2024-08-22 11:37:44,206 [INFO] ThirdParty:1030 - CMSIS Pack Vendor :STMicroelectronics X-CUBE-GNSS1 6.0.0
2024-08-22 11:37:44,206 [INFO] ThirdParty:1030 - CMSIS Pack Vendor :STMicroelectronics USB_HOST 2.0.0
2024-08-22 11:37:44,206 [INFO] ThirdParty:1030 - CMSIS Pack Vendor :STMicroelectronics FP-SNS-MOTENVWB1 1.4.0
2024-08-22 11:37:44,206 [INFO] ThirdParty:1030 - CMSIS Pack Vendor :STMicroelectronics X-CUBE-AZRTOS-F4 1.1.0
2024-08-22 11:37:44,206 [INFO] ThirdParty:1030 - CMSIS Pack Vendor :STMicroelectronics LIBJPEG 8.0.0
2024-08-22 11:37:44,206 [INFO] ThirdParty:1030 - CMSIS Pack Vendor :STMicroelectronics X-CUBE-SMBUS 2.1.0
2024-08-22 11:37:44,206 [INFO] ThirdParty:1030 - CMSIS Pack Vendor :STMicroelectronics USB_DEVICE 3.0.0
2024-08-22 11:37:44,206 [INFO] ThirdParty:1030 - CMSIS Pack Vendor :STMicroelectronics X-CUBE-TCPP 4.1.0
2024-08-22 11:37:44,206 [INFO] ThirdParty:1030 - CMSIS Pack Vendor :STMicroelectronics X-CUBE-FREERTOS 1.2.0
2024-08-22 11:37:44,206 [INFO] ThirdParty:1030 - CMSIS Pack Vendor :STMicroelectronics X-CUBE-AZRTOS-WB 2.0.0
2024-08-22 11:37:44,206 [INFO] ThirdParty:1030 - CMSIS Pack Vendor :STMicroelectronics X-CUBE-AZRTOS-F7 1.1.0
2024-08-22 11:37:44,206 [INFO] ThirdParty:1030 - CMSIS Pack Vendor :STMicroelectronics X-CUBE-AZRTOS-L5 2.0.0
2024-08-22 11:37:44,206 [INFO] ThirdParty:1030 - CMSIS Pack Vendor :STMicroelectronics USB_DEVICE 2.0.0
2024-08-22 11:37:44,206 [INFO] ThirdParty:1030 - CMSIS Pack Vendor :STMicroelectronics X-CUBE-NFC6 3.1.0
2024-08-22 11:37:44,206 [INFO] ThirdParty:1030 - CMSIS Pack Vendor :STMicroelectronics X-CUBE-MEMS1 11.0.0
2024-08-22 11:37:44,206 [INFO] ThirdParty:1030 - CMSIS Pack Vendor :STMicroelectronics FreeRTOS 0.0.1
2024-08-22 11:37:44,206 [INFO] ThirdParty:1030 - CMSIS Pack Vendor :STMicroelectronics X-CUBE-AZRTOS-G0 1.1.0
2024-08-22 11:37:44,206 [INFO] ThirdParty:1030 - CMSIS Pack Vendor :STMicroelectronics X-CUBE-SAFEA1 1.2.2
2024-08-22 11:37:44,206 [INFO] ThirdParty:1030 - CMSIS Pack Vendor :STMicroelectronics X-CUBE-NFC4 3.0.0
2024-08-22 11:37:44,206 [INFO] ThirdParty:1030 - CMSIS Pack Vendor :STMicroelectronics X-CUBE-SUBG2 5.0.0
2024-08-22 11:37:44,206 [INFO] ThirdParty:1030 - CMSIS Pack Vendor :STMicroelectronics STM32_WPAN 1.0.0
2024-08-22 11:37:44,206 [INFO] ThirdParty:1030 - CMSIS Pack Vendor :EmbeddedOffice I-CUBE-FS-RTOS 1.0.1
2024-08-22 11:37:44,206 [INFO] ThirdParty:1030 - CMSIS Pack Vendor :STMicroelectronics lwIP 2.0.3
2024-08-22 11:37:44,206 [INFO] ThirdParty:1030 - CMSIS Pack Vendor :STMicroelectronics FP-SNS-FLIGHT1 5.0.2
2024-08-22 11:37:44,206 [INFO] ThirdParty:1030 - CMSIS Pack Vendor :Cesanta I-CUBE-Mongoose 7.13.0
2024-08-22 11:37:44,206 [INFO] ThirdParty:1030 - CMSIS Pack Vendor :STMicroelectronics USB_HOST 1.0.0
2024-08-22 11:37:44,206 [INFO] ThirdParty:1030 - CMSIS Pack Vendor :STMicroelectronics X-CUBE-AI 9.0.0
2024-08-22 11:37:44,206 [INFO] ThirdParty:1030 - CMSIS Pack Vendor :STMicroelectronics X-CUBE-AZRTOS-G4 2.0.0
2024-08-22 11:37:44,206 [INFO] ThirdParty:1030 - CMSIS Pack Vendor :STMicroelectronics PDM2PCM 3.1.0
2024-08-22 11:37:44,206 [INFO] ThirdParty:1030 - CMSIS Pack Vendor :STMicroelectronics PDM2PCM 3.3.0
2024-08-22 11:37:44,206 [INFO] ThirdParty:1030 - CMSIS Pack Vendor :STMicroelectronics X-CUBE-DISPLAY 3.0.0
2024-08-22 11:37:44,206 [INFO] ThirdParty:1030 - CMSIS Pack Vendor :RealThread X-CUBE-RT-Thread_Nano 4.1.1
2024-08-22 11:37:44,206 [INFO] ThirdParty:1030 - CMSIS Pack Vendor :STMicroelectronics X-CUBE-BLE1 7.0.0
2024-08-22 11:37:44,206 [INFO] ThirdParty:1030 - CMSIS Pack Vendor :STMicroelectronics FP-ATR-SIGFOX1 3.2.0
2024-08-22 11:37:44,206 [INFO] ThirdParty:1030 - CMSIS Pack Vendor :wolfSSL I-CUBE-wolfSSL 5.7.2
2024-08-22 11:37:44,206 [INFO] ThirdParty:1030 - CMSIS Pack Vendor :STMicroelectronics X-CUBE-ISPU 2.0.0
2024-08-22 11:37:44,206 [INFO] ThirdParty:1030 - CMSIS Pack Vendor :STMicroelectronics X-CUBE-EEPRMA1 5.1.0
2024-08-22 11:37:44,206 [INFO] ThirdParty:1030 - CMSIS Pack Vendor :STMicroelectronics HAL Drivers 0.0.0
2024-08-22 11:37:44,206 [INFO] ThirdParty:1030 - CMSIS Pack Vendor :STMicroelectronics MBEDTLS 2.16.2
2024-08-22 11:37:44,206 [INFO] ThirdParty:1030 - CMSIS Pack Vendor :STMicroelectronics X-CUBE-ALS 1.0.2
2024-08-22 11:37:44,206 [INFO] ThirdParty:1030 - CMSIS Pack Vendor :emotas I-CUBE-CANOPEN 1.3.0
2024-08-22 11:37:44,206 [INFO] ThirdParty:1030 - CMSIS Pack Vendor :STMicroelectronics X-CUBE-NFC7 1.0.1
2024-08-22 11:37:44,206 [INFO] ThirdParty:1030 - CMSIS Pack Vendor :STMicroelectronics MBEDTLS 2.14.1
2024-08-22 11:37:44,206 [INFO] ThirdParty:1030 - CMSIS Pack Vendor :STMicroelectronics X-CUBE-TOUCHGFX 4.24.0
2024-08-22 11:37:44,206 [INFO] ThirdParty:1030 - CMSIS Pack Vendor :ITTIA_DB I-CUBE-ITTIADB 8.9.0
2024-08-22 11:37:44,206 [INFO] ThirdParty:1030 - CMSIS Pack Vendor :wolfSSL I-CUBE-wolfTPM 3.4.0
2024-08-22 11:37:44,207 [INFO] ThirdParty:1030 - CMSIS Pack Vendor :portGmbH I-Cube-SoM-uGOAL 1.1.0
2024-08-22 11:37:44,207 [INFO] ThirdParty:1030 - CMSIS Pack Vendor :STMicroelectronics X-CUBE-BLEMGR 3.1.0
2024-08-22 11:37:44,207 [INFO] ThirdParty:1030 - CMSIS Pack Vendor :STMicroelectronics ThreadX 1.0.0
2024-08-22 11:37:44,207 [INFO] ThirdParty:1030 - CMSIS Pack Vendor :STMicroelectronics FP-SNS-SMARTAG2 1.2.0
2024-08-22 11:37:44,207 [INFO] ThirdParty:1030 - CMSIS Pack Vendor :STMicroelectronics X-CUBE-AZRTOS-WL 2.0.0
2024-08-22 11:37:44,207 [INFO] ThirdParty:1030 - CMSIS Pack Vendor :SEGGER I-CUBE-embOS 1.3.1
2024-08-22 11:37:44,207 [INFO] ThirdParty:1030 - CMSIS Pack Vendor :STMicroelectronics X-CUBE-ALGOBUILD 1.4.0
2024-08-22 11:37:44,207 [INFO] ThirdParty:1030 - CMSIS Pack Vendor :STMicroelectronics FP-SNS-MOTENV1 5.0.0
2024-08-22 11:37:44,207 [INFO] ThirdParty:1030 - CMSIS Pack Vendor :STMicroelectronics USB_DEVICE 1.0.0
2024-08-22 11:37:44,207 [INFO] ThirdParty:1030 - CMSIS Pack Vendor :STMicroelectronics X-CUBE-AZRTOS-H7RS 1.0.0
2024-08-22 11:37:44,207 [INFO] ThirdParty:1030 - CMSIS Pack Vendor :wolfSSL I-CUBE-wolfMQTT 1.19.0
2024-08-22 11:37:44,207 [INFO] ThirdParty:1030 - CMSIS Pack Vendor :STMicroelectronics X-CUBE-AZRTOS-L4 2.0.0
2024-08-22 11:37:44,207 [INFO] ThirdParty:1030 - CMSIS Pack Vendor :STMicroelectronics ThreadX 0.0.2
2024-08-22 11:37:44,207 [INFO] ThirdParty:1030 - CMSIS Pack Vendor :WES I-CUBE-Cesium 1.3.0
2024-08-22 11:37:44,207 [INFO] ThirdParty:1030 - CMSIS Pack Vendor :STMicroelectronics FP-ATR-ASTRA1 2.0.0
2024-08-22 11:37:44,207 [INFO] ThirdParty:1030 - CMSIS Pack Vendor :STMicroelectronics lwIP 2.1.2
2024-08-22 11:37:44,207 [INFO] ThirdParty:1030 - CMSIS Pack Vendor :STMicroelectronics X-CUBE-SFXS2LP1 4.0.0
2024-08-22 11:37:44,207 [INFO] ThirdParty:1030 - CMSIS Pack Vendor :STMicroelectronics X-CUBE-BLE2 3.3.0
2024-08-22 11:37:44,207 [INFO] ThirdParty:1030 - CMSIS Pack Vendor :STMicroelectronics X-CUBE-TOF1 3.4.2
2024-08-22 11:37:44,207 [INFO] ThirdParty:1030 - CMSIS Pack Vendor :Infineon AIROC-Wi-Fi-Bluetooth-STM32 1.6.1
2024-08-22 11:37:44,207 [INFO] ThirdParty:1030 - CMSIS Pack Vendor :STMicroelectronics PDM2PCM 3.2.0
2024-08-22 11:37:44,207 [INFO] ThirdParty:1030 - CMSIS Pack Vendor :wolfSSL I-CUBE-wolfSSH 1.4.17
2024-08-22 11:37:44,209 [INFO] ThirdParty:841 - exiting critical section [change project]
2024-08-22 11:37:44,957 [INFO] PinOutPanel:1561 - setPackage(No Configuration,No Configuration)
2024-08-22 11:37:44,960 [INFO] PinOutPanel:1561 - setPackage(STM32F767ZITx,LQFP144)
2024-08-22 11:37:45,717 [INFO] UtilMem:75 - Before build in PCC Used Memory: 698205336 Bytes (1073741824)
2024-08-22 11:37:47,073 [INFO] UtilMem:75 - After build in PCC Used Memory: 645786104 Bytes (1073741824)
2024-08-22 11:37:47,151 [INFO] IPUIPlugin:80 - create IPUIPlugin
2024-08-22 11:37:47,151 [INFO] IPUIPlugin:80 - create IPUIPlugin
2024-08-22 11:37:47,151 [INFO] IPUIPlugin:80 - create IPUIPlugin
2024-08-22 11:37:47,152 [INFO] IPUIPlugin:80 - create IPUIPlugin
2024-08-22 11:37:47,155 [INFO] IPUIPlugin:80 - create IPUIPlugin
2024-08-22 11:37:47,159 [INFO] IPUIPlugin:80 - create IPUIPlugin
2024-08-22 11:37:47,160 [INFO] IPUIPlugin:80 - create IPUIPlugin
2024-08-22 11:37:47,160 [INFO] IPUIPlugin:80 - create IPUIPlugin
2024-08-22 11:37:47,160 [INFO] IPUIPlugin:80 - create IPUIPlugin
2024-08-22 11:37:47,160 [INFO] IPUIPlugin:80 - create IPUIPlugin
2024-08-22 11:37:47,160 [INFO] IPUIPlugin:80 - create IPUIPlugin
2024-08-22 11:37:47,160 [INFO] IPUIPlugin:80 - create IPUIPlugin
2024-08-22 11:37:47,160 [INFO] IPUIPlugin:80 - create IPUIPlugin
2024-08-22 11:37:47,160 [INFO] IPUIPlugin:80 - create IPUIPlugin
2024-08-22 11:37:47,161 [INFO] IPUIPlugin:80 - create IPUIPlugin
2024-08-22 11:37:47,161 [INFO] IPUIPlugin:80 - create IPUIPlugin
2024-08-22 11:37:47,161 [INFO] IPUIPlugin:80 - create IPUIPlugin
2024-08-22 11:37:47,164 [INFO] IPUIPlugin:80 - create IPUIPlugin
2024-08-22 11:37:47,165 [INFO] IPUIPlugin:80 - create IPUIPlugin
2024-08-22 11:37:47,165 [INFO] IPUIPlugin:80 - create IPUIPlugin
2024-08-22 11:37:47,165 [INFO] IPUIPlugin:80 - create IPUIPlugin
2024-08-22 11:37:47,165 [INFO] IPUIPlugin:80 - create IPUIPlugin
2024-08-22 11:37:47,165 [INFO] IPUIPlugin:80 - create IPUIPlugin
2024-08-22 11:37:47,165 [INFO] IPUIPlugin:80 - create IPUIPlugin
2024-08-22 11:37:47,165 [INFO] IPUIPlugin:80 - create IPUIPlugin
2024-08-22 11:37:47,165 [INFO] IPUIPlugin:80 - create IPUIPlugin
2024-08-22 11:37:47,165 [INFO] IPUIPlugin:80 - create IPUIPlugin
2024-08-22 11:37:47,165 [INFO] IPUIPlugin:80 - create IPUIPlugin
2024-08-22 11:37:47,166 [INFO] IPUIPlugin:80 - create IPUIPlugin
2024-08-22 11:37:47,166 [INFO] IPUIPlugin:80 - create IPUIPlugin
2024-08-22 11:37:47,166 [INFO] IPUIPlugin:80 - create IPUIPlugin
2024-08-22 11:37:47,166 [INFO] IPUIPlugin:80 - create IPUIPlugin
2024-08-22 11:37:47,166 [INFO] IPUIPlugin:80 - create IPUIPlugin
2024-08-22 11:37:47,166 [INFO] IPUIPlugin:80 - create IPUIPlugin
2024-08-22 11:37:47,166 [INFO] IPUIPlugin:80 - create IPUIPlugin
2024-08-22 11:37:47,166 [INFO] IPUIPlugin:80 - create IPUIPlugin
2024-08-22 11:37:47,166 [INFO] IPUIPlugin:80 - create IPUIPlugin
2024-08-22 11:37:47,168 [INFO] IPUIPlugin:80 - create IPUIPlugin
2024-08-22 11:37:47,168 [INFO] IPUIPlugin:80 - create IPUIPlugin
2024-08-22 11:37:47,168 [INFO] IPUIPlugin:80 - create IPUIPlugin
2024-08-22 11:37:47,169 [INFO] IPUIPlugin:80 - create IPUIPlugin
2024-08-22 11:37:47,169 [INFO] IPUIPlugin:80 - create IPUIPlugin
2024-08-22 11:37:47,169 [INFO] IPUIPlugin:80 - create IPUIPlugin
2024-08-22 11:37:47,169 [INFO] IPUIPlugin:80 - create IPUIPlugin
2024-08-22 11:37:47,169 [INFO] IPUIPlugin:80 - create IPUIPlugin
2024-08-22 11:37:47,169 [INFO] IPUIPlugin:80 - create IPUIPlugin
2024-08-22 11:37:47,169 [INFO] IPUIPlugin:80 - create IPUIPlugin
2024-08-22 11:37:47,169 [INFO] IPUIPlugin:80 - create IPUIPlugin
2024-08-22 11:37:47,169 [INFO] IPUIPlugin:80 - create IPUIPlugin
2024-08-22 11:37:47,170 [INFO] IPUIPlugin:80 - create IPUIPlugin
2024-08-22 11:37:47,170 [INFO] IPUIPlugin:80 - create IPUIPlugin
2024-08-22 11:37:47,170 [INFO] IPUIPlugin:80 - create IPUIPlugin
2024-08-22 11:37:47,170 [INFO] IPUIPlugin:80 - create IPUIPlugin
2024-08-22 11:37:47,170 [INFO] IPUIPlugin:80 - create IPUIPlugin
2024-08-22 11:37:47,170 [INFO] IPUIPlugin:80 - create IPUIPlugin
2024-08-22 11:37:47,170 [INFO] IPUIPlugin:80 - create IPUIPlugin
2024-08-22 11:37:47,170 [INFO] IPUIPlugin:80 - create IPUIPlugin
2024-08-22 11:37:47,170 [INFO] IPUIPlugin:80 - create IPUIPlugin
2024-08-22 11:37:47,170 [INFO] IPUIPlugin:80 - create IPUIPlugin
2024-08-22 11:37:47,171 [INFO] IPUIPlugin:80 - create IPUIPlugin
2024-08-22 11:37:47,171 [INFO] IPUIPlugin:80 - create IPUIPlugin
2024-08-22 11:37:47,171 [INFO] IPUIPlugin:80 - create IPUIPlugin
2024-08-22 11:37:47,171 [INFO] IPUIPlugin:80 - create IPUIPlugin
2024-08-22 11:37:47,171 [INFO] IPUIPlugin:80 - create IPUIPlugin
2024-08-22 11:37:47,171 [INFO] IPUIPlugin:80 - create IPUIPlugin
2024-08-22 11:37:47,171 [INFO] IPUIPlugin:80 - create IPUIPlugin
2024-08-22 11:37:47,171 [INFO] IPUIPlugin:80 - create IPUIPlugin
2024-08-22 11:37:47,171 [INFO] IPUIPlugin:80 - create IPUIPlugin
2024-08-22 11:37:47,172 [INFO] IPUIPlugin:80 - create IPUIPlugin
2024-08-22 11:37:47,172 [INFO] IPUIPlugin:80 - create IPUIPlugin
2024-08-22 11:37:47,172 [INFO] IPUIPlugin:80 - create IPUIPlugin
2024-08-22 11:37:47,172 [INFO] IPUIPlugin:80 - create IPUIPlugin
2024-08-22 11:37:47,172 [INFO] IPUIPlugin:80 - create IPUIPlugin
2024-08-22 11:37:47,172 [INFO] IPUIPlugin:80 - create IPUIPlugin
2024-08-22 11:37:47,173 [INFO] IPUIPlugin:80 - create IPUIPlugin
2024-08-22 11:37:47,173 [INFO] IPUIPlugin:80 - create IPUIPlugin
2024-08-22 11:37:47,173 [INFO] IPUIPlugin:80 - create IPUIPlugin
2024-08-22 11:37:47,173 [INFO] IPUIPlugin:80 - create IPUIPlugin
2024-08-22 11:37:47,174 [INFO] IPUIPlugin:80 - create IPUIPlugin
2024-08-22 11:37:47,208 [INFO] ApiDbMcu:508 - Load IP Config File for PDM2PCM
2024-08-22 11:37:47,587 [INFO] CADModel:165 - CPN selected for project levelSTM32F767ZIT6
2024-08-22 11:37:47,589 [INFO] CADModel:114 - Register for checkConnection events
2024-08-22 11:37:47,640 [INFO] OpenFileManager:363 - Restore cursor
2024-08-22 11:46:41,410 [ERROR] LogOutputStream:75 - [STDERR_REDIRECT] 
2024-08-22 11:46:53,786 [INFO] Activator:176 - 


2024-08-22 11:46:53,788 [INFO] Activator:177 - !SESSION log4j initialized
2024-08-22 11:46:56,943 [INFO] LogOutputStream:77 - [STDOUT_REDIRECT] 
2024-08-22 11:46:58,411 [ERROR] LogOutputStream:75 - [STDERR_REDIRECT] 
2024-08-22 11:47:00,554 [INFO] LogOutputStream:77 - [STDOUT_REDIRECT] 
2024-08-22 11:47:01,592 [ERROR] LogOutputStream:75 - [STDERR_REDIRECT] [Fatal Error] :2:10: DOCTYPE is disallowed when the feature "http://apache.org/xml/features/disallow-doctype-decl" set to true.
2024-08-22 11:47:01,593 [ERROR] LogOutputStream:75 - [STDERR_REDIRECT] 
2024-08-22 11:47:01,934 [INFO] ApplicationProperties:184 - Using Application install path: /Applications/STM32CubeIDE.app/Contents/Eclipse/plugins/com.st.stm32cube.common.mx_6.12.0.202406281431
2024-08-22 11:47:01,946 [INFO] DbMcusXml:78 - Set database path to: /Applications/STM32CubeIDE.app/Contents/Eclipse/plugins/com.st.stm32cube.common.mx_6.12.0.202406281431//db//mcu/
2024-08-22 11:47:01,947 [INFO] ApiDb:274 - Set plugin database path to: /Applications/STM32CubeIDE.app/Contents/Eclipse/plugins/com.st.stm32cube.common.mx_6.12.0.202406281431//db//plugins/boardmanager/
2024-08-22 11:47:01,947 [WARN] ApiDb:259 - Overriding images path with different value:  => /Applications/STM32CubeIDE.app/Contents/Eclipse/plugins/com.st.stm32cube.common.mx_6.12.0.202406281431//db//plugins/mcufinder/images/
2024-08-22 11:47:01,954 [INFO] ApiDb:250 - Set database path to: /Users/kitton/.stmcufinder/plugins/mcufinder//mcu/
2024-08-22 11:47:01,955 [INFO] DbMcusAds:125 - Set database path to: /Users/kitton/.stmcufinder/plugins/mcufinder//mcu/
2024-08-22 11:47:01,956 [INFO] CrossReferenceDbSqlite:203 - Set database path to: /Users/kitton/.stmcufinder/plugins/mcufinder//mcu/cs/
2024-08-22 11:47:02,060 [INFO] RulesReader:64 - Compatibility file has been processed (297 Rules)
2024-08-22 11:47:02,112 [INFO] DbMcusXml:78 - Set database path to: /Applications/STM32CubeIDE.app/Contents/Eclipse/plugins/com.st.stm32cube.common.mx_6.12.0.202406281431//db//mcu/
2024-08-22 11:47:02,112 [INFO] ApiDb:274 - Set plugin database path to: /Applications/STM32CubeIDE.app/Contents/Eclipse/plugins/com.st.stm32cube.common.mx_6.12.0.202406281431//db//plugins/boardmanager/
2024-08-22 11:47:02,114 [INFO] ApiDb:261 - Set plugin images path to: /Applications/STM32CubeIDE.app/Contents/Eclipse/plugins/com.st.stm32cube.common.mx_6.12.0.202406281431//db//plugins/mcufinder/images/
2024-08-22 11:47:02,115 [WARN] DbFile:41 - Overriding database path with different value: /Users/kitton/.stmcufinder/plugins/mcufinder/ => /Users/kitton/.stmcufinder/plugins/mcufinder
2024-08-22 11:47:02,115 [INFO] ApiDb:250 - Set database path to: /Users/kitton/.stmcufinder/plugins/mcufinder//mcu/
2024-08-22 11:47:02,115 [WARN] DbFile:41 - Overriding database path with different value: /Users/kitton/.stmcufinder/plugins/mcufinder/ => /Users/kitton/.stmcufinder/plugins/mcufinder
2024-08-22 11:47:02,115 [INFO] DbMcusAds:125 - Set database path to: /Users/kitton/.stmcufinder/plugins/mcufinder//mcu/
2024-08-22 11:47:02,115 [WARN] DbFile:41 - Overriding database path with different value: /Users/kitton/.stmcufinder/plugins/mcufinder/ => /Users/kitton/.stmcufinder/plugins/mcufinder
2024-08-22 11:47:02,115 [WARN] DbFile:41 - Overriding database path with different value: /Users/kitton/.stmcufinder/plugins/mcufinder/ => /Users/kitton/.stmcufinder/plugins/mcufinder
2024-08-22 11:47:02,115 [INFO] CrossReferenceDbSqlite:203 - Set database path to: /Users/kitton/.stmcufinder/plugins/mcufinder//mcu/cs/
2024-08-22 11:47:02,201 [INFO] MainPanel:268 - HeapMemory: 268435456
2024-08-22 11:47:02,444 [INFO] DbMcusXml:78 - Set database path to: /Applications/STM32CubeIDE.app/Contents/Eclipse/plugins/com.st.stm32cube.common.mx_6.12.0.202406281431//db//mcu/
2024-08-22 11:47:02,444 [INFO] ApiDb:274 - Set plugin database path to: /Applications/STM32CubeIDE.app/Contents/Eclipse/plugins/com.st.stm32cube.common.mx_6.12.0.202406281431//db//plugins/boardmanager/
2024-08-22 11:47:02,445 [INFO] ApiDb:261 - Set plugin images path to: /Applications/STM32CubeIDE.app/Contents/Eclipse/plugins/com.st.stm32cube.common.mx_6.12.0.202406281431//db//plugins/mcufinder/images/
2024-08-22 11:47:02,446 [WARN] DbFile:41 - Overriding database path with different value: /Users/kitton/.stmcufinder/plugins/mcufinder/ => /Users/kitton/.stmcufinder/plugins/mcufinder
2024-08-22 11:47:02,446 [INFO] ApiDb:250 - Set database path to: /Users/kitton/.stmcufinder/plugins/mcufinder//mcu/
2024-08-22 11:47:02,446 [WARN] DbFile:41 - Overriding database path with different value: /Users/kitton/.stmcufinder/plugins/mcufinder/ => /Users/kitton/.stmcufinder/plugins/mcufinder
2024-08-22 11:47:02,446 [INFO] DbMcusAds:125 - Set database path to: /Users/kitton/.stmcufinder/plugins/mcufinder//mcu/
2024-08-22 11:47:02,446 [WARN] DbFile:41 - Overriding database path with different value: /Users/kitton/.stmcufinder/plugins/mcufinder/ => /Users/kitton/.stmcufinder/plugins/mcufinder
2024-08-22 11:47:02,446 [WARN] DbFile:41 - Overriding database path with different value: /Users/kitton/.stmcufinder/plugins/mcufinder/ => /Users/kitton/.stmcufinder/plugins/mcufinder
2024-08-22 11:47:02,446 [INFO] CrossReferenceDbSqlite:203 - Set database path to: /Users/kitton/.stmcufinder/plugins/mcufinder//mcu/cs/
2024-08-22 11:47:02,462 [INFO] ApplicationProperties:184 - Using Application install path: /Applications/STM32CubeIDE.app/Contents/Eclipse/plugins/com.st.stm32cube.common.mx_6.12.0.202406281431
2024-08-22 11:47:02,463 [INFO] PluginManage:196 - Search for loadable plugins [exclusion list=, ]
2024-08-22 11:47:02,465 [INFO] PluginManage:310 - Check plugin analytics
2024-08-22 11:47:02,636 [INFO] AnalyticsPlugin:253 - Accepted Software Licenses: 
2024-08-22 11:47:02,637 [INFO] AnalyticsPlugin:255 - Accepted CMSIS Pack Licenses: 
2024-08-22 11:47:02,637 [INFO] AnalyticsPlugin:257 - Accepted Firmware Licenses: FW.F7.1.17.0
2024-08-22 11:47:02,643 [INFO] PluginManage:359 - Loaded plugin analytics (category:tool,tabindex:-1)
2024-08-22 11:47:02,644 [INFO] PluginManage:310 - Check plugin cadmodel
2024-08-22 11:47:02,655 [INFO] CADModel:105 - Init CAD model plugin
2024-08-22 11:47:02,655 [INFO] PluginManage:359 - Loaded plugin cadmodel (category:power,tabindex:5)
2024-08-22 11:47:02,657 [INFO] PluginManage:310 - Check plugin clock
2024-08-22 11:47:02,664 [INFO] PluginManage:359 - Loaded plugin clock (category:base,tabindex:2)
2024-08-22 11:47:02,664 [INFO] PluginManage:310 - Check plugin ddr
2024-08-22 11:47:02,667 [INFO] PluginManage:359 - Loaded plugin ddr (category:tool,tabindex:6)
2024-08-22 11:47:02,669 [INFO] PluginManage:310 - Check plugin filemanager
2024-08-22 11:47:02,840 [INFO] PluginManage:359 - Loaded plugin filemanager (category:base,tabindex:10)
2024-08-22 11:47:02,842 [INFO] PluginManage:310 - Check plugin ipmanager
2024-08-22 11:47:02,851 [INFO] PluginManage:359 - Loaded plugin ipmanager (category:base,tabindex:5)
2024-08-22 11:47:02,851 [INFO] PluginManage:310 - Check plugin lpbam
2024-08-22 11:47:02,861 [INFO] PluginManage:359 - Loaded plugin lpbam (category:base,tabindex:0)
2024-08-22 11:47:02,862 [INFO] PluginManage:310 - Check plugin memorymap
2024-08-22 11:47:02,868 [INFO] PluginManage:359 - Loaded plugin memorymap (category:base,tabindex:4)
2024-08-22 11:47:02,868 [INFO] PluginManage:310 - Check plugin pinoutandconfiguration
2024-08-22 11:47:02,872 [INFO] PluginManage:359 - Loaded plugin pinoutandconfiguration (category:base,tabindex:1)
2024-08-22 11:47:02,872 [INFO] PluginManage:310 - Check plugin pinoutconfig
2024-08-22 11:47:02,927 [WARN] SupportedApi:132 - Cannot load RTOS API schema: s4s-elt-must-match.1: The content of 'definitions' must match (annotation?, (simpleType | complexType)?, (unique | key | keyref)*)). A problem was found starting at: attribute.
2024-08-22 11:47:03,077 [INFO] PluginManage:359 - Loaded plugin pinoutconfig (category:base,tabindex:0)
2024-08-22 11:47:03,078 [INFO] PluginManage:310 - Check plugin power
2024-08-22 11:47:03,089 [INFO] PluginManage:359 - Loaded plugin power (category:power,tabindex:4)
2024-08-22 11:47:03,089 [INFO] PluginManage:310 - Check plugin projectmanager
2024-08-22 11:47:03,114 [INFO] PluginManage:359 - Loaded plugin projectmanager (category:projectmanager,tabindex:4)
2024-08-22 11:47:03,114 [INFO] PluginManage:310 - Check plugin rif
2024-08-22 11:47:03,117 [INFO] PluginManage:359 - Loaded plugin rif (category:base,tabindex:3)
2024-08-22 11:47:03,117 [INFO] PluginManage:310 - Check plugin thirdparty
2024-08-22 11:47:03,230 [INFO] PluginManage:359 - Loaded plugin thirdparty (category:base,tabindex:-1)
2024-08-22 11:47:03,230 [INFO] PluginManage:310 - Check plugin tools
2024-08-22 11:47:03,229 [WARN] IntegrityCheckThread:84 - waiting for thirdparty lock release [integrity check]
2024-08-22 11:47:03,231 [INFO] IntegrityCheckThread:86 - entering critical section [integrity check]
2024-08-22 11:47:03,231 [INFO] ThirdPartyUpdaterWithRetryManager:70 - Updater plugin not ready yet. [1/15]
2024-08-22 11:47:03,232 [INFO] PluginManage:359 - Loaded plugin tools (category:base,tabindex:7)
2024-08-22 11:47:03,233 [INFO] PluginManage:310 - Check plugin tutovideos
2024-08-22 11:47:03,346 [INFO] PluginManage:359 - Loaded plugin tutovideos (category:base,tabindex:-1)
2024-08-22 11:47:03,346 [INFO] PluginManage:310 - Check plugin updater
2024-08-22 11:47:03,367 [INFO] PluginManage:359 - Loaded plugin updater (category:base,tabindex:12)
2024-08-22 11:47:03,367 [INFO] PluginManage:310 - Check plugin userauth
2024-08-22 11:47:03,372 [INFO] UserAuth:113 - Init User Auth plugin
2024-08-22 11:47:03,372 [INFO] PluginManage:359 - Loaded plugin userauth (category:base,tabindex:14)
2024-08-22 11:47:03,372 [INFO] PluginManage:283 - PluginManage : Loaded plugins [18]
2024-08-22 11:47:03,612 [INFO] PinOutPanel:1561 - setPackage(No Configuration,No Configuration)
2024-08-22 11:47:03,666 [INFO] CADModel:165 - CPN selected for project level
2024-08-22 11:47:03,666 [INFO] CADModel:114 - Register for checkConnection events
2024-08-22 11:47:03,678 [INFO] IPUIPlugin:80 - create IPUIPlugin
2024-08-22 11:47:03,678 [INFO] PluginManager:220 - loadIPPluginJar : add mdma
2024-08-22 11:47:03,682 [INFO] IPUIPlugin:80 - create IPUIPlugin
2024-08-22 11:47:03,682 [INFO] PluginManager:220 - loadIPPluginJar : add freertos
2024-08-22 11:47:03,684 [INFO] IPUIPlugin:80 - create IPUIPlugin
2024-08-22 11:47:03,684 [INFO] PluginManager:220 - loadIPPluginJar : add gic
2024-08-22 11:47:03,689 [INFO] IPUIPlugin:80 - create IPUIPlugin
2024-08-22 11:47:03,689 [INFO] PluginManager:220 - loadIPPluginJar : add adc
2024-08-22 11:47:03,690 [INFO] IPUIPlugin:80 - create IPUIPlugin
2024-08-22 11:47:03,690 [INFO] PluginManager:220 - loadIPPluginJar : add gtzc
2024-08-22 11:47:03,690 [INFO] IPUIPlugin:80 - create IPUIPlugin
2024-08-22 11:47:03,690 [INFO] PluginManager:220 - loadIPPluginJar : add quadspi
2024-08-22 11:47:03,691 [INFO] IPUIPlugin:80 - create IPUIPlugin
2024-08-22 11:47:03,691 [INFO] PluginManager:220 - loadIPPluginJar : add aes
2024-08-22 11:47:03,692 [INFO] IPUIPlugin:80 - create IPUIPlugin
2024-08-22 11:47:03,692 [INFO] PluginManager:220 - loadIPPluginJar : add pdm2pcm
2024-08-22 11:47:03,693 [INFO] IPUIPlugin:80 - create IPUIPlugin
2024-08-22 11:47:03,693 [INFO] PluginManager:220 - loadIPPluginJar : add hash
2024-08-22 11:47:03,693 [INFO] IPUIPlugin:80 - create IPUIPlugin
2024-08-22 11:47:03,693 [INFO] PluginManager:220 - loadIPPluginJar : add tim
2024-08-22 11:47:03,694 [INFO] IPUIPlugin:80 - create IPUIPlugin
2024-08-22 11:47:03,694 [INFO] PluginManager:220 - loadIPPluginJar : add tsc
2024-08-22 11:47:03,695 [INFO] IPUIPlugin:80 - create IPUIPlugin
2024-08-22 11:47:03,695 [INFO] PluginManager:220 - loadIPPluginJar : add extmemmanager
2024-08-22 11:47:03,696 [INFO] IPUIPlugin:80 - create IPUIPlugin
2024-08-22 11:47:03,696 [INFO] PluginManager:220 - loadIPPluginJar : add ts
2024-08-22 11:47:03,696 [INFO] IPUIPlugin:80 - create IPUIPlugin
2024-08-22 11:47:03,697 [INFO] PluginManager:220 - loadIPPluginJar : add radio
2024-08-22 11:47:03,697 [INFO] IPUIPlugin:80 - create IPUIPlugin
2024-08-22 11:47:03,697 [INFO] PluginManager:220 - loadIPPluginJar : add can
2024-08-22 11:47:03,699 [INFO] IPUIPlugin:80 - create IPUIPlugin
2024-08-22 11:47:03,699 [INFO] PluginManager:220 - loadIPPluginJar : add dma3
2024-08-22 11:47:03,700 [INFO] IPUIPlugin:80 - create IPUIPlugin
2024-08-22 11:47:03,700 [INFO] PluginManager:220 - loadIPPluginJar : add dfsdm
2024-08-22 11:47:03,701 [INFO] IPUIPlugin:80 - create IPUIPlugin
2024-08-22 11:47:03,701 [INFO] PluginManager:220 - loadIPPluginJar : add spi
2024-08-22 11:47:03,702 [INFO] IPUIPlugin:80 - create IPUIPlugin
2024-08-22 11:47:03,702 [INFO] PluginManager:220 - loadIPPluginJar : add gfxmmu
2024-08-22 11:47:03,703 [INFO] IPUIPlugin:80 - create IPUIPlugin
2024-08-22 11:47:03,703 [INFO] PluginManager:220 - loadIPPluginJar : add genericplugin
2024-08-22 11:47:03,703 [INFO] IPUIPlugin:80 - create IPUIPlugin
2024-08-22 11:47:03,704 [INFO] PluginManager:220 - loadIPPluginJar : add cryp
2024-08-22 11:47:03,705 [INFO] IPUIPlugin:80 - create IPUIPlugin
2024-08-22 11:47:03,706 [INFO] PluginManager:220 - loadIPPluginJar : add gpio
2024-08-22 11:47:03,707 [INFO] IPUIPlugin:80 - create IPUIPlugin
2024-08-22 11:47:03,707 [INFO] PluginManager:220 - loadIPPluginJar : add ddr_ctrl_phy
2024-08-22 11:47:03,708 [INFO] IPUIPlugin:80 - create IPUIPlugin
2024-08-22 11:47:03,708 [INFO] PluginManager:220 - loadIPPluginJar : add comp
2024-08-22 11:47:03,709 [INFO] IPUIPlugin:80 - create IPUIPlugin
2024-08-22 11:47:03,709 [INFO] PluginManager:220 - loadIPPluginJar : add tracer_emb
2024-08-22 11:47:03,710 [INFO] IPUIPlugin:80 - create IPUIPlugin
2024-08-22 11:47:03,710 [INFO] PluginManager:220 - loadIPPluginJar : add openamp
2024-08-22 11:47:03,713 [INFO] IPUIPlugin:80 - create IPUIPlugin
2024-08-22 11:47:03,713 [INFO] PluginManager:220 - loadIPPluginJar : add stm32_wpan
2024-08-22 11:47:03,715 [INFO] IPUIPlugin:80 - create IPUIPlugin
2024-08-22 11:47:03,720 [INFO] PluginManager:220 - loadIPPluginJar : add plateformsettings
2024-08-22 11:47:03,722 [INFO] IPUIPlugin:80 - create IPUIPlugin
2024-08-22 11:47:03,722 [INFO] PluginManager:220 - loadIPPluginJar : add ipddr
2024-08-22 11:47:03,722 [INFO] IPUIPlugin:80 - create IPUIPlugin
2024-08-22 11:47:03,723 [INFO] PluginManager:220 - loadIPPluginJar : add usart
2024-08-22 11:47:03,724 [INFO] IPUIPlugin:80 - create IPUIPlugin
2024-08-22 11:47:03,724 [INFO] PluginManager:220 - loadIPPluginJar : add ltdc
2024-08-22 11:47:03,725 [INFO] IPUIPlugin:80 - create IPUIPlugin
2024-08-22 11:47:03,725 [INFO] PluginManager:220 - loadIPPluginJar : add nvic
2024-08-22 11:47:03,726 [INFO] IPUIPlugin:80 - create IPUIPlugin
2024-08-22 11:47:03,726 [INFO] PluginManager:220 - loadIPPluginJar : add fatfs
2024-08-22 11:47:03,729 [INFO] IPUIPlugin:80 - create IPUIPlugin
2024-08-22 11:47:03,729 [INFO] PluginManager:220 - loadIPPluginJar : add linkedlist
2024-08-22 11:47:03,732 [INFO] IPUIPlugin:80 - create IPUIPlugin
2024-08-22 11:47:03,732 [INFO] PluginManager:220 - loadIPPluginJar : add dma
2024-08-22 11:47:03,733 [INFO] IPUIPlugin:80 - create IPUIPlugin
2024-08-22 11:47:03,734 [INFO] PluginManager:220 - loadIPPluginJar : add fmc
2024-08-22 11:47:03,734 [INFO] IPUIPlugin:80 - create IPUIPlugin
2024-08-22 11:47:03,734 [INFO] PluginManager:220 - loadIPPluginJar : add i2s
2024-08-22 11:47:03,735 [INFO] IPUIPlugin:80 - create IPUIPlugin
2024-08-22 11:47:03,735 [INFO] PluginManager:220 - loadIPPluginJar : add ucpd
2024-08-22 11:47:03,736 [INFO] IPUIPlugin:80 - create IPUIPlugin
2024-08-22 11:47:03,736 [INFO] PluginManager:220 - loadIPPluginJar : add lorawan
2024-08-22 11:47:03,736 [INFO] IPUIPlugin:80 - create IPUIPlugin
2024-08-22 11:47:03,737 [INFO] PluginManager:220 - loadIPPluginJar : add opamp
2024-08-22 11:47:03,737 [INFO] IPUIPlugin:80 - create IPUIPlugin
2024-08-22 11:47:03,737 [INFO] PluginManager:220 - loadIPPluginJar : add i3c
2024-08-22 11:47:03,738 [INFO] IPUIPlugin:80 - create IPUIPlugin
2024-08-22 11:47:03,739 [INFO] PluginManager:220 - loadIPPluginJar : add touchsensing
2024-08-22 11:47:03,739 [INFO] IPUIPlugin:80 - create IPUIPlugin
2024-08-22 11:47:03,740 [INFO] PluginManager:220 - loadIPPluginJar : add i2c
2024-08-22 11:47:03,741 [INFO] IPUIPlugin:80 - create IPUIPlugin
2024-08-22 11:47:03,741 [INFO] PluginManager:220 - loadIPPluginJar : add resmgrutility
2024-08-22 11:47:03,742 [INFO] IPUIPlugin:80 - create IPUIPlugin
2024-08-22 11:47:03,742 [INFO] PluginManager:220 - loadIPPluginJar : add sai
2024-08-22 11:47:03,743 [INFO] IPUIPlugin:80 - create IPUIPlugin
2024-08-22 11:47:03,743 [INFO] PluginManager:220 - loadIPPluginJar : add usbx
2024-08-22 11:47:03,848 [INFO] CADModel:165 - CPN selected for project level
2024-08-22 11:47:03,850 [INFO] CADModel:114 - Register for checkConnection events
2024-08-22 11:47:03,850 [FATAL] Updater:334 - Updater called before beeing initialized
2024-08-22 11:47:03,850 [ERROR] CADModel:125 - Updater not yet initialized, retry later 
2024-08-22 11:47:04,017 [INFO] CADModel:165 - CPN selected for project level
2024-08-22 11:47:04,017 [INFO] CADModel:114 - Register for checkConnection events
2024-08-22 11:47:04,017 [FATAL] Updater:334 - Updater called before beeing initialized
2024-08-22 11:47:04,017 [ERROR] CADModel:125 - Updater not yet initialized, retry later 
2024-08-22 11:47:04,019 [FATAL] Updater:334 - Updater called before beeing initialized
2024-08-22 11:47:04,135 [FATAL] Updater:334 - Updater called before beeing initialized
2024-08-22 11:47:04,139 [INFO] DbMcusAds:53 - JSON generation date=Thu May 16 16:22:00 ICT 2024 (1715851320667)
2024-08-22 11:47:04,139 [FATAL] Updater:334 - Updater called before beeing initialized
2024-08-22 11:47:04,178 [WARN] DetailPanel:346 - Failed to get advertising image, set to default
2024-08-22 11:47:04,230 [FATAL] Updater:334 - Updater called before beeing initialized
2024-08-22 11:47:04,231 [FATAL] Updater:334 - Updater called before beeing initialized
2024-08-22 11:47:04,231 [FATAL] Updater:334 - Updater called before beeing initialized
2024-08-22 11:47:04,231 [WARN] DetailPanel:346 - Failed to get advertising image, set to default
2024-08-22 11:47:04,233 [FATAL] Updater:334 - Updater called before beeing initialized
2024-08-22 11:47:04,282 [ERROR] Updater:1164 - MainUpdater not yet initialized. External WinMGr cannot be set.
2024-08-22 11:47:04,286 [INFO] Updater:1100 - Updater Version found : 6.12.0
2024-08-22 11:47:04,295 [INFO] ApplicationProperties:184 - Using Application install path: /Applications/STM32CubeIDE.app/Contents/Eclipse/plugins/com.st.stm32cube.common.mx_6.12.0.202406281431
2024-08-22 11:47:04,532 [INFO] MainUpdater:2873 - connection check result : 10
2024-08-22 11:47:04,533 [INFO] MainUpdater:290 - Updater Check For Update Now.
2024-08-22 11:47:04,533 [INFO] MicroXplorer:498 - Change Database Version : DB.6.0.120
2024-08-22 11:47:04,539 [INFO] McuFinderGlobals:63 - Set McuFinder mode to 2 (CubeIDE integrated)
2024-08-22 11:47:04,542 [INFO] UserAuth:417 - Internet connection configuration mode: 1
2024-08-22 11:47:04,551 [INFO] JxBrowserEngine:152 - Initiate JxBrowser Engine with user profile folder
2024-08-22 11:47:04,754 [INFO] CheckServerUpdateThread:120 - End of CheckServer Thread
2024-08-22 11:47:06,358 [WARN] PackLoader:240 - Cannot read IP mode file for STMicroelectronics.FP-SNS-MOTENVWB1.1.4.0
2024-08-22 11:47:06,389 [WARN] PackLoader:240 - Cannot read IP mode file for STMicroelectronics.X-CUBE-SMBUS.2.1.0
2024-08-22 11:47:06,455 [WARN] PackLoader:240 - Cannot read IP mode file for STMicroelectronics.X-CUBE-AZRTOS-F7.1.1.0
2024-08-22 11:47:06,620 [WARN] PackLoader:240 - Cannot read IP mode file for STMicroelectronics.X-CUBE-MEMS1.11.0.0
2024-08-22 11:47:07,022 [WARN] PackLoader:240 - Cannot read IP mode file for STMicroelectronics.FP-SNS-FLIGHT1.5.0.2
2024-08-22 11:47:07,081 [WARN] PackLoader:240 - Cannot read IP mode file for STMicroelectronics.X-CUBE-DISPLAY.3.0.0
2024-08-22 11:47:07,131 [WARN] PackLoader:240 - Cannot read IP mode file for STMicroelectronics.X-CUBE-BLE1.7.0.0
2024-08-22 11:47:07,167 [WARN] PackLoader:240 - Cannot read IP mode file for emotas.I-CUBE-CANOPEN.1.3.0
2024-08-22 11:47:07,321 [WARN] PackLoader:240 - Cannot read IP mode file for STMicroelectronics.X-CUBE-BLEMGR.3.1.0
2024-08-22 11:47:07,359 [WARN] PackLoader:240 - Cannot read IP mode file for STMicroelectronics.FP-SNS-SMARTAG2.1.2.0
2024-08-22 11:47:07,380 [INFO] LogOutputStream:77 - [STDOUT_REDIRECT] 1 : Invalid condition id : UX_CORESTACK_Condition cause : null
2024-08-22 11:47:07,382 [INFO] LogOutputStream:77 - [STDOUT_REDIRECT] 1 : Invalid condition id : UX_CORESTACK_Condition cause : null
2024-08-22 11:47:07,382 [INFO] LogOutputStream:77 - [STDOUT_REDIRECT] 1 : Invalid condition id : UX_CORESTACK_Condition cause : null
2024-08-22 11:47:07,383 [INFO] LogOutputStream:77 - [STDOUT_REDIRECT] 1 : Invalid condition id : UX_CORESTACK_Condition cause : null
2024-08-22 11:47:07,383 [INFO] LogOutputStream:77 - [STDOUT_REDIRECT] 1 : Invalid condition id : UX_CORESTACK_Condition cause : null
2024-08-22 11:47:07,392 [WARN] PackLoader:240 - Cannot read IP mode file for STMicroelectronics.X-CUBE-AZRTOS-WL.2.0.0
2024-08-22 11:47:07,403 [WARN] PackLoader:240 - Cannot read IP mode file for STMicroelectronics.FP-SNS-MOTENV1.5.0.0
2024-08-22 11:47:07,411 [WARN] PackLoader:240 - Cannot read IP mode file for wolfSSL.I-CUBE-wolfMQTT.1.19.0
2024-08-22 11:47:07,426 [WARN] PackLoader:240 - Cannot read IP mode file for WES.I-CUBE-Cesium.1.3.0
2024-08-22 11:47:07,438 [WARN] PackLoader:240 - Cannot read IP mode file for STMicroelectronics.X-CUBE-BLE2.3.3.0
2024-08-22 11:47:07,446 [WARN] PackLoader:240 - Cannot read IP mode file for STMicroelectronics.X-CUBE-TCPP.4.1.0
2024-08-22 11:47:07,495 [WARN] PackLoader:240 - Cannot read IP mode file for STMicroelectronics.X-CUBE-AZRTOS-G0.1.1.0
2024-08-22 11:47:07,524 [WARN] PackLoader:240 - Cannot read IP mode file for STMicroelectronics.X-CUBE-SAFEA1.1.2.2
2024-08-22 11:47:07,537 [WARN] PackLoader:240 - Cannot read IP mode file for STMicroelectronics.X-CUBE-NFC4.3.0.0
2024-08-22 11:47:07,565 [WARN] PackLoader:240 - Cannot read IP mode file for EmbeddedOffice.I-CUBE-FS-RTOS.1.0.1
2024-08-22 11:47:07,568 [ERROR] ConditionMgr:805 - Attr not supported : Dmpu
2024-08-22 11:47:07,571 [ERROR] ConditionMgr:805 - Attr not supported : Dmpu
2024-08-22 11:47:07,572 [ERROR] ConditionMgr:805 - Attr not supported : Dmpu
2024-08-22 11:47:07,572 [ERROR] ConditionMgr:805 - Attr not supported : Dmpu
2024-08-22 11:47:07,572 [ERROR] ConditionMgr:805 - Attr not supported : Dmpu
2024-08-22 11:47:07,572 [ERROR] ConditionMgr:805 - Attr not supported : Dmpu
2024-08-22 11:47:07,572 [ERROR] ConditionMgr:805 - Attr not supported : Dmpu
2024-08-22 11:47:07,572 [ERROR] ConditionMgr:805 - Attr not supported : Dmpu
2024-08-22 11:47:07,572 [ERROR] ConditionMgr:805 - Attr not supported : Dmpu
2024-08-22 11:47:07,572 [ERROR] ConditionMgr:805 - Attr not supported : Dmpu
2024-08-22 11:47:07,572 [ERROR] ConditionMgr:805 - Attr not supported : Dmpu
2024-08-22 11:47:07,572 [ERROR] ConditionMgr:805 - Attr not supported : Dmpu
2024-08-22 11:47:07,572 [ERROR] ConditionMgr:805 - Attr not supported : Dmpu
2024-08-22 11:47:07,572 [ERROR] ConditionMgr:805 - Attr not supported : Dmpu
2024-08-22 11:47:07,572 [ERROR] ConditionMgr:805 - Attr not supported : Dmpu
2024-08-22 11:47:07,572 [ERROR] ConditionMgr:805 - Attr not supported : Dmpu
2024-08-22 11:47:07,572 [ERROR] ConditionMgr:805 - Attr not supported : Dmpu
2024-08-22 11:47:07,572 [ERROR] ConditionMgr:805 - Attr not supported : Dmpu
2024-08-22 11:47:07,572 [ERROR] ConditionMgr:805 - Attr not supported : Dmpu
2024-08-22 11:47:07,572 [ERROR] ConditionMgr:805 - Attr not supported : Dmpu
2024-08-22 11:47:07,573 [ERROR] ConditionMgr:805 - Attr not supported : Dmpu
2024-08-22 11:47:07,573 [ERROR] ConditionMgr:805 - Attr not supported : Dmpu
2024-08-22 11:47:07,573 [ERROR] ConditionMgr:805 - Attr not supported : Dmpu
2024-08-22 11:47:07,573 [ERROR] ConditionMgr:805 - Attr not supported : Dmpu
2024-08-22 11:47:07,573 [ERROR] ConditionMgr:805 - Attr not supported : Dmpu
2024-08-22 11:47:07,573 [ERROR] ConditionMgr:805 - Attr not supported : Dmpu
2024-08-22 11:47:07,573 [ERROR] ConditionMgr:805 - Attr not supported : Dmpu
2024-08-22 11:47:07,573 [ERROR] ConditionMgr:805 - Attr not supported : Dmpu
2024-08-22 11:47:07,573 [ERROR] ConditionMgr:805 - Attr not supported : Dmpu
2024-08-22 11:47:07,573 [ERROR] ConditionMgr:805 - Attr not supported : Dmpu
2024-08-22 11:47:07,574 [ERROR] ConditionMgr:805 - Attr not supported : Dmpu
2024-08-22 11:47:07,574 [ERROR] ConditionMgr:805 - Attr not supported : Dmpu
2024-08-22 11:47:07,574 [ERROR] ConditionMgr:805 - Attr not supported : Dmpu
2024-08-22 11:47:07,574 [ERROR] ConditionMgr:805 - Attr not supported : Dmpu
2024-08-22 11:47:07,574 [ERROR] ConditionMgr:805 - Attr not supported : Dmpu
2024-08-22 11:47:07,574 [ERROR] ConditionMgr:805 - Attr not supported : Dmpu
2024-08-22 11:47:07,574 [ERROR] ConditionMgr:805 - Attr not supported : Dmpu
2024-08-22 11:47:07,574 [ERROR] ConditionMgr:805 - Attr not supported : Dmpu
2024-08-22 11:47:07,575 [ERROR] ConditionMgr:805 - Attr not supported : Dmpu
2024-08-22 11:47:07,575 [ERROR] ConditionMgr:805 - Attr not supported : Dmpu
2024-08-22 11:47:07,575 [ERROR] ConditionMgr:805 - Attr not supported : Dmpu
2024-08-22 11:47:07,575 [ERROR] ConditionMgr:805 - Attr not supported : Dmpu
2024-08-22 11:47:07,575 [ERROR] ConditionMgr:805 - Attr not supported : Dmpu
2024-08-22 11:47:07,575 [ERROR] ConditionMgr:805 - Attr not supported : Dmpu
2024-08-22 11:47:07,575 [ERROR] ConditionMgr:805 - Attr not supported : Dmpu
2024-08-22 11:47:07,576 [ERROR] ConditionMgr:805 - Attr not supported : Dmpu
2024-08-22 11:47:07,577 [ERROR] ConditionMgr:805 - Attr not supported : Dmpu
2024-08-22 11:47:07,580 [ERROR] ConditionMgr:805 - Attr not supported : Dmpu
2024-08-22 11:47:07,580 [ERROR] ConditionMgr:805 - Attr not supported : Dmpu
2024-08-22 11:47:07,580 [ERROR] ConditionMgr:805 - Attr not supported : Dmpu
2024-08-22 11:47:07,581 [ERROR] ConditionMgr:805 - Attr not supported : Dmpu
2024-08-22 11:47:07,581 [ERROR] ConditionMgr:805 - Attr not supported : Dmpu
2024-08-22 11:47:07,581 [ERROR] ConditionMgr:805 - Attr not supported : Dmpu
2024-08-22 11:47:07,581 [ERROR] ConditionMgr:805 - Attr not supported : Dmpu
2024-08-22 11:47:07,581 [ERROR] ConditionMgr:805 - Attr not supported : Dmpu
2024-08-22 11:47:07,581 [ERROR] ConditionMgr:805 - Attr not supported : Dmpu
2024-08-22 11:47:07,581 [ERROR] ConditionMgr:805 - Attr not supported : Dmpu
2024-08-22 11:47:07,581 [ERROR] ConditionMgr:805 - Attr not supported : Dmpu
2024-08-22 11:47:07,581 [ERROR] ConditionMgr:805 - Attr not supported : Dmpu
2024-08-22 11:47:07,581 [ERROR] ConditionMgr:805 - Attr not supported : Dmpu
2024-08-22 11:47:07,581 [ERROR] ConditionMgr:805 - Attr not supported : Dmpu
2024-08-22 11:47:07,581 [ERROR] ConditionMgr:805 - Attr not supported : Dmpu
2024-08-22 11:47:07,581 [ERROR] ConditionMgr:805 - Attr not supported : Dmpu
2024-08-22 11:47:07,581 [ERROR] ConditionMgr:805 - Attr not supported : Dmpu
2024-08-22 11:47:07,591 [WARN] PackLoader:240 - Cannot read IP mode file for RealThread.X-CUBE-RT-Thread_Nano.4.1.1
2024-08-22 11:47:07,600 [WARN] PackLoader:240 - Cannot read IP mode file for STMicroelectronics.FP-ATR-SIGFOX1.3.2.0
2024-08-22 11:47:07,618 [WARN] PackLoader:240 - Cannot read IP mode file for wolfSSL.I-CUBE-wolfSSL.5.7.2
2024-08-22 11:47:07,625 [WARN] PackLoader:240 - Cannot read IP mode file for STMicroelectronics.X-CUBE-EEPRMA1.5.1.0
2024-08-22 11:47:07,631 [WARN] PackLoader:240 - Cannot read IP mode file for ITTIA_DB.I-CUBE-ITTIADB.8.9.0
2024-08-22 11:47:07,756 [WARN] PackLoader:240 - Cannot read IP mode file for SEGGER.I-CUBE-embOS.1.3.1
2024-08-22 11:47:07,890 [WARN] PackLoader:240 - Cannot read IP mode file for STMicroelectronics.X-CUBE-ALGOBUILD.1.4.0
2024-08-22 11:47:07,896 [WARN] PackLoader:240 - Cannot read IP mode file for STMicroelectronics.X-CUBE-GNSS1.6.0.0
2024-08-22 11:47:07,923 [WARN] PackLoader:240 - Cannot read IP mode file for STMicroelectronics.X-CUBE-AZRTOS-F4.1.1.0
2024-08-22 11:47:07,948 [WARN] PackLoader:240 - Cannot read IP mode file for STMicroelectronics.X-CUBE-FREERTOS.1.2.0
2024-08-22 11:47:07,984 [WARN] PackLoader:240 - Cannot read IP mode file for STMicroelectronics.X-CUBE-AZRTOS-L5.2.0.0
2024-08-22 11:47:08,004 [WARN] PackLoader:240 - Cannot read IP mode file for STMicroelectronics.X-CUBE-NFC6.3.1.0
2024-08-22 11:47:08,011 [WARN] PackLoader:240 - Cannot read IP mode file for STMicroelectronics.X-CUBE-AI.9.0.0
2024-08-22 11:47:08,017 [WARN] PackLoader:240 - Cannot read IP mode file for STMicroelectronics.X-CUBE-NFC7.1.0.1
2024-08-22 11:47:08,039 [WARN] ConditionMgr:438 - getConditionDescription Invalid condition id : LAN8742 Phy interface Condition cause : null
2024-08-22 11:47:08,041 [WARN] PackLoader:240 - Cannot read IP mode file for STMicroelectronics.X-CUBE-AZRTOS-L4.2.0.0
2024-08-22 11:47:08,053 [WARN] ConditionMgr:1039 - genDependencies : Invalid condition id : LAN8742 Phy interface Condition cause : null
2024-08-22 11:47:08,055 [WARN] ConditionMgr:1039 - genDependencies : Invalid condition id : LAN8742 Phy interface Condition cause : null
2024-08-22 11:47:08,057 [WARN] ConditionMgr:1039 - genDependencies : Invalid condition id : LAN8742 Phy interface Condition cause : null
2024-08-22 11:47:08,151 [WARN] PackLoader:240 - Cannot read IP mode file for STMicroelectronics.X-CUBE-SFXS2LP1.4.0.0
2024-08-22 11:47:08,299 [WARN] PackLoader:240 - Cannot read IP mode file for STMicroelectronics.X-CUBE-AZRTOS-H7.3.3.0
2024-08-22 11:47:08,391 [WARN] ConditionMgr:438 - getConditionDescription Invalid condition id : UX DEVICE CLASS RTOS Condition cause : null
2024-08-22 11:47:08,392 [WARN] ConditionMgr:438 - getConditionDescription Invalid condition id : UX DEVICE CLASS RTOS Condition cause : null
2024-08-22 11:47:08,397 [WARN] PackLoader:240 - Cannot read IP mode file for STMicroelectronics.X-CUBE-AZRTOS-WB.2.0.0
2024-08-22 11:47:08,398 [WARN] ConditionMgr:1039 - genDependencies : Invalid condition id : UX DEVICE CLASS RTOS Condition cause : null
2024-08-22 11:47:08,399 [WARN] ConditionMgr:1039 - genDependencies : Invalid condition id : UX DEVICE CLASS RTOS Condition cause : null
2024-08-22 11:47:08,400 [WARN] ConditionMgr:1039 - genDependencies : Invalid condition id : UX DEVICE CLASS RTOS Condition cause : null
2024-08-22 11:47:08,400 [WARN] ConditionMgr:1039 - genDependencies : Invalid condition id : UX DEVICE CLASS RTOS Condition cause : null
2024-08-22 11:47:08,400 [WARN] ConditionMgr:1039 - genDependencies : Invalid condition id : UX DEVICE CLASS RTOS Condition cause : null
2024-08-22 11:47:08,440 [WARN] PackLoader:240 - Cannot read IP mode file for STMicroelectronics.X-CUBE-SUBG2.5.0.0
2024-08-22 11:47:08,474 [WARN] PackLoader:240 - Cannot read IP mode file for Cesanta.I-CUBE-Mongoose.7.13.0
2024-08-22 11:47:08,502 [WARN] PackLoader:240 - Cannot read IP mode file for STMicroelectronics.X-CUBE-AZRTOS-G4.2.0.0
2024-08-22 11:47:08,518 [WARN] PackLoader:240 - Cannot read IP mode file for STMicroelectronics.X-CUBE-ISPU.2.0.0
2024-08-22 11:47:08,524 [INFO] WebApp:167 - Instantiating new browser for Auth
2024-08-22 11:47:08,524 [WARN] PackLoader:240 - Cannot read IP mode file for STMicroelectronics.X-CUBE-ALS.1.0.2
2024-08-22 11:47:08,534 [WARN] PackLoader:240 - Cannot read IP mode file for STMicroelectronics.X-CUBE-TOUCHGFX.4.24.0
2024-08-22 11:47:08,568 [WARN] PackLoader:240 - Cannot read IP mode file for wolfSSL.I-CUBE-wolfTPM.3.4.0
2024-08-22 11:47:08,651 [WARN] PackLoader:240 - Cannot read IP mode file for portGmbH.I-Cube-SoM-uGOAL.1.1.0
2024-08-22 11:47:08,689 [WARN] PackLoader:240 - Cannot read IP mode file for STMicroelectronics.X-CUBE-AZRTOS-H7RS.1.0.0
2024-08-22 11:47:08,702 [WARN] PackLoader:240 - Cannot read IP mode file for STMicroelectronics.FP-ATR-ASTRA1.2.0.0
2024-08-22 11:47:08,731 [WARN] PackLoader:240 - Cannot read IP mode file for STMicroelectronics.X-CUBE-TOF1.3.4.2
2024-08-22 11:47:08,782 [WARN] PackLoader:240 - Cannot read IP mode file for Infineon.AIROC-Wi-Fi-Bluetooth-STM32.1.6.1
2024-08-22 11:47:08,800 [WARN] PackLoader:240 - Cannot read IP mode file for wolfSSL.I-CUBE-wolfSSH.1.4.17
2024-08-22 11:47:08,814 [INFO] ThirdParty:978 - Integrity check success = true
2024-08-22 11:47:08,815 [INFO] IntegrityCheckThread:100 - exiting critical section [integrity check]
2024-08-22 11:47:08,816 [INFO] IntegrityCheckThread:103 - End integrity checks thread
2024-08-22 11:47:09,971 [INFO] WebApp:448 - Apply proxy settings
2024-08-22 11:47:10,000 [INFO] WebApp:493 - Chromium authenticates against Manually configured proxy
2024-08-22 11:47:10,023 [INFO] WebApp:501 - Username used for proxy authentication: 
2024-08-22 11:47:10,078 [INFO] WebApp:869 - Register for checkConnection events
2024-08-22 11:47:10,079 [INFO] WebApp:448 - Apply proxy settings
2024-08-22 11:47:10,082 [INFO] WebApp:493 - Chromium authenticates against Manually configured proxy
2024-08-22 11:47:10,083 [INFO] WebApp:501 - Username used for proxy authentication: 
2024-08-22 11:47:10,216 [INFO] WebApp:220 - Starting web application
2024-08-22 11:47:10,216 [INFO] WebApp:578 - Web application path used /Applications/STM32CubeIDE.app/Contents/Eclipse/plugins/com.st.stm32cube.common.mx_6.12.0.202406281431/db/plugins/mcufinder/reactClient1/index.html
2024-08-22 11:47:10,645 [INFO] UserAuth:417 - Internet connection configuration mode: 1
2024-08-22 11:47:10,788 [INFO] WebApp:186 - Connection restablished
2024-08-22 11:50:37,082 [ERROR] LogOutputStream:75 - [STDERR_REDIRECT] 
2024-08-22 11:55:23,865 [INFO] Activator:176 - 


2024-08-22 11:55:23,867 [INFO] Activator:177 - !SESSION log4j initialized
2024-08-22 11:55:27,062 [INFO] LogOutputStream:77 - [STDOUT_REDIRECT] 
2024-08-22 11:55:28,375 [ERROR] LogOutputStream:75 - [STDERR_REDIRECT] 
2024-08-22 11:55:30,311 [INFO] LogOutputStream:77 - [STDOUT_REDIRECT] 
2024-08-22 11:55:31,412 [INFO] ApplicationProperties:184 - Using Application install path: /Applications/STM32CubeIDE.app/Contents/Eclipse/plugins/com.st.stm32cube.common.mx_6.12.0.202406281431
2024-08-22 11:55:31,422 [INFO] DbMcusXml:78 - Set database path to: /Applications/STM32CubeIDE.app/Contents/Eclipse/plugins/com.st.stm32cube.common.mx_6.12.0.202406281431//db//mcu/
2024-08-22 11:55:31,422 [INFO] ApiDb:274 - Set plugin database path to: /Applications/STM32CubeIDE.app/Contents/Eclipse/plugins/com.st.stm32cube.common.mx_6.12.0.202406281431//db//plugins/boardmanager/
2024-08-22 11:55:31,423 [WARN] ApiDb:259 - Overriding images path with different value:  => /Applications/STM32CubeIDE.app/Contents/Eclipse/plugins/com.st.stm32cube.common.mx_6.12.0.202406281431//db//plugins/mcufinder/images/
2024-08-22 11:55:31,429 [INFO] ApiDb:250 - Set database path to: /Users/kitton/.stmcufinder/plugins/mcufinder//mcu/
2024-08-22 11:55:31,430 [INFO] DbMcusAds:125 - Set database path to: /Users/kitton/.stmcufinder/plugins/mcufinder//mcu/
2024-08-22 11:55:31,431 [INFO] CrossReferenceDbSqlite:203 - Set database path to: /Users/kitton/.stmcufinder/plugins/mcufinder//mcu/cs/
2024-08-22 11:55:31,598 [INFO] RulesReader:64 - Compatibility file has been processed (297 Rules)
2024-08-22 11:55:31,733 [ERROR] LogOutputStream:75 - [STDERR_REDIRECT] [Fatal Error] :2:10: DOCTYPE is disallowed when the feature "http://apache.org/xml/features/disallow-doctype-decl" set to true.
2024-08-22 11:55:31,737 [ERROR] LogOutputStream:75 - [STDERR_REDIRECT] 
2024-08-22 11:55:31,762 [INFO] DbMcusXml:78 - Set database path to: /Applications/STM32CubeIDE.app/Contents/Eclipse/plugins/com.st.stm32cube.common.mx_6.12.0.202406281431//db//mcu/
2024-08-22 11:55:31,762 [INFO] ApiDb:274 - Set plugin database path to: /Applications/STM32CubeIDE.app/Contents/Eclipse/plugins/com.st.stm32cube.common.mx_6.12.0.202406281431//db//plugins/boardmanager/
2024-08-22 11:55:31,763 [INFO] ApiDb:261 - Set plugin images path to: /Applications/STM32CubeIDE.app/Contents/Eclipse/plugins/com.st.stm32cube.common.mx_6.12.0.202406281431//db//plugins/mcufinder/images/
2024-08-22 11:55:31,763 [WARN] DbFile:41 - Overriding database path with different value: /Users/kitton/.stmcufinder/plugins/mcufinder/ => /Users/kitton/.stmcufinder/plugins/mcufinder
2024-08-22 11:55:31,763 [INFO] ApiDb:250 - Set database path to: /Users/kitton/.stmcufinder/plugins/mcufinder//mcu/
2024-08-22 11:55:31,763 [WARN] DbFile:41 - Overriding database path with different value: /Users/kitton/.stmcufinder/plugins/mcufinder/ => /Users/kitton/.stmcufinder/plugins/mcufinder
2024-08-22 11:55:31,764 [INFO] DbMcusAds:125 - Set database path to: /Users/kitton/.stmcufinder/plugins/mcufinder//mcu/
2024-08-22 11:55:31,764 [WARN] DbFile:41 - Overriding database path with different value: /Users/kitton/.stmcufinder/plugins/mcufinder/ => /Users/kitton/.stmcufinder/plugins/mcufinder
2024-08-22 11:55:31,764 [WARN] DbFile:41 - Overriding database path with different value: /Users/kitton/.stmcufinder/plugins/mcufinder/ => /Users/kitton/.stmcufinder/plugins/mcufinder
2024-08-22 11:55:31,764 [INFO] CrossReferenceDbSqlite:203 - Set database path to: /Users/kitton/.stmcufinder/plugins/mcufinder//mcu/cs/
2024-08-22 11:55:31,832 [INFO] MainPanel:268 - HeapMemory: 300941312
2024-08-22 11:55:32,275 [INFO] DbMcusXml:78 - Set database path to: /Applications/STM32CubeIDE.app/Contents/Eclipse/plugins/com.st.stm32cube.common.mx_6.12.0.202406281431//db//mcu/
2024-08-22 11:55:32,276 [INFO] ApiDb:274 - Set plugin database path to: /Applications/STM32CubeIDE.app/Contents/Eclipse/plugins/com.st.stm32cube.common.mx_6.12.0.202406281431//db//plugins/boardmanager/
2024-08-22 11:55:32,276 [INFO] ApiDb:261 - Set plugin images path to: /Applications/STM32CubeIDE.app/Contents/Eclipse/plugins/com.st.stm32cube.common.mx_6.12.0.202406281431//db//plugins/mcufinder/images/
2024-08-22 11:55:32,276 [WARN] DbFile:41 - Overriding database path with different value: /Users/kitton/.stmcufinder/plugins/mcufinder/ => /Users/kitton/.stmcufinder/plugins/mcufinder
2024-08-22 11:55:32,276 [INFO] ApiDb:250 - Set database path to: /Users/kitton/.stmcufinder/plugins/mcufinder//mcu/
2024-08-22 11:55:32,276 [WARN] DbFile:41 - Overriding database path with different value: /Users/kitton/.stmcufinder/plugins/mcufinder/ => /Users/kitton/.stmcufinder/plugins/mcufinder
2024-08-22 11:55:32,276 [INFO] DbMcusAds:125 - Set database path to: /Users/kitton/.stmcufinder/plugins/mcufinder//mcu/
2024-08-22 11:55:32,276 [WARN] DbFile:41 - Overriding database path with different value: /Users/kitton/.stmcufinder/plugins/mcufinder/ => /Users/kitton/.stmcufinder/plugins/mcufinder
2024-08-22 11:55:32,276 [WARN] DbFile:41 - Overriding database path with different value: /Users/kitton/.stmcufinder/plugins/mcufinder/ => /Users/kitton/.stmcufinder/plugins/mcufinder
2024-08-22 11:55:32,276 [INFO] CrossReferenceDbSqlite:203 - Set database path to: /Users/kitton/.stmcufinder/plugins/mcufinder//mcu/cs/
2024-08-22 11:55:32,292 [INFO] ApplicationProperties:184 - Using Application install path: /Applications/STM32CubeIDE.app/Contents/Eclipse/plugins/com.st.stm32cube.common.mx_6.12.0.202406281431
2024-08-22 11:55:32,292 [INFO] PluginManage:196 - Search for loadable plugins [exclusion list=, ]
2024-08-22 11:55:32,293 [INFO] PluginManage:310 - Check plugin analytics
2024-08-22 11:55:32,454 [INFO] AnalyticsPlugin:253 - Accepted Software Licenses: 
2024-08-22 11:55:32,454 [INFO] AnalyticsPlugin:255 - Accepted CMSIS Pack Licenses: 
2024-08-22 11:55:32,455 [INFO] AnalyticsPlugin:257 - Accepted Firmware Licenses: FW.F7.1.17.0
2024-08-22 11:55:32,466 [INFO] PluginManage:359 - Loaded plugin analytics (category:tool,tabindex:-1)
2024-08-22 11:55:32,468 [INFO] PluginManage:310 - Check plugin cadmodel
2024-08-22 11:55:32,478 [INFO] CADModel:105 - Init CAD model plugin
2024-08-22 11:55:32,478 [INFO] PluginManage:359 - Loaded plugin cadmodel (category:power,tabindex:5)
2024-08-22 11:55:32,479 [INFO] PluginManage:310 - Check plugin clock
2024-08-22 11:55:32,485 [INFO] PluginManage:359 - Loaded plugin clock (category:base,tabindex:2)
2024-08-22 11:55:32,486 [INFO] PluginManage:310 - Check plugin ddr
2024-08-22 11:55:32,487 [INFO] PluginManage:359 - Loaded plugin ddr (category:tool,tabindex:6)
2024-08-22 11:55:32,487 [INFO] PluginManage:310 - Check plugin filemanager
2024-08-22 11:55:32,596 [INFO] PluginManage:359 - Loaded plugin filemanager (category:base,tabindex:10)
2024-08-22 11:55:32,596 [INFO] PluginManage:310 - Check plugin ipmanager
2024-08-22 11:55:32,601 [INFO] PluginManage:359 - Loaded plugin ipmanager (category:base,tabindex:5)
2024-08-22 11:55:32,601 [INFO] PluginManage:310 - Check plugin lpbam
2024-08-22 11:55:32,608 [INFO] PluginManage:359 - Loaded plugin lpbam (category:base,tabindex:0)
2024-08-22 11:55:32,609 [INFO] PluginManage:310 - Check plugin memorymap
2024-08-22 11:55:32,615 [INFO] PluginManage:359 - Loaded plugin memorymap (category:base,tabindex:4)
2024-08-22 11:55:32,615 [INFO] PluginManage:310 - Check plugin pinoutandconfiguration
2024-08-22 11:55:32,619 [INFO] PluginManage:359 - Loaded plugin pinoutandconfiguration (category:base,tabindex:1)
2024-08-22 11:55:32,619 [INFO] PluginManage:310 - Check plugin pinoutconfig
2024-08-22 11:55:32,687 [WARN] SupportedApi:132 - Cannot load RTOS API schema: s4s-elt-must-match.1: The content of 'definitions' must match (annotation?, (simpleType | complexType)?, (unique | key | keyref)*)). A problem was found starting at: attribute.
2024-08-22 11:55:32,854 [INFO] PluginManage:359 - Loaded plugin pinoutconfig (category:base,tabindex:0)
2024-08-22 11:55:32,855 [INFO] PluginManage:310 - Check plugin power
2024-08-22 11:55:32,876 [INFO] PluginManage:359 - Loaded plugin power (category:power,tabindex:4)
2024-08-22 11:55:32,876 [INFO] PluginManage:310 - Check plugin projectmanager
2024-08-22 11:55:32,909 [INFO] PluginManage:359 - Loaded plugin projectmanager (category:projectmanager,tabindex:4)
2024-08-22 11:55:32,909 [INFO] PluginManage:310 - Check plugin rif
2024-08-22 11:55:32,912 [INFO] PluginManage:359 - Loaded plugin rif (category:base,tabindex:3)
2024-08-22 11:55:32,913 [INFO] PluginManage:310 - Check plugin thirdparty
2024-08-22 11:55:33,023 [INFO] PluginManage:359 - Loaded plugin thirdparty (category:base,tabindex:-1)
2024-08-22 11:55:33,023 [INFO] PluginManage:310 - Check plugin tools
2024-08-22 11:55:33,025 [INFO] PluginManage:359 - Loaded plugin tools (category:base,tabindex:7)
2024-08-22 11:55:33,025 [INFO] PluginManage:310 - Check plugin tutovideos
2024-08-22 11:55:33,023 [WARN] IntegrityCheckThread:84 - waiting for thirdparty lock release [integrity check]
2024-08-22 11:55:33,026 [INFO] IntegrityCheckThread:86 - entering critical section [integrity check]
2024-08-22 11:55:33,027 [INFO] ThirdPartyUpdaterWithRetryManager:70 - Updater plugin not ready yet. [1/15]
2024-08-22 11:55:33,138 [INFO] PluginManage:359 - Loaded plugin tutovideos (category:base,tabindex:-1)
2024-08-22 11:55:33,138 [INFO] PluginManage:310 - Check plugin updater
2024-08-22 11:55:33,154 [INFO] PluginManage:359 - Loaded plugin updater (category:base,tabindex:12)
2024-08-22 11:55:33,155 [INFO] PluginManage:310 - Check plugin userauth
2024-08-22 11:55:33,160 [INFO] UserAuth:113 - Init User Auth plugin
2024-08-22 11:55:33,160 [INFO] PluginManage:359 - Loaded plugin userauth (category:base,tabindex:14)
2024-08-22 11:55:33,160 [INFO] PluginManage:283 - PluginManage : Loaded plugins [18]
2024-08-22 11:55:33,323 [INFO] PinOutPanel:1561 - setPackage(No Configuration,No Configuration)
2024-08-22 11:55:33,404 [INFO] CADModel:165 - CPN selected for project level
2024-08-22 11:55:33,404 [INFO] CADModel:114 - Register for checkConnection events
2024-08-22 11:55:33,413 [INFO] IPUIPlugin:80 - create IPUIPlugin
2024-08-22 11:55:33,413 [INFO] PluginManager:220 - loadIPPluginJar : add mdma
2024-08-22 11:55:33,416 [INFO] IPUIPlugin:80 - create IPUIPlugin
2024-08-22 11:55:33,416 [INFO] PluginManager:220 - loadIPPluginJar : add freertos
2024-08-22 11:55:33,418 [INFO] IPUIPlugin:80 - create IPUIPlugin
2024-08-22 11:55:33,418 [INFO] PluginManager:220 - loadIPPluginJar : add gic
2024-08-22 11:55:33,423 [INFO] IPUIPlugin:80 - create IPUIPlugin
2024-08-22 11:55:33,423 [INFO] PluginManager:220 - loadIPPluginJar : add adc
2024-08-22 11:55:33,424 [INFO] IPUIPlugin:80 - create IPUIPlugin
2024-08-22 11:55:33,424 [INFO] PluginManager:220 - loadIPPluginJar : add gtzc
2024-08-22 11:55:33,425 [INFO] IPUIPlugin:80 - create IPUIPlugin
2024-08-22 11:55:33,425 [INFO] PluginManager:220 - loadIPPluginJar : add quadspi
2024-08-22 11:55:33,426 [INFO] IPUIPlugin:80 - create IPUIPlugin
2024-08-22 11:55:33,426 [INFO] PluginManager:220 - loadIPPluginJar : add aes
2024-08-22 11:55:33,427 [INFO] IPUIPlugin:80 - create IPUIPlugin
2024-08-22 11:55:33,427 [INFO] PluginManager:220 - loadIPPluginJar : add pdm2pcm
2024-08-22 11:55:33,428 [INFO] IPUIPlugin:80 - create IPUIPlugin
2024-08-22 11:55:33,428 [INFO] PluginManager:220 - loadIPPluginJar : add hash
2024-08-22 11:55:33,429 [INFO] IPUIPlugin:80 - create IPUIPlugin
2024-08-22 11:55:33,429 [INFO] PluginManager:220 - loadIPPluginJar : add tim
2024-08-22 11:55:33,430 [INFO] IPUIPlugin:80 - create IPUIPlugin
2024-08-22 11:55:33,430 [INFO] PluginManager:220 - loadIPPluginJar : add tsc
2024-08-22 11:55:33,431 [INFO] IPUIPlugin:80 - create IPUIPlugin
2024-08-22 11:55:33,431 [INFO] PluginManager:220 - loadIPPluginJar : add extmemmanager
2024-08-22 11:55:33,432 [INFO] IPUIPlugin:80 - create IPUIPlugin
2024-08-22 11:55:33,432 [INFO] PluginManager:220 - loadIPPluginJar : add ts
2024-08-22 11:55:33,432 [INFO] IPUIPlugin:80 - create IPUIPlugin
2024-08-22 11:55:33,433 [INFO] PluginManager:220 - loadIPPluginJar : add radio
2024-08-22 11:55:33,434 [INFO] IPUIPlugin:80 - create IPUIPlugin
2024-08-22 11:55:33,434 [INFO] PluginManager:220 - loadIPPluginJar : add can
2024-08-22 11:55:33,435 [INFO] IPUIPlugin:80 - create IPUIPlugin
2024-08-22 11:55:33,435 [INFO] PluginManager:220 - loadIPPluginJar : add dma3
2024-08-22 11:55:33,436 [INFO] IPUIPlugin:80 - create IPUIPlugin
2024-08-22 11:55:33,436 [INFO] PluginManager:220 - loadIPPluginJar : add dfsdm
2024-08-22 11:55:33,437 [INFO] IPUIPlugin:80 - create IPUIPlugin
2024-08-22 11:55:33,437 [INFO] PluginManager:220 - loadIPPluginJar : add spi
2024-08-22 11:55:33,439 [INFO] IPUIPlugin:80 - create IPUIPlugin
2024-08-22 11:55:33,440 [INFO] PluginManager:220 - loadIPPluginJar : add gfxmmu
2024-08-22 11:55:33,444 [INFO] IPUIPlugin:80 - create IPUIPlugin
2024-08-22 11:55:33,444 [INFO] PluginManager:220 - loadIPPluginJar : add genericplugin
2024-08-22 11:55:33,445 [INFO] IPUIPlugin:80 - create IPUIPlugin
2024-08-22 11:55:33,446 [INFO] PluginManager:220 - loadIPPluginJar : add cryp
2024-08-22 11:55:33,448 [INFO] IPUIPlugin:80 - create IPUIPlugin
2024-08-22 11:55:33,448 [INFO] PluginManager:220 - loadIPPluginJar : add gpio
2024-08-22 11:55:33,451 [INFO] IPUIPlugin:80 - create IPUIPlugin
2024-08-22 11:55:33,451 [INFO] PluginManager:220 - loadIPPluginJar : add ddr_ctrl_phy
2024-08-22 11:55:33,452 [INFO] IPUIPlugin:80 - create IPUIPlugin
2024-08-22 11:55:33,452 [INFO] PluginManager:220 - loadIPPluginJar : add comp
2024-08-22 11:55:33,453 [INFO] IPUIPlugin:80 - create IPUIPlugin
2024-08-22 11:55:33,453 [INFO] PluginManager:220 - loadIPPluginJar : add tracer_emb
2024-08-22 11:55:33,454 [INFO] IPUIPlugin:80 - create IPUIPlugin
2024-08-22 11:55:33,454 [INFO] PluginManager:220 - loadIPPluginJar : add openamp
2024-08-22 11:55:33,456 [INFO] IPUIPlugin:80 - create IPUIPlugin
2024-08-22 11:55:33,456 [INFO] PluginManager:220 - loadIPPluginJar : add stm32_wpan
2024-08-22 11:55:33,459 [INFO] IPUIPlugin:80 - create IPUIPlugin
2024-08-22 11:55:33,462 [INFO] PluginManager:220 - loadIPPluginJar : add plateformsettings
2024-08-22 11:55:33,463 [INFO] IPUIPlugin:80 - create IPUIPlugin
2024-08-22 11:55:33,464 [INFO] PluginManager:220 - loadIPPluginJar : add ipddr
2024-08-22 11:55:33,466 [INFO] IPUIPlugin:80 - create IPUIPlugin
2024-08-22 11:55:33,466 [INFO] PluginManager:220 - loadIPPluginJar : add usart
2024-08-22 11:55:33,467 [INFO] IPUIPlugin:80 - create IPUIPlugin
2024-08-22 11:55:33,467 [INFO] PluginManager:220 - loadIPPluginJar : add ltdc
2024-08-22 11:55:33,469 [INFO] IPUIPlugin:80 - create IPUIPlugin
2024-08-22 11:55:33,469 [INFO] PluginManager:220 - loadIPPluginJar : add nvic
2024-08-22 11:55:33,469 [INFO] IPUIPlugin:80 - create IPUIPlugin
2024-08-22 11:55:33,470 [INFO] PluginManager:220 - loadIPPluginJar : add fatfs
2024-08-22 11:55:33,473 [INFO] IPUIPlugin:80 - create IPUIPlugin
2024-08-22 11:55:33,473 [INFO] PluginManager:220 - loadIPPluginJar : add linkedlist
2024-08-22 11:55:33,475 [INFO] IPUIPlugin:80 - create IPUIPlugin
2024-08-22 11:55:33,475 [INFO] PluginManager:220 - loadIPPluginJar : add dma
2024-08-22 11:55:33,477 [INFO] IPUIPlugin:80 - create IPUIPlugin
2024-08-22 11:55:33,477 [INFO] PluginManager:220 - loadIPPluginJar : add fmc
2024-08-22 11:55:33,478 [INFO] IPUIPlugin:80 - create IPUIPlugin
2024-08-22 11:55:33,478 [INFO] PluginManager:220 - loadIPPluginJar : add i2s
2024-08-22 11:55:33,478 [INFO] IPUIPlugin:80 - create IPUIPlugin
2024-08-22 11:55:33,479 [INFO] PluginManager:220 - loadIPPluginJar : add ucpd
2024-08-22 11:55:33,479 [INFO] IPUIPlugin:80 - create IPUIPlugin
2024-08-22 11:55:33,479 [INFO] PluginManager:220 - loadIPPluginJar : add lorawan
2024-08-22 11:55:33,480 [INFO] IPUIPlugin:80 - create IPUIPlugin
2024-08-22 11:55:33,480 [INFO] PluginManager:220 - loadIPPluginJar : add opamp
2024-08-22 11:55:33,481 [INFO] IPUIPlugin:80 - create IPUIPlugin
2024-08-22 11:55:33,481 [INFO] PluginManager:220 - loadIPPluginJar : add i3c
2024-08-22 11:55:33,483 [INFO] IPUIPlugin:80 - create IPUIPlugin
2024-08-22 11:55:33,484 [INFO] PluginManager:220 - loadIPPluginJar : add touchsensing
2024-08-22 11:55:33,485 [INFO] IPUIPlugin:80 - create IPUIPlugin
2024-08-22 11:55:33,485 [INFO] PluginManager:220 - loadIPPluginJar : add i2c
2024-08-22 11:55:33,487 [INFO] IPUIPlugin:80 - create IPUIPlugin
2024-08-22 11:55:33,487 [INFO] PluginManager:220 - loadIPPluginJar : add resmgrutility
2024-08-22 11:55:33,488 [INFO] IPUIPlugin:80 - create IPUIPlugin
2024-08-22 11:55:33,488 [INFO] PluginManager:220 - loadIPPluginJar : add sai
2024-08-22 11:55:33,489 [INFO] IPUIPlugin:80 - create IPUIPlugin
2024-08-22 11:55:33,489 [INFO] PluginManager:220 - loadIPPluginJar : add usbx
2024-08-22 11:55:33,609 [INFO] CADModel:165 - CPN selected for project level
2024-08-22 11:55:33,611 [INFO] CADModel:114 - Register for checkConnection events
2024-08-22 11:55:33,612 [FATAL] Updater:334 - Updater called before beeing initialized
2024-08-22 11:55:33,612 [ERROR] CADModel:125 - Updater not yet initialized, retry later 
2024-08-22 11:55:33,800 [INFO] CADModel:165 - CPN selected for project level
2024-08-22 11:55:33,802 [INFO] CADModel:114 - Register for checkConnection events
2024-08-22 11:55:33,802 [FATAL] Updater:334 - Updater called before beeing initialized
2024-08-22 11:55:33,802 [ERROR] CADModel:125 - Updater not yet initialized, retry later 
2024-08-22 11:55:33,805 [FATAL] Updater:334 - Updater called before beeing initialized
2024-08-22 11:55:34,001 [FATAL] Updater:334 - Updater called before beeing initialized
2024-08-22 11:55:34,007 [INFO] DbMcusAds:53 - JSON generation date=Thu May 16 16:22:00 ICT 2024 (1715851320667)
2024-08-22 11:55:34,008 [FATAL] Updater:334 - Updater called before beeing initialized
2024-08-22 11:55:34,063 [WARN] DetailPanel:346 - Failed to get advertising image, set to default
2024-08-22 11:55:34,153 [FATAL] Updater:334 - Updater called before beeing initialized
2024-08-22 11:55:34,160 [FATAL] Updater:334 - Updater called before beeing initialized
2024-08-22 11:55:34,160 [FATAL] Updater:334 - Updater called before beeing initialized
2024-08-22 11:55:34,160 [WARN] DetailPanel:346 - Failed to get advertising image, set to default
2024-08-22 11:55:34,167 [FATAL] Updater:334 - Updater called before beeing initialized
2024-08-22 11:55:34,238 [ERROR] Updater:1164 - MainUpdater not yet initialized. External WinMGr cannot be set.
2024-08-22 11:55:34,242 [INFO] Updater:1100 - Updater Version found : 6.12.0
2024-08-22 11:55:34,253 [INFO] ApplicationProperties:184 - Using Application install path: /Applications/STM32CubeIDE.app/Contents/Eclipse/plugins/com.st.stm32cube.common.mx_6.12.0.202406281431
2024-08-22 11:55:34,577 [INFO] MainUpdater:2873 - connection check result : 10
2024-08-22 11:55:34,579 [INFO] MainUpdater:290 - Updater Check For Update Now.
2024-08-22 11:55:34,579 [INFO] MicroXplorer:498 - Change Database Version : DB.6.0.120
2024-08-22 11:55:34,591 [INFO] McuFinderGlobals:63 - Set McuFinder mode to 2 (CubeIDE integrated)
2024-08-22 11:55:34,592 [INFO] UserAuth:417 - Internet connection configuration mode: 1
2024-08-22 11:55:34,605 [INFO] JxBrowserEngine:152 - Initiate JxBrowser Engine with user profile folder
2024-08-22 11:55:34,795 [INFO] CheckServerUpdateThread:120 - End of CheckServer Thread
2024-08-22 11:55:36,166 [WARN] PackLoader:240 - Cannot read IP mode file for STMicroelectronics.FP-SNS-MOTENVWB1.1.4.0
2024-08-22 11:55:36,188 [WARN] PackLoader:240 - Cannot read IP mode file for STMicroelectronics.X-CUBE-SMBUS.2.1.0
2024-08-22 11:55:36,230 [WARN] PackLoader:240 - Cannot read IP mode file for STMicroelectronics.X-CUBE-AZRTOS-F7.1.1.0
2024-08-22 11:55:36,372 [WARN] PackLoader:240 - Cannot read IP mode file for STMicroelectronics.X-CUBE-MEMS1.11.0.0
2024-08-22 11:55:36,549 [WARN] PackLoader:240 - Cannot read IP mode file for STMicroelectronics.FP-SNS-FLIGHT1.5.0.2
2024-08-22 11:55:36,570 [WARN] PackLoader:240 - Cannot read IP mode file for STMicroelectronics.X-CUBE-DISPLAY.3.0.0
2024-08-22 11:55:36,588 [WARN] PackLoader:240 - Cannot read IP mode file for STMicroelectronics.X-CUBE-BLE1.7.0.0
2024-08-22 11:55:36,604 [WARN] PackLoader:240 - Cannot read IP mode file for emotas.I-CUBE-CANOPEN.1.3.0
2024-08-22 11:55:36,627 [WARN] PackLoader:240 - Cannot read IP mode file for STMicroelectronics.X-CUBE-BLEMGR.3.1.0
2024-08-22 11:55:36,646 [WARN] PackLoader:240 - Cannot read IP mode file for STMicroelectronics.FP-SNS-SMARTAG2.1.2.0
2024-08-22 11:55:36,657 [INFO] LogOutputStream:77 - [STDOUT_REDIRECT] 1 : Invalid condition id : UX_CORESTACK_Condition cause : null
2024-08-22 11:55:36,658 [INFO] LogOutputStream:77 - [STDOUT_REDIRECT] 1 : Invalid condition id : UX_CORESTACK_Condition cause : null
2024-08-22 11:55:36,658 [INFO] LogOutputStream:77 - [STDOUT_REDIRECT] 1 : Invalid condition id : UX_CORESTACK_Condition cause : null
2024-08-22 11:55:36,658 [INFO] LogOutputStream:77 - [STDOUT_REDIRECT] 1 : Invalid condition id : UX_CORESTACK_Condition cause : null
2024-08-22 11:55:36,659 [INFO] LogOutputStream:77 - [STDOUT_REDIRECT] 1 : Invalid condition id : UX_CORESTACK_Condition cause : null
2024-08-22 11:55:36,665 [WARN] PackLoader:240 - Cannot read IP mode file for STMicroelectronics.X-CUBE-AZRTOS-WL.2.0.0
2024-08-22 11:55:36,672 [WARN] PackLoader:240 - Cannot read IP mode file for STMicroelectronics.FP-SNS-MOTENV1.5.0.0
2024-08-22 11:55:36,676 [WARN] PackLoader:240 - Cannot read IP mode file for wolfSSL.I-CUBE-wolfMQTT.1.19.0
2024-08-22 11:55:36,682 [WARN] PackLoader:240 - Cannot read IP mode file for WES.I-CUBE-Cesium.1.3.0
2024-08-22 11:55:36,685 [WARN] PackLoader:240 - Cannot read IP mode file for STMicroelectronics.X-CUBE-BLE2.3.3.0
2024-08-22 11:55:36,690 [WARN] PackLoader:240 - Cannot read IP mode file for STMicroelectronics.X-CUBE-TCPP.4.1.0
2024-08-22 11:55:36,717 [WARN] PackLoader:240 - Cannot read IP mode file for STMicroelectronics.X-CUBE-AZRTOS-G0.1.1.0
2024-08-22 11:55:36,739 [WARN] PackLoader:240 - Cannot read IP mode file for STMicroelectronics.X-CUBE-SAFEA1.1.2.2
2024-08-22 11:55:36,750 [WARN] PackLoader:240 - Cannot read IP mode file for STMicroelectronics.X-CUBE-NFC4.3.0.0
2024-08-22 11:55:36,762 [WARN] PackLoader:240 - Cannot read IP mode file for EmbeddedOffice.I-CUBE-FS-RTOS.1.0.1
2024-08-22 11:55:36,763 [ERROR] ConditionMgr:805 - Attr not supported : Dmpu
2024-08-22 11:55:36,764 [ERROR] ConditionMgr:805 - Attr not supported : Dmpu
2024-08-22 11:55:36,764 [ERROR] ConditionMgr:805 - Attr not supported : Dmpu
2024-08-22 11:55:36,764 [ERROR] ConditionMgr:805 - Attr not supported : Dmpu
2024-08-22 11:55:36,764 [ERROR] ConditionMgr:805 - Attr not supported : Dmpu
2024-08-22 11:55:36,764 [ERROR] ConditionMgr:805 - Attr not supported : Dmpu
2024-08-22 11:55:36,764 [ERROR] ConditionMgr:805 - Attr not supported : Dmpu
2024-08-22 11:55:36,764 [ERROR] ConditionMgr:805 - Attr not supported : Dmpu
2024-08-22 11:55:36,764 [ERROR] ConditionMgr:805 - Attr not supported : Dmpu
2024-08-22 11:55:36,764 [ERROR] ConditionMgr:805 - Attr not supported : Dmpu
2024-08-22 11:55:36,764 [ERROR] ConditionMgr:805 - Attr not supported : Dmpu
2024-08-22 11:55:36,764 [ERROR] ConditionMgr:805 - Attr not supported : Dmpu
2024-08-22 11:55:36,764 [ERROR] ConditionMgr:805 - Attr not supported : Dmpu
2024-08-22 11:55:36,764 [ERROR] ConditionMgr:805 - Attr not supported : Dmpu
2024-08-22 11:55:36,764 [ERROR] ConditionMgr:805 - Attr not supported : Dmpu
2024-08-22 11:55:36,764 [ERROR] ConditionMgr:805 - Attr not supported : Dmpu
2024-08-22 11:55:36,764 [ERROR] ConditionMgr:805 - Attr not supported : Dmpu
2024-08-22 11:55:36,764 [ERROR] ConditionMgr:805 - Attr not supported : Dmpu
2024-08-22 11:55:36,764 [ERROR] ConditionMgr:805 - Attr not supported : Dmpu
2024-08-22 11:55:36,764 [ERROR] ConditionMgr:805 - Attr not supported : Dmpu
2024-08-22 11:55:36,765 [ERROR] ConditionMgr:805 - Attr not supported : Dmpu
2024-08-22 11:55:36,765 [ERROR] ConditionMgr:805 - Attr not supported : Dmpu
2024-08-22 11:55:36,765 [ERROR] ConditionMgr:805 - Attr not supported : Dmpu
2024-08-22 11:55:36,765 [ERROR] ConditionMgr:805 - Attr not supported : Dmpu
2024-08-22 11:55:36,765 [ERROR] ConditionMgr:805 - Attr not supported : Dmpu
2024-08-22 11:55:36,765 [ERROR] ConditionMgr:805 - Attr not supported : Dmpu
2024-08-22 11:55:36,765 [ERROR] ConditionMgr:805 - Attr not supported : Dmpu
2024-08-22 11:55:36,765 [ERROR] ConditionMgr:805 - Attr not supported : Dmpu
2024-08-22 11:55:36,765 [ERROR] ConditionMgr:805 - Attr not supported : Dmpu
2024-08-22 11:55:36,765 [ERROR] ConditionMgr:805 - Attr not supported : Dmpu
2024-08-22 11:55:36,765 [ERROR] ConditionMgr:805 - Attr not supported : Dmpu
2024-08-22 11:55:36,765 [ERROR] ConditionMgr:805 - Attr not supported : Dmpu
2024-08-22 11:55:36,765 [ERROR] ConditionMgr:805 - Attr not supported : Dmpu
2024-08-22 11:55:36,765 [ERROR] ConditionMgr:805 - Attr not supported : Dmpu
2024-08-22 11:55:36,765 [ERROR] ConditionMgr:805 - Attr not supported : Dmpu
2024-08-22 11:55:36,765 [ERROR] ConditionMgr:805 - Attr not supported : Dmpu
2024-08-22 11:55:36,766 [ERROR] ConditionMgr:805 - Attr not supported : Dmpu
2024-08-22 11:55:36,769 [ERROR] ConditionMgr:805 - Attr not supported : Dmpu
2024-08-22 11:55:36,772 [ERROR] ConditionMgr:805 - Attr not supported : Dmpu
2024-08-22 11:55:36,772 [ERROR] ConditionMgr:805 - Attr not supported : Dmpu
2024-08-22 11:55:36,772 [ERROR] ConditionMgr:805 - Attr not supported : Dmpu
2024-08-22 11:55:36,773 [ERROR] ConditionMgr:805 - Attr not supported : Dmpu
2024-08-22 11:55:36,773 [ERROR] ConditionMgr:805 - Attr not supported : Dmpu
2024-08-22 11:55:36,773 [ERROR] ConditionMgr:805 - Attr not supported : Dmpu
2024-08-22 11:55:36,773 [ERROR] ConditionMgr:805 - Attr not supported : Dmpu
2024-08-22 11:55:36,773 [ERROR] ConditionMgr:805 - Attr not supported : Dmpu
2024-08-22 11:55:36,773 [ERROR] ConditionMgr:805 - Attr not supported : Dmpu
2024-08-22 11:55:36,773 [ERROR] ConditionMgr:805 - Attr not supported : Dmpu
2024-08-22 11:55:36,773 [ERROR] ConditionMgr:805 - Attr not supported : Dmpu
2024-08-22 11:55:36,773 [ERROR] ConditionMgr:805 - Attr not supported : Dmpu
2024-08-22 11:55:36,773 [ERROR] ConditionMgr:805 - Attr not supported : Dmpu
2024-08-22 11:55:36,773 [ERROR] ConditionMgr:805 - Attr not supported : Dmpu
2024-08-22 11:55:36,773 [ERROR] ConditionMgr:805 - Attr not supported : Dmpu
2024-08-22 11:55:36,773 [ERROR] ConditionMgr:805 - Attr not supported : Dmpu
2024-08-22 11:55:36,773 [ERROR] ConditionMgr:805 - Attr not supported : Dmpu
2024-08-22 11:55:36,773 [ERROR] ConditionMgr:805 - Attr not supported : Dmpu
2024-08-22 11:55:36,773 [ERROR] ConditionMgr:805 - Attr not supported : Dmpu
2024-08-22 11:55:36,773 [ERROR] ConditionMgr:805 - Attr not supported : Dmpu
2024-08-22 11:55:36,773 [ERROR] ConditionMgr:805 - Attr not supported : Dmpu
2024-08-22 11:55:36,773 [ERROR] ConditionMgr:805 - Attr not supported : Dmpu
2024-08-22 11:55:36,774 [ERROR] ConditionMgr:805 - Attr not supported : Dmpu
2024-08-22 11:55:36,774 [ERROR] ConditionMgr:805 - Attr not supported : Dmpu
2024-08-22 11:55:36,774 [ERROR] ConditionMgr:805 - Attr not supported : Dmpu
2024-08-22 11:55:36,774 [ERROR] ConditionMgr:805 - Attr not supported : Dmpu
2024-08-22 11:55:36,778 [WARN] PackLoader:240 - Cannot read IP mode file for RealThread.X-CUBE-RT-Thread_Nano.4.1.1
2024-08-22 11:55:36,786 [WARN] PackLoader:240 - Cannot read IP mode file for STMicroelectronics.FP-ATR-SIGFOX1.3.2.0
2024-08-22 11:55:36,797 [WARN] PackLoader:240 - Cannot read IP mode file for wolfSSL.I-CUBE-wolfSSL.5.7.2
2024-08-22 11:55:36,803 [WARN] PackLoader:240 - Cannot read IP mode file for STMicroelectronics.X-CUBE-EEPRMA1.5.1.0
2024-08-22 11:55:36,810 [WARN] PackLoader:240 - Cannot read IP mode file for ITTIA_DB.I-CUBE-ITTIADB.8.9.0
2024-08-22 11:55:36,858 [WARN] PackLoader:240 - Cannot read IP mode file for SEGGER.I-CUBE-embOS.1.3.1
2024-08-22 11:55:36,913 [WARN] PackLoader:240 - Cannot read IP mode file for STMicroelectronics.X-CUBE-ALGOBUILD.1.4.0
2024-08-22 11:55:36,918 [WARN] PackLoader:240 - Cannot read IP mode file for STMicroelectronics.X-CUBE-GNSS1.6.0.0
2024-08-22 11:55:36,938 [WARN] PackLoader:240 - Cannot read IP mode file for STMicroelectronics.X-CUBE-AZRTOS-F4.1.1.0
2024-08-22 11:55:36,954 [WARN] PackLoader:240 - Cannot read IP mode file for STMicroelectronics.X-CUBE-FREERTOS.1.2.0
2024-08-22 11:55:36,985 [WARN] PackLoader:240 - Cannot read IP mode file for STMicroelectronics.X-CUBE-AZRTOS-L5.2.0.0
2024-08-22 11:55:37,003 [WARN] PackLoader:240 - Cannot read IP mode file for STMicroelectronics.X-CUBE-NFC6.3.1.0
2024-08-22 11:55:37,008 [WARN] PackLoader:240 - Cannot read IP mode file for STMicroelectronics.X-CUBE-AI.9.0.0
2024-08-22 11:55:37,011 [WARN] PackLoader:240 - Cannot read IP mode file for STMicroelectronics.X-CUBE-NFC7.1.0.1
2024-08-22 11:55:37,029 [WARN] ConditionMgr:438 - getConditionDescription Invalid condition id : LAN8742 Phy interface Condition cause : null
2024-08-22 11:55:37,030 [WARN] PackLoader:240 - Cannot read IP mode file for STMicroelectronics.X-CUBE-AZRTOS-L4.2.0.0
2024-08-22 11:55:37,032 [WARN] ConditionMgr:1039 - genDependencies : Invalid condition id : LAN8742 Phy interface Condition cause : null
2024-08-22 11:55:37,033 [WARN] ConditionMgr:1039 - genDependencies : Invalid condition id : LAN8742 Phy interface Condition cause : null
2024-08-22 11:55:37,033 [WARN] ConditionMgr:1039 - genDependencies : Invalid condition id : LAN8742 Phy interface Condition cause : null
2024-08-22 11:55:37,048 [WARN] PackLoader:240 - Cannot read IP mode file for STMicroelectronics.X-CUBE-SFXS2LP1.4.0.0
2024-08-22 11:55:37,073 [WARN] PackLoader:240 - Cannot read IP mode file for STMicroelectronics.X-CUBE-AZRTOS-H7.3.3.0
2024-08-22 11:55:37,099 [WARN] ConditionMgr:438 - getConditionDescription Invalid condition id : UX DEVICE CLASS RTOS Condition cause : null
2024-08-22 11:55:37,100 [WARN] ConditionMgr:438 - getConditionDescription Invalid condition id : UX DEVICE CLASS RTOS Condition cause : null
2024-08-22 11:55:37,103 [WARN] PackLoader:240 - Cannot read IP mode file for STMicroelectronics.X-CUBE-AZRTOS-WB.2.0.0
2024-08-22 11:55:37,104 [WARN] ConditionMgr:1039 - genDependencies : Invalid condition id : UX DEVICE CLASS RTOS Condition cause : null
2024-08-22 11:55:37,104 [WARN] ConditionMgr:1039 - genDependencies : Invalid condition id : UX DEVICE CLASS RTOS Condition cause : null
2024-08-22 11:55:37,104 [WARN] ConditionMgr:1039 - genDependencies : Invalid condition id : UX DEVICE CLASS RTOS Condition cause : null
2024-08-22 11:55:37,105 [WARN] ConditionMgr:1039 - genDependencies : Invalid condition id : UX DEVICE CLASS RTOS Condition cause : null
2024-08-22 11:55:37,105 [WARN] ConditionMgr:1039 - genDependencies : Invalid condition id : UX DEVICE CLASS RTOS Condition cause : null
2024-08-22 11:55:37,116 [WARN] PackLoader:240 - Cannot read IP mode file for STMicroelectronics.X-CUBE-SUBG2.5.0.0
2024-08-22 11:55:37,124 [WARN] PackLoader:240 - Cannot read IP mode file for Cesanta.I-CUBE-Mongoose.7.13.0
2024-08-22 11:55:37,136 [WARN] PackLoader:240 - Cannot read IP mode file for STMicroelectronics.X-CUBE-AZRTOS-G4.2.0.0
2024-08-22 11:55:37,142 [WARN] PackLoader:240 - Cannot read IP mode file for STMicroelectronics.X-CUBE-ISPU.2.0.0
2024-08-22 11:55:37,146 [WARN] PackLoader:240 - Cannot read IP mode file for STMicroelectronics.X-CUBE-ALS.1.0.2
2024-08-22 11:55:37,148 [WARN] PackLoader:240 - Cannot read IP mode file for STMicroelectronics.X-CUBE-TOUCHGFX.4.24.0
2024-08-22 11:55:37,152 [WARN] PackLoader:240 - Cannot read IP mode file for wolfSSL.I-CUBE-wolfTPM.3.4.0
2024-08-22 11:55:37,156 [WARN] PackLoader:240 - Cannot read IP mode file for portGmbH.I-Cube-SoM-uGOAL.1.1.0
2024-08-22 11:55:37,174 [WARN] PackLoader:240 - Cannot read IP mode file for STMicroelectronics.X-CUBE-AZRTOS-H7RS.1.0.0
2024-08-22 11:55:37,179 [WARN] PackLoader:240 - Cannot read IP mode file for STMicroelectronics.FP-ATR-ASTRA1.2.0.0
2024-08-22 11:55:37,189 [WARN] PackLoader:240 - Cannot read IP mode file for STMicroelectronics.X-CUBE-TOF1.3.4.2
2024-08-22 11:55:37,219 [WARN] PackLoader:240 - Cannot read IP mode file for Infineon.AIROC-Wi-Fi-Bluetooth-STM32.1.6.1
2024-08-22 11:55:37,226 [WARN] PackLoader:240 - Cannot read IP mode file for wolfSSL.I-CUBE-wolfSSH.1.4.17
2024-08-22 11:55:37,227 [INFO] ThirdParty:978 - Integrity check success = true
2024-08-22 11:55:37,227 [INFO] IntegrityCheckThread:100 - exiting critical section [integrity check]
2024-08-22 11:55:37,227 [INFO] IntegrityCheckThread:103 - End integrity checks thread
2024-08-22 11:55:39,217 [INFO] WebApp:167 - Instantiating new browser for Auth
2024-08-22 11:55:40,580 [INFO] WebApp:448 - Apply proxy settings
2024-08-22 11:55:40,594 [INFO] WebApp:493 - Chromium authenticates against Manually configured proxy
2024-08-22 11:55:40,612 [INFO] WebApp:501 - Username used for proxy authentication: 
2024-08-22 11:55:40,669 [INFO] WebApp:869 - Register for checkConnection events
2024-08-22 11:55:40,670 [INFO] WebApp:448 - Apply proxy settings
2024-08-22 11:55:40,673 [INFO] WebApp:493 - Chromium authenticates against Manually configured proxy
2024-08-22 11:55:40,674 [INFO] WebApp:501 - Username used for proxy authentication: 
2024-08-22 11:55:40,789 [INFO] WebApp:220 - Starting web application
2024-08-22 11:55:40,789 [INFO] WebApp:578 - Web application path used /Applications/STM32CubeIDE.app/Contents/Eclipse/plugins/com.st.stm32cube.common.mx_6.12.0.202406281431/db/plugins/mcufinder/reactClient1/index.html
2024-08-22 11:55:41,282 [INFO] UserAuth:417 - Internet connection configuration mode: 1
2024-08-22 11:55:41,413 [INFO] WebApp:186 - Connection restablished
2024-08-22 11:57:41,773 [ERROR] LogOutputStream:75 - [STDERR_REDIRECT] 
2024-08-22 11:58:06,795 [INFO] Activator:176 - 


2024-08-22 11:58:06,797 [INFO] Activator:177 - !SESSION log4j initialized
2024-08-22 11:58:09,734 [INFO] LogOutputStream:77 - [STDOUT_REDIRECT] 
2024-08-22 11:58:11,144 [ERROR] LogOutputStream:75 - [STDERR_REDIRECT] 
2024-08-22 11:58:13,061 [INFO] LogOutputStream:77 - [STDOUT_REDIRECT] 
2024-08-22 11:58:14,280 [INFO] ApplicationProperties:184 - Using Application install path: /Applications/STM32CubeIDE.app/Contents/Eclipse/plugins/com.st.stm32cube.common.mx_6.12.0.202406281431
2024-08-22 11:58:14,289 [INFO] DbMcusXml:78 - Set database path to: /Applications/STM32CubeIDE.app/Contents/Eclipse/plugins/com.st.stm32cube.common.mx_6.12.0.202406281431//db//mcu/
2024-08-22 11:58:14,290 [INFO] ApiDb:274 - Set plugin database path to: /Applications/STM32CubeIDE.app/Contents/Eclipse/plugins/com.st.stm32cube.common.mx_6.12.0.202406281431//db//plugins/boardmanager/
2024-08-22 11:58:14,290 [WARN] ApiDb:259 - Overriding images path with different value:  => /Applications/STM32CubeIDE.app/Contents/Eclipse/plugins/com.st.stm32cube.common.mx_6.12.0.202406281431//db//plugins/mcufinder/images/
2024-08-22 11:58:14,304 [INFO] ApiDb:250 - Set database path to: /Users/kitton/.stmcufinder/plugins/mcufinder//mcu/
2024-08-22 11:58:14,304 [INFO] DbMcusAds:125 - Set database path to: /Users/kitton/.stmcufinder/plugins/mcufinder//mcu/
2024-08-22 11:58:14,306 [INFO] CrossReferenceDbSqlite:203 - Set database path to: /Users/kitton/.stmcufinder/plugins/mcufinder//mcu/cs/
2024-08-22 11:58:14,455 [ERROR] LogOutputStream:75 - [STDERR_REDIRECT] [Fatal Error] :2:10: DOCTYPE is disallowed when the feature "http://apache.org/xml/features/disallow-doctype-decl" set to true.
2024-08-22 11:58:14,458 [ERROR] LogOutputStream:75 - [STDERR_REDIRECT] 
2024-08-22 11:58:14,503 [INFO] RulesReader:64 - Compatibility file has been processed (297 Rules)
2024-08-22 11:58:14,546 [INFO] DbMcusXml:78 - Set database path to: /Applications/STM32CubeIDE.app/Contents/Eclipse/plugins/com.st.stm32cube.common.mx_6.12.0.202406281431//db//mcu/
2024-08-22 11:58:14,546 [INFO] ApiDb:274 - Set plugin database path to: /Applications/STM32CubeIDE.app/Contents/Eclipse/plugins/com.st.stm32cube.common.mx_6.12.0.202406281431//db//plugins/boardmanager/
2024-08-22 11:58:14,547 [INFO] ApiDb:261 - Set plugin images path to: /Applications/STM32CubeIDE.app/Contents/Eclipse/plugins/com.st.stm32cube.common.mx_6.12.0.202406281431//db//plugins/mcufinder/images/
2024-08-22 11:58:14,547 [WARN] DbFile:41 - Overriding database path with different value: /Users/kitton/.stmcufinder/plugins/mcufinder/ => /Users/kitton/.stmcufinder/plugins/mcufinder
2024-08-22 11:58:14,547 [INFO] ApiDb:250 - Set database path to: /Users/kitton/.stmcufinder/plugins/mcufinder//mcu/
2024-08-22 11:58:14,547 [WARN] DbFile:41 - Overriding database path with different value: /Users/kitton/.stmcufinder/plugins/mcufinder/ => /Users/kitton/.stmcufinder/plugins/mcufinder
2024-08-22 11:58:14,547 [INFO] DbMcusAds:125 - Set database path to: /Users/kitton/.stmcufinder/plugins/mcufinder//mcu/
2024-08-22 11:58:14,548 [WARN] DbFile:41 - Overriding database path with different value: /Users/kitton/.stmcufinder/plugins/mcufinder/ => /Users/kitton/.stmcufinder/plugins/mcufinder
2024-08-22 11:58:14,548 [WARN] DbFile:41 - Overriding database path with different value: /Users/kitton/.stmcufinder/plugins/mcufinder/ => /Users/kitton/.stmcufinder/plugins/mcufinder
2024-08-22 11:58:14,548 [INFO] CrossReferenceDbSqlite:203 - Set database path to: /Users/kitton/.stmcufinder/plugins/mcufinder//mcu/cs/
2024-08-22 11:58:14,604 [INFO] MainPanel:268 - HeapMemory: 300941312
2024-08-22 11:58:14,802 [INFO] DbMcusXml:78 - Set database path to: /Applications/STM32CubeIDE.app/Contents/Eclipse/plugins/com.st.stm32cube.common.mx_6.12.0.202406281431//db//mcu/
2024-08-22 11:58:14,802 [INFO] ApiDb:274 - Set plugin database path to: /Applications/STM32CubeIDE.app/Contents/Eclipse/plugins/com.st.stm32cube.common.mx_6.12.0.202406281431//db//plugins/boardmanager/
2024-08-22 11:58:14,802 [INFO] ApiDb:261 - Set plugin images path to: /Applications/STM32CubeIDE.app/Contents/Eclipse/plugins/com.st.stm32cube.common.mx_6.12.0.202406281431//db//plugins/mcufinder/images/
2024-08-22 11:58:14,802 [WARN] DbFile:41 - Overriding database path with different value: /Users/kitton/.stmcufinder/plugins/mcufinder/ => /Users/kitton/.stmcufinder/plugins/mcufinder
2024-08-22 11:58:14,803 [INFO] ApiDb:250 - Set database path to: /Users/kitton/.stmcufinder/plugins/mcufinder//mcu/
2024-08-22 11:58:14,803 [WARN] DbFile:41 - Overriding database path with different value: /Users/kitton/.stmcufinder/plugins/mcufinder/ => /Users/kitton/.stmcufinder/plugins/mcufinder
2024-08-22 11:58:14,803 [INFO] DbMcusAds:125 - Set database path to: /Users/kitton/.stmcufinder/plugins/mcufinder//mcu/
2024-08-22 11:58:14,803 [WARN] DbFile:41 - Overriding database path with different value: /Users/kitton/.stmcufinder/plugins/mcufinder/ => /Users/kitton/.stmcufinder/plugins/mcufinder
2024-08-22 11:58:14,803 [WARN] DbFile:41 - Overriding database path with different value: /Users/kitton/.stmcufinder/plugins/mcufinder/ => /Users/kitton/.stmcufinder/plugins/mcufinder
2024-08-22 11:58:14,803 [INFO] CrossReferenceDbSqlite:203 - Set database path to: /Users/kitton/.stmcufinder/plugins/mcufinder//mcu/cs/
2024-08-22 11:58:14,818 [INFO] ApplicationProperties:184 - Using Application install path: /Applications/STM32CubeIDE.app/Contents/Eclipse/plugins/com.st.stm32cube.common.mx_6.12.0.202406281431
2024-08-22 11:58:14,818 [INFO] PluginManage:196 - Search for loadable plugins [exclusion list=, ]
2024-08-22 11:58:14,820 [INFO] PluginManage:310 - Check plugin analytics
2024-08-22 11:58:14,974 [INFO] AnalyticsPlugin:253 - Accepted Software Licenses: 
2024-08-22 11:58:14,975 [INFO] AnalyticsPlugin:255 - Accepted CMSIS Pack Licenses: 
2024-08-22 11:58:14,975 [INFO] AnalyticsPlugin:257 - Accepted Firmware Licenses: FW.F7.1.17.0
2024-08-22 11:58:14,984 [INFO] PluginManage:359 - Loaded plugin analytics (category:tool,tabindex:-1)
2024-08-22 11:58:14,985 [INFO] PluginManage:310 - Check plugin cadmodel
2024-08-22 11:58:14,994 [INFO] CADModel:105 - Init CAD model plugin
2024-08-22 11:58:14,994 [INFO] PluginManage:359 - Loaded plugin cadmodel (category:power,tabindex:5)
2024-08-22 11:58:14,995 [INFO] PluginManage:310 - Check plugin clock
2024-08-22 11:58:15,002 [INFO] PluginManage:359 - Loaded plugin clock (category:base,tabindex:2)
2024-08-22 11:58:15,002 [INFO] PluginManage:310 - Check plugin ddr
2024-08-22 11:58:15,004 [INFO] PluginManage:359 - Loaded plugin ddr (category:tool,tabindex:6)
2024-08-22 11:58:15,004 [INFO] PluginManage:310 - Check plugin filemanager
2024-08-22 11:58:15,164 [INFO] PluginManage:359 - Loaded plugin filemanager (category:base,tabindex:10)
2024-08-22 11:58:15,164 [INFO] PluginManage:310 - Check plugin ipmanager
2024-08-22 11:58:15,172 [INFO] PluginManage:359 - Loaded plugin ipmanager (category:base,tabindex:5)
2024-08-22 11:58:15,172 [INFO] PluginManage:310 - Check plugin lpbam
2024-08-22 11:58:15,179 [INFO] PluginManage:359 - Loaded plugin lpbam (category:base,tabindex:0)
2024-08-22 11:58:15,179 [INFO] PluginManage:310 - Check plugin memorymap
2024-08-22 11:58:15,186 [INFO] PluginManage:359 - Loaded plugin memorymap (category:base,tabindex:4)
2024-08-22 11:58:15,186 [INFO] PluginManage:310 - Check plugin pinoutandconfiguration
2024-08-22 11:58:15,189 [INFO] PluginManage:359 - Loaded plugin pinoutandconfiguration (category:base,tabindex:1)
2024-08-22 11:58:15,190 [INFO] PluginManage:310 - Check plugin pinoutconfig
2024-08-22 11:58:15,248 [WARN] SupportedApi:132 - Cannot load RTOS API schema: s4s-elt-must-match.1: The content of 'definitions' must match (annotation?, (simpleType | complexType)?, (unique | key | keyref)*)). A problem was found starting at: attribute.
2024-08-22 11:58:15,430 [INFO] PluginManage:359 - Loaded plugin pinoutconfig (category:base,tabindex:0)
2024-08-22 11:58:15,431 [INFO] PluginManage:310 - Check plugin power
2024-08-22 11:58:15,449 [INFO] PluginManage:359 - Loaded plugin power (category:power,tabindex:4)
2024-08-22 11:58:15,449 [INFO] PluginManage:310 - Check plugin projectmanager
2024-08-22 11:58:15,476 [INFO] PluginManage:359 - Loaded plugin projectmanager (category:projectmanager,tabindex:4)
2024-08-22 11:58:15,476 [INFO] PluginManage:310 - Check plugin rif
2024-08-22 11:58:15,479 [INFO] PluginManage:359 - Loaded plugin rif (category:base,tabindex:3)
2024-08-22 11:58:15,480 [INFO] PluginManage:310 - Check plugin thirdparty
2024-08-22 11:58:15,630 [INFO] PluginManage:359 - Loaded plugin thirdparty (category:base,tabindex:-1)
2024-08-22 11:58:15,636 [INFO] PluginManage:310 - Check plugin tools
2024-08-22 11:58:15,630 [WARN] IntegrityCheckThread:84 - waiting for thirdparty lock release [integrity check]
2024-08-22 11:58:15,638 [INFO] IntegrityCheckThread:86 - entering critical section [integrity check]
2024-08-22 11:58:15,646 [INFO] ThirdPartyUpdaterWithRetryManager:70 - Updater plugin not ready yet. [1/15]
2024-08-22 11:58:15,650 [INFO] PluginManage:359 - Loaded plugin tools (category:base,tabindex:7)
2024-08-22 11:58:15,650 [INFO] PluginManage:310 - Check plugin tutovideos
2024-08-22 11:58:15,807 [INFO] PluginManage:359 - Loaded plugin tutovideos (category:base,tabindex:-1)
2024-08-22 11:58:15,808 [INFO] PluginManage:310 - Check plugin updater
2024-08-22 11:58:15,836 [INFO] PluginManage:359 - Loaded plugin updater (category:base,tabindex:12)
2024-08-22 11:58:15,836 [INFO] PluginManage:310 - Check plugin userauth
2024-08-22 11:58:15,843 [INFO] UserAuth:113 - Init User Auth plugin
2024-08-22 11:58:15,843 [INFO] PluginManage:359 - Loaded plugin userauth (category:base,tabindex:14)
2024-08-22 11:58:15,844 [INFO] PluginManage:283 - PluginManage : Loaded plugins [18]
2024-08-22 11:58:16,050 [INFO] PinOutPanel:1561 - setPackage(No Configuration,No Configuration)
2024-08-22 11:58:16,125 [INFO] CADModel:165 - CPN selected for project level
2024-08-22 11:58:16,125 [INFO] CADModel:114 - Register for checkConnection events
2024-08-22 11:58:16,137 [INFO] IPUIPlugin:80 - create IPUIPlugin
2024-08-22 11:58:16,137 [INFO] PluginManager:220 - loadIPPluginJar : add mdma
2024-08-22 11:58:16,141 [INFO] IPUIPlugin:80 - create IPUIPlugin
2024-08-22 11:58:16,142 [INFO] PluginManager:220 - loadIPPluginJar : add freertos
2024-08-22 11:58:16,145 [INFO] IPUIPlugin:80 - create IPUIPlugin
2024-08-22 11:58:16,145 [INFO] PluginManager:220 - loadIPPluginJar : add gic
2024-08-22 11:58:16,151 [INFO] IPUIPlugin:80 - create IPUIPlugin
2024-08-22 11:58:16,151 [INFO] PluginManager:220 - loadIPPluginJar : add adc
2024-08-22 11:58:16,152 [INFO] IPUIPlugin:80 - create IPUIPlugin
2024-08-22 11:58:16,152 [INFO] PluginManager:220 - loadIPPluginJar : add gtzc
2024-08-22 11:58:16,153 [INFO] IPUIPlugin:80 - create IPUIPlugin
2024-08-22 11:58:16,153 [INFO] PluginManager:220 - loadIPPluginJar : add quadspi
2024-08-22 11:58:16,154 [INFO] IPUIPlugin:80 - create IPUIPlugin
2024-08-22 11:58:16,154 [INFO] PluginManager:220 - loadIPPluginJar : add aes
2024-08-22 11:58:16,158 [INFO] IPUIPlugin:80 - create IPUIPlugin
2024-08-22 11:58:16,158 [INFO] PluginManager:220 - loadIPPluginJar : add pdm2pcm
2024-08-22 11:58:16,159 [INFO] IPUIPlugin:80 - create IPUIPlugin
2024-08-22 11:58:16,159 [INFO] PluginManager:220 - loadIPPluginJar : add hash
2024-08-22 11:58:16,159 [INFO] IPUIPlugin:80 - create IPUIPlugin
2024-08-22 11:58:16,159 [INFO] PluginManager:220 - loadIPPluginJar : add tim
2024-08-22 11:58:16,160 [INFO] IPUIPlugin:80 - create IPUIPlugin
2024-08-22 11:58:16,160 [INFO] PluginManager:220 - loadIPPluginJar : add tsc
2024-08-22 11:58:16,163 [INFO] IPUIPlugin:80 - create IPUIPlugin
2024-08-22 11:58:16,163 [INFO] PluginManager:220 - loadIPPluginJar : add extmemmanager
2024-08-22 11:58:16,163 [INFO] IPUIPlugin:80 - create IPUIPlugin
2024-08-22 11:58:16,163 [INFO] PluginManager:220 - loadIPPluginJar : add ts
2024-08-22 11:58:16,164 [INFO] IPUIPlugin:80 - create IPUIPlugin
2024-08-22 11:58:16,164 [INFO] PluginManager:220 - loadIPPluginJar : add radio
2024-08-22 11:58:16,165 [INFO] IPUIPlugin:80 - create IPUIPlugin
2024-08-22 11:58:16,165 [INFO] PluginManager:220 - loadIPPluginJar : add can
2024-08-22 11:58:16,167 [INFO] IPUIPlugin:80 - create IPUIPlugin
2024-08-22 11:58:16,167 [INFO] PluginManager:220 - loadIPPluginJar : add dma3
2024-08-22 11:58:16,168 [INFO] IPUIPlugin:80 - create IPUIPlugin
2024-08-22 11:58:16,168 [INFO] PluginManager:220 - loadIPPluginJar : add dfsdm
2024-08-22 11:58:16,168 [INFO] IPUIPlugin:80 - create IPUIPlugin
2024-08-22 11:58:16,169 [INFO] PluginManager:220 - loadIPPluginJar : add spi
2024-08-22 11:58:16,170 [INFO] IPUIPlugin:80 - create IPUIPlugin
2024-08-22 11:58:16,170 [INFO] PluginManager:220 - loadIPPluginJar : add gfxmmu
2024-08-22 11:58:16,170 [INFO] IPUIPlugin:80 - create IPUIPlugin
2024-08-22 11:58:16,170 [INFO] PluginManager:220 - loadIPPluginJar : add genericplugin
2024-08-22 11:58:16,171 [INFO] IPUIPlugin:80 - create IPUIPlugin
2024-08-22 11:58:16,171 [INFO] PluginManager:220 - loadIPPluginJar : add cryp
2024-08-22 11:58:16,173 [INFO] IPUIPlugin:80 - create IPUIPlugin
2024-08-22 11:58:16,173 [INFO] PluginManager:220 - loadIPPluginJar : add gpio
2024-08-22 11:58:16,174 [INFO] IPUIPlugin:80 - create IPUIPlugin
2024-08-22 11:58:16,175 [INFO] PluginManager:220 - loadIPPluginJar : add ddr_ctrl_phy
2024-08-22 11:58:16,175 [INFO] IPUIPlugin:80 - create IPUIPlugin
2024-08-22 11:58:16,175 [INFO] PluginManager:220 - loadIPPluginJar : add comp
2024-08-22 11:58:16,176 [INFO] IPUIPlugin:80 - create IPUIPlugin
2024-08-22 11:58:16,176 [INFO] PluginManager:220 - loadIPPluginJar : add tracer_emb
2024-08-22 11:58:16,177 [INFO] IPUIPlugin:80 - create IPUIPlugin
2024-08-22 11:58:16,177 [INFO] PluginManager:220 - loadIPPluginJar : add openamp
2024-08-22 11:58:16,179 [INFO] IPUIPlugin:80 - create IPUIPlugin
2024-08-22 11:58:16,179 [INFO] PluginManager:220 - loadIPPluginJar : add stm32_wpan
2024-08-22 11:58:16,182 [INFO] IPUIPlugin:80 - create IPUIPlugin
2024-08-22 11:58:16,185 [INFO] PluginManager:220 - loadIPPluginJar : add plateformsettings
2024-08-22 11:58:16,187 [INFO] IPUIPlugin:80 - create IPUIPlugin
2024-08-22 11:58:16,187 [INFO] PluginManager:220 - loadIPPluginJar : add ipddr
2024-08-22 11:58:16,188 [INFO] IPUIPlugin:80 - create IPUIPlugin
2024-08-22 11:58:16,188 [INFO] PluginManager:220 - loadIPPluginJar : add usart
2024-08-22 11:58:16,189 [INFO] IPUIPlugin:80 - create IPUIPlugin
2024-08-22 11:58:16,189 [INFO] PluginManager:220 - loadIPPluginJar : add ltdc
2024-08-22 11:58:16,190 [INFO] IPUIPlugin:80 - create IPUIPlugin
2024-08-22 11:58:16,190 [INFO] PluginManager:220 - loadIPPluginJar : add nvic
2024-08-22 11:58:16,191 [INFO] IPUIPlugin:80 - create IPUIPlugin
2024-08-22 11:58:16,191 [INFO] PluginManager:220 - loadIPPluginJar : add fatfs
2024-08-22 11:58:16,195 [INFO] IPUIPlugin:80 - create IPUIPlugin
2024-08-22 11:58:16,195 [INFO] PluginManager:220 - loadIPPluginJar : add linkedlist
2024-08-22 11:58:16,197 [INFO] IPUIPlugin:80 - create IPUIPlugin
2024-08-22 11:58:16,197 [INFO] PluginManager:220 - loadIPPluginJar : add dma
2024-08-22 11:58:16,198 [INFO] IPUIPlugin:80 - create IPUIPlugin
2024-08-22 11:58:16,199 [INFO] PluginManager:220 - loadIPPluginJar : add fmc
2024-08-22 11:58:16,199 [INFO] IPUIPlugin:80 - create IPUIPlugin
2024-08-22 11:58:16,199 [INFO] PluginManager:220 - loadIPPluginJar : add i2s
2024-08-22 11:58:16,200 [INFO] IPUIPlugin:80 - create IPUIPlugin
2024-08-22 11:58:16,200 [INFO] PluginManager:220 - loadIPPluginJar : add ucpd
2024-08-22 11:58:16,201 [INFO] IPUIPlugin:80 - create IPUIPlugin
2024-08-22 11:58:16,201 [INFO] PluginManager:220 - loadIPPluginJar : add lorawan
2024-08-22 11:58:16,201 [INFO] IPUIPlugin:80 - create IPUIPlugin
2024-08-22 11:58:16,201 [INFO] PluginManager:220 - loadIPPluginJar : add opamp
2024-08-22 11:58:16,202 [INFO] IPUIPlugin:80 - create IPUIPlugin
2024-08-22 11:58:16,202 [INFO] PluginManager:220 - loadIPPluginJar : add i3c
2024-08-22 11:58:16,204 [INFO] IPUIPlugin:80 - create IPUIPlugin
2024-08-22 11:58:16,204 [INFO] PluginManager:220 - loadIPPluginJar : add touchsensing
2024-08-22 11:58:16,205 [INFO] IPUIPlugin:80 - create IPUIPlugin
2024-08-22 11:58:16,205 [INFO] PluginManager:220 - loadIPPluginJar : add i2c
2024-08-22 11:58:16,206 [INFO] IPUIPlugin:80 - create IPUIPlugin
2024-08-22 11:58:16,206 [INFO] PluginManager:220 - loadIPPluginJar : add resmgrutility
2024-08-22 11:58:16,208 [INFO] IPUIPlugin:80 - create IPUIPlugin
2024-08-22 11:58:16,208 [INFO] PluginManager:220 - loadIPPluginJar : add sai
2024-08-22 11:58:16,214 [INFO] IPUIPlugin:80 - create IPUIPlugin
2024-08-22 11:58:16,214 [INFO] PluginManager:220 - loadIPPluginJar : add usbx
2024-08-22 11:58:16,326 [INFO] CADModel:165 - CPN selected for project level
2024-08-22 11:58:16,326 [INFO] CADModel:114 - Register for checkConnection events
2024-08-22 11:58:16,326 [FATAL] Updater:334 - Updater called before beeing initialized
2024-08-22 11:58:16,326 [ERROR] CADModel:125 - Updater not yet initialized, retry later 
2024-08-22 11:58:16,549 [INFO] CADModel:165 - CPN selected for project level
2024-08-22 11:58:16,550 [INFO] CADModel:114 - Register for checkConnection events
2024-08-22 11:58:16,550 [FATAL] Updater:334 - Updater called before beeing initialized
2024-08-22 11:58:16,550 [ERROR] CADModel:125 - Updater not yet initialized, retry later 
2024-08-22 11:58:16,552 [FATAL] Updater:334 - Updater called before beeing initialized
2024-08-22 11:58:16,670 [FATAL] Updater:334 - Updater called before beeing initialized
2024-08-22 11:58:16,674 [INFO] DbMcusAds:53 - JSON generation date=Thu May 16 16:22:00 ICT 2024 (1715851320667)
2024-08-22 11:58:16,675 [FATAL] Updater:334 - Updater called before beeing initialized
2024-08-22 11:58:16,713 [WARN] DetailPanel:346 - Failed to get advertising image, set to default
2024-08-22 11:58:16,763 [FATAL] Updater:334 - Updater called before beeing initialized
2024-08-22 11:58:16,764 [FATAL] Updater:334 - Updater called before beeing initialized
2024-08-22 11:58:16,764 [FATAL] Updater:334 - Updater called before beeing initialized
2024-08-22 11:58:16,764 [WARN] DetailPanel:346 - Failed to get advertising image, set to default
2024-08-22 11:58:16,765 [FATAL] Updater:334 - Updater called before beeing initialized
2024-08-22 11:58:16,812 [ERROR] Updater:1164 - MainUpdater not yet initialized. External WinMGr cannot be set.
2024-08-22 11:58:16,816 [INFO] Updater:1100 - Updater Version found : 6.12.0
2024-08-22 11:58:16,825 [INFO] ApplicationProperties:184 - Using Application install path: /Applications/STM32CubeIDE.app/Contents/Eclipse/plugins/com.st.stm32cube.common.mx_6.12.0.202406281431
2024-08-22 11:58:17,221 [INFO] MainUpdater:2873 - connection check result : 10
2024-08-22 11:58:17,222 [INFO] MainUpdater:290 - Updater Check For Update Now.
2024-08-22 11:58:17,222 [INFO] MicroXplorer:498 - Change Database Version : DB.6.0.120
2024-08-22 11:58:17,226 [INFO] McuFinderGlobals:63 - Set McuFinder mode to 2 (CubeIDE integrated)
2024-08-22 11:58:17,228 [INFO] UserAuth:417 - Internet connection configuration mode: 1
2024-08-22 11:58:17,240 [INFO] JxBrowserEngine:152 - Initiate JxBrowser Engine with user profile folder
2024-08-22 11:58:17,451 [INFO] CheckServerUpdateThread:120 - End of CheckServer Thread
2024-08-22 11:58:18,768 [WARN] PackLoader:240 - Cannot read IP mode file for STMicroelectronics.FP-SNS-MOTENVWB1.1.4.0
2024-08-22 11:58:18,794 [WARN] PackLoader:240 - Cannot read IP mode file for STMicroelectronics.X-CUBE-SMBUS.2.1.0
2024-08-22 11:58:18,970 [WARN] PackLoader:240 - Cannot read IP mode file for STMicroelectronics.X-CUBE-AZRTOS-F7.1.1.0
2024-08-22 11:58:19,205 [WARN] PackLoader:240 - Cannot read IP mode file for STMicroelectronics.X-CUBE-MEMS1.11.0.0
2024-08-22 11:58:19,434 [WARN] PackLoader:240 - Cannot read IP mode file for STMicroelectronics.FP-SNS-FLIGHT1.5.0.2
2024-08-22 11:58:19,489 [WARN] PackLoader:240 - Cannot read IP mode file for STMicroelectronics.X-CUBE-DISPLAY.3.0.0
2024-08-22 11:58:19,518 [WARN] PackLoader:240 - Cannot read IP mode file for STMicroelectronics.X-CUBE-BLE1.7.0.0
2024-08-22 11:58:19,540 [WARN] PackLoader:240 - Cannot read IP mode file for emotas.I-CUBE-CANOPEN.1.3.0
2024-08-22 11:58:19,569 [WARN] PackLoader:240 - Cannot read IP mode file for STMicroelectronics.X-CUBE-BLEMGR.3.1.0
2024-08-22 11:58:19,586 [WARN] PackLoader:240 - Cannot read IP mode file for STMicroelectronics.FP-SNS-SMARTAG2.1.2.0
2024-08-22 11:58:19,600 [INFO] LogOutputStream:77 - [STDOUT_REDIRECT] 1 : Invalid condition id : UX_CORESTACK_Condition cause : null
2024-08-22 11:58:19,602 [INFO] LogOutputStream:77 - [STDOUT_REDIRECT] 1 : Invalid condition id : UX_CORESTACK_Condition cause : null
2024-08-22 11:58:19,602 [INFO] LogOutputStream:77 - [STDOUT_REDIRECT] 1 : Invalid condition id : UX_CORESTACK_Condition cause : null
2024-08-22 11:58:19,603 [INFO] LogOutputStream:77 - [STDOUT_REDIRECT] 1 : Invalid condition id : UX_CORESTACK_Condition cause : null
2024-08-22 11:58:19,603 [INFO] LogOutputStream:77 - [STDOUT_REDIRECT] 1 : Invalid condition id : UX_CORESTACK_Condition cause : null
2024-08-22 11:58:19,610 [WARN] PackLoader:240 - Cannot read IP mode file for STMicroelectronics.X-CUBE-AZRTOS-WL.2.0.0
2024-08-22 11:58:19,614 [WARN] PackLoader:240 - Cannot read IP mode file for STMicroelectronics.FP-SNS-MOTENV1.5.0.0
2024-08-22 11:58:19,617 [WARN] PackLoader:240 - Cannot read IP mode file for wolfSSL.I-CUBE-wolfMQTT.1.19.0
2024-08-22 11:58:19,624 [WARN] PackLoader:240 - Cannot read IP mode file for WES.I-CUBE-Cesium.1.3.0
2024-08-22 11:58:19,627 [WARN] PackLoader:240 - Cannot read IP mode file for STMicroelectronics.X-CUBE-BLE2.3.3.0
2024-08-22 11:58:19,632 [WARN] PackLoader:240 - Cannot read IP mode file for STMicroelectronics.X-CUBE-TCPP.4.1.0
2024-08-22 11:58:19,650 [WARN] PackLoader:240 - Cannot read IP mode file for STMicroelectronics.X-CUBE-AZRTOS-G0.1.1.0
2024-08-22 11:58:19,664 [WARN] PackLoader:240 - Cannot read IP mode file for STMicroelectronics.X-CUBE-SAFEA1.1.2.2
2024-08-22 11:58:19,669 [WARN] PackLoader:240 - Cannot read IP mode file for STMicroelectronics.X-CUBE-NFC4.3.0.0
2024-08-22 11:58:19,685 [WARN] PackLoader:240 - Cannot read IP mode file for EmbeddedOffice.I-CUBE-FS-RTOS.1.0.1
2024-08-22 11:58:19,685 [ERROR] ConditionMgr:805 - Attr not supported : Dmpu
2024-08-22 11:58:19,686 [ERROR] ConditionMgr:805 - Attr not supported : Dmpu
2024-08-22 11:58:19,686 [ERROR] ConditionMgr:805 - Attr not supported : Dmpu
2024-08-22 11:58:19,686 [ERROR] ConditionMgr:805 - Attr not supported : Dmpu
2024-08-22 11:58:19,686 [ERROR] ConditionMgr:805 - Attr not supported : Dmpu
2024-08-22 11:58:19,686 [ERROR] ConditionMgr:805 - Attr not supported : Dmpu
2024-08-22 11:58:19,686 [ERROR] ConditionMgr:805 - Attr not supported : Dmpu
2024-08-22 11:58:19,686 [ERROR] ConditionMgr:805 - Attr not supported : Dmpu
2024-08-22 11:58:19,686 [ERROR] ConditionMgr:805 - Attr not supported : Dmpu
2024-08-22 11:58:19,686 [ERROR] ConditionMgr:805 - Attr not supported : Dmpu
2024-08-22 11:58:19,686 [ERROR] ConditionMgr:805 - Attr not supported : Dmpu
2024-08-22 11:58:19,686 [ERROR] ConditionMgr:805 - Attr not supported : Dmpu
2024-08-22 11:58:19,686 [ERROR] ConditionMgr:805 - Attr not supported : Dmpu
2024-08-22 11:58:19,686 [ERROR] ConditionMgr:805 - Attr not supported : Dmpu
2024-08-22 11:58:19,686 [ERROR] ConditionMgr:805 - Attr not supported : Dmpu
2024-08-22 11:58:19,686 [ERROR] ConditionMgr:805 - Attr not supported : Dmpu
2024-08-22 11:58:19,686 [ERROR] ConditionMgr:805 - Attr not supported : Dmpu
2024-08-22 11:58:19,686 [ERROR] ConditionMgr:805 - Attr not supported : Dmpu
2024-08-22 11:58:19,687 [ERROR] ConditionMgr:805 - Attr not supported : Dmpu
2024-08-22 11:58:19,687 [ERROR] ConditionMgr:805 - Attr not supported : Dmpu
2024-08-22 11:58:19,687 [ERROR] ConditionMgr:805 - Attr not supported : Dmpu
2024-08-22 11:58:19,687 [ERROR] ConditionMgr:805 - Attr not supported : Dmpu
2024-08-22 11:58:19,687 [ERROR] ConditionMgr:805 - Attr not supported : Dmpu
2024-08-22 11:58:19,687 [ERROR] ConditionMgr:805 - Attr not supported : Dmpu
2024-08-22 11:58:19,687 [ERROR] ConditionMgr:805 - Attr not supported : Dmpu
2024-08-22 11:58:19,687 [ERROR] ConditionMgr:805 - Attr not supported : Dmpu
2024-08-22 11:58:19,687 [ERROR] ConditionMgr:805 - Attr not supported : Dmpu
2024-08-22 11:58:19,687 [ERROR] ConditionMgr:805 - Attr not supported : Dmpu
2024-08-22 11:58:19,687 [ERROR] ConditionMgr:805 - Attr not supported : Dmpu
2024-08-22 11:58:19,687 [ERROR] ConditionMgr:805 - Attr not supported : Dmpu
2024-08-22 11:58:19,688 [ERROR] ConditionMgr:805 - Attr not supported : Dmpu
2024-08-22 11:58:19,688 [ERROR] ConditionMgr:805 - Attr not supported : Dmpu
2024-08-22 11:58:19,688 [ERROR] ConditionMgr:805 - Attr not supported : Dmpu
2024-08-22 11:58:19,688 [ERROR] ConditionMgr:805 - Attr not supported : Dmpu
2024-08-22 11:58:19,688 [ERROR] ConditionMgr:805 - Attr not supported : Dmpu
2024-08-22 11:58:19,688 [ERROR] ConditionMgr:805 - Attr not supported : Dmpu
2024-08-22 11:58:19,689 [ERROR] ConditionMgr:805 - Attr not supported : Dmpu
2024-08-22 11:58:19,690 [ERROR] ConditionMgr:805 - Attr not supported : Dmpu
2024-08-22 11:58:19,690 [ERROR] ConditionMgr:805 - Attr not supported : Dmpu
2024-08-22 11:58:19,690 [ERROR] ConditionMgr:805 - Attr not supported : Dmpu
2024-08-22 11:58:19,690 [ERROR] ConditionMgr:805 - Attr not supported : Dmpu
2024-08-22 11:58:19,690 [ERROR] ConditionMgr:805 - Attr not supported : Dmpu
2024-08-22 11:58:19,690 [ERROR] ConditionMgr:805 - Attr not supported : Dmpu
2024-08-22 11:58:19,690 [ERROR] ConditionMgr:805 - Attr not supported : Dmpu
2024-08-22 11:58:19,690 [ERROR] ConditionMgr:805 - Attr not supported : Dmpu
2024-08-22 11:58:19,690 [ERROR] ConditionMgr:805 - Attr not supported : Dmpu
2024-08-22 11:58:19,690 [ERROR] ConditionMgr:805 - Attr not supported : Dmpu
2024-08-22 11:58:19,690 [ERROR] ConditionMgr:805 - Attr not supported : Dmpu
2024-08-22 11:58:19,690 [ERROR] ConditionMgr:805 - Attr not supported : Dmpu
2024-08-22 11:58:19,690 [ERROR] ConditionMgr:805 - Attr not supported : Dmpu
2024-08-22 11:58:19,690 [ERROR] ConditionMgr:805 - Attr not supported : Dmpu
2024-08-22 11:58:19,690 [ERROR] ConditionMgr:805 - Attr not supported : Dmpu
2024-08-22 11:58:19,691 [ERROR] ConditionMgr:805 - Attr not supported : Dmpu
2024-08-22 11:58:19,691 [ERROR] ConditionMgr:805 - Attr not supported : Dmpu
2024-08-22 11:58:19,691 [ERROR] ConditionMgr:805 - Attr not supported : Dmpu
2024-08-22 11:58:19,691 [ERROR] ConditionMgr:805 - Attr not supported : Dmpu
2024-08-22 11:58:19,691 [ERROR] ConditionMgr:805 - Attr not supported : Dmpu
2024-08-22 11:58:19,691 [ERROR] ConditionMgr:805 - Attr not supported : Dmpu
2024-08-22 11:58:19,691 [ERROR] ConditionMgr:805 - Attr not supported : Dmpu
2024-08-22 11:58:19,691 [ERROR] ConditionMgr:805 - Attr not supported : Dmpu
2024-08-22 11:58:19,691 [ERROR] ConditionMgr:805 - Attr not supported : Dmpu
2024-08-22 11:58:19,691 [ERROR] ConditionMgr:805 - Attr not supported : Dmpu
2024-08-22 11:58:19,691 [ERROR] ConditionMgr:805 - Attr not supported : Dmpu
2024-08-22 11:58:19,691 [ERROR] ConditionMgr:805 - Attr not supported : Dmpu
2024-08-22 11:58:19,696 [WARN] PackLoader:240 - Cannot read IP mode file for RealThread.X-CUBE-RT-Thread_Nano.4.1.1
2024-08-22 11:58:19,703 [WARN] PackLoader:240 - Cannot read IP mode file for STMicroelectronics.FP-ATR-SIGFOX1.3.2.0
2024-08-22 11:58:19,707 [WARN] PackLoader:240 - Cannot read IP mode file for wolfSSL.I-CUBE-wolfSSL.5.7.2
2024-08-22 11:58:19,711 [WARN] PackLoader:240 - Cannot read IP mode file for STMicroelectronics.X-CUBE-EEPRMA1.5.1.0
2024-08-22 11:58:19,717 [WARN] PackLoader:240 - Cannot read IP mode file for ITTIA_DB.I-CUBE-ITTIADB.8.9.0
2024-08-22 11:58:19,759 [WARN] PackLoader:240 - Cannot read IP mode file for SEGGER.I-CUBE-embOS.1.3.1
2024-08-22 11:58:19,801 [WARN] PackLoader:240 - Cannot read IP mode file for STMicroelectronics.X-CUBE-ALGOBUILD.1.4.0
2024-08-22 11:58:19,809 [WARN] PackLoader:240 - Cannot read IP mode file for STMicroelectronics.X-CUBE-GNSS1.6.0.0
2024-08-22 11:58:19,828 [WARN] PackLoader:240 - Cannot read IP mode file for STMicroelectronics.X-CUBE-AZRTOS-F4.1.1.0
2024-08-22 11:58:19,840 [WARN] PackLoader:240 - Cannot read IP mode file for STMicroelectronics.X-CUBE-FREERTOS.1.2.0
2024-08-22 11:58:19,858 [WARN] PackLoader:240 - Cannot read IP mode file for STMicroelectronics.X-CUBE-AZRTOS-L5.2.0.0
2024-08-22 11:58:19,870 [WARN] PackLoader:240 - Cannot read IP mode file for STMicroelectronics.X-CUBE-NFC6.3.1.0
2024-08-22 11:58:19,882 [WARN] PackLoader:240 - Cannot read IP mode file for STMicroelectronics.X-CUBE-AI.9.0.0
2024-08-22 11:58:19,887 [WARN] PackLoader:240 - Cannot read IP mode file for STMicroelectronics.X-CUBE-NFC7.1.0.1
2024-08-22 11:58:19,908 [WARN] ConditionMgr:438 - getConditionDescription Invalid condition id : LAN8742 Phy interface Condition cause : null
2024-08-22 11:58:19,909 [WARN] PackLoader:240 - Cannot read IP mode file for STMicroelectronics.X-CUBE-AZRTOS-L4.2.0.0
2024-08-22 11:58:19,912 [WARN] ConditionMgr:1039 - genDependencies : Invalid condition id : LAN8742 Phy interface Condition cause : null
2024-08-22 11:58:19,913 [WARN] ConditionMgr:1039 - genDependencies : Invalid condition id : LAN8742 Phy interface Condition cause : null
2024-08-22 11:58:19,914 [WARN] ConditionMgr:1039 - genDependencies : Invalid condition id : LAN8742 Phy interface Condition cause : null
2024-08-22 11:58:19,928 [WARN] PackLoader:240 - Cannot read IP mode file for STMicroelectronics.X-CUBE-SFXS2LP1.4.0.0
2024-08-22 11:58:19,952 [WARN] PackLoader:240 - Cannot read IP mode file for STMicroelectronics.X-CUBE-AZRTOS-H7.3.3.0
2024-08-22 11:58:19,973 [WARN] ConditionMgr:438 - getConditionDescription Invalid condition id : UX DEVICE CLASS RTOS Condition cause : null
2024-08-22 11:58:19,973 [WARN] ConditionMgr:438 - getConditionDescription Invalid condition id : UX DEVICE CLASS RTOS Condition cause : null
2024-08-22 11:58:19,977 [WARN] PackLoader:240 - Cannot read IP mode file for STMicroelectronics.X-CUBE-AZRTOS-WB.2.0.0
2024-08-22 11:58:19,978 [WARN] ConditionMgr:1039 - genDependencies : Invalid condition id : UX DEVICE CLASS RTOS Condition cause : null
2024-08-22 11:58:19,978 [WARN] ConditionMgr:1039 - genDependencies : Invalid condition id : UX DEVICE CLASS RTOS Condition cause : null
2024-08-22 11:58:19,979 [WARN] ConditionMgr:1039 - genDependencies : Invalid condition id : UX DEVICE CLASS RTOS Condition cause : null
2024-08-22 11:58:19,979 [WARN] ConditionMgr:1039 - genDependencies : Invalid condition id : UX DEVICE CLASS RTOS Condition cause : null
2024-08-22 11:58:19,979 [WARN] ConditionMgr:1039 - genDependencies : Invalid condition id : UX DEVICE CLASS RTOS Condition cause : null
2024-08-22 11:58:19,991 [WARN] PackLoader:240 - Cannot read IP mode file for STMicroelectronics.X-CUBE-SUBG2.5.0.0
2024-08-22 11:58:20,002 [WARN] PackLoader:240 - Cannot read IP mode file for Cesanta.I-CUBE-Mongoose.7.13.0
2024-08-22 11:58:20,016 [WARN] PackLoader:240 - Cannot read IP mode file for STMicroelectronics.X-CUBE-AZRTOS-G4.2.0.0
2024-08-22 11:58:20,022 [WARN] PackLoader:240 - Cannot read IP mode file for STMicroelectronics.X-CUBE-ISPU.2.0.0
2024-08-22 11:58:20,027 [WARN] PackLoader:240 - Cannot read IP mode file for STMicroelectronics.X-CUBE-ALS.1.0.2
2024-08-22 11:58:20,031 [WARN] PackLoader:240 - Cannot read IP mode file for STMicroelectronics.X-CUBE-TOUCHGFX.4.24.0
2024-08-22 11:58:20,036 [WARN] PackLoader:240 - Cannot read IP mode file for wolfSSL.I-CUBE-wolfTPM.3.4.0
2024-08-22 11:58:20,040 [WARN] PackLoader:240 - Cannot read IP mode file for portGmbH.I-Cube-SoM-uGOAL.1.1.0
2024-08-22 11:58:20,060 [WARN] PackLoader:240 - Cannot read IP mode file for STMicroelectronics.X-CUBE-AZRTOS-H7RS.1.0.0
2024-08-22 11:58:20,067 [WARN] PackLoader:240 - Cannot read IP mode file for STMicroelectronics.FP-ATR-ASTRA1.2.0.0
2024-08-22 11:58:20,078 [WARN] PackLoader:240 - Cannot read IP mode file for STMicroelectronics.X-CUBE-TOF1.3.4.2
2024-08-22 11:58:20,116 [WARN] PackLoader:240 - Cannot read IP mode file for Infineon.AIROC-Wi-Fi-Bluetooth-STM32.1.6.1
2024-08-22 11:58:20,128 [WARN] PackLoader:240 - Cannot read IP mode file for wolfSSL.I-CUBE-wolfSSH.1.4.17
2024-08-22 11:58:20,131 [INFO] ThirdParty:978 - Integrity check success = true
2024-08-22 11:58:20,131 [INFO] IntegrityCheckThread:100 - exiting critical section [integrity check]
2024-08-22 11:58:20,131 [INFO] IntegrityCheckThread:103 - End integrity checks thread
2024-08-22 11:58:21,030 [INFO] WebApp:167 - Instantiating new browser for Auth
2024-08-22 11:58:22,036 [INFO] WebApp:448 - Apply proxy settings
2024-08-22 11:58:22,043 [INFO] WebApp:493 - Chromium authenticates against Manually configured proxy
2024-08-22 11:58:22,061 [INFO] WebApp:501 - Username used for proxy authentication: 
2024-08-22 11:58:22,112 [INFO] WebApp:869 - Register for checkConnection events
2024-08-22 11:58:22,112 [INFO] WebApp:448 - Apply proxy settings
2024-08-22 11:58:22,114 [INFO] WebApp:493 - Chromium authenticates against Manually configured proxy
2024-08-22 11:58:22,115 [INFO] WebApp:501 - Username used for proxy authentication: 
2024-08-22 11:58:22,233 [INFO] WebApp:220 - Starting web application
2024-08-22 11:58:22,233 [INFO] WebApp:578 - Web application path used /Applications/STM32CubeIDE.app/Contents/Eclipse/plugins/com.st.stm32cube.common.mx_6.12.0.202406281431/db/plugins/mcufinder/reactClient1/index.html
2024-08-22 11:58:22,620 [INFO] UserAuth:417 - Internet connection configuration mode: 1
2024-08-22 11:58:23,148 [INFO] WebApp:186 - Connection restablished
2024-08-22 12:24:07,617 [ERROR] ConfigurationRetriever:142 - IOException on connection: Read timed out
2024-08-22 12:51:26,533 [INFO] McuFinderGlobals:63 - Set McuFinder mode to 2 (CubeIDE integrated)
2024-08-22 12:51:26,538 [INFO] MainUpdater:2873 - connection check result : 10
2024-08-22 12:51:26,539 [INFO] MainUpdater:2873 - connection check result : 10
2024-08-22 12:51:27,105 [INFO] RulesReader:64 - Compatibility file has been processed (297 Rules)
2024-08-22 12:51:27,202 [INFO] RulesReader:64 - Compatibility file has been processed (297 Rules)
2024-08-22 12:51:27,227 [INFO] MicroXplorer:468 - Change Database Path : 
2024-08-22 12:51:27,228 [INFO] MicroXplorer:498 - Change Database Version : DB.6.0.120
2024-08-22 12:51:27,248 [WARN] ThirdParty:871 - waiting for thirdparty lock release [close project]
2024-08-22 12:51:27,249 [INFO] ThirdParty:873 - entering critical section [close project]
2024-08-22 12:51:27,262 [INFO] ThirdParty:883 - exiting critical section [close project]
2024-08-22 12:51:27,281 [INFO] PinOutPanel:1561 - setPackage(No Configuration,No Configuration)
2024-08-22 12:51:27,377 [INFO] UtilMem:75 - Begin LoadConfig() Used Memory: 363509760 Bytes (765460480)
2024-08-22 12:51:27,379 [INFO] MicroXplorer:468 - Change Database Path : 
2024-08-22 12:51:27,379 [INFO] MicroXplorer:498 - Change Database Version : DB.6.0.120
2024-08-22 12:51:27,380 [INFO] OpenFileManager:332 - Change cursor
2024-08-22 12:51:27,584 [INFO] Mcu:2032 - Initializing MCU STM32F767ZITx STM32F767ZITx STM32F767ZIT6
2024-08-22 12:51:29,835 [INFO] Context:742 - Trying to add GPIOservice into a context  which must be forbidden
2024-08-22 12:51:31,333 [INFO] RtosManager:555 - Registered RTOS mode: class=CMSIS, group=RTOS, mode=CMSIS_V1, owner=FREERTOS
2024-08-22 12:51:31,334 [INFO] RtosManager:555 - Registered RTOS mode: class=CMSIS, group=RTOS2, mode=CMSIS_V2, owner=FREERTOS
2024-08-22 12:51:31,334 [INFO] RtosManager:555 - Registered RTOS mode: class=RTOS, group=Core, mode=CMSIS_V1, owner=FREERTOS
2024-08-22 12:51:31,334 [INFO] RtosManager:555 - Registered RTOS mode: class=RTOS, group=Core, mode=CMSIS_V2, owner=FREERTOS
2024-08-22 12:51:31,334 [WARN] ModelIntegratedComponent:184 - Missing modes for component STMicroelectronics:FreeRTOS:0.0.1:STMicroelectronics:RTOS:FreeRTOS:Core:::10.2.0:
2024-08-22 12:51:31,353 [WARN] ModelIntegratedComponent:63 - No mode defined for component null
2024-08-22 12:51:31,353 [WARN] ModelIntegratedComponent:63 - No mode defined for component null
2024-08-22 12:51:31,353 [WARN] ModelIntegratedComponent:63 - No mode defined for component null
2024-08-22 12:51:31,353 [WARN] ModelIntegratedComponent:63 - No mode defined for component null
2024-08-22 12:51:31,354 [WARN] ModelIntegratedComponent:63 - No mode defined for component null
2024-08-22 12:51:31,354 [WARN] ModelIntegratedComponent:63 - No mode defined for component null
2024-08-22 12:51:31,354 [WARN] ModelIntegratedComponent:63 - No mode defined for component null
2024-08-22 12:51:31,354 [WARN] ModelIntegratedComponent:63 - No mode defined for component null
2024-08-22 12:51:31,354 [WARN] ModelIntegratedComponent:63 - No mode defined for component null
2024-08-22 12:51:31,354 [WARN] ModelIntegratedComponent:63 - No mode defined for component null
2024-08-22 12:51:31,354 [WARN] ModelIntegratedComponent:63 - No mode defined for component null
2024-08-22 12:51:31,354 [WARN] ModelIntegratedComponent:63 - No mode defined for component null
2024-08-22 12:51:31,354 [WARN] ModelIntegratedComponent:63 - No mode defined for component null
2024-08-22 12:51:31,354 [WARN] ModelIntegratedComponent:63 - No mode defined for component null
2024-08-22 12:51:31,354 [WARN] ModelIntegratedComponent:63 - No mode defined for component null
2024-08-22 12:51:31,354 [WARN] ModelIntegratedComponent:63 - No mode defined for component null
2024-08-22 12:51:31,354 [WARN] ModelIntegratedComponent:63 - No mode defined for component null
2024-08-22 12:51:31,354 [WARN] ModelIntegratedComponent:63 - No mode defined for component null
2024-08-22 12:51:31,354 [WARN] ModelIntegratedComponent:63 - No mode defined for component null
2024-08-22 12:51:31,354 [WARN] ModelIntegratedComponent:63 - No mode defined for component null
2024-08-22 12:51:31,354 [WARN] ModelIntegratedComponent:63 - No mode defined for component null
2024-08-22 12:51:31,354 [WARN] ModelIntegratedComponent:63 - No mode defined for component null
2024-08-22 12:51:31,354 [WARN] ModelIntegratedComponent:63 - No mode defined for component null
2024-08-22 12:51:31,354 [WARN] ModelIntegratedComponent:63 - No mode defined for component null
2024-08-22 12:51:31,354 [WARN] ModelIntegratedComponent:63 - No mode defined for component null
2024-08-22 12:51:31,354 [WARN] ModelIntegratedComponent:63 - No mode defined for component null
2024-08-22 12:51:31,354 [WARN] ModelIntegratedComponent:63 - No mode defined for component null
2024-08-22 12:51:31,355 [WARN] ModelIntegratedComponent:63 - No mode defined for component null
2024-08-22 12:51:31,355 [WARN] ModelIntegratedComponent:63 - No mode defined for component null
2024-08-22 12:51:31,355 [WARN] ModelIntegratedComponent:63 - No mode defined for component null
2024-08-22 12:51:31,355 [WARN] ModelIntegratedComponent:63 - No mode defined for component null
2024-08-22 12:51:31,356 [WARN] ModelIntegratedComponent:63 - No mode defined for component null
2024-08-22 12:51:31,356 [WARN] ModelIntegratedComponent:63 - No mode defined for component null
2024-08-22 12:51:31,356 [WARN] ModelIntegratedComponent:63 - No mode defined for component null
2024-08-22 12:51:31,356 [WARN] ModelIntegratedComponent:63 - No mode defined for component null
2024-08-22 12:51:31,356 [WARN] ModelPack:524 - Component already loaded: STMicroelectronics:HAL Drivers:0.0.0:STMicroelectronics:Device:STMicro_Driver:XSPI:HAL::0.0.1:HAL_XSPI
2024-08-22 12:51:31,386 [INFO] ThirdPartyModel:298 - Start build external matchings
2024-08-22 12:51:31,595 [INFO] ThirdPartyModel:316 - End build external matchings
2024-08-22 12:51:32,955 [INFO] ApiDb:581 - Connected to CubeFinder SQLite database (/Users/kitton/.stmcufinder/plugins/mcufinder/mcu/cube-finder-db.db)
2024-08-22 12:51:33,001 [INFO] ApiDb:668 - CubeFinder database Data Model version=2.1
2024-08-22 12:51:33,002 [INFO] ApiDb:669 - CubeFinder database Configuration version=3.0.39
2024-08-22 12:51:33,011 [INFO] ApiDb:670 - CubeFinder database generation date=2024-06-20 (1718880634)
2024-08-22 12:51:33,012 [INFO] ApiDb:671 - CubeFinder database FW Pack versions=[FP-ATR-ASTRA1_V2.0.0, FP-SNS-FLIGHT1_V5.0.2, FP-SNS-MOTENV1_V5.0.0, FP-SNS-MOTENVWB1_V1.4.0, FP-SNS-SMARTAG2_V1.2.0, STM32Cube_FW_C0_V1.2.0, STM32Cube_FW_F4_V1.28.0, STM32Cube_FW_F7_V1.17.2, STM32Cube_FW_G0_V1.6.2, STM32Cube_FW_G4_V1.6.0, STM32Cube_FW_H5_V1.3.0, STM32Cube_FW_H7RS_V1.1.0, STM32Cube_FW_H7_V1.11.2, STM32Cube_FW_L0_V1.12.2, STM32Cube_FW_L5_V1.5.1, STM32Cube_FW_U0_V1.1.0, STM32Cube_FW_U5_V1.6.0, STM32Cube_FW_WB0_V1.0.0, STM32Cube_FW_WBA_V1.4.0, STM32Cube_FW_WB_V1.20.0, STM32Cube_FW_WL_V1.3.0, X-CUBE-ALGOBUILD_V1.4.0, X-CUBE-ALS_V1.0.2, X-CUBE-AZRTOS-F4_V1.1.0, X-CUBE-AZRTOS-F7_V1.1.0, X-CUBE-AZRTOS-G0_V1.1.0, X-CUBE-AZRTOS-G4_V2.0.0, X-CUBE-AZRTOS-H7RS_V1.0.0, X-CUBE-AZRTOS-H7_V3.2.0, X-CUBE-AZRTOS-L4_V2.0.0, X-CUBE-AZRTOS-L5_V1.1.0, X-CUBE-AZRTOS-WB_V2.0.0, X-CUBE-AZRTOS-WL_V2.0.0, X-CUBE-BLE1_V7.0.0, X-CUBE-BLE2_V3.3.0, X-CUBE-BLEMGR_V3.1.0, X-CUBE-EEPRMA1_V5.1.0, X-CUBE-FREERTOS_V1.2.0, X-CUBE-GNSS1_V6.0.0, X-CUBE-MEMS1_V10.0.0, X-CUBE-NFC4_V3.0.0, X-CUBE-NFC7_V1.0.1, X-CUBE-SFXS2LP1_V4.0.0, X-CUBE-SUBG2_V5.0.0, X-CUBE-TOF1_V3.4.1]
2024-08-22 12:51:33,103 [INFO] DbBoardsSqlite:226 - include board P-NUCLEO-WB55-NUCLEO as a kit item of type 'Nucleo-64'
2024-08-22 12:51:33,104 [INFO] DbBoardsSqlite:226 - include board P-NUCLEO-WB55-USBDONGLE as a kit item of type 'Nucleo USB Dongle'
2024-08-22 12:51:33,106 [INFO] DbBoardsSqlite:226 - include board STEVAL-IDP005V1 as a kit item of type 'Evaluation Board'
2024-08-22 12:51:33,106 [INFO] DbBoardsSqlite:226 - include board STEVAL-IDP005V2 as a kit item of type 'Evaluation Board'
2024-08-22 12:51:33,194 [INFO] ApiDb:240 - Found 646 in-development CPN: [B-G473E-ZEST1S, B-WB1M-WPAN1, B-WL5M-SUBG1, NUCLEO-C031C6, NUCLEO-C071RB, NUCLEO-H503RB, NUCLEO-H533RE, NUCLEO-H563ZI, NUCLEO-H7S3L8, NUCLEO-U031R8, NUCLEO-U083RC, NUCLEO-U545RE-Q, NUCLEO-U5A5ZJ-Q, NUCLEO-WB05KZ, NUCLEO-WB07CC, NUCLEO-WB09KE, NUCLEO-WBA52CG, NUCLEO-WBA55CG, STEVAL-PROTEUS1, STEVAL-SMARTAG2, STEVAL-STWINBX1, STM320518-EVAL, STM32C0116-DK, STM32C011D6Y3TR, STM32C011D6Y6TR, STM32C011F4P3, STM32C011F4P6, STM32C011F4U3, STM32C011F4U6TR, STM32C011F6P3, STM32C011F6P6, STM32C011F6U3, STM32C011F6U6TR, STM32C011J4M3, STM32C011J4M6, STM32C011J6M3, STM32C011J6M6, STM32C0316-DK, STM32C031C4T3, STM32C031C4T6, STM32C031C4U3, STM32C031C4U6, STM32C031C6T3, STM32C031C6T6, STM32C031C6U3, STM32C031C6U6, STM32C031F4P3, STM32C031F4P6, STM32C031F6P3, STM32C031F6P6, STM32C031G4U3, STM32C031G4U6, STM32C031G6U3, STM32C031G6U6, STM32C031K4T3, STM32C031K4T6, STM32C031K4U3, STM32C031K4U6, STM32C031K6T3, STM32C031K6T6, STM32C031K6U3, STM32C031K6U6, STM32C071C8T6, STM32C071C8T6N, STM32C071C8U6, STM32C071C8U6N, STM32C071CBT6, STM32C071CBT6N, STM32C071CBU6, STM32C071CBU6N, STM32C071F8P6, STM32C071F8P6N, STM32C071FBP6, STM32C071FBP6N, STM32C071FBY6TR, STM32C071G8U6, STM32C071G8U6N, STM32C071GBU6, STM32C071GBU6N, STM32C071K8T6, STM32C071K8T6N, STM32C071K8U6, STM32C071K8U6N, STM32C071KBT6, STM32C071KBT6N, STM32C071KBU6, STM32C071KBU6N, STM32C071R8T6, STM32C071R8T6N, STM32C071RBI6N, STM32C071RBT6, STM32C071RBT6N, STM32G071K8TXN, STM32G071K8UXN, STM32G081GBU6N, STM32G081KBT6N, STM32G081KBUXN, STM32G0B1CCT6N, STM32G0B1KCT6, STM32G0B1NEY6TR, STM32G0B1RCT6N, STM32G0C1CCT6, STM32G0C1CCT6N, STM32G0C1CCU6N, STM32G0C1CET6N, STM32G0C1CEU6N, STM32G0C1KCT6, STM32G0C1NEY6TR, STM32G0C1RCI6N, STM32G0C1RCT6N, STM32G0C1REI6N, STM32G0C1RET6N, STM32G0C1VCI6, STM32G0C1VEI6, STM32G411C6T3, STM32G411C6T6, STM32G411C6U3, STM32G411C6U6, STM32G411C8T3, STM32G411C8T6, STM32G411C8U3, STM32G411C8U6, STM32G411CBT3, STM32G411CBT6, STM32G411CBU3, STM32G411CBU6, STM32G411K6T3, STM32G411K6T6, STM32G411K6U3, STM32G411K6U6, STM32G411K8T3, STM32G411K8T6, STM32G411K8U3, STM32G411K8U6, STM32G411KBT3, STM32G411KBT6, STM32G411KBU3, STM32G411KBU6, STM32G411M6T3, STM32G411M6T6, STM32G411M8T3, STM32G411M8T6, STM32G411MBT3, STM32G411MBT6, STM32G411R6T3, STM32G411R6T6, STM32G411R8T3, STM32G411R8T6, STM32G411RBT3, STM32G411RBT6, STM32G414CBT3, STM32G414CBT6, STM32G414CBU3, STM32G414CBU6, STM32G414CCT3, STM32G414CCT6, STM32G414CCU3, STM32G414CCU6, STM32G414MBT3, STM32G414MBT6, STM32G414MCT3, STM32G414MCT6, STM32G414RBT3, STM32G414RBT6, STM32G414RCT3, STM32G414RCT6, STM32G414VBT3, STM32G414VBT6, STM32G414VCT3, STM32G414VCT6, STM32G431CBT3Z, STM32G431RBT3Z, STM32G471CCT6, STM32G471CCU6, STM32G471CET3, STM32G471CET6, STM32G471CEU3, STM32G471CEU6, STM32G471MCT6, STM32G471MET3, STM32G471MET6, STM32G471MEY6TR, STM32G471QCT6, STM32G471QET3, STM32G471RCT6, STM32G471RET3, STM32G471RET6, STM32G471VCH6, STM32G471VCI6, STM32G471VCT6, STM32G471VEH3, STM32G471VEH6, STM32G471VEI3, STM32G471VEI6, STM32G471VET3, STM32G471VET6, STM32G473QET3Z, STM32G473RET3Z, STM32G474CCT6, STM32G491RET3Z, STM32H503CBT6, STM32H503CBU6, STM32H503EBY6TR, STM32H503KBU6, STM32H503RBT6, STM32H523CCT6, STM32H523CCU6, STM32H523CET6, STM32H523CEU6, STM32H523HEY6TR, STM32H523RCT6, STM32H523RET6, STM32H523VCI6, STM32H523VCT6, STM32H523VEI6, STM32H523VET6, STM32H523ZCJ6, STM32H523ZCT6, STM32H523ZEJ6, STM32H523ZET6, STM32H533CET6, STM32H533CEU6, STM32H533HEY6TR, STM32H533RET6, STM32H533VEI6, STM32H533VET6, STM32H533ZEJ6, STM32H533ZET6, STM32H562AGI6, STM32H562AII6, STM32H562IGK6, STM32H562IGT6, STM32H562IIK6, STM32H562IIT6, STM32H562RGT6, STM32H562RGV6, STM32H562RIT6, STM32H562RIV6, STM32H562VGT6, STM32H562VIT6, STM32H562ZGT6, STM32H562ZIT6, STM32H563AGI6, STM32H563AII3Q, STM32H563AII6, STM32H563IGK6, STM32H563IGT6, STM32H563IIK3Q, STM32H563IIK6, STM32H563IIT3Q, STM32H563IIT6, STM32H563MIY3QTR, STM32H563RGT6, STM32H563RGV6, STM32H563RIT6, STM32H563RIV6, STM32H563VGT6, STM32H563VIT3Q, STM32H563VIT6, STM32H563ZGT6, STM32H563ZIT3Q, STM32H563ZIT6, STM32H573AII3Q, STM32H573AII6, STM32H573I-DK, STM32H573IIK3Q, STM32H573IIK6, STM32H573IIT3Q, STM32H573IIT6, STM32H573MIY3QTR, STM32H573RIT6, STM32H573RIV6, STM32H573VIT3Q, STM32H573VIT6, STM32H573ZIT3Q, STM32H573ZIT6, STM32H7R3A8I6, STM32H7R3I8K6, STM32H7R3I8T6, STM32H7R3L8H6, STM32H7R3L8H6H, STM32H7R3R8V6, STM32H7R3V8H6, STM32H7R3V8T6, STM32H7R3V8Y6TR, STM32H7R3Z8J6, STM32H7R3Z8T6, STM32H7R7A8I6, STM32H7R7I8K6, STM32H7R7I8T6, STM32H7R7L8H6, STM32H7R7L8H6H, STM32H7R7Z8J6, STM32H7S3A8I6, STM32H7S3I8K6, STM32H7S3I8T6, STM32H7S3L8H6, STM32H7S3L8H6H, STM32H7S3R8V6, STM32H7S3V8H6, STM32H7S3V8T6, STM32H7S3V8Y6TR, STM32H7S3Z8J6, STM32H7S3Z8T6, STM32H7S78-DK, STM32H7S7A8I6, STM32H7S7I8K6, STM32H7S7I8T6, STM32H7S7L8H6, STM32H7S7L8H6H, STM32H7S7Z8J6, STM32L4R5QGI6STR, STM32MP131AAE3, STM32MP131AAF3, STM32MP131AAG3, STM32MP131CAE3, STM32MP131CAF3, STM32MP131CAG3, STM32MP131DAE7, STM32MP131DAF7, STM32MP131DAG7, STM32MP131FAE7, STM32MP131FAF7, STM32MP131FAG7, STM32MP133AAE3, STM32MP133AAF3, STM32MP133AAG3, STM32MP133CAE3, STM32MP133CAF3, STM32MP133CAG3, STM32MP133DAE7, STM32MP133DAF7, STM32MP133DAG7, STM32MP133FAE7, STM32MP133FAF7, STM32MP133FAG7, STM32MP135AAE3, STM32MP135AAF3, STM32MP135AAG3, STM32MP135CAE3, STM32MP135CAF3, STM32MP135CAG3, STM32MP135DAE7, STM32MP135DAF7, STM32MP135DAG7, STM32MP135F-DK, STM32MP135FAE7, STM32MP135FAF7, STM32MP135FAF7T, STM32MP135FAF7U, STM32MP135FAG7, STM32MP251AAI3, STM32MP251AAK3, STM32MP251AAL3, STM32MP251CAI3, STM32MP251CAK3, STM32MP251CAL3, STM32MP251DAI3, STM32MP251DAK3, STM32MP251DAL3, STM32MP251FAI3, STM32MP251FAK3, STM32MP251FAL3, STM32MP253AAI3, STM32MP253AAK3, STM32MP253AAL3, STM32MP253CAI3, STM32MP253CAK3, STM32MP253CAL3, STM32MP253DAI3, STM32MP253DAK3, STM32MP253DAL3, STM32MP253FAI3, STM32MP253FAK3, STM32MP253FAL3, STM32MP255AAI3, STM32MP255AAK3, STM32MP255AAL3, STM32MP255CAI3, STM32MP255CAK3, STM32MP255CAL3, STM32MP255DAI3, STM32MP255DAK3, STM32MP255DAL3, STM32MP255FAI3, STM32MP255FAK3, STM32MP255FAL3, STM32MP257AAI3, STM32MP257AAK3, STM32MP257AAL3, STM32MP257CAI3, STM32MP257CAK3, STM32MP257CAL3, STM32MP257DAI3, STM32MP257DAK3, STM32MP257DAL3, STM32MP257F-DK, STM32MP257F-EV1, STM32MP257FAI3, STM32MP257FAK3, STM32MP257FAL3, STM32U031C6T6, STM32U031C6U6, STM32U031C8T6, STM32U031C8U6, STM32U031F4P6, STM32U031F6P6, STM32U031F8P6, STM32U031G6Y6TR, STM32U031G8Y6TR, STM32U031K4U6, STM32U031K6U6, STM32U031K8U6, STM32U031R6I6, STM32U031R6T6, STM32U031R8I6, STM32U031R8T6, STM32U073C8T6, STM32U073C8U6, STM32U073CBT6, STM32U073CBU6, STM32U073CCT6, STM32U073CCU6, STM32U073H8Y6TR, STM32U073HBY6TR, STM32U073HCY6TR, STM32U073K8U6, STM32U073KBU6, STM32U073KCU6, STM32U073M8I6, STM32U073M8T6, STM32U073MBI6, STM32U073MBT6, STM32U073MCI6, STM32U073MCT6, STM32U073R8I6, STM32U073R8T6, STM32U073RBI6, STM32U073RBT6, STM32U073RCI6, STM32U073RCT6, STM32U083C-DK, STM32U083CCT6, STM32U083CCU6, STM32U083HCY6TR, STM32U083KCU6, STM32U083MCI6, STM32U083MCT6, STM32U083RCI6, STM32U083RCT6, STM32U535CBT6, STM32U535CBT6Q, STM32U535CBU6, STM32U535CBU6Q, STM32U535CCT6, STM32U535CCT6Q, STM32U535CCU6, STM32U535CCU6Q, STM32U535CET6, STM32U535CET6Q, STM32U535CEU6, STM32U535CEU6Q, STM32U535JEY6QTR, STM32U535NCY6QTR, STM32U535NEY6QTR, STM32U535RBI6, STM32U535RBI6Q, STM32U535RBT6, STM32U535RBT6Q, STM32U535RCI6, STM32U535RCI6Q, STM32U535RCT6, STM32U535RCT6Q, STM32U535REI6, STM32U535REI6Q, STM32U535RET6, STM32U535RET6Q, STM32U535VCI6, STM32U535VCI6Q, STM32U535VCT6, STM32U535VCT6Q, STM32U535VEI6, STM32U535VEI6Q, STM32U535VET6, STM32U535VET6Q, STM32U545CET6, STM32U545CET6Q, STM32U545CEU6, STM32U545CEU6Q, STM32U545JEY6QTR, STM32U545NEY6QTR, STM32U545REI6, STM32U545REI6Q, STM32U545RET6, STM32U545RET6Q, STM32U545VEI6, STM32U545VEI6Q, STM32U545VET6, STM32U545VET6Q, STM32U595AIH6, STM32U595AIH6Q, STM32U595AJH6, STM32U595AJH6Q, STM32U595QII6, STM32U595QII6Q, STM32U595QJI6, STM32U595QJI6Q, STM32U595RIT6, STM32U595RIT6Q, STM32U595RJT6, STM32U595RJT6Q, STM32U595VIT6, STM32U595VIT6Q, STM32U595VJT6, STM32U595VJT6Q, STM32U595ZIT6, STM32U595ZIT6Q, STM32U595ZIY6QTR, STM32U595ZJT6, STM32U595ZJT6Q, STM32U595ZJY6QTR, STM32U599BJY6QTR, STM32U599NIH6Q, STM32U599NJH6Q, STM32U599VIT6Q, STM32U599VJT6, STM32U599VJT6Q, STM32U599ZIT6Q, STM32U599ZIY6QTR, STM32U599ZJT6Q, STM32U599ZJY6QTR, STM32U5A5AJH6, STM32U5A5AJH6Q, STM32U5A5QII3Q , STM32U5A5QJI6, STM32U5A5QJI6Q, STM32U5A5RJT6, STM32U5A5RJT6Q, STM32U5A5VJT6, STM32U5A5VJT6Q, STM32U5A5ZJT6, STM32U5A5ZJT6Q, STM32U5A5ZJY6QTR, STM32U5A9BJY6QTR, STM32U5A9J-DK, STM32U5A9NJH6Q, STM32U5A9VJT6Q, STM32U5A9ZJT6Q, STM32U5A9ZJY6QTR, STM32U5F7VIT6, STM32U5F7VIT6Q, STM32U5F7VJT6, STM32U5F7VJT6Q, STM32U5F9BJY6QTR, STM32U5F9NJH6Q, STM32U5F9VIT6Q, STM32U5F9VJT6Q, STM32U5F9ZIJ6QTR, STM32U5F9ZIT6Q, STM32U5F9ZJJ6QTR, STM32U5F9ZJT6Q, STM32U5G7VJT6, STM32U5G7VJT6Q, STM32U5G9BJY6QTR, STM32U5G9J-DK1, STM32U5G9J-DK2, STM32U5G9NJH6Q, STM32U5G9VJT6Q, STM32U5G9ZJJ6QTR, STM32U5G9ZJT6Q, STM32WB05KZV6TR, STM32WB05KZV7TR, STM32WB05TZF6TR, STM32WB05TZF7TR, STM32WB06CCF6TR, STM32WB06CCF7TR, STM32WB06CCV6TR, STM32WB06CCV7TR, STM32WB06KCV6TR, STM32WB06KCV7TR, STM32WB07CCF6TR, STM32WB07CCF7TR, STM32WB07CCV6TR, STM32WB07CCV7TR, STM32WB07KCV6TR, STM32WB07KCV7TR, STM32WB09KEV6TR, STM32WB09KEV7TR, STM32WB09TEF6TR, STM32WB09TEF7TR, STM32WB1MMCH6, STM32WBA50KGU6, STM32WBA50KGU6TR, STM32WBA52CEU6, STM32WBA52CEU6TR, STM32WBA52CEU7, STM32WBA52CEU7TR, STM32WBA52CGU6, STM32WBA52CGU6TR, STM32WBA52CGU6U, STM32WBA52CGU7, STM32WBA52CGU7TR, STM32WBA52KEU6, STM32WBA52KEU6TR, STM32WBA52KGU6, STM32WBA52KGU6TR, STM32WBA54CEU6, STM32WBA54CEU6TR, STM32WBA54CEU7, STM32WBA54CEU7TR, STM32WBA54CGU6, STM32WBA54CGU6TR, STM32WBA54CGU7, STM32WBA54CGU7TR, STM32WBA54KEU6, STM32WBA54KEU6TR, STM32WBA54KEU7, STM32WBA54KEU7TR, STM32WBA54KGU6, STM32WBA54KGU6TR, STM32WBA54KGU7, STM32WBA54KGU7TR, STM32WBA55CEU6, STM32WBA55CEU6TR, STM32WBA55CEU7, STM32WBA55CEU7TR, STM32WBA55CGU6, STM32WBA55CGU6TR, STM32WBA55CGU6U, STM32WBA55CGU7, STM32WBA55CGU7TR, STM32WBA55G-DK1, STM32WBA55HEF6, STM32WBA55HEF7, STM32WBA55HGF6, STM32WBA55HGF7, STM32WBA55UEI6, STM32WBA55UEI6TR, STM32WBA55UEI7, STM32WBA55UEI7TR, STM32WBA55UGI6, STM32WBA55UGI6TR, STM32WBA55UGI7, STM32WBA55UGI7TR, STM32WL5MOCH6, STM32WL5MOCH6TR]
2024-08-22 12:51:33,290 [INFO] BoardInfo:889 - No configuration file found for board P-NUCLEO-WB55
2024-08-22 12:51:33,290 [INFO] DbBoards:161 - Kit is not supported: P-NUCLEO-WB55
2024-08-22 12:51:33,294 [INFO] BoardInfo:889 - No configuration file found for board STEVAL-BFA001V1B
2024-08-22 12:51:33,294 [INFO] DbBoards:161 - Kit is not supported: STEVAL-BFA001V1B
2024-08-22 12:51:33,295 [INFO] BoardInfo:889 - No configuration file found for board STEVAL-BFA001V2B
2024-08-22 12:51:33,295 [INFO] DbBoards:161 - Kit is not supported: STEVAL-BFA001V2B
2024-08-22 12:51:33,376 [INFO] DbBoards:168 - Found 201 boards, 198 are supported
2024-08-22 12:51:33,376 [INFO] DbBoards:169 - Found 201 boards, 25 of them is supported for  Bsp
2024-08-22 12:51:33,379 [INFO] ApiDb:668 - CubeFinder database Data Model version=2.1
2024-08-22 12:51:33,379 [INFO] ApiDb:669 - CubeFinder database Configuration version=3.0.39
2024-08-22 12:51:33,379 [INFO] ApiDb:670 - CubeFinder database generation date=2024-06-20 (1718880634)
2024-08-22 12:51:33,379 [INFO] ApiDb:671 - CubeFinder database FW Pack versions=[FP-ATR-ASTRA1_V2.0.0, FP-SNS-FLIGHT1_V5.0.2, FP-SNS-MOTENV1_V5.0.0, FP-SNS-MOTENVWB1_V1.4.0, FP-SNS-SMARTAG2_V1.2.0, STM32Cube_FW_C0_V1.2.0, STM32Cube_FW_F4_V1.28.0, STM32Cube_FW_F7_V1.17.2, STM32Cube_FW_G0_V1.6.2, STM32Cube_FW_G4_V1.6.0, STM32Cube_FW_H5_V1.3.0, STM32Cube_FW_H7RS_V1.1.0, STM32Cube_FW_H7_V1.11.2, STM32Cube_FW_L0_V1.12.2, STM32Cube_FW_L5_V1.5.1, STM32Cube_FW_U0_V1.1.0, STM32Cube_FW_U5_V1.6.0, STM32Cube_FW_WB0_V1.0.0, STM32Cube_FW_WBA_V1.4.0, STM32Cube_FW_WB_V1.20.0, STM32Cube_FW_WL_V1.3.0, X-CUBE-ALGOBUILD_V1.4.0, X-CUBE-ALS_V1.0.2, X-CUBE-AZRTOS-F4_V1.1.0, X-CUBE-AZRTOS-F7_V1.1.0, X-CUBE-AZRTOS-G0_V1.1.0, X-CUBE-AZRTOS-G4_V2.0.0, X-CUBE-AZRTOS-H7RS_V1.0.0, X-CUBE-AZRTOS-H7_V3.2.0, X-CUBE-AZRTOS-L4_V2.0.0, X-CUBE-AZRTOS-L5_V1.1.0, X-CUBE-AZRTOS-WB_V2.0.0, X-CUBE-AZRTOS-WL_V2.0.0, X-CUBE-BLE1_V7.0.0, X-CUBE-BLE2_V3.3.0, X-CUBE-BLEMGR_V3.1.0, X-CUBE-EEPRMA1_V5.1.0, X-CUBE-FREERTOS_V1.2.0, X-CUBE-GNSS1_V6.0.0, X-CUBE-MEMS1_V10.0.0, X-CUBE-NFC4_V3.0.0, X-CUBE-NFC7_V1.0.1, X-CUBE-SFXS2LP1_V4.0.0, X-CUBE-SUBG2_V5.0.0, X-CUBE-TOF1_V3.4.1]
2024-08-22 12:51:34,530 [INFO] ApiDb:240 - Found 646 in-development CPN: [B-G473E-ZEST1S, B-WB1M-WPAN1, B-WL5M-SUBG1, NUCLEO-C031C6, NUCLEO-C071RB, NUCLEO-H503RB, NUCLEO-H533RE, NUCLEO-H563ZI, NUCLEO-H7S3L8, NUCLEO-U031R8, NUCLEO-U083RC, NUCLEO-U545RE-Q, NUCLEO-U5A5ZJ-Q, NUCLEO-WB05KZ, NUCLEO-WB07CC, NUCLEO-WB09KE, NUCLEO-WBA52CG, NUCLEO-WBA55CG, STEVAL-PROTEUS1, STEVAL-SMARTAG2, STEVAL-STWINBX1, STM320518-EVAL, STM32C0116-DK, STM32C011D6Y3TR, STM32C011D6Y6TR, STM32C011F4P3, STM32C011F4P6, STM32C011F4U3, STM32C011F4U6TR, STM32C011F6P3, STM32C011F6P6, STM32C011F6U3, STM32C011F6U6TR, STM32C011J4M3, STM32C011J4M6, STM32C011J6M3, STM32C011J6M6, STM32C0316-DK, STM32C031C4T3, STM32C031C4T6, STM32C031C4U3, STM32C031C4U6, STM32C031C6T3, STM32C031C6T6, STM32C031C6U3, STM32C031C6U6, STM32C031F4P3, STM32C031F4P6, STM32C031F6P3, STM32C031F6P6, STM32C031G4U3, STM32C031G4U6, STM32C031G6U3, STM32C031G6U6, STM32C031K4T3, STM32C031K4T6, STM32C031K4U3, STM32C031K4U6, STM32C031K6T3, STM32C031K6T6, STM32C031K6U3, STM32C031K6U6, STM32C071C8T6, STM32C071C8T6N, STM32C071C8U6, STM32C071C8U6N, STM32C071CBT6, STM32C071CBT6N, STM32C071CBU6, STM32C071CBU6N, STM32C071F8P6, STM32C071F8P6N, STM32C071FBP6, STM32C071FBP6N, STM32C071FBY6TR, STM32C071G8U6, STM32C071G8U6N, STM32C071GBU6, STM32C071GBU6N, STM32C071K8T6, STM32C071K8T6N, STM32C071K8U6, STM32C071K8U6N, STM32C071KBT6, STM32C071KBT6N, STM32C071KBU6, STM32C071KBU6N, STM32C071R8T6, STM32C071R8T6N, STM32C071RBI6N, STM32C071RBT6, STM32C071RBT6N, STM32G071K8TXN, STM32G071K8UXN, STM32G081GBU6N, STM32G081KBT6N, STM32G081KBUXN, STM32G0B1CCT6N, STM32G0B1KCT6, STM32G0B1NEY6TR, STM32G0B1RCT6N, STM32G0C1CCT6, STM32G0C1CCT6N, STM32G0C1CCU6N, STM32G0C1CET6N, STM32G0C1CEU6N, STM32G0C1KCT6, STM32G0C1NEY6TR, STM32G0C1RCI6N, STM32G0C1RCT6N, STM32G0C1REI6N, STM32G0C1RET6N, STM32G0C1VCI6, STM32G0C1VEI6, STM32G411C6T3, STM32G411C6T6, STM32G411C6U3, STM32G411C6U6, STM32G411C8T3, STM32G411C8T6, STM32G411C8U3, STM32G411C8U6, STM32G411CBT3, STM32G411CBT6, STM32G411CBU3, STM32G411CBU6, STM32G411K6T3, STM32G411K6T6, STM32G411K6U3, STM32G411K6U6, STM32G411K8T3, STM32G411K8T6, STM32G411K8U3, STM32G411K8U6, STM32G411KBT3, STM32G411KBT6, STM32G411KBU3, STM32G411KBU6, STM32G411M6T3, STM32G411M6T6, STM32G411M8T3, STM32G411M8T6, STM32G411MBT3, STM32G411MBT6, STM32G411R6T3, STM32G411R6T6, STM32G411R8T3, STM32G411R8T6, STM32G411RBT3, STM32G411RBT6, STM32G414CBT3, STM32G414CBT6, STM32G414CBU3, STM32G414CBU6, STM32G414CCT3, STM32G414CCT6, STM32G414CCU3, STM32G414CCU6, STM32G414MBT3, STM32G414MBT6, STM32G414MCT3, STM32G414MCT6, STM32G414RBT3, STM32G414RBT6, STM32G414RCT3, STM32G414RCT6, STM32G414VBT3, STM32G414VBT6, STM32G414VCT3, STM32G414VCT6, STM32G431CBT3Z, STM32G431RBT3Z, STM32G471CCT6, STM32G471CCU6, STM32G471CET3, STM32G471CET6, STM32G471CEU3, STM32G471CEU6, STM32G471MCT6, STM32G471MET3, STM32G471MET6, STM32G471MEY6TR, STM32G471QCT6, STM32G471QET3, STM32G471RCT6, STM32G471RET3, STM32G471RET6, STM32G471VCH6, STM32G471VCI6, STM32G471VCT6, STM32G471VEH3, STM32G471VEH6, STM32G471VEI3, STM32G471VEI6, STM32G471VET3, STM32G471VET6, STM32G473QET3Z, STM32G473RET3Z, STM32G474CCT6, STM32G491RET3Z, STM32H503CBT6, STM32H503CBU6, STM32H503EBY6TR, STM32H503KBU6, STM32H503RBT6, STM32H523CCT6, STM32H523CCU6, STM32H523CET6, STM32H523CEU6, STM32H523HEY6TR, STM32H523RCT6, STM32H523RET6, STM32H523VCI6, STM32H523VCT6, STM32H523VEI6, STM32H523VET6, STM32H523ZCJ6, STM32H523ZCT6, STM32H523ZEJ6, STM32H523ZET6, STM32H533CET6, STM32H533CEU6, STM32H533HEY6TR, STM32H533RET6, STM32H533VEI6, STM32H533VET6, STM32H533ZEJ6, STM32H533ZET6, STM32H562AGI6, STM32H562AII6, STM32H562IGK6, STM32H562IGT6, STM32H562IIK6, STM32H562IIT6, STM32H562RGT6, STM32H562RGV6, STM32H562RIT6, STM32H562RIV6, STM32H562VGT6, STM32H562VIT6, STM32H562ZGT6, STM32H562ZIT6, STM32H563AGI6, STM32H563AII3Q, STM32H563AII6, STM32H563IGK6, STM32H563IGT6, STM32H563IIK3Q, STM32H563IIK6, STM32H563IIT3Q, STM32H563IIT6, STM32H563MIY3QTR, STM32H563RGT6, STM32H563RGV6, STM32H563RIT6, STM32H563RIV6, STM32H563VGT6, STM32H563VIT3Q, STM32H563VIT6, STM32H563ZGT6, STM32H563ZIT3Q, STM32H563ZIT6, STM32H573AII3Q, STM32H573AII6, STM32H573I-DK, STM32H573IIK3Q, STM32H573IIK6, STM32H573IIT3Q, STM32H573IIT6, STM32H573MIY3QTR, STM32H573RIT6, STM32H573RIV6, STM32H573VIT3Q, STM32H573VIT6, STM32H573ZIT3Q, STM32H573ZIT6, STM32H7R3A8I6, STM32H7R3I8K6, STM32H7R3I8T6, STM32H7R3L8H6, STM32H7R3L8H6H, STM32H7R3R8V6, STM32H7R3V8H6, STM32H7R3V8T6, STM32H7R3V8Y6TR, STM32H7R3Z8J6, STM32H7R3Z8T6, STM32H7R7A8I6, STM32H7R7I8K6, STM32H7R7I8T6, STM32H7R7L8H6, STM32H7R7L8H6H, STM32H7R7Z8J6, STM32H7S3A8I6, STM32H7S3I8K6, STM32H7S3I8T6, STM32H7S3L8H6, STM32H7S3L8H6H, STM32H7S3R8V6, STM32H7S3V8H6, STM32H7S3V8T6, STM32H7S3V8Y6TR, STM32H7S3Z8J6, STM32H7S3Z8T6, STM32H7S78-DK, STM32H7S7A8I6, STM32H7S7I8K6, STM32H7S7I8T6, STM32H7S7L8H6, STM32H7S7L8H6H, STM32H7S7Z8J6, STM32L4R5QGI6STR, STM32MP131AAE3, STM32MP131AAF3, STM32MP131AAG3, STM32MP131CAE3, STM32MP131CAF3, STM32MP131CAG3, STM32MP131DAE7, STM32MP131DAF7, STM32MP131DAG7, STM32MP131FAE7, STM32MP131FAF7, STM32MP131FAG7, STM32MP133AAE3, STM32MP133AAF3, STM32MP133AAG3, STM32MP133CAE3, STM32MP133CAF3, STM32MP133CAG3, STM32MP133DAE7, STM32MP133DAF7, STM32MP133DAG7, STM32MP133FAE7, STM32MP133FAF7, STM32MP133FAG7, STM32MP135AAE3, STM32MP135AAF3, STM32MP135AAG3, STM32MP135CAE3, STM32MP135CAF3, STM32MP135CAG3, STM32MP135DAE7, STM32MP135DAF7, STM32MP135DAG7, STM32MP135F-DK, STM32MP135FAE7, STM32MP135FAF7, STM32MP135FAF7T, STM32MP135FAF7U, STM32MP135FAG7, STM32MP251AAI3, STM32MP251AAK3, STM32MP251AAL3, STM32MP251CAI3, STM32MP251CAK3, STM32MP251CAL3, STM32MP251DAI3, STM32MP251DAK3, STM32MP251DAL3, STM32MP251FAI3, STM32MP251FAK3, STM32MP251FAL3, STM32MP253AAI3, STM32MP253AAK3, STM32MP253AAL3, STM32MP253CAI3, STM32MP253CAK3, STM32MP253CAL3, STM32MP253DAI3, STM32MP253DAK3, STM32MP253DAL3, STM32MP253FAI3, STM32MP253FAK3, STM32MP253FAL3, STM32MP255AAI3, STM32MP255AAK3, STM32MP255AAL3, STM32MP255CAI3, STM32MP255CAK3, STM32MP255CAL3, STM32MP255DAI3, STM32MP255DAK3, STM32MP255DAL3, STM32MP255FAI3, STM32MP255FAK3, STM32MP255FAL3, STM32MP257AAI3, STM32MP257AAK3, STM32MP257AAL3, STM32MP257CAI3, STM32MP257CAK3, STM32MP257CAL3, STM32MP257DAI3, STM32MP257DAK3, STM32MP257DAL3, STM32MP257F-DK, STM32MP257F-EV1, STM32MP257FAI3, STM32MP257FAK3, STM32MP257FAL3, STM32U031C6T6, STM32U031C6U6, STM32U031C8T6, STM32U031C8U6, STM32U031F4P6, STM32U031F6P6, STM32U031F8P6, STM32U031G6Y6TR, STM32U031G8Y6TR, STM32U031K4U6, STM32U031K6U6, STM32U031K8U6, STM32U031R6I6, STM32U031R6T6, STM32U031R8I6, STM32U031R8T6, STM32U073C8T6, STM32U073C8U6, STM32U073CBT6, STM32U073CBU6, STM32U073CCT6, STM32U073CCU6, STM32U073H8Y6TR, STM32U073HBY6TR, STM32U073HCY6TR, STM32U073K8U6, STM32U073KBU6, STM32U073KCU6, STM32U073M8I6, STM32U073M8T6, STM32U073MBI6, STM32U073MBT6, STM32U073MCI6, STM32U073MCT6, STM32U073R8I6, STM32U073R8T6, STM32U073RBI6, STM32U073RBT6, STM32U073RCI6, STM32U073RCT6, STM32U083C-DK, STM32U083CCT6, STM32U083CCU6, STM32U083HCY6TR, STM32U083KCU6, STM32U083MCI6, STM32U083MCT6, STM32U083RCI6, STM32U083RCT6, STM32U535CBT6, STM32U535CBT6Q, STM32U535CBU6, STM32U535CBU6Q, STM32U535CCT6, STM32U535CCT6Q, STM32U535CCU6, STM32U535CCU6Q, STM32U535CET6, STM32U535CET6Q, STM32U535CEU6, STM32U535CEU6Q, STM32U535JEY6QTR, STM32U535NCY6QTR, STM32U535NEY6QTR, STM32U535RBI6, STM32U535RBI6Q, STM32U535RBT6, STM32U535RBT6Q, STM32U535RCI6, STM32U535RCI6Q, STM32U535RCT6, STM32U535RCT6Q, STM32U535REI6, STM32U535REI6Q, STM32U535RET6, STM32U535RET6Q, STM32U535VCI6, STM32U535VCI6Q, STM32U535VCT6, STM32U535VCT6Q, STM32U535VEI6, STM32U535VEI6Q, STM32U535VET6, STM32U535VET6Q, STM32U545CET6, STM32U545CET6Q, STM32U545CEU6, STM32U545CEU6Q, STM32U545JEY6QTR, STM32U545NEY6QTR, STM32U545REI6, STM32U545REI6Q, STM32U545RET6, STM32U545RET6Q, STM32U545VEI6, STM32U545VEI6Q, STM32U545VET6, STM32U545VET6Q, STM32U595AIH6, STM32U595AIH6Q, STM32U595AJH6, STM32U595AJH6Q, STM32U595QII6, STM32U595QII6Q, STM32U595QJI6, STM32U595QJI6Q, STM32U595RIT6, STM32U595RIT6Q, STM32U595RJT6, STM32U595RJT6Q, STM32U595VIT6, STM32U595VIT6Q, STM32U595VJT6, STM32U595VJT6Q, STM32U595ZIT6, STM32U595ZIT6Q, STM32U595ZIY6QTR, STM32U595ZJT6, STM32U595ZJT6Q, STM32U595ZJY6QTR, STM32U599BJY6QTR, STM32U599NIH6Q, STM32U599NJH6Q, STM32U599VIT6Q, STM32U599VJT6, STM32U599VJT6Q, STM32U599ZIT6Q, STM32U599ZIY6QTR, STM32U599ZJT6Q, STM32U599ZJY6QTR, STM32U5A5AJH6, STM32U5A5AJH6Q, STM32U5A5QII3Q , STM32U5A5QJI6, STM32U5A5QJI6Q, STM32U5A5RJT6, STM32U5A5RJT6Q, STM32U5A5VJT6, STM32U5A5VJT6Q, STM32U5A5ZJT6, STM32U5A5ZJT6Q, STM32U5A5ZJY6QTR, STM32U5A9BJY6QTR, STM32U5A9J-DK, STM32U5A9NJH6Q, STM32U5A9VJT6Q, STM32U5A9ZJT6Q, STM32U5A9ZJY6QTR, STM32U5F7VIT6, STM32U5F7VIT6Q, STM32U5F7VJT6, STM32U5F7VJT6Q, STM32U5F9BJY6QTR, STM32U5F9NJH6Q, STM32U5F9VIT6Q, STM32U5F9VJT6Q, STM32U5F9ZIJ6QTR, STM32U5F9ZIT6Q, STM32U5F9ZJJ6QTR, STM32U5F9ZJT6Q, STM32U5G7VJT6, STM32U5G7VJT6Q, STM32U5G9BJY6QTR, STM32U5G9J-DK1, STM32U5G9J-DK2, STM32U5G9NJH6Q, STM32U5G9VJT6Q, STM32U5G9ZJJ6QTR, STM32U5G9ZJT6Q, STM32WB05KZV6TR, STM32WB05KZV7TR, STM32WB05TZF6TR, STM32WB05TZF7TR, STM32WB06CCF6TR, STM32WB06CCF7TR, STM32WB06CCV6TR, STM32WB06CCV7TR, STM32WB06KCV6TR, STM32WB06KCV7TR, STM32WB07CCF6TR, STM32WB07CCF7TR, STM32WB07CCV6TR, STM32WB07CCV7TR, STM32WB07KCV6TR, STM32WB07KCV7TR, STM32WB09KEV6TR, STM32WB09KEV7TR, STM32WB09TEF6TR, STM32WB09TEF7TR, STM32WB1MMCH6, STM32WBA50KGU6, STM32WBA50KGU6TR, STM32WBA52CEU6, STM32WBA52CEU6TR, STM32WBA52CEU7, STM32WBA52CEU7TR, STM32WBA52CGU6, STM32WBA52CGU6TR, STM32WBA52CGU6U, STM32WBA52CGU7, STM32WBA52CGU7TR, STM32WBA52KEU6, STM32WBA52KEU6TR, STM32WBA52KGU6, STM32WBA52KGU6TR, STM32WBA54CEU6, STM32WBA54CEU6TR, STM32WBA54CEU7, STM32WBA54CEU7TR, STM32WBA54CGU6, STM32WBA54CGU6TR, STM32WBA54CGU7, STM32WBA54CGU7TR, STM32WBA54KEU6, STM32WBA54KEU6TR, STM32WBA54KEU7, STM32WBA54KEU7TR, STM32WBA54KGU6, STM32WBA54KGU6TR, STM32WBA54KGU7, STM32WBA54KGU7TR, STM32WBA55CEU6, STM32WBA55CEU6TR, STM32WBA55CEU7, STM32WBA55CEU7TR, STM32WBA55CGU6, STM32WBA55CGU6TR, STM32WBA55CGU6U, STM32WBA55CGU7, STM32WBA55CGU7TR, STM32WBA55G-DK1, STM32WBA55HEF6, STM32WBA55HEF7, STM32WBA55HGF6, STM32WBA55HGF7, STM32WBA55UEI6, STM32WBA55UEI6TR, STM32WBA55UEI7, STM32WBA55UEI7TR, STM32WBA55UGI6, STM32WBA55UGI6TR, STM32WBA55UGI7, STM32WBA55UGI7TR, STM32WL5MOCH6, STM32WL5MOCH6TR]
2024-08-22 12:51:34,534 [INFO] DbMcus:218 - Found 4251 MCUs, 4251 are supported
2024-08-22 12:51:34,535 [INFO] ApiDb:423 - Load user favorites file /Users/kitton/.stm32cubeide/favorites.mcus.txt: 1 item(s)
2024-08-22 12:51:34,535 [INFO] ApiDb:427 - User favorites MCUs=[STM32F767ZIT6]
2024-08-22 12:51:34,535 [INFO] DbMcus:224 - Set 1 / 1 favorites MCUs
2024-08-22 12:51:34,713 [INFO] ApiDb:414 - User favorites file not found: /Users/kitton/.stm32cubeide/favorites.boards.txt
2024-08-22 12:51:34,713 [INFO] DbBoards:198 - Set 0 / 0 favorites Boards
2024-08-22 12:51:34,770 [INFO] UtilMem:75 - End LoadConfig() Used Memory: 472976200 Bytes (765460480)
2024-08-22 12:51:34,868 [WARN] ThirdParty:833 - waiting for thirdparty lock release [change project]
2024-08-22 12:51:34,869 [INFO] ThirdParty:835 - entering critical section [change project]
2024-08-22 12:51:34,869 [INFO] ThirdParty:1030 - CMSIS Pack Vendor :STMicroelectronics USBPD 4.1
2024-08-22 12:51:34,869 [INFO] ThirdParty:1030 - CMSIS Pack Vendor :STMicroelectronics X-CUBE-AZRTOS-H7 3.3.0
2024-08-22 12:51:34,869 [INFO] ThirdParty:1030 - CMSIS Pack Vendor :STMicroelectronics X-CUBE-GNSS1 6.0.0
2024-08-22 12:51:34,869 [INFO] ThirdParty:1030 - CMSIS Pack Vendor :STMicroelectronics USB_HOST 2.0.0
2024-08-22 12:51:34,869 [INFO] ThirdParty:1030 - CMSIS Pack Vendor :STMicroelectronics FP-SNS-MOTENVWB1 1.4.0
2024-08-22 12:51:34,869 [INFO] ThirdParty:1030 - CMSIS Pack Vendor :STMicroelectronics X-CUBE-AZRTOS-F4 1.1.0
2024-08-22 12:51:34,869 [INFO] ThirdParty:1030 - CMSIS Pack Vendor :STMicroelectronics LIBJPEG 8.0.0
2024-08-22 12:51:34,869 [INFO] ThirdParty:1030 - CMSIS Pack Vendor :STMicroelectronics X-CUBE-SMBUS 2.1.0
2024-08-22 12:51:34,869 [INFO] ThirdParty:1030 - CMSIS Pack Vendor :STMicroelectronics USB_DEVICE 3.0.0
2024-08-22 12:51:34,869 [INFO] ThirdParty:1030 - CMSIS Pack Vendor :STMicroelectronics X-CUBE-TCPP 4.1.0
2024-08-22 12:51:34,869 [INFO] ThirdParty:1030 - CMSIS Pack Vendor :STMicroelectronics X-CUBE-FREERTOS 1.2.0
2024-08-22 12:51:34,869 [INFO] ThirdParty:1030 - CMSIS Pack Vendor :STMicroelectronics X-CUBE-AZRTOS-WB 2.0.0
2024-08-22 12:51:34,869 [INFO] ThirdParty:1030 - CMSIS Pack Vendor :STMicroelectronics X-CUBE-AZRTOS-F7 1.1.0
2024-08-22 12:51:34,869 [INFO] ThirdParty:1030 - CMSIS Pack Vendor :STMicroelectronics X-CUBE-AZRTOS-L5 2.0.0
2024-08-22 12:51:34,869 [INFO] ThirdParty:1030 - CMSIS Pack Vendor :STMicroelectronics USB_DEVICE 2.0.0
2024-08-22 12:51:34,869 [INFO] ThirdParty:1030 - CMSIS Pack Vendor :STMicroelectronics X-CUBE-NFC6 3.1.0
2024-08-22 12:51:34,869 [INFO] ThirdParty:1030 - CMSIS Pack Vendor :STMicroelectronics X-CUBE-MEMS1 11.0.0
2024-08-22 12:51:34,869 [INFO] ThirdParty:1030 - CMSIS Pack Vendor :STMicroelectronics FreeRTOS 0.0.1
2024-08-22 12:51:34,869 [INFO] ThirdParty:1030 - CMSIS Pack Vendor :STMicroelectronics X-CUBE-AZRTOS-G0 1.1.0
2024-08-22 12:51:34,869 [INFO] ThirdParty:1030 - CMSIS Pack Vendor :STMicroelectronics X-CUBE-SAFEA1 1.2.2
2024-08-22 12:51:34,869 [INFO] ThirdParty:1030 - CMSIS Pack Vendor :STMicroelectronics X-CUBE-NFC4 3.0.0
2024-08-22 12:51:34,869 [INFO] ThirdParty:1030 - CMSIS Pack Vendor :STMicroelectronics X-CUBE-SUBG2 5.0.0
2024-08-22 12:51:34,869 [INFO] ThirdParty:1030 - CMSIS Pack Vendor :STMicroelectronics STM32_WPAN 1.0.0
2024-08-22 12:51:34,870 [INFO] ThirdParty:1030 - CMSIS Pack Vendor :EmbeddedOffice I-CUBE-FS-RTOS 1.0.1
2024-08-22 12:51:34,870 [INFO] ThirdParty:1030 - CMSIS Pack Vendor :STMicroelectronics lwIP 2.0.3
2024-08-22 12:51:34,870 [INFO] ThirdParty:1030 - CMSIS Pack Vendor :STMicroelectronics FP-SNS-FLIGHT1 5.0.2
2024-08-22 12:51:34,870 [INFO] ThirdParty:1030 - CMSIS Pack Vendor :Cesanta I-CUBE-Mongoose 7.13.0
2024-08-22 12:51:34,870 [INFO] ThirdParty:1030 - CMSIS Pack Vendor :STMicroelectronics USB_HOST 1.0.0
2024-08-22 12:51:34,870 [INFO] ThirdParty:1030 - CMSIS Pack Vendor :STMicroelectronics X-CUBE-AI 9.0.0
2024-08-22 12:51:34,870 [INFO] ThirdParty:1030 - CMSIS Pack Vendor :STMicroelectronics X-CUBE-AZRTOS-G4 2.0.0
2024-08-22 12:51:34,870 [INFO] ThirdParty:1030 - CMSIS Pack Vendor :STMicroelectronics PDM2PCM 3.1.0
2024-08-22 12:51:34,870 [INFO] ThirdParty:1030 - CMSIS Pack Vendor :STMicroelectronics PDM2PCM 3.3.0
2024-08-22 12:51:34,870 [INFO] ThirdParty:1030 - CMSIS Pack Vendor :STMicroelectronics X-CUBE-DISPLAY 3.0.0
2024-08-22 12:51:34,870 [INFO] ThirdParty:1030 - CMSIS Pack Vendor :RealThread X-CUBE-RT-Thread_Nano 4.1.1
2024-08-22 12:51:34,870 [INFO] ThirdParty:1030 - CMSIS Pack Vendor :STMicroelectronics X-CUBE-BLE1 7.0.0
2024-08-22 12:51:34,870 [INFO] ThirdParty:1030 - CMSIS Pack Vendor :STMicroelectronics FP-ATR-SIGFOX1 3.2.0
2024-08-22 12:51:34,870 [INFO] ThirdParty:1030 - CMSIS Pack Vendor :wolfSSL I-CUBE-wolfSSL 5.7.2
2024-08-22 12:51:34,870 [INFO] ThirdParty:1030 - CMSIS Pack Vendor :STMicroelectronics X-CUBE-ISPU 2.0.0
2024-08-22 12:51:34,870 [INFO] ThirdParty:1030 - CMSIS Pack Vendor :STMicroelectronics X-CUBE-EEPRMA1 5.1.0
2024-08-22 12:51:34,870 [INFO] ThirdParty:1030 - CMSIS Pack Vendor :STMicroelectronics HAL Drivers 0.0.0
2024-08-22 12:51:34,870 [INFO] ThirdParty:1030 - CMSIS Pack Vendor :STMicroelectronics MBEDTLS 2.16.2
2024-08-22 12:51:34,870 [INFO] ThirdParty:1030 - CMSIS Pack Vendor :STMicroelectronics X-CUBE-ALS 1.0.2
2024-08-22 12:51:34,870 [INFO] ThirdParty:1030 - CMSIS Pack Vendor :emotas I-CUBE-CANOPEN 1.3.0
2024-08-22 12:51:34,870 [INFO] ThirdParty:1030 - CMSIS Pack Vendor :STMicroelectronics X-CUBE-NFC7 1.0.1
2024-08-22 12:51:34,870 [INFO] ThirdParty:1030 - CMSIS Pack Vendor :STMicroelectronics MBEDTLS 2.14.1
2024-08-22 12:51:34,870 [INFO] ThirdParty:1030 - CMSIS Pack Vendor :STMicroelectronics X-CUBE-TOUCHGFX 4.24.0
2024-08-22 12:51:34,870 [INFO] ThirdParty:1030 - CMSIS Pack Vendor :ITTIA_DB I-CUBE-ITTIADB 8.9.0
2024-08-22 12:51:34,870 [INFO] ThirdParty:1030 - CMSIS Pack Vendor :wolfSSL I-CUBE-wolfTPM 3.4.0
2024-08-22 12:51:34,870 [INFO] ThirdParty:1030 - CMSIS Pack Vendor :portGmbH I-Cube-SoM-uGOAL 1.1.0
2024-08-22 12:51:34,870 [INFO] ThirdParty:1030 - CMSIS Pack Vendor :STMicroelectronics X-CUBE-BLEMGR 3.1.0
2024-08-22 12:51:34,870 [INFO] ThirdParty:1030 - CMSIS Pack Vendor :STMicroelectronics ThreadX 1.0.0
2024-08-22 12:51:34,870 [INFO] ThirdParty:1030 - CMSIS Pack Vendor :STMicroelectronics FP-SNS-SMARTAG2 1.2.0
2024-08-22 12:51:34,870 [INFO] ThirdParty:1030 - CMSIS Pack Vendor :STMicroelectronics X-CUBE-AZRTOS-WL 2.0.0
2024-08-22 12:51:34,870 [INFO] ThirdParty:1030 - CMSIS Pack Vendor :SEGGER I-CUBE-embOS 1.3.1
2024-08-22 12:51:34,870 [INFO] ThirdParty:1030 - CMSIS Pack Vendor :STMicroelectronics X-CUBE-ALGOBUILD 1.4.0
2024-08-22 12:51:34,870 [INFO] ThirdParty:1030 - CMSIS Pack Vendor :STMicroelectronics FP-SNS-MOTENV1 5.0.0
2024-08-22 12:51:34,870 [INFO] ThirdParty:1030 - CMSIS Pack Vendor :STMicroelectronics USB_DEVICE 1.0.0
2024-08-22 12:51:34,870 [INFO] ThirdParty:1030 - CMSIS Pack Vendor :STMicroelectronics X-CUBE-AZRTOS-H7RS 1.0.0
2024-08-22 12:51:34,870 [INFO] ThirdParty:1030 - CMSIS Pack Vendor :wolfSSL I-CUBE-wolfMQTT 1.19.0
2024-08-22 12:51:34,870 [INFO] ThirdParty:1030 - CMSIS Pack Vendor :STMicroelectronics X-CUBE-AZRTOS-L4 2.0.0
2024-08-22 12:51:34,870 [INFO] ThirdParty:1030 - CMSIS Pack Vendor :STMicroelectronics ThreadX 0.0.2
2024-08-22 12:51:34,870 [INFO] ThirdParty:1030 - CMSIS Pack Vendor :WES I-CUBE-Cesium 1.3.0
2024-08-22 12:51:34,871 [INFO] ThirdParty:1030 - CMSIS Pack Vendor :STMicroelectronics FP-ATR-ASTRA1 2.0.0
2024-08-22 12:51:34,871 [INFO] ThirdParty:1030 - CMSIS Pack Vendor :STMicroelectronics lwIP 2.1.2
2024-08-22 12:51:34,871 [INFO] ThirdParty:1030 - CMSIS Pack Vendor :STMicroelectronics X-CUBE-SFXS2LP1 4.0.0
2024-08-22 12:51:34,871 [INFO] ThirdParty:1030 - CMSIS Pack Vendor :STMicroelectronics X-CUBE-BLE2 3.3.0
2024-08-22 12:51:34,871 [INFO] ThirdParty:1030 - CMSIS Pack Vendor :STMicroelectronics X-CUBE-TOF1 3.4.2
2024-08-22 12:51:34,871 [INFO] ThirdParty:1030 - CMSIS Pack Vendor :Infineon AIROC-Wi-Fi-Bluetooth-STM32 1.6.1
2024-08-22 12:51:34,871 [INFO] ThirdParty:1030 - CMSIS Pack Vendor :STMicroelectronics PDM2PCM 3.2.0
2024-08-22 12:51:34,871 [INFO] ThirdParty:1030 - CMSIS Pack Vendor :wolfSSL I-CUBE-wolfSSH 1.4.17
2024-08-22 12:51:34,872 [INFO] ThirdParty:841 - exiting critical section [change project]
2024-08-22 12:51:35,724 [INFO] PinOutPanel:1561 - setPackage(No Configuration,No Configuration)
2024-08-22 12:51:35,729 [INFO] PinOutPanel:1561 - setPackage(STM32F767ZITx,LQFP144)
2024-08-22 12:51:36,638 [INFO] UtilMem:75 - Before build in PCC Used Memory: 565146600 Bytes (765460480)
2024-08-22 12:51:37,842 [INFO] UtilMem:75 - After build in PCC Used Memory: 467165184 Bytes (765460480)
2024-08-22 12:51:37,923 [INFO] IPUIPlugin:80 - create IPUIPlugin
2024-08-22 12:51:37,923 [INFO] IPUIPlugin:80 - create IPUIPlugin
2024-08-22 12:51:37,923 [INFO] IPUIPlugin:80 - create IPUIPlugin
2024-08-22 12:51:37,924 [INFO] IPUIPlugin:80 - create IPUIPlugin
2024-08-22 12:51:37,924 [INFO] IPUIPlugin:80 - create IPUIPlugin
2024-08-22 12:51:37,928 [INFO] IPUIPlugin:80 - create IPUIPlugin
2024-08-22 12:51:37,930 [INFO] IPUIPlugin:80 - create IPUIPlugin
2024-08-22 12:51:37,931 [INFO] IPUIPlugin:80 - create IPUIPlugin
2024-08-22 12:51:37,931 [INFO] IPUIPlugin:80 - create IPUIPlugin
2024-08-22 12:51:37,931 [INFO] IPUIPlugin:80 - create IPUIPlugin
2024-08-22 12:51:37,931 [INFO] IPUIPlugin:80 - create IPUIPlugin
2024-08-22 12:51:37,932 [INFO] IPUIPlugin:80 - create IPUIPlugin
2024-08-22 12:51:37,932 [INFO] IPUIPlugin:80 - create IPUIPlugin
2024-08-22 12:51:37,932 [INFO] IPUIPlugin:80 - create IPUIPlugin
2024-08-22 12:51:37,932 [INFO] IPUIPlugin:80 - create IPUIPlugin
2024-08-22 12:51:37,932 [INFO] IPUIPlugin:80 - create IPUIPlugin
2024-08-22 12:51:37,932 [INFO] IPUIPlugin:80 - create IPUIPlugin
2024-08-22 12:51:37,935 [INFO] IPUIPlugin:80 - create IPUIPlugin
2024-08-22 12:51:37,935 [INFO] IPUIPlugin:80 - create IPUIPlugin
2024-08-22 12:51:37,935 [INFO] IPUIPlugin:80 - create IPUIPlugin
2024-08-22 12:51:37,935 [INFO] IPUIPlugin:80 - create IPUIPlugin
2024-08-22 12:51:37,935 [INFO] IPUIPlugin:80 - create IPUIPlugin
2024-08-22 12:51:37,935 [INFO] IPUIPlugin:80 - create IPUIPlugin
2024-08-22 12:51:37,936 [INFO] IPUIPlugin:80 - create IPUIPlugin
2024-08-22 12:51:37,936 [INFO] IPUIPlugin:80 - create IPUIPlugin
2024-08-22 12:51:37,936 [INFO] IPUIPlugin:80 - create IPUIPlugin
2024-08-22 12:51:37,936 [INFO] IPUIPlugin:80 - create IPUIPlugin
2024-08-22 12:51:37,936 [INFO] IPUIPlugin:80 - create IPUIPlugin
2024-08-22 12:51:37,936 [INFO] IPUIPlugin:80 - create IPUIPlugin
2024-08-22 12:51:37,937 [INFO] IPUIPlugin:80 - create IPUIPlugin
2024-08-22 12:51:37,937 [INFO] IPUIPlugin:80 - create IPUIPlugin
2024-08-22 12:51:37,937 [INFO] IPUIPlugin:80 - create IPUIPlugin
2024-08-22 12:51:37,937 [INFO] IPUIPlugin:80 - create IPUIPlugin
2024-08-22 12:51:37,937 [INFO] IPUIPlugin:80 - create IPUIPlugin
2024-08-22 12:51:37,937 [INFO] IPUIPlugin:80 - create IPUIPlugin
2024-08-22 12:51:37,937 [INFO] IPUIPlugin:80 - create IPUIPlugin
2024-08-22 12:51:37,937 [INFO] IPUIPlugin:80 - create IPUIPlugin
2024-08-22 12:51:37,937 [INFO] IPUIPlugin:80 - create IPUIPlugin
2024-08-22 12:51:37,938 [INFO] IPUIPlugin:80 - create IPUIPlugin
2024-08-22 12:51:37,938 [INFO] IPUIPlugin:80 - create IPUIPlugin
2024-08-22 12:51:37,938 [INFO] IPUIPlugin:80 - create IPUIPlugin
2024-08-22 12:51:37,938 [INFO] IPUIPlugin:80 - create IPUIPlugin
2024-08-22 12:51:37,939 [INFO] IPUIPlugin:80 - create IPUIPlugin
2024-08-22 12:51:37,939 [INFO] IPUIPlugin:80 - create IPUIPlugin
2024-08-22 12:51:37,939 [INFO] IPUIPlugin:80 - create IPUIPlugin
2024-08-22 12:51:37,939 [INFO] IPUIPlugin:80 - create IPUIPlugin
2024-08-22 12:51:37,939 [INFO] IPUIPlugin:80 - create IPUIPlugin
2024-08-22 12:51:37,939 [INFO] IPUIPlugin:80 - create IPUIPlugin
2024-08-22 12:51:37,939 [INFO] IPUIPlugin:80 - create IPUIPlugin
2024-08-22 12:51:37,939 [INFO] IPUIPlugin:80 - create IPUIPlugin
2024-08-22 12:51:37,939 [INFO] IPUIPlugin:80 - create IPUIPlugin
2024-08-22 12:51:37,939 [INFO] IPUIPlugin:80 - create IPUIPlugin
2024-08-22 12:51:37,940 [INFO] IPUIPlugin:80 - create IPUIPlugin
2024-08-22 12:51:37,940 [INFO] IPUIPlugin:80 - create IPUIPlugin
2024-08-22 12:51:37,940 [INFO] IPUIPlugin:80 - create IPUIPlugin
2024-08-22 12:51:37,940 [INFO] IPUIPlugin:80 - create IPUIPlugin
2024-08-22 12:51:37,940 [INFO] IPUIPlugin:80 - create IPUIPlugin
2024-08-22 12:51:37,940 [INFO] IPUIPlugin:80 - create IPUIPlugin
2024-08-22 12:51:37,940 [INFO] IPUIPlugin:80 - create IPUIPlugin
2024-08-22 12:51:37,940 [INFO] IPUIPlugin:80 - create IPUIPlugin
2024-08-22 12:51:37,940 [INFO] IPUIPlugin:80 - create IPUIPlugin
2024-08-22 12:51:37,940 [INFO] IPUIPlugin:80 - create IPUIPlugin
2024-08-22 12:51:37,940 [INFO] IPUIPlugin:80 - create IPUIPlugin
2024-08-22 12:51:37,940 [INFO] IPUIPlugin:80 - create IPUIPlugin
2024-08-22 12:51:37,940 [INFO] IPUIPlugin:80 - create IPUIPlugin
2024-08-22 12:51:37,940 [INFO] IPUIPlugin:80 - create IPUIPlugin
2024-08-22 12:51:37,940 [INFO] IPUIPlugin:80 - create IPUIPlugin
2024-08-22 12:51:37,941 [INFO] IPUIPlugin:80 - create IPUIPlugin
2024-08-22 12:51:37,941 [INFO] IPUIPlugin:80 - create IPUIPlugin
2024-08-22 12:51:37,941 [INFO] IPUIPlugin:80 - create IPUIPlugin
2024-08-22 12:51:37,941 [INFO] IPUIPlugin:80 - create IPUIPlugin
2024-08-22 12:51:37,941 [INFO] IPUIPlugin:80 - create IPUIPlugin
2024-08-22 12:51:37,941 [INFO] IPUIPlugin:80 - create IPUIPlugin
2024-08-22 12:51:37,941 [INFO] IPUIPlugin:80 - create IPUIPlugin
2024-08-22 12:51:37,942 [INFO] IPUIPlugin:80 - create IPUIPlugin
2024-08-22 12:51:37,942 [INFO] IPUIPlugin:80 - create IPUIPlugin
2024-08-22 12:51:37,942 [INFO] IPUIPlugin:80 - create IPUIPlugin
2024-08-22 12:51:37,942 [INFO] IPUIPlugin:80 - create IPUIPlugin
2024-08-22 12:51:37,943 [INFO] IPUIPlugin:80 - create IPUIPlugin
2024-08-22 12:51:37,975 [INFO] ApiDbMcu:508 - Load IP Config File for PDM2PCM
2024-08-22 12:51:38,579 [INFO] CADModel:165 - CPN selected for project levelSTM32F767ZIT6
2024-08-22 12:51:38,581 [INFO] CADModel:114 - Register for checkConnection events
2024-08-22 12:51:38,627 [INFO] OpenFileManager:363 - Restore cursor
2024-08-22 12:54:40,211 [INFO] UtilMem:75 - End SaveConfig() Used Memory: 317030712 Bytes (741343232)
2024-08-22 12:54:40,400 [INFO] UtilMem:75 - End SaveConfig() Used Memory: 349005648 Bytes (741343232)
2024-08-22 12:54:43,137 [INFO] UtilMem:75 - End SaveConfig() Used Memory: 409305480 Bytes (741343232)
2024-08-22 12:54:43,814 [INFO] BlockDiagram:2766 - set Specific Code input for plugin: SYS
2024-08-22 12:54:43,816 [INFO] BlockDiagram:2766 - set Specific Code input for plugin: ADC
2024-08-22 12:54:43,816 [INFO] BlockDiagram:2766 - set Specific Code input for plugin: RCC
2024-08-22 12:54:43,816 [INFO] BlockDiagram:2766 - set Specific Code input for plugin: NVIC
2024-08-22 12:54:43,816 [INFO] BlockDiagram:2766 - set Specific Code input for plugin: USART
2024-08-22 12:54:43,816 [INFO] BlockDiagram:2766 - set Specific Code input for plugin: CORTEX_M7
2024-08-22 12:54:43,816 [INFO] BlockDiagram:2766 - set Specific Code input for plugin: GPIO
2024-08-22 12:54:43,817 [INFO] CodeGenerator:807 - code generatio: config db path: /Applications/STM32CubeIDE.app/Contents/Eclipse/plugins/com.st.stm32cube.common.mx_6.12.0.202406281431//db/
2024-08-22 12:54:44,038 [INFO] CodeEngine:255 - oldGeneratedFile, /Users/kitton/STM32CubeIDE/MAD_LAB/Lab05/MXTmpFiles/license.tmp_save
2024-08-22 12:54:44,486 [INFO] CodeEngine:279 - Generated code: /Users/kitton/STM32CubeIDE/MAD_LAB/Lab05/MXTmpFiles/license.tmp
2024-08-22 12:54:44,641 [INFO] CodeEngine:255 - oldGeneratedFile, /Users/kitton/STM32CubeIDE/MAD_LAB/Lab05/Core/Src/gpio.c_save
2024-08-22 12:54:44,834 [INFO] CodeEngine:279 - Generated code: /Users/kitton/STM32CubeIDE/MAD_LAB/Lab05/Core/Src/gpio.c
2024-08-22 12:54:44,835 [INFO] CodeEngine:255 - oldGeneratedFile, /Users/kitton/STM32CubeIDE/MAD_LAB/Lab05/Core/Inc/gpio.h_save
2024-08-22 12:54:44,982 [INFO] CodeEngine:279 - Generated code: /Users/kitton/STM32CubeIDE/MAD_LAB/Lab05/Core/Inc/gpio.h
2024-08-22 12:54:45,237 [INFO] CodeEngine:255 - oldGeneratedFile, /Users/kitton/STM32CubeIDE/MAD_LAB/Lab05/Core/Src/adc.c_save
2024-08-22 12:54:45,405 [INFO] CodeEngine:279 - Generated code: /Users/kitton/STM32CubeIDE/MAD_LAB/Lab05/Core/Src/adc.c
2024-08-22 12:54:45,407 [INFO] CodeEngine:255 - oldGeneratedFile, /Users/kitton/STM32CubeIDE/MAD_LAB/Lab05/Core/Inc/adc.h_save
2024-08-22 12:54:45,454 [INFO] CodeEngine:279 - Generated code: /Users/kitton/STM32CubeIDE/MAD_LAB/Lab05/Core/Inc/adc.h
2024-08-22 12:54:45,457 [INFO] CodeEngine:255 - oldGeneratedFile, /Users/kitton/STM32CubeIDE/MAD_LAB/Lab05/MXTmpFiles/cortex.tmp_save
2024-08-22 12:54:45,505 [INFO] CodeEngine:279 - Generated code: /Users/kitton/STM32CubeIDE/MAD_LAB/Lab05/MXTmpFiles/cortex.tmp
2024-08-22 12:54:45,508 [INFO] CodeEngine:255 - oldGeneratedFile, /Users/kitton/STM32CubeIDE/MAD_LAB/Lab05/Core/Src/usart.c_save
2024-08-22 12:54:45,587 [INFO] CodeEngine:279 - Generated code: /Users/kitton/STM32CubeIDE/MAD_LAB/Lab05/Core/Src/usart.c
2024-08-22 12:54:45,588 [INFO] CodeEngine:255 - oldGeneratedFile, /Users/kitton/STM32CubeIDE/MAD_LAB/Lab05/Core/Inc/usart.h_save
2024-08-22 12:54:45,636 [INFO] CodeEngine:279 - Generated code: /Users/kitton/STM32CubeIDE/MAD_LAB/Lab05/Core/Inc/usart.h
2024-08-22 12:54:45,640 [INFO] CodeEngine:255 - oldGeneratedFile, /Users/kitton/STM32CubeIDE/MAD_LAB/Lab05/Core/Src/stm32f7xx_it.c_save
2024-08-22 12:54:45,722 [INFO] CodeEngine:279 - Generated code: /Users/kitton/STM32CubeIDE/MAD_LAB/Lab05/Core/Src/stm32f7xx_it.c
2024-08-22 12:54:45,724 [INFO] CodeEngine:255 - oldGeneratedFile, /Users/kitton/STM32CubeIDE/MAD_LAB/Lab05/Core/Inc/stm32f7xx_it.h_save
2024-08-22 12:54:45,782 [INFO] CodeEngine:279 - Generated code: /Users/kitton/STM32CubeIDE/MAD_LAB/Lab05/Core/Inc/stm32f7xx_it.h
2024-08-22 12:54:45,791 [INFO] CodeEngine:255 - oldGeneratedFile, /Users/kitton/STM32CubeIDE/MAD_LAB/Lab05/Core/Src/stm32f7xx_hal_msp.c_save
2024-08-22 12:54:45,876 [INFO] CodeEngine:279 - Generated code: /Users/kitton/STM32CubeIDE/MAD_LAB/Lab05/Core/Src/stm32f7xx_hal_msp.c
2024-08-22 12:54:45,877 [INFO] CodeEngine:255 - oldGeneratedFile, /Users/kitton/STM32CubeIDE/MAD_LAB/Lab05/MXTmpFiles/system.tmp_save
2024-08-22 12:54:45,930 [INFO] CodeEngine:279 - Generated code: /Users/kitton/STM32CubeIDE/MAD_LAB/Lab05/MXTmpFiles/system.tmp
2024-08-22 12:54:45,938 [INFO] CodeEngine:311 - oldGeneratedFile, /Users/kitton/STM32CubeIDE/MAD_LAB/Lab05/Core/Inc/stm32f7xx_hal_conf.h_save
2024-08-22 12:54:45,990 [INFO] CodeEngine:335 - Generated code: /Users/kitton/STM32CubeIDE/MAD_LAB/Lab05/Core/Inc/stm32f7xx_hal_conf.h
2024-08-22 12:54:46,049 [INFO] CodeEngine:255 - oldGeneratedFile, /Users/kitton/STM32CubeIDE/MAD_LAB/Lab05/Core/Inc/main.h_save
2024-08-22 12:54:46,136 [INFO] CodeEngine:279 - Generated code: /Users/kitton/STM32CubeIDE/MAD_LAB/Lab05/Core/Inc/main.h
2024-08-22 12:54:46,139 [INFO] CodeEngine:255 - oldGeneratedFile, /Users/kitton/STM32CubeIDE/MAD_LAB/Lab05/Core/Src/main.c_save
2024-08-22 12:54:46,383 [INFO] CodeEngine:279 - Generated code: /Users/kitton/STM32CubeIDE/MAD_LAB/Lab05/Core/Src/main.c
2024-08-22 12:54:46,804 [INFO] ProjectBuilder:3249 - Time for Copy HAL[1] : 92mS.
2024-08-22 12:54:46,819 [INFO] ProjectBuilder:4828 - Project Generator version: 4.4.0-B60
2024-08-22 12:54:46,937 [INFO] ConfigFileManager:1531 - The Die is : DIE451
2024-08-22 12:54:46,948 [INFO] ApiDbMcu:508 - Load IP Config File for FATFS
2024-08-22 12:54:46,959 [INFO] ApiDbMcu:508 - Load IP Config File for FREERTOS
2024-08-22 12:54:46,962 [INFO] ApiDbMcu:508 - Load IP Config File for LIBJPEG
2024-08-22 12:54:46,971 [INFO] ApiDbMcu:508 - Load IP Config File for LWIP
2024-08-22 12:54:46,977 [INFO] ApiDbMcu:508 - Load IP Config File for MBEDTLS
2024-08-22 12:54:46,985 [INFO] ApiDbMcu:508 - Load IP Config File for USB_DEVICE
2024-08-22 12:54:46,990 [INFO] ApiDbMcu:508 - Load IP Config File for USB_HOST
2024-08-22 12:54:47,393 [INFO] LogOutputStream:77 - [STDOUT_REDIRECT] 
2024-08-22 12:54:48,621 [INFO] ProjectBuilder:5097 - Time for Generating toolchain IDE Files: 1794mS.
2024-08-22 12:54:48,626 [INFO] ProjectBuilder:3107 - Time for Copy CMSIS : 1mS.
2024-08-22 12:54:48,627 [INFO] ProjectBuilder:3107 - Time for Copy CMSIS : 0mS.
2024-08-22 14:38:24,131 [INFO] WebApp:189 - Connection lost
2024-08-22 14:38:30,782 [INFO] WebApp:186 - Connection restablished
2024-08-22 14:39:10,690 [INFO] WebApp:189 - Connection lost
2024-08-22 14:39:18,930 [INFO] WebApp:186 - Connection restablished
2024-08-22 14:57:05,512 [ERROR] LogOutputStream:75 - [STDERR_REDIRECT] 
