2024-08-20 00:16:13,118 [INFO] Activator:176 - 


2024-08-20 00:16:13,122 [INFO] Activator:177 - !SESSION log4j initialized
2024-08-20 00:16:16,258 [INFO] LogOutputStream:77 - [STDOUT_REDIRECT] 
2024-08-20 00:16:17,609 [ERROR] LogOutputStream:75 - [STDERR_REDIRECT] 
2024-08-20 00:16:20,544 [INFO] LogOutputStream:77 - [STDOUT_REDIRECT] 
2024-08-20 00:16:20,944 [ERROR] LogOutputStream:75 - [STDERR_REDIRECT] [Fatal Error] :2:10: DOCTYPE is disallowed when the feature "http://apache.org/xml/features/disallow-doctype-decl" set to true.
2024-08-20 00:16:20,944 [ERROR] LogOutputStream:75 - [STDERR_REDIRECT] 
2024-08-20 00:16:21,765 [INFO] ApplicationProperties:184 - Using Application install path: /Applications/STM32CubeIDE.app/Contents/Eclipse/plugins/com.st.stm32cube.common.mx_6.12.0.202406281431
2024-08-20 00:16:21,780 [INFO] DbMcusXml:78 - Set database path to: /Applications/STM32CubeIDE.app/Contents/Eclipse/plugins/com.st.stm32cube.common.mx_6.12.0.202406281431//db//mcu/
2024-08-20 00:16:21,780 [INFO] ApiDb:274 - Set plugin database path to: /Applications/STM32CubeIDE.app/Contents/Eclipse/plugins/com.st.stm32cube.common.mx_6.12.0.202406281431//db//plugins/boardmanager/
2024-08-20 00:16:21,780 [WARN] ApiDb:259 - Overriding images path with different value:  => /Applications/STM32CubeIDE.app/Contents/Eclipse/plugins/com.st.stm32cube.common.mx_6.12.0.202406281431//db//plugins/mcufinder/images/
2024-08-20 00:16:21,795 [INFO] ApiDb:250 - Set database path to: /Users/kitton/.stmcufinder/plugins/mcufinder//mcu/
2024-08-20 00:16:21,795 [INFO] DbMcusAds:125 - Set database path to: /Users/kitton/.stmcufinder/plugins/mcufinder//mcu/
2024-08-20 00:16:21,797 [INFO] CrossReferenceDbSqlite:203 - Set database path to: /Users/kitton/.stmcufinder/plugins/mcufinder//mcu/cs/
2024-08-20 00:16:21,889 [INFO] RulesReader:64 - Compatibility file has been processed (297 Rules)
2024-08-20 00:16:21,934 [INFO] DbMcusXml:78 - Set database path to: /Applications/STM32CubeIDE.app/Contents/Eclipse/plugins/com.st.stm32cube.common.mx_6.12.0.202406281431//db//mcu/
2024-08-20 00:16:21,934 [INFO] ApiDb:274 - Set plugin database path to: /Applications/STM32CubeIDE.app/Contents/Eclipse/plugins/com.st.stm32cube.common.mx_6.12.0.202406281431//db//plugins/boardmanager/
2024-08-20 00:16:21,934 [INFO] ApiDb:261 - Set plugin images path to: /Applications/STM32CubeIDE.app/Contents/Eclipse/plugins/com.st.stm32cube.common.mx_6.12.0.202406281431//db//plugins/mcufinder/images/
2024-08-20 00:16:21,934 [WARN] DbFile:41 - Overriding database path with different value: /Users/kitton/.stmcufinder/plugins/mcufinder/ => /Users/kitton/.stmcufinder/plugins/mcufinder
2024-08-20 00:16:21,934 [INFO] ApiDb:250 - Set database path to: /Users/kitton/.stmcufinder/plugins/mcufinder//mcu/
2024-08-20 00:16:21,934 [WARN] DbFile:41 - Overriding database path with different value: /Users/kitton/.stmcufinder/plugins/mcufinder/ => /Users/kitton/.stmcufinder/plugins/mcufinder
2024-08-20 00:16:21,935 [INFO] DbMcusAds:125 - Set database path to: /Users/kitton/.stmcufinder/plugins/mcufinder//mcu/
2024-08-20 00:16:21,935 [WARN] DbFile:41 - Overriding database path with different value: /Users/kitton/.stmcufinder/plugins/mcufinder/ => /Users/kitton/.stmcufinder/plugins/mcufinder
2024-08-20 00:16:21,935 [WARN] DbFile:41 - Overriding database path with different value: /Users/kitton/.stmcufinder/plugins/mcufinder/ => /Users/kitton/.stmcufinder/plugins/mcufinder
2024-08-20 00:16:21,935 [INFO] CrossReferenceDbSqlite:203 - Set database path to: /Users/kitton/.stmcufinder/plugins/mcufinder//mcu/cs/
2024-08-20 00:16:22,016 [INFO] MainPanel:268 - HeapMemory: 314572800
2024-08-20 00:16:22,524 [INFO] DbMcusXml:78 - Set database path to: /Applications/STM32CubeIDE.app/Contents/Eclipse/plugins/com.st.stm32cube.common.mx_6.12.0.202406281431//db//mcu/
2024-08-20 00:16:22,525 [INFO] ApiDb:274 - Set plugin database path to: /Applications/STM32CubeIDE.app/Contents/Eclipse/plugins/com.st.stm32cube.common.mx_6.12.0.202406281431//db//plugins/boardmanager/
2024-08-20 00:16:22,527 [INFO] ApiDb:261 - Set plugin images path to: /Applications/STM32CubeIDE.app/Contents/Eclipse/plugins/com.st.stm32cube.common.mx_6.12.0.202406281431//db//plugins/mcufinder/images/
2024-08-20 00:16:22,527 [WARN] DbFile:41 - Overriding database path with different value: /Users/kitton/.stmcufinder/plugins/mcufinder/ => /Users/kitton/.stmcufinder/plugins/mcufinder
2024-08-20 00:16:22,527 [INFO] ApiDb:250 - Set database path to: /Users/kitton/.stmcufinder/plugins/mcufinder//mcu/
2024-08-20 00:16:22,527 [WARN] DbFile:41 - Overriding database path with different value: /Users/kitton/.stmcufinder/plugins/mcufinder/ => /Users/kitton/.stmcufinder/plugins/mcufinder
2024-08-20 00:16:22,527 [INFO] DbMcusAds:125 - Set database path to: /Users/kitton/.stmcufinder/plugins/mcufinder//mcu/
2024-08-20 00:16:22,527 [WARN] DbFile:41 - Overriding database path with different value: /Users/kitton/.stmcufinder/plugins/mcufinder/ => /Users/kitton/.stmcufinder/plugins/mcufinder
2024-08-20 00:16:22,527 [WARN] DbFile:41 - Overriding database path with different value: /Users/kitton/.stmcufinder/plugins/mcufinder/ => /Users/kitton/.stmcufinder/plugins/mcufinder
2024-08-20 00:16:22,527 [INFO] CrossReferenceDbSqlite:203 - Set database path to: /Users/kitton/.stmcufinder/plugins/mcufinder//mcu/cs/
2024-08-20 00:16:22,552 [INFO] ApplicationProperties:184 - Using Application install path: /Applications/STM32CubeIDE.app/Contents/Eclipse/plugins/com.st.stm32cube.common.mx_6.12.0.202406281431
2024-08-20 00:16:22,553 [INFO] PluginManage:196 - Search for loadable plugins [exclusion list=, ]
2024-08-20 00:16:22,554 [INFO] PluginManage:310 - Check plugin analytics
2024-08-20 00:16:22,717 [INFO] AnalyticsPlugin:253 - Accepted Software Licenses: 
2024-08-20 00:16:22,717 [INFO] AnalyticsPlugin:255 - Accepted CMSIS Pack Licenses: 
2024-08-20 00:16:22,717 [INFO] AnalyticsPlugin:257 - Accepted Firmware Licenses: FW.F7.1.17.0
2024-08-20 00:16:22,725 [INFO] PluginManage:359 - Loaded plugin analytics (category:tool,tabindex:-1)
2024-08-20 00:16:22,726 [INFO] PluginManage:310 - Check plugin cadmodel
2024-08-20 00:16:22,735 [INFO] CADModel:105 - Init CAD model plugin
2024-08-20 00:16:22,735 [INFO] PluginManage:359 - Loaded plugin cadmodel (category:power,tabindex:5)
2024-08-20 00:16:22,735 [INFO] PluginManage:310 - Check plugin clock
2024-08-20 00:16:22,743 [INFO] PluginManage:359 - Loaded plugin clock (category:base,tabindex:2)
2024-08-20 00:16:22,743 [INFO] PluginManage:310 - Check plugin ddr
2024-08-20 00:16:22,744 [INFO] PluginManage:359 - Loaded plugin ddr (category:tool,tabindex:6)
2024-08-20 00:16:22,744 [INFO] PluginManage:310 - Check plugin filemanager
2024-08-20 00:16:22,853 [INFO] PluginManage:359 - Loaded plugin filemanager (category:base,tabindex:10)
2024-08-20 00:16:22,854 [INFO] PluginManage:310 - Check plugin ipmanager
2024-08-20 00:16:22,858 [INFO] PluginManage:359 - Loaded plugin ipmanager (category:base,tabindex:5)
2024-08-20 00:16:22,858 [INFO] PluginManage:310 - Check plugin lpbam
2024-08-20 00:16:22,865 [INFO] PluginManage:359 - Loaded plugin lpbam (category:base,tabindex:0)
2024-08-20 00:16:22,865 [INFO] PluginManage:310 - Check plugin memorymap
2024-08-20 00:16:22,872 [INFO] PluginManage:359 - Loaded plugin memorymap (category:base,tabindex:4)
2024-08-20 00:16:22,872 [INFO] PluginManage:310 - Check plugin pinoutandconfiguration
2024-08-20 00:16:22,876 [INFO] PluginManage:359 - Loaded plugin pinoutandconfiguration (category:base,tabindex:1)
2024-08-20 00:16:22,876 [INFO] PluginManage:310 - Check plugin pinoutconfig
2024-08-20 00:16:22,935 [WARN] SupportedApi:132 - Cannot load RTOS API schema: s4s-elt-must-match.1: The content of 'definitions' must match (annotation?, (simpleType | complexType)?, (unique | key | keyref)*)). A problem was found starting at: attribute.
2024-08-20 00:16:23,040 [INFO] PluginManage:359 - Loaded plugin pinoutconfig (category:base,tabindex:0)
2024-08-20 00:16:23,041 [INFO] PluginManage:310 - Check plugin power
2024-08-20 00:16:23,050 [INFO] PluginManage:359 - Loaded plugin power (category:power,tabindex:4)
2024-08-20 00:16:23,050 [INFO] PluginManage:310 - Check plugin projectmanager
2024-08-20 00:16:23,080 [INFO] PluginManage:359 - Loaded plugin projectmanager (category:projectmanager,tabindex:4)
2024-08-20 00:16:23,080 [INFO] PluginManage:310 - Check plugin rif
2024-08-20 00:16:23,086 [INFO] PluginManage:359 - Loaded plugin rif (category:base,tabindex:3)
2024-08-20 00:16:23,086 [INFO] PluginManage:310 - Check plugin thirdparty
2024-08-20 00:16:23,210 [INFO] PluginManage:359 - Loaded plugin thirdparty (category:base,tabindex:-1)
2024-08-20 00:16:23,210 [INFO] PluginManage:310 - Check plugin tools
2024-08-20 00:16:23,210 [WARN] IntegrityCheckThread:84 - waiting for thirdparty lock release [integrity check]
2024-08-20 00:16:23,210 [INFO] IntegrityCheckThread:86 - entering critical section [integrity check]
2024-08-20 00:16:23,211 [INFO] ThirdPartyUpdaterWithRetryManager:70 - Updater plugin not ready yet. [1/15]
2024-08-20 00:16:23,213 [INFO] PluginManage:359 - Loaded plugin tools (category:base,tabindex:7)
2024-08-20 00:16:23,213 [INFO] PluginManage:310 - Check plugin tutovideos
2024-08-20 00:16:23,341 [INFO] PluginManage:359 - Loaded plugin tutovideos (category:base,tabindex:-1)
2024-08-20 00:16:23,341 [INFO] PluginManage:310 - Check plugin updater
2024-08-20 00:16:23,358 [INFO] PluginManage:359 - Loaded plugin updater (category:base,tabindex:12)
2024-08-20 00:16:23,358 [INFO] PluginManage:310 - Check plugin userauth
2024-08-20 00:16:23,364 [INFO] UserAuth:113 - Init User Auth plugin
2024-08-20 00:16:23,364 [INFO] PluginManage:359 - Loaded plugin userauth (category:base,tabindex:14)
2024-08-20 00:16:23,364 [INFO] PluginManage:283 - PluginManage : Loaded plugins [18]
2024-08-20 00:16:23,559 [INFO] PinOutPanel:1561 - setPackage(No Configuration,No Configuration)
2024-08-20 00:16:23,620 [INFO] CADModel:165 - CPN selected for project level
2024-08-20 00:16:23,620 [INFO] CADModel:114 - Register for checkConnection events
2024-08-20 00:16:23,629 [INFO] IPUIPlugin:80 - create IPUIPlugin
2024-08-20 00:16:23,629 [INFO] PluginManager:220 - loadIPPluginJar : add mdma
2024-08-20 00:16:23,633 [INFO] IPUIPlugin:80 - create IPUIPlugin
2024-08-20 00:16:23,633 [INFO] PluginManager:220 - loadIPPluginJar : add freertos
2024-08-20 00:16:23,635 [INFO] IPUIPlugin:80 - create IPUIPlugin
2024-08-20 00:16:23,635 [INFO] PluginManager:220 - loadIPPluginJar : add gic
2024-08-20 00:16:23,640 [INFO] IPUIPlugin:80 - create IPUIPlugin
2024-08-20 00:16:23,640 [INFO] PluginManager:220 - loadIPPluginJar : add adc
2024-08-20 00:16:23,641 [INFO] IPUIPlugin:80 - create IPUIPlugin
2024-08-20 00:16:23,641 [INFO] PluginManager:220 - loadIPPluginJar : add gtzc
2024-08-20 00:16:23,642 [INFO] IPUIPlugin:80 - create IPUIPlugin
2024-08-20 00:16:23,642 [INFO] PluginManager:220 - loadIPPluginJar : add quadspi
2024-08-20 00:16:23,644 [INFO] IPUIPlugin:80 - create IPUIPlugin
2024-08-20 00:16:23,644 [INFO] PluginManager:220 - loadIPPluginJar : add aes
2024-08-20 00:16:23,646 [INFO] IPUIPlugin:80 - create IPUIPlugin
2024-08-20 00:16:23,646 [INFO] PluginManager:220 - loadIPPluginJar : add pdm2pcm
2024-08-20 00:16:23,647 [INFO] IPUIPlugin:80 - create IPUIPlugin
2024-08-20 00:16:23,647 [INFO] PluginManager:220 - loadIPPluginJar : add hash
2024-08-20 00:16:23,647 [INFO] IPUIPlugin:80 - create IPUIPlugin
2024-08-20 00:16:23,647 [INFO] PluginManager:220 - loadIPPluginJar : add tim
2024-08-20 00:16:23,648 [INFO] IPUIPlugin:80 - create IPUIPlugin
2024-08-20 00:16:23,648 [INFO] PluginManager:220 - loadIPPluginJar : add tsc
2024-08-20 00:16:23,650 [INFO] IPUIPlugin:80 - create IPUIPlugin
2024-08-20 00:16:23,650 [INFO] PluginManager:220 - loadIPPluginJar : add extmemmanager
2024-08-20 00:16:23,650 [INFO] IPUIPlugin:80 - create IPUIPlugin
2024-08-20 00:16:23,651 [INFO] PluginManager:220 - loadIPPluginJar : add ts
2024-08-20 00:16:23,651 [INFO] IPUIPlugin:80 - create IPUIPlugin
2024-08-20 00:16:23,651 [INFO] PluginManager:220 - loadIPPluginJar : add radio
2024-08-20 00:16:23,652 [INFO] IPUIPlugin:80 - create IPUIPlugin
2024-08-20 00:16:23,652 [INFO] PluginManager:220 - loadIPPluginJar : add can
2024-08-20 00:16:23,654 [INFO] IPUIPlugin:80 - create IPUIPlugin
2024-08-20 00:16:23,654 [INFO] PluginManager:220 - loadIPPluginJar : add dma3
2024-08-20 00:16:23,655 [INFO] IPUIPlugin:80 - create IPUIPlugin
2024-08-20 00:16:23,655 [INFO] PluginManager:220 - loadIPPluginJar : add dfsdm
2024-08-20 00:16:23,655 [INFO] IPUIPlugin:80 - create IPUIPlugin
2024-08-20 00:16:23,655 [INFO] PluginManager:220 - loadIPPluginJar : add spi
2024-08-20 00:16:23,656 [INFO] IPUIPlugin:80 - create IPUIPlugin
2024-08-20 00:16:23,657 [INFO] PluginManager:220 - loadIPPluginJar : add gfxmmu
2024-08-20 00:16:23,658 [INFO] IPUIPlugin:80 - create IPUIPlugin
2024-08-20 00:16:23,658 [INFO] PluginManager:220 - loadIPPluginJar : add genericplugin
2024-08-20 00:16:23,658 [INFO] IPUIPlugin:80 - create IPUIPlugin
2024-08-20 00:16:23,659 [INFO] PluginManager:220 - loadIPPluginJar : add cryp
2024-08-20 00:16:23,660 [INFO] IPUIPlugin:80 - create IPUIPlugin
2024-08-20 00:16:23,660 [INFO] PluginManager:220 - loadIPPluginJar : add gpio
2024-08-20 00:16:23,662 [INFO] IPUIPlugin:80 - create IPUIPlugin
2024-08-20 00:16:23,662 [INFO] PluginManager:220 - loadIPPluginJar : add ddr_ctrl_phy
2024-08-20 00:16:23,663 [INFO] IPUIPlugin:80 - create IPUIPlugin
2024-08-20 00:16:23,663 [INFO] PluginManager:220 - loadIPPluginJar : add comp
2024-08-20 00:16:23,664 [INFO] IPUIPlugin:80 - create IPUIPlugin
2024-08-20 00:16:23,664 [INFO] PluginManager:220 - loadIPPluginJar : add tracer_emb
2024-08-20 00:16:23,665 [INFO] IPUIPlugin:80 - create IPUIPlugin
2024-08-20 00:16:23,665 [INFO] PluginManager:220 - loadIPPluginJar : add openamp
2024-08-20 00:16:23,668 [INFO] IPUIPlugin:80 - create IPUIPlugin
2024-08-20 00:16:23,668 [INFO] PluginManager:220 - loadIPPluginJar : add stm32_wpan
2024-08-20 00:16:23,671 [INFO] IPUIPlugin:80 - create IPUIPlugin
2024-08-20 00:16:23,672 [INFO] PluginManager:220 - loadIPPluginJar : add plateformsettings
2024-08-20 00:16:23,674 [INFO] IPUIPlugin:80 - create IPUIPlugin
2024-08-20 00:16:23,674 [INFO] PluginManager:220 - loadIPPluginJar : add ipddr
2024-08-20 00:16:23,676 [INFO] IPUIPlugin:80 - create IPUIPlugin
2024-08-20 00:16:23,676 [INFO] PluginManager:220 - loadIPPluginJar : add usart
2024-08-20 00:16:23,677 [INFO] IPUIPlugin:80 - create IPUIPlugin
2024-08-20 00:16:23,677 [INFO] PluginManager:220 - loadIPPluginJar : add ltdc
2024-08-20 00:16:23,679 [INFO] IPUIPlugin:80 - create IPUIPlugin
2024-08-20 00:16:23,679 [INFO] PluginManager:220 - loadIPPluginJar : add nvic
2024-08-20 00:16:23,680 [INFO] IPUIPlugin:80 - create IPUIPlugin
2024-08-20 00:16:23,680 [INFO] PluginManager:220 - loadIPPluginJar : add fatfs
2024-08-20 00:16:23,683 [INFO] IPUIPlugin:80 - create IPUIPlugin
2024-08-20 00:16:23,683 [INFO] PluginManager:220 - loadIPPluginJar : add linkedlist
2024-08-20 00:16:23,686 [INFO] IPUIPlugin:80 - create IPUIPlugin
2024-08-20 00:16:23,686 [INFO] PluginManager:220 - loadIPPluginJar : add dma
2024-08-20 00:16:23,689 [INFO] IPUIPlugin:80 - create IPUIPlugin
2024-08-20 00:16:23,689 [INFO] PluginManager:220 - loadIPPluginJar : add fmc
2024-08-20 00:16:23,690 [INFO] IPUIPlugin:80 - create IPUIPlugin
2024-08-20 00:16:23,690 [INFO] PluginManager:220 - loadIPPluginJar : add i2s
2024-08-20 00:16:23,691 [INFO] IPUIPlugin:80 - create IPUIPlugin
2024-08-20 00:16:23,691 [INFO] PluginManager:220 - loadIPPluginJar : add ucpd
2024-08-20 00:16:23,692 [INFO] IPUIPlugin:80 - create IPUIPlugin
2024-08-20 00:16:23,692 [INFO] PluginManager:220 - loadIPPluginJar : add lorawan
2024-08-20 00:16:23,694 [INFO] IPUIPlugin:80 - create IPUIPlugin
2024-08-20 00:16:23,694 [INFO] PluginManager:220 - loadIPPluginJar : add opamp
2024-08-20 00:16:23,695 [INFO] IPUIPlugin:80 - create IPUIPlugin
2024-08-20 00:16:23,695 [INFO] PluginManager:220 - loadIPPluginJar : add i3c
2024-08-20 00:16:23,696 [INFO] IPUIPlugin:80 - create IPUIPlugin
2024-08-20 00:16:23,698 [INFO] PluginManager:220 - loadIPPluginJar : add touchsensing
2024-08-20 00:16:23,698 [INFO] IPUIPlugin:80 - create IPUIPlugin
2024-08-20 00:16:23,699 [INFO] PluginManager:220 - loadIPPluginJar : add i2c
2024-08-20 00:16:23,700 [INFO] IPUIPlugin:80 - create IPUIPlugin
2024-08-20 00:16:23,700 [INFO] PluginManager:220 - loadIPPluginJar : add resmgrutility
2024-08-20 00:16:23,701 [INFO] IPUIPlugin:80 - create IPUIPlugin
2024-08-20 00:16:23,701 [INFO] PluginManager:220 - loadIPPluginJar : add sai
2024-08-20 00:16:23,702 [INFO] IPUIPlugin:80 - create IPUIPlugin
2024-08-20 00:16:23,702 [INFO] PluginManager:220 - loadIPPluginJar : add usbx
2024-08-20 00:16:23,810 [INFO] CADModel:165 - CPN selected for project level
2024-08-20 00:16:23,811 [INFO] CADModel:114 - Register for checkConnection events
2024-08-20 00:16:23,811 [FATAL] Updater:334 - Updater called before beeing initialized
2024-08-20 00:16:23,811 [ERROR] CADModel:125 - Updater not yet initialized, retry later 
2024-08-20 00:16:24,059 [INFO] CADModel:165 - CPN selected for project level
2024-08-20 00:16:24,059 [INFO] CADModel:114 - Register for checkConnection events
2024-08-20 00:16:24,060 [FATAL] Updater:334 - Updater called before beeing initialized
2024-08-20 00:16:24,060 [ERROR] CADModel:125 - Updater not yet initialized, retry later 
2024-08-20 00:16:24,068 [FATAL] Updater:334 - Updater called before beeing initialized
2024-08-20 00:16:24,291 [FATAL] Updater:334 - Updater called before beeing initialized
2024-08-20 00:16:24,334 [INFO] DbMcusAds:53 - JSON generation date=Thu May 16 16:22:00 ICT 2024 (1715851320667)
2024-08-20 00:16:24,335 [FATAL] Updater:334 - Updater called before beeing initialized
2024-08-20 00:16:24,385 [WARN] DetailPanel:346 - Failed to get advertising image, set to default
2024-08-20 00:16:24,486 [FATAL] Updater:334 - Updater called before beeing initialized
2024-08-20 00:16:24,493 [FATAL] Updater:334 - Updater called before beeing initialized
2024-08-20 00:16:24,493 [FATAL] Updater:334 - Updater called before beeing initialized
2024-08-20 00:16:24,494 [WARN] DetailPanel:346 - Failed to get advertising image, set to default
2024-08-20 00:16:24,499 [FATAL] Updater:334 - Updater called before beeing initialized
2024-08-20 00:16:24,591 [ERROR] Updater:1164 - MainUpdater not yet initialized. External WinMGr cannot be set.
2024-08-20 00:16:24,595 [INFO] Updater:1100 - Updater Version found : 6.12.0
2024-08-20 00:16:24,606 [INFO] ApplicationProperties:184 - Using Application install path: /Applications/STM32CubeIDE.app/Contents/Eclipse/plugins/com.st.stm32cube.common.mx_6.12.0.202406281431
2024-08-20 00:16:24,906 [INFO] MainUpdater:2873 - connection check result : 10
2024-08-20 00:16:24,907 [INFO] MainUpdater:290 - Updater Check For Update Now.
2024-08-20 00:16:24,907 [INFO] MicroXplorer:498 - Change Database Version : DB.6.0.120
2024-08-20 00:16:24,918 [INFO] McuFinderGlobals:63 - Set McuFinder mode to 2 (CubeIDE integrated)
2024-08-20 00:16:24,919 [INFO] UserAuth:417 - Internet connection configuration mode: 1
2024-08-20 00:16:24,930 [INFO] JxBrowserEngine:152 - Initiate JxBrowser Engine with user profile folder
2024-08-20 00:16:25,110 [INFO] CheckServerUpdateThread:120 - End of CheckServer Thread
2024-08-20 00:16:26,327 [WARN] PackLoader:240 - Cannot read IP mode file for STMicroelectronics.FP-SNS-MOTENVWB1.1.4.0
2024-08-20 00:16:26,348 [WARN] PackLoader:240 - Cannot read IP mode file for STMicroelectronics.FP-SNS-FLIGHT1.5.0.2
2024-08-20 00:16:26,377 [WARN] PackLoader:240 - Cannot read IP mode file for STMicroelectronics.X-CUBE-DISPLAY.3.0.0
2024-08-20 00:16:26,408 [WARN] PackLoader:240 - Cannot read IP mode file for STMicroelectronics.X-CUBE-BLE1.7.0.0
2024-08-20 00:16:26,430 [WARN] PackLoader:240 - Cannot read IP mode file for STMicroelectronics.X-CUBE-BLEMGR.3.1.0
2024-08-20 00:16:26,452 [WARN] PackLoader:240 - Cannot read IP mode file for STMicroelectronics.FP-SNS-SMARTAG2.1.2.0
2024-08-20 00:16:26,460 [WARN] PackLoader:240 - Cannot read IP mode file for STMicroelectronics.FP-SNS-MOTENV1.5.0.0
2024-08-20 00:16:26,470 [WARN] PackLoader:240 - Cannot read IP mode file for STMicroelectronics.X-CUBE-BLE2.3.3.0
2024-08-20 00:16:26,476 [WARN] PackLoader:240 - Cannot read IP mode file for STMicroelectronics.FP-ATR-SIGFOX1.3.2.0
2024-08-20 00:16:26,483 [WARN] PackLoader:240 - Cannot read IP mode file for STMicroelectronics.X-CUBE-EEPRMA1.5.1.0
2024-08-20 00:16:26,498 [WARN] PackLoader:240 - Cannot read IP mode file for STMicroelectronics.X-CUBE-GNSS1.6.0.0
2024-08-20 00:16:26,508 [WARN] PackLoader:240 - Cannot read IP mode file for STMicroelectronics.X-CUBE-FREERTOS.1.2.0
2024-08-20 00:16:26,512 [WARN] PackLoader:240 - Cannot read IP mode file for STMicroelectronics.X-CUBE-AI.9.0.0
2024-08-20 00:16:26,517 [WARN] PackLoader:240 - Cannot read IP mode file for STMicroelectronics.X-CUBE-ALS.1.0.2
2024-08-20 00:16:26,520 [WARN] PackLoader:240 - Cannot read IP mode file for STMicroelectronics.FP-ATR-ASTRA1.2.0.0
2024-08-20 00:16:26,522 [INFO] ThirdParty:978 - Integrity check success = true
2024-08-20 00:16:26,522 [INFO] IntegrityCheckThread:100 - exiting critical section [integrity check]
2024-08-20 00:16:26,522 [INFO] IntegrityCheckThread:103 - End integrity checks thread
2024-08-20 00:16:29,675 [INFO] WebApp:167 - Instantiating new browser for Auth
2024-08-20 00:16:31,100 [INFO] WebApp:448 - Apply proxy settings
2024-08-20 00:16:31,105 [INFO] WebApp:493 - Chromium authenticates against Manually configured proxy
2024-08-20 00:16:31,128 [INFO] WebApp:501 - Username used for proxy authentication: 
2024-08-20 00:16:31,191 [INFO] WebApp:869 - Register for checkConnection events
2024-08-20 00:16:31,191 [INFO] WebApp:448 - Apply proxy settings
2024-08-20 00:16:31,194 [INFO] WebApp:493 - Chromium authenticates against Manually configured proxy
2024-08-20 00:16:31,195 [INFO] WebApp:501 - Username used for proxy authentication: 
2024-08-20 00:16:31,312 [INFO] WebApp:220 - Starting web application
2024-08-20 00:16:31,313 [INFO] WebApp:578 - Web application path used /Applications/STM32CubeIDE.app/Contents/Eclipse/plugins/com.st.stm32cube.common.mx_6.12.0.202406281431/db/plugins/mcufinder/reactClient1/index.html
2024-08-20 00:16:31,782 [INFO] UserAuth:417 - Internet connection configuration mode: 1
2024-08-20 00:16:31,914 [INFO] WebApp:186 - Connection restablished
2024-08-20 00:19:02,725 [INFO] McuFinderGlobals:63 - Set McuFinder mode to 2 (CubeIDE integrated)
2024-08-20 00:19:02,730 [INFO] MainUpdater:2873 - connection check result : 10
2024-08-20 00:19:02,733 [INFO] McuFinderGlobals:76 - Set McuFinderConnectedMode to true
2024-08-20 00:19:03,629 [INFO] ServerAccessManage:473 - Download File mcusAds.json._tmp_
2024-08-20 00:19:03,758 [INFO] LoadUrlFilesThread:156 - End of LoadUrlFiles Thread
2024-08-20 00:19:10,313 [INFO] ServerAccessManage:473 - Download File cube-finder-db.zip
2024-08-20 00:19:14,833 [INFO] FileExtend:240 - Unzip File : cube-finder-db.zip
2024-08-20 00:19:14,838 [INFO] FileExtend:255 - Standard Zip Deflate
2024-08-20 00:19:15,291 [INFO] LoadUrlFilesThread:156 - End of LoadUrlFiles Thread
2024-08-20 00:19:16,434 [INFO] ServerAccessManage:473 - Download File crdb.zip
2024-08-20 00:19:17,497 [INFO] FileExtend:240 - Unzip File : crdb.zip
2024-08-20 00:19:17,498 [INFO] FileExtend:255 - Standard Zip Deflate
2024-08-20 00:19:17,628 [INFO] LoadUrlFilesThread:156 - End of LoadUrlFiles Thread
2024-08-20 00:19:19,481 [INFO] ServerAccessManage:473 - Download File tutoVideoDB.zip
2024-08-20 00:19:19,500 [INFO] FileExtend:240 - Unzip File : tutoVideoDB.zip
2024-08-20 00:19:19,500 [INFO] FileExtend:255 - Standard Zip Deflate
2024-08-20 00:19:19,622 [INFO] LoadUrlFilesThread:156 - End of LoadUrlFiles Thread
2024-08-20 00:19:19,641 [WARN] DbFile:41 - Overriding database path with different value: /Users/kitton/.stmcufinder/plugins/mcufinder/ => /Users/kitton/.stmcufinder/plugins/mcufinder
2024-08-20 00:19:20,713 [INFO] ServerAccessManage:473 - Download File api_config.json
2024-08-20 00:19:20,829 [INFO] LoadUrlFilesThread:156 - End of LoadUrlFiles Thread
2024-08-20 00:19:20,836 [INFO] DbMcusAds:53 - JSON generation date=Thu May 16 16:22:00 ICT 2024 (1715851320667)
2024-08-20 00:19:20,881 [INFO] LoadUrlFilesThread:185 - End of LoadServerUrlFiles without Thread
2024-08-20 00:19:20,883 [INFO] TargetSelectorAdapter:259 - Refresh data is successful
2024-08-20 00:19:21,690 [INFO] ApiDb:581 - Connected to CubeFinder SQLite database (/Users/kitton/.stmcufinder/plugins/mcufinder/mcu/cube-finder-db.db)
2024-08-20 00:19:21,727 [INFO] ApiDb:668 - CubeFinder database Data Model version=2.1
2024-08-20 00:19:21,727 [INFO] ApiDb:669 - CubeFinder database Configuration version=3.0.39
2024-08-20 00:19:21,728 [INFO] ApiDb:670 - CubeFinder database generation date=2024-06-20 (1718880634)
2024-08-20 00:19:21,728 [INFO] ApiDb:671 - CubeFinder database FW Pack versions=[FP-ATR-ASTRA1_V2.0.0, FP-SNS-FLIGHT1_V5.0.2, FP-SNS-MOTENV1_V5.0.0, FP-SNS-MOTENVWB1_V1.4.0, FP-SNS-SMARTAG2_V1.2.0, STM32Cube_FW_C0_V1.2.0, STM32Cube_FW_F4_V1.28.0, STM32Cube_FW_F7_V1.17.2, STM32Cube_FW_G0_V1.6.2, STM32Cube_FW_G4_V1.6.0, STM32Cube_FW_H5_V1.3.0, STM32Cube_FW_H7RS_V1.1.0, STM32Cube_FW_H7_V1.11.2, STM32Cube_FW_L0_V1.12.2, STM32Cube_FW_L5_V1.5.1, STM32Cube_FW_U0_V1.1.0, STM32Cube_FW_U5_V1.6.0, STM32Cube_FW_WB0_V1.0.0, STM32Cube_FW_WBA_V1.4.0, STM32Cube_FW_WB_V1.20.0, STM32Cube_FW_WL_V1.3.0, X-CUBE-ALGOBUILD_V1.4.0, X-CUBE-ALS_V1.0.2, X-CUBE-AZRTOS-F4_V1.1.0, X-CUBE-AZRTOS-F7_V1.1.0, X-CUBE-AZRTOS-G0_V1.1.0, X-CUBE-AZRTOS-G4_V2.0.0, X-CUBE-AZRTOS-H7RS_V1.0.0, X-CUBE-AZRTOS-H7_V3.2.0, X-CUBE-AZRTOS-L4_V2.0.0, X-CUBE-AZRTOS-L5_V1.1.0, X-CUBE-AZRTOS-WB_V2.0.0, X-CUBE-AZRTOS-WL_V2.0.0, X-CUBE-BLE1_V7.0.0, X-CUBE-BLE2_V3.3.0, X-CUBE-BLEMGR_V3.1.0, X-CUBE-EEPRMA1_V5.1.0, X-CUBE-FREERTOS_V1.2.0, X-CUBE-GNSS1_V6.0.0, X-CUBE-MEMS1_V10.0.0, X-CUBE-NFC4_V3.0.0, X-CUBE-NFC7_V1.0.1, X-CUBE-SFXS2LP1_V4.0.0, X-CUBE-SUBG2_V5.0.0, X-CUBE-TOF1_V3.4.1]
2024-08-20 00:19:23,018 [INFO] ApiDb:240 - Found 646 in-development CPN: [B-G473E-ZEST1S, B-WB1M-WPAN1, B-WL5M-SUBG1, NUCLEO-C031C6, NUCLEO-C071RB, NUCLEO-H503RB, NUCLEO-H533RE, NUCLEO-H563ZI, NUCLEO-H7S3L8, NUCLEO-U031R8, NUCLEO-U083RC, NUCLEO-U545RE-Q, NUCLEO-U5A5ZJ-Q, NUCLEO-WB05KZ, NUCLEO-WB07CC, NUCLEO-WB09KE, NUCLEO-WBA52CG, NUCLEO-WBA55CG, STEVAL-PROTEUS1, STEVAL-SMARTAG2, STEVAL-STWINBX1, STM320518-EVAL, STM32C0116-DK, STM32C011D6Y3TR, STM32C011D6Y6TR, STM32C011F4P3, STM32C011F4P6, STM32C011F4U3, STM32C011F4U6TR, STM32C011F6P3, STM32C011F6P6, STM32C011F6U3, STM32C011F6U6TR, STM32C011J4M3, STM32C011J4M6, STM32C011J6M3, STM32C011J6M6, STM32C0316-DK, STM32C031C4T3, STM32C031C4T6, STM32C031C4U3, STM32C031C4U6, STM32C031C6T3, STM32C031C6T6, STM32C031C6U3, STM32C031C6U6, STM32C031F4P3, STM32C031F4P6, STM32C031F6P3, STM32C031F6P6, STM32C031G4U3, STM32C031G4U6, STM32C031G6U3, STM32C031G6U6, STM32C031K4T3, STM32C031K4T6, STM32C031K4U3, STM32C031K4U6, STM32C031K6T3, STM32C031K6T6, STM32C031K6U3, STM32C031K6U6, STM32C071C8T6, STM32C071C8T6N, STM32C071C8U6, STM32C071C8U6N, STM32C071CBT6, STM32C071CBT6N, STM32C071CBU6, STM32C071CBU6N, STM32C071F8P6, STM32C071F8P6N, STM32C071FBP6, STM32C071FBP6N, STM32C071FBY6TR, STM32C071G8U6, STM32C071G8U6N, STM32C071GBU6, STM32C071GBU6N, STM32C071K8T6, STM32C071K8T6N, STM32C071K8U6, STM32C071K8U6N, STM32C071KBT6, STM32C071KBT6N, STM32C071KBU6, STM32C071KBU6N, STM32C071R8T6, STM32C071R8T6N, STM32C071RBI6N, STM32C071RBT6, STM32C071RBT6N, STM32G071K8TXN, STM32G071K8UXN, STM32G081GBU6N, STM32G081KBT6N, STM32G081KBUXN, STM32G0B1CCT6N, STM32G0B1KCT6, STM32G0B1NEY6TR, STM32G0B1RCT6N, STM32G0C1CCT6, STM32G0C1CCT6N, STM32G0C1CCU6N, STM32G0C1CET6N, STM32G0C1CEU6N, STM32G0C1KCT6, STM32G0C1NEY6TR, STM32G0C1RCI6N, STM32G0C1RCT6N, STM32G0C1REI6N, STM32G0C1RET6N, STM32G0C1VCI6, STM32G0C1VEI6, STM32G411C6T3, STM32G411C6T6, STM32G411C6U3, STM32G411C6U6, STM32G411C8T3, STM32G411C8T6, STM32G411C8U3, STM32G411C8U6, STM32G411CBT3, STM32G411CBT6, STM32G411CBU3, STM32G411CBU6, STM32G411K6T3, STM32G411K6T6, STM32G411K6U3, STM32G411K6U6, STM32G411K8T3, STM32G411K8T6, STM32G411K8U3, STM32G411K8U6, STM32G411KBT3, STM32G411KBT6, STM32G411KBU3, STM32G411KBU6, STM32G411M6T3, STM32G411M6T6, STM32G411M8T3, STM32G411M8T6, STM32G411MBT3, STM32G411MBT6, STM32G411R6T3, STM32G411R6T6, STM32G411R8T3, STM32G411R8T6, STM32G411RBT3, STM32G411RBT6, STM32G414CBT3, STM32G414CBT6, STM32G414CBU3, STM32G414CBU6, STM32G414CCT3, STM32G414CCT6, STM32G414CCU3, STM32G414CCU6, STM32G414MBT3, STM32G414MBT6, STM32G414MCT3, STM32G414MCT6, STM32G414RBT3, STM32G414RBT6, STM32G414RCT3, STM32G414RCT6, STM32G414VBT3, STM32G414VBT6, STM32G414VCT3, STM32G414VCT6, STM32G431CBT3Z, STM32G431RBT3Z, STM32G471CCT6, STM32G471CCU6, STM32G471CET3, STM32G471CET6, STM32G471CEU3, STM32G471CEU6, STM32G471MCT6, STM32G471MET3, STM32G471MET6, STM32G471MEY6TR, STM32G471QCT6, STM32G471QET3, STM32G471RCT6, STM32G471RET3, STM32G471RET6, STM32G471VCH6, STM32G471VCI6, STM32G471VCT6, STM32G471VEH3, STM32G471VEH6, STM32G471VEI3, STM32G471VEI6, STM32G471VET3, STM32G471VET6, STM32G473QET3Z, STM32G473RET3Z, STM32G474CCT6, STM32G491RET3Z, STM32H503CBT6, STM32H503CBU6, STM32H503EBY6TR, STM32H503KBU6, STM32H503RBT6, STM32H523CCT6, STM32H523CCU6, STM32H523CET6, STM32H523CEU6, STM32H523HEY6TR, STM32H523RCT6, STM32H523RET6, STM32H523VCI6, STM32H523VCT6, STM32H523VEI6, STM32H523VET6, STM32H523ZCJ6, STM32H523ZCT6, STM32H523ZEJ6, STM32H523ZET6, STM32H533CET6, STM32H533CEU6, STM32H533HEY6TR, STM32H533RET6, STM32H533VEI6, STM32H533VET6, STM32H533ZEJ6, STM32H533ZET6, STM32H562AGI6, STM32H562AII6, STM32H562IGK6, STM32H562IGT6, STM32H562IIK6, STM32H562IIT6, STM32H562RGT6, STM32H562RGV6, STM32H562RIT6, STM32H562RIV6, STM32H562VGT6, STM32H562VIT6, STM32H562ZGT6, STM32H562ZIT6, STM32H563AGI6, STM32H563AII3Q, STM32H563AII6, STM32H563IGK6, STM32H563IGT6, STM32H563IIK3Q, STM32H563IIK6, STM32H563IIT3Q, STM32H563IIT6, STM32H563MIY3QTR, STM32H563RGT6, STM32H563RGV6, STM32H563RIT6, STM32H563RIV6, STM32H563VGT6, STM32H563VIT3Q, STM32H563VIT6, STM32H563ZGT6, STM32H563ZIT3Q, STM32H563ZIT6, STM32H573AII3Q, STM32H573AII6, STM32H573I-DK, STM32H573IIK3Q, STM32H573IIK6, STM32H573IIT3Q, STM32H573IIT6, STM32H573MIY3QTR, STM32H573RIT6, STM32H573RIV6, STM32H573VIT3Q, STM32H573VIT6, STM32H573ZIT3Q, STM32H573ZIT6, STM32H7R3A8I6, STM32H7R3I8K6, STM32H7R3I8T6, STM32H7R3L8H6, STM32H7R3L8H6H, STM32H7R3R8V6, STM32H7R3V8H6, STM32H7R3V8T6, STM32H7R3V8Y6TR, STM32H7R3Z8J6, STM32H7R3Z8T6, STM32H7R7A8I6, STM32H7R7I8K6, STM32H7R7I8T6, STM32H7R7L8H6, STM32H7R7L8H6H, STM32H7R7Z8J6, STM32H7S3A8I6, STM32H7S3I8K6, STM32H7S3I8T6, STM32H7S3L8H6, STM32H7S3L8H6H, STM32H7S3R8V6, STM32H7S3V8H6, STM32H7S3V8T6, STM32H7S3V8Y6TR, STM32H7S3Z8J6, STM32H7S3Z8T6, STM32H7S78-DK, STM32H7S7A8I6, STM32H7S7I8K6, STM32H7S7I8T6, STM32H7S7L8H6, STM32H7S7L8H6H, STM32H7S7Z8J6, STM32L4R5QGI6STR, STM32MP131AAE3, STM32MP131AAF3, STM32MP131AAG3, STM32MP131CAE3, STM32MP131CAF3, STM32MP131CAG3, STM32MP131DAE7, STM32MP131DAF7, STM32MP131DAG7, STM32MP131FAE7, STM32MP131FAF7, STM32MP131FAG7, STM32MP133AAE3, STM32MP133AAF3, STM32MP133AAG3, STM32MP133CAE3, STM32MP133CAF3, STM32MP133CAG3, STM32MP133DAE7, STM32MP133DAF7, STM32MP133DAG7, STM32MP133FAE7, STM32MP133FAF7, STM32MP133FAG7, STM32MP135AAE3, STM32MP135AAF3, STM32MP135AAG3, STM32MP135CAE3, STM32MP135CAF3, STM32MP135CAG3, STM32MP135DAE7, STM32MP135DAF7, STM32MP135DAG7, STM32MP135F-DK, STM32MP135FAE7, STM32MP135FAF7, STM32MP135FAF7T, STM32MP135FAF7U, STM32MP135FAG7, STM32MP251AAI3, STM32MP251AAK3, STM32MP251AAL3, STM32MP251CAI3, STM32MP251CAK3, STM32MP251CAL3, STM32MP251DAI3, STM32MP251DAK3, STM32MP251DAL3, STM32MP251FAI3, STM32MP251FAK3, STM32MP251FAL3, STM32MP253AAI3, STM32MP253AAK3, STM32MP253AAL3, STM32MP253CAI3, STM32MP253CAK3, STM32MP253CAL3, STM32MP253DAI3, STM32MP253DAK3, STM32MP253DAL3, STM32MP253FAI3, STM32MP253FAK3, STM32MP253FAL3, STM32MP255AAI3, STM32MP255AAK3, STM32MP255AAL3, STM32MP255CAI3, STM32MP255CAK3, STM32MP255CAL3, STM32MP255DAI3, STM32MP255DAK3, STM32MP255DAL3, STM32MP255FAI3, STM32MP255FAK3, STM32MP255FAL3, STM32MP257AAI3, STM32MP257AAK3, STM32MP257AAL3, STM32MP257CAI3, STM32MP257CAK3, STM32MP257CAL3, STM32MP257DAI3, STM32MP257DAK3, STM32MP257DAL3, STM32MP257F-DK, STM32MP257F-EV1, STM32MP257FAI3, STM32MP257FAK3, STM32MP257FAL3, STM32U031C6T6, STM32U031C6U6, STM32U031C8T6, STM32U031C8U6, STM32U031F4P6, STM32U031F6P6, STM32U031F8P6, STM32U031G6Y6TR, STM32U031G8Y6TR, STM32U031K4U6, STM32U031K6U6, STM32U031K8U6, STM32U031R6I6, STM32U031R6T6, STM32U031R8I6, STM32U031R8T6, STM32U073C8T6, STM32U073C8U6, STM32U073CBT6, STM32U073CBU6, STM32U073CCT6, STM32U073CCU6, STM32U073H8Y6TR, STM32U073HBY6TR, STM32U073HCY6TR, STM32U073K8U6, STM32U073KBU6, STM32U073KCU6, STM32U073M8I6, STM32U073M8T6, STM32U073MBI6, STM32U073MBT6, STM32U073MCI6, STM32U073MCT6, STM32U073R8I6, STM32U073R8T6, STM32U073RBI6, STM32U073RBT6, STM32U073RCI6, STM32U073RCT6, STM32U083C-DK, STM32U083CCT6, STM32U083CCU6, STM32U083HCY6TR, STM32U083KCU6, STM32U083MCI6, STM32U083MCT6, STM32U083RCI6, STM32U083RCT6, STM32U535CBT6, STM32U535CBT6Q, STM32U535CBU6, STM32U535CBU6Q, STM32U535CCT6, STM32U535CCT6Q, STM32U535CCU6, STM32U535CCU6Q, STM32U535CET6, STM32U535CET6Q, STM32U535CEU6, STM32U535CEU6Q, STM32U535JEY6QTR, STM32U535NCY6QTR, STM32U535NEY6QTR, STM32U535RBI6, STM32U535RBI6Q, STM32U535RBT6, STM32U535RBT6Q, STM32U535RCI6, STM32U535RCI6Q, STM32U535RCT6, STM32U535RCT6Q, STM32U535REI6, STM32U535REI6Q, STM32U535RET6, STM32U535RET6Q, STM32U535VCI6, STM32U535VCI6Q, STM32U535VCT6, STM32U535VCT6Q, STM32U535VEI6, STM32U535VEI6Q, STM32U535VET6, STM32U535VET6Q, STM32U545CET6, STM32U545CET6Q, STM32U545CEU6, STM32U545CEU6Q, STM32U545JEY6QTR, STM32U545NEY6QTR, STM32U545REI6, STM32U545REI6Q, STM32U545RET6, STM32U545RET6Q, STM32U545VEI6, STM32U545VEI6Q, STM32U545VET6, STM32U545VET6Q, STM32U595AIH6, STM32U595AIH6Q, STM32U595AJH6, STM32U595AJH6Q, STM32U595QII6, STM32U595QII6Q, STM32U595QJI6, STM32U595QJI6Q, STM32U595RIT6, STM32U595RIT6Q, STM32U595RJT6, STM32U595RJT6Q, STM32U595VIT6, STM32U595VIT6Q, STM32U595VJT6, STM32U595VJT6Q, STM32U595ZIT6, STM32U595ZIT6Q, STM32U595ZIY6QTR, STM32U595ZJT6, STM32U595ZJT6Q, STM32U595ZJY6QTR, STM32U599BJY6QTR, STM32U599NIH6Q, STM32U599NJH6Q, STM32U599VIT6Q, STM32U599VJT6, STM32U599VJT6Q, STM32U599ZIT6Q, STM32U599ZIY6QTR, STM32U599ZJT6Q, STM32U599ZJY6QTR, STM32U5A5AJH6, STM32U5A5AJH6Q, STM32U5A5QII3Q , STM32U5A5QJI6, STM32U5A5QJI6Q, STM32U5A5RJT6, STM32U5A5RJT6Q, STM32U5A5VJT6, STM32U5A5VJT6Q, STM32U5A5ZJT6, STM32U5A5ZJT6Q, STM32U5A5ZJY6QTR, STM32U5A9BJY6QTR, STM32U5A9J-DK, STM32U5A9NJH6Q, STM32U5A9VJT6Q, STM32U5A9ZJT6Q, STM32U5A9ZJY6QTR, STM32U5F7VIT6, STM32U5F7VIT6Q, STM32U5F7VJT6, STM32U5F7VJT6Q, STM32U5F9BJY6QTR, STM32U5F9NJH6Q, STM32U5F9VIT6Q, STM32U5F9VJT6Q, STM32U5F9ZIJ6QTR, STM32U5F9ZIT6Q, STM32U5F9ZJJ6QTR, STM32U5F9ZJT6Q, STM32U5G7VJT6, STM32U5G7VJT6Q, STM32U5G9BJY6QTR, STM32U5G9J-DK1, STM32U5G9J-DK2, STM32U5G9NJH6Q, STM32U5G9VJT6Q, STM32U5G9ZJJ6QTR, STM32U5G9ZJT6Q, STM32WB05KZV6TR, STM32WB05KZV7TR, STM32WB05TZF6TR, STM32WB05TZF7TR, STM32WB06CCF6TR, STM32WB06CCF7TR, STM32WB06CCV6TR, STM32WB06CCV7TR, STM32WB06KCV6TR, STM32WB06KCV7TR, STM32WB07CCF6TR, STM32WB07CCF7TR, STM32WB07CCV6TR, STM32WB07CCV7TR, STM32WB07KCV6TR, STM32WB07KCV7TR, STM32WB09KEV6TR, STM32WB09KEV7TR, STM32WB09TEF6TR, STM32WB09TEF7TR, STM32WB1MMCH6, STM32WBA50KGU6, STM32WBA50KGU6TR, STM32WBA52CEU6, STM32WBA52CEU6TR, STM32WBA52CEU7, STM32WBA52CEU7TR, STM32WBA52CGU6, STM32WBA52CGU6TR, STM32WBA52CGU6U, STM32WBA52CGU7, STM32WBA52CGU7TR, STM32WBA52KEU6, STM32WBA52KEU6TR, STM32WBA52KGU6, STM32WBA52KGU6TR, STM32WBA54CEU6, STM32WBA54CEU6TR, STM32WBA54CEU7, STM32WBA54CEU7TR, STM32WBA54CGU6, STM32WBA54CGU6TR, STM32WBA54CGU7, STM32WBA54CGU7TR, STM32WBA54KEU6, STM32WBA54KEU6TR, STM32WBA54KEU7, STM32WBA54KEU7TR, STM32WBA54KGU6, STM32WBA54KGU6TR, STM32WBA54KGU7, STM32WBA54KGU7TR, STM32WBA55CEU6, STM32WBA55CEU6TR, STM32WBA55CEU7, STM32WBA55CEU7TR, STM32WBA55CGU6, STM32WBA55CGU6TR, STM32WBA55CGU6U, STM32WBA55CGU7, STM32WBA55CGU7TR, STM32WBA55G-DK1, STM32WBA55HEF6, STM32WBA55HEF7, STM32WBA55HGF6, STM32WBA55HGF7, STM32WBA55UEI6, STM32WBA55UEI6TR, STM32WBA55UEI7, STM32WBA55UEI7TR, STM32WBA55UGI6, STM32WBA55UGI6TR, STM32WBA55UGI7, STM32WBA55UGI7TR, STM32WL5MOCH6, STM32WL5MOCH6TR]
2024-08-20 00:19:23,023 [INFO] DbMcus:218 - Found 4251 MCUs, 4251 are supported
2024-08-20 00:19:23,025 [INFO] ApiDb:423 - Load user favorites file /Users/kitton/.stm32cubeide/favorites.mcus.txt: 1 item(s)
2024-08-20 00:19:23,025 [INFO] ApiDb:427 - User favorites MCUs=[STM32F767ZIT6]
2024-08-20 00:19:23,025 [INFO] DbMcus:224 - Set 1 / 1 favorites MCUs
2024-08-20 00:19:23,259 [INFO] ApiDb:668 - CubeFinder database Data Model version=2.1
2024-08-20 00:19:23,259 [INFO] ApiDb:669 - CubeFinder database Configuration version=3.0.39
2024-08-20 00:19:23,259 [INFO] ApiDb:670 - CubeFinder database generation date=2024-06-20 (1718880634)
2024-08-20 00:19:23,260 [INFO] ApiDb:671 - CubeFinder database FW Pack versions=[FP-ATR-ASTRA1_V2.0.0, FP-SNS-FLIGHT1_V5.0.2, FP-SNS-MOTENV1_V5.0.0, FP-SNS-MOTENVWB1_V1.4.0, FP-SNS-SMARTAG2_V1.2.0, STM32Cube_FW_C0_V1.2.0, STM32Cube_FW_F4_V1.28.0, STM32Cube_FW_F7_V1.17.2, STM32Cube_FW_G0_V1.6.2, STM32Cube_FW_G4_V1.6.0, STM32Cube_FW_H5_V1.3.0, STM32Cube_FW_H7RS_V1.1.0, STM32Cube_FW_H7_V1.11.2, STM32Cube_FW_L0_V1.12.2, STM32Cube_FW_L5_V1.5.1, STM32Cube_FW_U0_V1.1.0, STM32Cube_FW_U5_V1.6.0, STM32Cube_FW_WB0_V1.0.0, STM32Cube_FW_WBA_V1.4.0, STM32Cube_FW_WB_V1.20.0, STM32Cube_FW_WL_V1.3.0, X-CUBE-ALGOBUILD_V1.4.0, X-CUBE-ALS_V1.0.2, X-CUBE-AZRTOS-F4_V1.1.0, X-CUBE-AZRTOS-F7_V1.1.0, X-CUBE-AZRTOS-G0_V1.1.0, X-CUBE-AZRTOS-G4_V2.0.0, X-CUBE-AZRTOS-H7RS_V1.0.0, X-CUBE-AZRTOS-H7_V3.2.0, X-CUBE-AZRTOS-L4_V2.0.0, X-CUBE-AZRTOS-L5_V1.1.0, X-CUBE-AZRTOS-WB_V2.0.0, X-CUBE-AZRTOS-WL_V2.0.0, X-CUBE-BLE1_V7.0.0, X-CUBE-BLE2_V3.3.0, X-CUBE-BLEMGR_V3.1.0, X-CUBE-EEPRMA1_V5.1.0, X-CUBE-FREERTOS_V1.2.0, X-CUBE-GNSS1_V6.0.0, X-CUBE-MEMS1_V10.0.0, X-CUBE-NFC4_V3.0.0, X-CUBE-NFC7_V1.0.1, X-CUBE-SFXS2LP1_V4.0.0, X-CUBE-SUBG2_V5.0.0, X-CUBE-TOF1_V3.4.1]
2024-08-20 00:19:23,311 [INFO] DbBoardsSqlite:226 - include board P-NUCLEO-WB55-NUCLEO as a kit item of type 'Nucleo-64'
2024-08-20 00:19:23,312 [INFO] DbBoardsSqlite:226 - include board P-NUCLEO-WB55-USBDONGLE as a kit item of type 'Nucleo USB Dongle'
2024-08-20 00:19:23,313 [INFO] DbBoardsSqlite:226 - include board STEVAL-IDP005V1 as a kit item of type 'Evaluation Board'
2024-08-20 00:19:23,313 [INFO] DbBoardsSqlite:226 - include board STEVAL-IDP005V2 as a kit item of type 'Evaluation Board'
2024-08-20 00:19:23,344 [INFO] ApiDb:240 - Found 646 in-development CPN: [B-G473E-ZEST1S, B-WB1M-WPAN1, B-WL5M-SUBG1, NUCLEO-C031C6, NUCLEO-C071RB, NUCLEO-H503RB, NUCLEO-H533RE, NUCLEO-H563ZI, NUCLEO-H7S3L8, NUCLEO-U031R8, NUCLEO-U083RC, NUCLEO-U545RE-Q, NUCLEO-U5A5ZJ-Q, NUCLEO-WB05KZ, NUCLEO-WB07CC, NUCLEO-WB09KE, NUCLEO-WBA52CG, NUCLEO-WBA55CG, STEVAL-PROTEUS1, STEVAL-SMARTAG2, STEVAL-STWINBX1, STM320518-EVAL, STM32C0116-DK, STM32C011D6Y3TR, STM32C011D6Y6TR, STM32C011F4P3, STM32C011F4P6, STM32C011F4U3, STM32C011F4U6TR, STM32C011F6P3, STM32C011F6P6, STM32C011F6U3, STM32C011F6U6TR, STM32C011J4M3, STM32C011J4M6, STM32C011J6M3, STM32C011J6M6, STM32C0316-DK, STM32C031C4T3, STM32C031C4T6, STM32C031C4U3, STM32C031C4U6, STM32C031C6T3, STM32C031C6T6, STM32C031C6U3, STM32C031C6U6, STM32C031F4P3, STM32C031F4P6, STM32C031F6P3, STM32C031F6P6, STM32C031G4U3, STM32C031G4U6, STM32C031G6U3, STM32C031G6U6, STM32C031K4T3, STM32C031K4T6, STM32C031K4U3, STM32C031K4U6, STM32C031K6T3, STM32C031K6T6, STM32C031K6U3, STM32C031K6U6, STM32C071C8T6, STM32C071C8T6N, STM32C071C8U6, STM32C071C8U6N, STM32C071CBT6, STM32C071CBT6N, STM32C071CBU6, STM32C071CBU6N, STM32C071F8P6, STM32C071F8P6N, STM32C071FBP6, STM32C071FBP6N, STM32C071FBY6TR, STM32C071G8U6, STM32C071G8U6N, STM32C071GBU6, STM32C071GBU6N, STM32C071K8T6, STM32C071K8T6N, STM32C071K8U6, STM32C071K8U6N, STM32C071KBT6, STM32C071KBT6N, STM32C071KBU6, STM32C071KBU6N, STM32C071R8T6, STM32C071R8T6N, STM32C071RBI6N, STM32C071RBT6, STM32C071RBT6N, STM32G071K8TXN, STM32G071K8UXN, STM32G081GBU6N, STM32G081KBT6N, STM32G081KBUXN, STM32G0B1CCT6N, STM32G0B1KCT6, STM32G0B1NEY6TR, STM32G0B1RCT6N, STM32G0C1CCT6, STM32G0C1CCT6N, STM32G0C1CCU6N, STM32G0C1CET6N, STM32G0C1CEU6N, STM32G0C1KCT6, STM32G0C1NEY6TR, STM32G0C1RCI6N, STM32G0C1RCT6N, STM32G0C1REI6N, STM32G0C1RET6N, STM32G0C1VCI6, STM32G0C1VEI6, STM32G411C6T3, STM32G411C6T6, STM32G411C6U3, STM32G411C6U6, STM32G411C8T3, STM32G411C8T6, STM32G411C8U3, STM32G411C8U6, STM32G411CBT3, STM32G411CBT6, STM32G411CBU3, STM32G411CBU6, STM32G411K6T3, STM32G411K6T6, STM32G411K6U3, STM32G411K6U6, STM32G411K8T3, STM32G411K8T6, STM32G411K8U3, STM32G411K8U6, STM32G411KBT3, STM32G411KBT6, STM32G411KBU3, STM32G411KBU6, STM32G411M6T3, STM32G411M6T6, STM32G411M8T3, STM32G411M8T6, STM32G411MBT3, STM32G411MBT6, STM32G411R6T3, STM32G411R6T6, STM32G411R8T3, STM32G411R8T6, STM32G411RBT3, STM32G411RBT6, STM32G414CBT3, STM32G414CBT6, STM32G414CBU3, STM32G414CBU6, STM32G414CCT3, STM32G414CCT6, STM32G414CCU3, STM32G414CCU6, STM32G414MBT3, STM32G414MBT6, STM32G414MCT3, STM32G414MCT6, STM32G414RBT3, STM32G414RBT6, STM32G414RCT3, STM32G414RCT6, STM32G414VBT3, STM32G414VBT6, STM32G414VCT3, STM32G414VCT6, STM32G431CBT3Z, STM32G431RBT3Z, STM32G471CCT6, STM32G471CCU6, STM32G471CET3, STM32G471CET6, STM32G471CEU3, STM32G471CEU6, STM32G471MCT6, STM32G471MET3, STM32G471MET6, STM32G471MEY6TR, STM32G471QCT6, STM32G471QET3, STM32G471RCT6, STM32G471RET3, STM32G471RET6, STM32G471VCH6, STM32G471VCI6, STM32G471VCT6, STM32G471VEH3, STM32G471VEH6, STM32G471VEI3, STM32G471VEI6, STM32G471VET3, STM32G471VET6, STM32G473QET3Z, STM32G473RET3Z, STM32G474CCT6, STM32G491RET3Z, STM32H503CBT6, STM32H503CBU6, STM32H503EBY6TR, STM32H503KBU6, STM32H503RBT6, STM32H523CCT6, STM32H523CCU6, STM32H523CET6, STM32H523CEU6, STM32H523HEY6TR, STM32H523RCT6, STM32H523RET6, STM32H523VCI6, STM32H523VCT6, STM32H523VEI6, STM32H523VET6, STM32H523ZCJ6, STM32H523ZCT6, STM32H523ZEJ6, STM32H523ZET6, STM32H533CET6, STM32H533CEU6, STM32H533HEY6TR, STM32H533RET6, STM32H533VEI6, STM32H533VET6, STM32H533ZEJ6, STM32H533ZET6, STM32H562AGI6, STM32H562AII6, STM32H562IGK6, STM32H562IGT6, STM32H562IIK6, STM32H562IIT6, STM32H562RGT6, STM32H562RGV6, STM32H562RIT6, STM32H562RIV6, STM32H562VGT6, STM32H562VIT6, STM32H562ZGT6, STM32H562ZIT6, STM32H563AGI6, STM32H563AII3Q, STM32H563AII6, STM32H563IGK6, STM32H563IGT6, STM32H563IIK3Q, STM32H563IIK6, STM32H563IIT3Q, STM32H563IIT6, STM32H563MIY3QTR, STM32H563RGT6, STM32H563RGV6, STM32H563RIT6, STM32H563RIV6, STM32H563VGT6, STM32H563VIT3Q, STM32H563VIT6, STM32H563ZGT6, STM32H563ZIT3Q, STM32H563ZIT6, STM32H573AII3Q, STM32H573AII6, STM32H573I-DK, STM32H573IIK3Q, STM32H573IIK6, STM32H573IIT3Q, STM32H573IIT6, STM32H573MIY3QTR, STM32H573RIT6, STM32H573RIV6, STM32H573VIT3Q, STM32H573VIT6, STM32H573ZIT3Q, STM32H573ZIT6, STM32H7R3A8I6, STM32H7R3I8K6, STM32H7R3I8T6, STM32H7R3L8H6, STM32H7R3L8H6H, STM32H7R3R8V6, STM32H7R3V8H6, STM32H7R3V8T6, STM32H7R3V8Y6TR, STM32H7R3Z8J6, STM32H7R3Z8T6, STM32H7R7A8I6, STM32H7R7I8K6, STM32H7R7I8T6, STM32H7R7L8H6, STM32H7R7L8H6H, STM32H7R7Z8J6, STM32H7S3A8I6, STM32H7S3I8K6, STM32H7S3I8T6, STM32H7S3L8H6, STM32H7S3L8H6H, STM32H7S3R8V6, STM32H7S3V8H6, STM32H7S3V8T6, STM32H7S3V8Y6TR, STM32H7S3Z8J6, STM32H7S3Z8T6, STM32H7S78-DK, STM32H7S7A8I6, STM32H7S7I8K6, STM32H7S7I8T6, STM32H7S7L8H6, STM32H7S7L8H6H, STM32H7S7Z8J6, STM32L4R5QGI6STR, STM32MP131AAE3, STM32MP131AAF3, STM32MP131AAG3, STM32MP131CAE3, STM32MP131CAF3, STM32MP131CAG3, STM32MP131DAE7, STM32MP131DAF7, STM32MP131DAG7, STM32MP131FAE7, STM32MP131FAF7, STM32MP131FAG7, STM32MP133AAE3, STM32MP133AAF3, STM32MP133AAG3, STM32MP133CAE3, STM32MP133CAF3, STM32MP133CAG3, STM32MP133DAE7, STM32MP133DAF7, STM32MP133DAG7, STM32MP133FAE7, STM32MP133FAF7, STM32MP133FAG7, STM32MP135AAE3, STM32MP135AAF3, STM32MP135AAG3, STM32MP135CAE3, STM32MP135CAF3, STM32MP135CAG3, STM32MP135DAE7, STM32MP135DAF7, STM32MP135DAG7, STM32MP135F-DK, STM32MP135FAE7, STM32MP135FAF7, STM32MP135FAF7T, STM32MP135FAF7U, STM32MP135FAG7, STM32MP251AAI3, STM32MP251AAK3, STM32MP251AAL3, STM32MP251CAI3, STM32MP251CAK3, STM32MP251CAL3, STM32MP251DAI3, STM32MP251DAK3, STM32MP251DAL3, STM32MP251FAI3, STM32MP251FAK3, STM32MP251FAL3, STM32MP253AAI3, STM32MP253AAK3, STM32MP253AAL3, STM32MP253CAI3, STM32MP253CAK3, STM32MP253CAL3, STM32MP253DAI3, STM32MP253DAK3, STM32MP253DAL3, STM32MP253FAI3, STM32MP253FAK3, STM32MP253FAL3, STM32MP255AAI3, STM32MP255AAK3, STM32MP255AAL3, STM32MP255CAI3, STM32MP255CAK3, STM32MP255CAL3, STM32MP255DAI3, STM32MP255DAK3, STM32MP255DAL3, STM32MP255FAI3, STM32MP255FAK3, STM32MP255FAL3, STM32MP257AAI3, STM32MP257AAK3, STM32MP257AAL3, STM32MP257CAI3, STM32MP257CAK3, STM32MP257CAL3, STM32MP257DAI3, STM32MP257DAK3, STM32MP257DAL3, STM32MP257F-DK, STM32MP257F-EV1, STM32MP257FAI3, STM32MP257FAK3, STM32MP257FAL3, STM32U031C6T6, STM32U031C6U6, STM32U031C8T6, STM32U031C8U6, STM32U031F4P6, STM32U031F6P6, STM32U031F8P6, STM32U031G6Y6TR, STM32U031G8Y6TR, STM32U031K4U6, STM32U031K6U6, STM32U031K8U6, STM32U031R6I6, STM32U031R6T6, STM32U031R8I6, STM32U031R8T6, STM32U073C8T6, STM32U073C8U6, STM32U073CBT6, STM32U073CBU6, STM32U073CCT6, STM32U073CCU6, STM32U073H8Y6TR, STM32U073HBY6TR, STM32U073HCY6TR, STM32U073K8U6, STM32U073KBU6, STM32U073KCU6, STM32U073M8I6, STM32U073M8T6, STM32U073MBI6, STM32U073MBT6, STM32U073MCI6, STM32U073MCT6, STM32U073R8I6, STM32U073R8T6, STM32U073RBI6, STM32U073RBT6, STM32U073RCI6, STM32U073RCT6, STM32U083C-DK, STM32U083CCT6, STM32U083CCU6, STM32U083HCY6TR, STM32U083KCU6, STM32U083MCI6, STM32U083MCT6, STM32U083RCI6, STM32U083RCT6, STM32U535CBT6, STM32U535CBT6Q, STM32U535CBU6, STM32U535CBU6Q, STM32U535CCT6, STM32U535CCT6Q, STM32U535CCU6, STM32U535CCU6Q, STM32U535CET6, STM32U535CET6Q, STM32U535CEU6, STM32U535CEU6Q, STM32U535JEY6QTR, STM32U535NCY6QTR, STM32U535NEY6QTR, STM32U535RBI6, STM32U535RBI6Q, STM32U535RBT6, STM32U535RBT6Q, STM32U535RCI6, STM32U535RCI6Q, STM32U535RCT6, STM32U535RCT6Q, STM32U535REI6, STM32U535REI6Q, STM32U535RET6, STM32U535RET6Q, STM32U535VCI6, STM32U535VCI6Q, STM32U535VCT6, STM32U535VCT6Q, STM32U535VEI6, STM32U535VEI6Q, STM32U535VET6, STM32U535VET6Q, STM32U545CET6, STM32U545CET6Q, STM32U545CEU6, STM32U545CEU6Q, STM32U545JEY6QTR, STM32U545NEY6QTR, STM32U545REI6, STM32U545REI6Q, STM32U545RET6, STM32U545RET6Q, STM32U545VEI6, STM32U545VEI6Q, STM32U545VET6, STM32U545VET6Q, STM32U595AIH6, STM32U595AIH6Q, STM32U595AJH6, STM32U595AJH6Q, STM32U595QII6, STM32U595QII6Q, STM32U595QJI6, STM32U595QJI6Q, STM32U595RIT6, STM32U595RIT6Q, STM32U595RJT6, STM32U595RJT6Q, STM32U595VIT6, STM32U595VIT6Q, STM32U595VJT6, STM32U595VJT6Q, STM32U595ZIT6, STM32U595ZIT6Q, STM32U595ZIY6QTR, STM32U595ZJT6, STM32U595ZJT6Q, STM32U595ZJY6QTR, STM32U599BJY6QTR, STM32U599NIH6Q, STM32U599NJH6Q, STM32U599VIT6Q, STM32U599VJT6, STM32U599VJT6Q, STM32U599ZIT6Q, STM32U599ZIY6QTR, STM32U599ZJT6Q, STM32U599ZJY6QTR, STM32U5A5AJH6, STM32U5A5AJH6Q, STM32U5A5QII3Q , STM32U5A5QJI6, STM32U5A5QJI6Q, STM32U5A5RJT6, STM32U5A5RJT6Q, STM32U5A5VJT6, STM32U5A5VJT6Q, STM32U5A5ZJT6, STM32U5A5ZJT6Q, STM32U5A5ZJY6QTR, STM32U5A9BJY6QTR, STM32U5A9J-DK, STM32U5A9NJH6Q, STM32U5A9VJT6Q, STM32U5A9ZJT6Q, STM32U5A9ZJY6QTR, STM32U5F7VIT6, STM32U5F7VIT6Q, STM32U5F7VJT6, STM32U5F7VJT6Q, STM32U5F9BJY6QTR, STM32U5F9NJH6Q, STM32U5F9VIT6Q, STM32U5F9VJT6Q, STM32U5F9ZIJ6QTR, STM32U5F9ZIT6Q, STM32U5F9ZJJ6QTR, STM32U5F9ZJT6Q, STM32U5G7VJT6, STM32U5G7VJT6Q, STM32U5G9BJY6QTR, STM32U5G9J-DK1, STM32U5G9J-DK2, STM32U5G9NJH6Q, STM32U5G9VJT6Q, STM32U5G9ZJJ6QTR, STM32U5G9ZJT6Q, STM32WB05KZV6TR, STM32WB05KZV7TR, STM32WB05TZF6TR, STM32WB05TZF7TR, STM32WB06CCF6TR, STM32WB06CCF7TR, STM32WB06CCV6TR, STM32WB06CCV7TR, STM32WB06KCV6TR, STM32WB06KCV7TR, STM32WB07CCF6TR, STM32WB07CCF7TR, STM32WB07CCV6TR, STM32WB07CCV7TR, STM32WB07KCV6TR, STM32WB07KCV7TR, STM32WB09KEV6TR, STM32WB09KEV7TR, STM32WB09TEF6TR, STM32WB09TEF7TR, STM32WB1MMCH6, STM32WBA50KGU6, STM32WBA50KGU6TR, STM32WBA52CEU6, STM32WBA52CEU6TR, STM32WBA52CEU7, STM32WBA52CEU7TR, STM32WBA52CGU6, STM32WBA52CGU6TR, STM32WBA52CGU6U, STM32WBA52CGU7, STM32WBA52CGU7TR, STM32WBA52KEU6, STM32WBA52KEU6TR, STM32WBA52KGU6, STM32WBA52KGU6TR, STM32WBA54CEU6, STM32WBA54CEU6TR, STM32WBA54CEU7, STM32WBA54CEU7TR, STM32WBA54CGU6, STM32WBA54CGU6TR, STM32WBA54CGU7, STM32WBA54CGU7TR, STM32WBA54KEU6, STM32WBA54KEU6TR, STM32WBA54KEU7, STM32WBA54KEU7TR, STM32WBA54KGU6, STM32WBA54KGU6TR, STM32WBA54KGU7, STM32WBA54KGU7TR, STM32WBA55CEU6, STM32WBA55CEU6TR, STM32WBA55CEU7, STM32WBA55CEU7TR, STM32WBA55CGU6, STM32WBA55CGU6TR, STM32WBA55CGU6U, STM32WBA55CGU7, STM32WBA55CGU7TR, STM32WBA55G-DK1, STM32WBA55HEF6, STM32WBA55HEF7, STM32WBA55HGF6, STM32WBA55HGF7, STM32WBA55UEI6, STM32WBA55UEI6TR, STM32WBA55UEI7, STM32WBA55UEI7TR, STM32WBA55UGI6, STM32WBA55UGI6TR, STM32WBA55UGI7, STM32WBA55UGI7TR, STM32WL5MOCH6, STM32WL5MOCH6TR]
2024-08-20 00:19:23,433 [INFO] BoardInfo:889 - No configuration file found for board P-NUCLEO-WB55
2024-08-20 00:19:23,434 [INFO] DbBoards:161 - Kit is not supported: P-NUCLEO-WB55
2024-08-20 00:19:23,437 [INFO] BoardInfo:889 - No configuration file found for board STEVAL-BFA001V1B
2024-08-20 00:19:23,437 [INFO] DbBoards:161 - Kit is not supported: STEVAL-BFA001V1B
2024-08-20 00:19:23,437 [INFO] BoardInfo:889 - No configuration file found for board STEVAL-BFA001V2B
2024-08-20 00:19:23,438 [INFO] DbBoards:161 - Kit is not supported: STEVAL-BFA001V2B
2024-08-20 00:19:23,553 [INFO] DbBoards:168 - Found 201 boards, 198 are supported
2024-08-20 00:19:23,554 [INFO] DbBoards:169 - Found 201 boards, 25 of them is supported for  Bsp
2024-08-20 00:19:23,558 [INFO] ApiDb:414 - User favorites file not found: /Users/kitton/.stm32cubeide/favorites.boards.txt
2024-08-20 00:19:23,558 [INFO] DbBoards:198 - Set 0 / 0 favorites Boards
2024-08-20 00:19:23,565 [INFO] ApiDb:668 - CubeFinder database Data Model version=2.1
2024-08-20 00:19:23,565 [INFO] ApiDb:669 - CubeFinder database Configuration version=3.0.39
2024-08-20 00:19:23,565 [INFO] ApiDb:670 - CubeFinder database generation date=2024-06-20 (1718880634)
2024-08-20 00:19:23,566 [INFO] ApiDb:671 - CubeFinder database FW Pack versions=[FP-ATR-ASTRA1_V2.0.0, FP-SNS-FLIGHT1_V5.0.2, FP-SNS-MOTENV1_V5.0.0, FP-SNS-MOTENVWB1_V1.4.0, FP-SNS-SMARTAG2_V1.2.0, STM32Cube_FW_C0_V1.2.0, STM32Cube_FW_F4_V1.28.0, STM32Cube_FW_F7_V1.17.2, STM32Cube_FW_G0_V1.6.2, STM32Cube_FW_G4_V1.6.0, STM32Cube_FW_H5_V1.3.0, STM32Cube_FW_H7RS_V1.1.0, STM32Cube_FW_H7_V1.11.2, STM32Cube_FW_L0_V1.12.2, STM32Cube_FW_L5_V1.5.1, STM32Cube_FW_U0_V1.1.0, STM32Cube_FW_U5_V1.6.0, STM32Cube_FW_WB0_V1.0.0, STM32Cube_FW_WBA_V1.4.0, STM32Cube_FW_WB_V1.20.0, STM32Cube_FW_WL_V1.3.0, X-CUBE-ALGOBUILD_V1.4.0, X-CUBE-ALS_V1.0.2, X-CUBE-AZRTOS-F4_V1.1.0, X-CUBE-AZRTOS-F7_V1.1.0, X-CUBE-AZRTOS-G0_V1.1.0, X-CUBE-AZRTOS-G4_V2.0.0, X-CUBE-AZRTOS-H7RS_V1.0.0, X-CUBE-AZRTOS-H7_V3.2.0, X-CUBE-AZRTOS-L4_V2.0.0, X-CUBE-AZRTOS-L5_V1.1.0, X-CUBE-AZRTOS-WB_V2.0.0, X-CUBE-AZRTOS-WL_V2.0.0, X-CUBE-BLE1_V7.0.0, X-CUBE-BLE2_V3.3.0, X-CUBE-BLEMGR_V3.1.0, X-CUBE-EEPRMA1_V5.1.0, X-CUBE-FREERTOS_V1.2.0, X-CUBE-GNSS1_V6.0.0, X-CUBE-MEMS1_V10.0.0, X-CUBE-NFC4_V3.0.0, X-CUBE-NFC7_V1.0.1, X-CUBE-SFXS2LP1_V4.0.0, X-CUBE-SUBG2_V5.0.0, X-CUBE-TOF1_V3.4.1]
2024-08-20 00:19:24,119 [ERROR] DbExamplesSqlite:437 - Missing JSON key: board_cpn
2024-08-20 00:19:24,121 [ERROR] DbExamplesSqlite:437 - Missing JSON key: board_cpn
2024-08-20 00:19:24,121 [ERROR] DbExamplesSqlite:437 - Missing JSON key: board_cpn
2024-08-20 00:19:24,121 [ERROR] DbExamplesSqlite:437 - Missing JSON key: board_cpn
2024-08-20 00:19:24,221 [INFO] DbExamplesSqlite:395 - Ignored 28 examples not supported by CubeIDE
2024-08-20 00:19:24,222 [INFO] DbExamplesSqlite:396 - Found 8590 examples active
2024-08-20 00:19:24,222 [INFO] DbExamplesSqlite:397 - Found 0 examples obsolete
2024-08-20 00:19:24,222 [INFO] DbExamplesSqlite:398 - Found 0 examples under development
2024-08-20 00:19:24,223 [INFO] DbExamplesSqlite:399 - Found 10 examples not building
2024-08-20 00:19:24,227 [INFO] DbExamples:125 - Found 8572 examples
2024-08-20 00:19:24,258 [ERROR] DbExamples:208 - Found 167 examples with invalid data (board or MCU)
2024-08-20 00:19:24,258 [INFO] DbExamples:222 - Found 106 boards with related examples
2024-08-20 00:19:24,259 [INFO] DbExamples:235 - Found 88 MCUs with related examples
2024-08-20 00:19:24,278 [INFO] ApiDb:414 - User favorites file not found: /Users/kitton/.stm32cubeide/favorites.examples.txt
2024-08-20 00:19:24,278 [INFO] DbExamples:250 - Set 0 / 0 favorites Examples
2024-08-20 00:19:24,514 [INFO] McuFinderGlobals:76 - Set McuFinderConnectedMode to true
2024-08-20 00:19:24,522 [INFO] MultiScanPanel:200 - Auto-refresh data requested => check proxy status ongoing
2024-08-20 00:19:24,524 [INFO] FinderPluginLoader:95 - Searching for filters in installed packs
2024-08-20 00:19:25,792 [INFO] LoadUrlFilesThread:185 - End of LoadServerUrlFiles without Thread
2024-08-20 00:19:25,827 [INFO] DetailPanel:341 - Set advertising image to /Users/kitton/STM32Cube/Repository//en.prom-stm32h7rs-mcu-finder.jpg
2024-08-20 00:19:39,331 [INFO] MainUpdater:2873 - connection check result : 10
2024-08-20 00:19:39,332 [INFO] MainUpdater:2873 - connection check result : 10
2024-08-20 00:19:41,988 [INFO] RulesReader:64 - Compatibility file has been processed (297 Rules)
2024-08-20 00:19:41,995 [INFO] RulesReader:64 - Compatibility file has been processed (297 Rules)
2024-08-20 00:19:41,998 [INFO] MicroXplorer:468 - Change Database Path : 
2024-08-20 00:19:41,999 [INFO] MicroXplorer:498 - Change Database Version : DB.6.0.120
2024-08-20 00:19:42,002 [WARN] ThirdParty:871 - waiting for thirdparty lock release [close project]
2024-08-20 00:19:42,002 [INFO] ThirdParty:873 - entering critical section [close project]
2024-08-20 00:19:42,005 [INFO] ThirdParty:883 - exiting critical section [close project]
2024-08-20 00:19:42,006 [INFO] PinOutPanel:1561 - setPackage(No Configuration,No Configuration)
2024-08-20 00:19:42,011 [INFO] UtilMem:75 - Begin LoadConfig() Used Memory: 800589824 Bytes (1073741824)
2024-08-20 00:19:42,011 [INFO] MicroXplorer:468 - Change Database Path : 
2024-08-20 00:19:42,012 [INFO] MicroXplorer:498 - Change Database Version : DB.6.0.120
2024-08-20 00:19:42,012 [INFO] OpenFileManager:332 - Change cursor
2024-08-20 00:19:42,051 [INFO] Mcu:2032 - Initializing MCU STM32F767ZITx STM32F767ZITx STM32F767ZIT6
2024-08-20 00:19:44,141 [INFO] Context:742 - Trying to add GPIOservice into a context  which must be forbidden
2024-08-20 00:19:45,096 [INFO] ImportTextPane:205 - (OptionalMessage_ERROR) Unable to find key (Mcu.ThirdPartyNb) in loaded IOC file
2024-08-20 00:19:45,098 [INFO] ImportTextPane:205 - (OptionalMessage_ERROR) Unable to find key (Mcu.PinsNb) in loaded IOC file
2024-08-20 00:19:45,098 [INFO] ImportTextPane:205 - (OptionalMessage_ERROR) Unable to find key (Mcu.IPNb) in loaded IOC file
2024-08-20 00:19:45,193 [WARN] ModelIntegratedComponent:63 - No mode defined for component null
2024-08-20 00:19:45,193 [WARN] ModelIntegratedComponent:63 - No mode defined for component null
2024-08-20 00:19:45,193 [WARN] ModelIntegratedComponent:63 - No mode defined for component null
2024-08-20 00:19:45,193 [WARN] ModelIntegratedComponent:63 - No mode defined for component null
2024-08-20 00:19:45,193 [WARN] ModelIntegratedComponent:63 - No mode defined for component null
2024-08-20 00:19:45,193 [WARN] ModelIntegratedComponent:63 - No mode defined for component null
2024-08-20 00:19:45,193 [WARN] ModelIntegratedComponent:63 - No mode defined for component null
2024-08-20 00:19:45,193 [WARN] ModelIntegratedComponent:63 - No mode defined for component null
2024-08-20 00:19:45,193 [WARN] ModelIntegratedComponent:63 - No mode defined for component null
2024-08-20 00:19:45,193 [WARN] ModelIntegratedComponent:63 - No mode defined for component null
2024-08-20 00:19:45,193 [WARN] ModelIntegratedComponent:63 - No mode defined for component null
2024-08-20 00:19:45,193 [WARN] ModelIntegratedComponent:63 - No mode defined for component null
2024-08-20 00:19:45,193 [WARN] ModelIntegratedComponent:63 - No mode defined for component null
2024-08-20 00:19:45,193 [WARN] ModelIntegratedComponent:63 - No mode defined for component null
2024-08-20 00:19:45,193 [WARN] ModelIntegratedComponent:63 - No mode defined for component null
2024-08-20 00:19:45,193 [WARN] ModelIntegratedComponent:63 - No mode defined for component null
2024-08-20 00:19:45,194 [WARN] ModelIntegratedComponent:63 - No mode defined for component null
2024-08-20 00:19:45,194 [WARN] ModelIntegratedComponent:63 - No mode defined for component null
2024-08-20 00:19:45,194 [WARN] ModelIntegratedComponent:63 - No mode defined for component null
2024-08-20 00:19:45,194 [WARN] ModelIntegratedComponent:63 - No mode defined for component null
2024-08-20 00:19:45,194 [WARN] ModelIntegratedComponent:63 - No mode defined for component null
2024-08-20 00:19:45,194 [WARN] ModelIntegratedComponent:63 - No mode defined for component null
2024-08-20 00:19:45,194 [WARN] ModelIntegratedComponent:63 - No mode defined for component null
2024-08-20 00:19:45,194 [WARN] ModelIntegratedComponent:63 - No mode defined for component null
2024-08-20 00:19:45,194 [WARN] ModelIntegratedComponent:63 - No mode defined for component null
2024-08-20 00:19:45,194 [WARN] ModelIntegratedComponent:63 - No mode defined for component null
2024-08-20 00:19:45,194 [WARN] ModelIntegratedComponent:63 - No mode defined for component null
2024-08-20 00:19:45,194 [WARN] ModelIntegratedComponent:63 - No mode defined for component null
2024-08-20 00:19:45,194 [WARN] ModelIntegratedComponent:63 - No mode defined for component null
2024-08-20 00:19:45,194 [WARN] ModelIntegratedComponent:63 - No mode defined for component null
2024-08-20 00:19:45,194 [WARN] ModelIntegratedComponent:63 - No mode defined for component null
2024-08-20 00:19:45,194 [WARN] ModelIntegratedComponent:63 - No mode defined for component null
2024-08-20 00:19:45,194 [WARN] ModelIntegratedComponent:63 - No mode defined for component null
2024-08-20 00:19:45,194 [WARN] ModelIntegratedComponent:63 - No mode defined for component null
2024-08-20 00:19:45,194 [WARN] ModelIntegratedComponent:63 - No mode defined for component null
2024-08-20 00:19:45,194 [WARN] ModelPack:524 - Component already loaded: STMicroelectronics:HAL Drivers:0.0.0:STMicroelectronics:Device:STMicro_Driver:XSPI:HAL::0.0.1:HAL_XSPI
2024-08-20 00:19:45,203 [INFO] RtosManager:555 - Registered RTOS mode: class=CMSIS, group=RTOS, mode=CMSIS_V1, owner=FREERTOS
2024-08-20 00:19:45,203 [INFO] RtosManager:555 - Registered RTOS mode: class=CMSIS, group=RTOS2, mode=CMSIS_V2, owner=FREERTOS
2024-08-20 00:19:45,203 [INFO] RtosManager:555 - Registered RTOS mode: class=RTOS, group=Core, mode=CMSIS_V1, owner=FREERTOS
2024-08-20 00:19:45,203 [INFO] RtosManager:555 - Registered RTOS mode: class=RTOS, group=Core, mode=CMSIS_V2, owner=FREERTOS
2024-08-20 00:19:45,203 [WARN] ModelIntegratedComponent:184 - Missing modes for component STMicroelectronics:FreeRTOS:0.0.1:STMicroelectronics:RTOS:FreeRTOS:Core:::10.2.0:
2024-08-20 00:19:45,216 [INFO] ThirdPartyModel:298 - Start build external matchings
2024-08-20 00:19:45,235 [INFO] ThirdPartyModel:316 - End build external matchings
2024-08-20 00:19:45,502 [INFO] UtilMem:75 - End LoadConfig() Used Memory: 757127328 Bytes (1073741824)
2024-08-20 00:19:45,522 [WARN] ThirdParty:833 - waiting for thirdparty lock release [change project]
2024-08-20 00:19:45,524 [INFO] ThirdParty:835 - entering critical section [change project]
2024-08-20 00:19:45,524 [INFO] ThirdParty:1030 - CMSIS Pack Vendor :STMicroelectronics USBPD 4.1
2024-08-20 00:19:45,525 [INFO] ThirdParty:1030 - CMSIS Pack Vendor :STMicroelectronics X-CUBE-DISPLAY 3.0.0
2024-08-20 00:19:45,525 [INFO] ThirdParty:1030 - CMSIS Pack Vendor :STMicroelectronics X-CUBE-GNSS1 6.0.0
2024-08-20 00:19:45,525 [INFO] ThirdParty:1030 - CMSIS Pack Vendor :STMicroelectronics USB_HOST 2.0.0
2024-08-20 00:19:45,525 [INFO] ThirdParty:1030 - CMSIS Pack Vendor :STMicroelectronics FP-SNS-MOTENVWB1 1.4.0
2024-08-20 00:19:45,525 [INFO] ThirdParty:1030 - CMSIS Pack Vendor :STMicroelectronics LIBJPEG 8.0.0
2024-08-20 00:19:45,525 [INFO] ThirdParty:1030 - CMSIS Pack Vendor :STMicroelectronics X-CUBE-BLE1 7.0.0
2024-08-20 00:19:45,525 [INFO] ThirdParty:1030 - CMSIS Pack Vendor :STMicroelectronics FP-ATR-SIGFOX1 3.2.0
2024-08-20 00:19:45,525 [INFO] ThirdParty:1030 - CMSIS Pack Vendor :STMicroelectronics USB_DEVICE 3.0.0
2024-08-20 00:19:45,525 [INFO] ThirdParty:1030 - CMSIS Pack Vendor :STMicroelectronics X-CUBE-EEPRMA1 5.1.0
2024-08-20 00:19:45,525 [INFO] ThirdParty:1030 - CMSIS Pack Vendor :STMicroelectronics HAL Drivers 0.0.0
2024-08-20 00:19:45,525 [INFO] ThirdParty:1030 - CMSIS Pack Vendor :STMicroelectronics MBEDTLS 2.16.2
2024-08-20 00:19:45,525 [INFO] ThirdParty:1030 - CMSIS Pack Vendor :STMicroelectronics X-CUBE-FREERTOS 1.2.0
2024-08-20 00:19:45,525 [INFO] ThirdParty:1030 - CMSIS Pack Vendor :STMicroelectronics X-CUBE-ALS 1.0.2
2024-08-20 00:19:45,525 [INFO] ThirdParty:1030 - CMSIS Pack Vendor :STMicroelectronics MBEDTLS 2.14.1
2024-08-20 00:19:45,525 [INFO] ThirdParty:1030 - CMSIS Pack Vendor :STMicroelectronics USB_DEVICE 2.0.0
2024-08-20 00:19:45,525 [INFO] ThirdParty:1030 - CMSIS Pack Vendor :STMicroelectronics X-CUBE-BLEMGR 3.1.0
2024-08-20 00:19:45,525 [INFO] ThirdParty:1030 - CMSIS Pack Vendor :STMicroelectronics ThreadX 1.0.0
2024-08-20 00:19:45,525 [INFO] ThirdParty:1030 - CMSIS Pack Vendor :STMicroelectronics FP-SNS-SMARTAG2 1.2.0
2024-08-20 00:19:45,525 [INFO] ThirdParty:1030 - CMSIS Pack Vendor :STMicroelectronics FreeRTOS 0.0.1
2024-08-20 00:19:45,525 [INFO] ThirdParty:1030 - CMSIS Pack Vendor :STMicroelectronics FP-SNS-MOTENV1 5.0.0
2024-08-20 00:19:45,525 [INFO] ThirdParty:1030 - CMSIS Pack Vendor :STMicroelectronics USB_DEVICE 1.0.0
2024-08-20 00:19:45,525 [INFO] ThirdParty:1030 - CMSIS Pack Vendor :STMicroelectronics STM32_WPAN 1.0.0
2024-08-20 00:19:45,525 [INFO] ThirdParty:1030 - CMSIS Pack Vendor :STMicroelectronics ThreadX 0.0.2
2024-08-20 00:19:45,525 [INFO] ThirdParty:1030 - CMSIS Pack Vendor :STMicroelectronics FP-ATR-ASTRA1 2.0.0
2024-08-20 00:19:45,525 [INFO] ThirdParty:1030 - CMSIS Pack Vendor :STMicroelectronics lwIP 2.0.3
2024-08-20 00:19:45,526 [INFO] ThirdParty:1030 - CMSIS Pack Vendor :STMicroelectronics lwIP 2.1.2
2024-08-20 00:19:45,526 [INFO] ThirdParty:1030 - CMSIS Pack Vendor :STMicroelectronics FP-SNS-FLIGHT1 5.0.2
2024-08-20 00:19:45,526 [INFO] ThirdParty:1030 - CMSIS Pack Vendor :STMicroelectronics X-CUBE-BLE2 3.3.0
2024-08-20 00:19:45,526 [INFO] ThirdParty:1030 - CMSIS Pack Vendor :STMicroelectronics USB_HOST 1.0.0
2024-08-20 00:19:45,526 [INFO] ThirdParty:1030 - CMSIS Pack Vendor :STMicroelectronics X-CUBE-AI 9.0.0
2024-08-20 00:19:45,526 [INFO] ThirdParty:1030 - CMSIS Pack Vendor :STMicroelectronics PDM2PCM 3.1.0
2024-08-20 00:19:45,526 [INFO] ThirdParty:1030 - CMSIS Pack Vendor :STMicroelectronics PDM2PCM 3.2.0
2024-08-20 00:19:45,526 [INFO] ThirdParty:1030 - CMSIS Pack Vendor :STMicroelectronics PDM2PCM 3.3.0
2024-08-20 00:19:45,526 [INFO] ThirdParty:841 - exiting critical section [change project]
2024-08-20 00:19:46,033 [INFO] PinOutPanel:1561 - setPackage(No Configuration,No Configuration)
2024-08-20 00:19:46,036 [INFO] PinOutPanel:1561 - setPackage(STM32F767ZITx,LQFP144)
2024-08-20 00:19:47,119 [INFO] UtilMem:75 - Before build in PCC Used Memory: 948071496 Bytes (1073741824)
2024-08-20 00:19:48,121 [INFO] UtilMem:75 - After build in PCC Used Memory: 860283392 Bytes (1073741824)
2024-08-20 00:19:48,192 [INFO] IPUIPlugin:80 - create IPUIPlugin
2024-08-20 00:19:48,192 [INFO] IPUIPlugin:80 - create IPUIPlugin
2024-08-20 00:19:48,192 [INFO] IPUIPlugin:80 - create IPUIPlugin
2024-08-20 00:19:48,196 [INFO] IPUIPlugin:80 - create IPUIPlugin
2024-08-20 00:19:48,196 [INFO] IPUIPlugin:80 - create IPUIPlugin
2024-08-20 00:19:48,197 [INFO] IPUIPlugin:80 - create IPUIPlugin
2024-08-20 00:19:48,197 [INFO] IPUIPlugin:80 - create IPUIPlugin
2024-08-20 00:19:48,197 [INFO] IPUIPlugin:80 - create IPUIPlugin
2024-08-20 00:19:48,197 [INFO] IPUIPlugin:80 - create IPUIPlugin
2024-08-20 00:19:48,197 [INFO] IPUIPlugin:80 - create IPUIPlugin
2024-08-20 00:19:48,197 [INFO] IPUIPlugin:80 - create IPUIPlugin
2024-08-20 00:19:48,197 [INFO] IPUIPlugin:80 - create IPUIPlugin
2024-08-20 00:19:48,197 [INFO] IPUIPlugin:80 - create IPUIPlugin
2024-08-20 00:19:48,198 [INFO] IPUIPlugin:80 - create IPUIPlugin
2024-08-20 00:19:48,204 [INFO] IPUIPlugin:80 - create IPUIPlugin
2024-08-20 00:19:48,204 [INFO] IPUIPlugin:80 - create IPUIPlugin
2024-08-20 00:19:48,204 [INFO] IPUIPlugin:80 - create IPUIPlugin
2024-08-20 00:19:48,205 [INFO] IPUIPlugin:80 - create IPUIPlugin
2024-08-20 00:19:48,205 [INFO] IPUIPlugin:80 - create IPUIPlugin
2024-08-20 00:19:48,205 [INFO] IPUIPlugin:80 - create IPUIPlugin
2024-08-20 00:19:48,205 [INFO] IPUIPlugin:80 - create IPUIPlugin
2024-08-20 00:19:48,205 [INFO] IPUIPlugin:80 - create IPUIPlugin
2024-08-20 00:19:48,206 [INFO] IPUIPlugin:80 - create IPUIPlugin
2024-08-20 00:19:48,206 [INFO] IPUIPlugin:80 - create IPUIPlugin
2024-08-20 00:19:48,206 [INFO] IPUIPlugin:80 - create IPUIPlugin
2024-08-20 00:19:48,206 [INFO] IPUIPlugin:80 - create IPUIPlugin
2024-08-20 00:19:48,206 [INFO] IPUIPlugin:80 - create IPUIPlugin
2024-08-20 00:19:48,206 [INFO] IPUIPlugin:80 - create IPUIPlugin
2024-08-20 00:19:48,206 [INFO] IPUIPlugin:80 - create IPUIPlugin
2024-08-20 00:19:48,206 [INFO] IPUIPlugin:80 - create IPUIPlugin
2024-08-20 00:19:48,207 [INFO] IPUIPlugin:80 - create IPUIPlugin
2024-08-20 00:19:48,207 [INFO] IPUIPlugin:80 - create IPUIPlugin
2024-08-20 00:19:48,207 [INFO] IPUIPlugin:80 - create IPUIPlugin
2024-08-20 00:19:48,207 [INFO] IPUIPlugin:80 - create IPUIPlugin
2024-08-20 00:19:48,207 [INFO] IPUIPlugin:80 - create IPUIPlugin
2024-08-20 00:19:48,207 [INFO] IPUIPlugin:80 - create IPUIPlugin
2024-08-20 00:19:48,207 [INFO] IPUIPlugin:80 - create IPUIPlugin
2024-08-20 00:19:48,210 [INFO] IPUIPlugin:80 - create IPUIPlugin
2024-08-20 00:19:48,210 [INFO] IPUIPlugin:80 - create IPUIPlugin
2024-08-20 00:19:48,210 [INFO] IPUIPlugin:80 - create IPUIPlugin
2024-08-20 00:19:48,210 [INFO] IPUIPlugin:80 - create IPUIPlugin
2024-08-20 00:19:48,210 [INFO] IPUIPlugin:80 - create IPUIPlugin
2024-08-20 00:19:48,211 [INFO] IPUIPlugin:80 - create IPUIPlugin
2024-08-20 00:19:48,211 [INFO] IPUIPlugin:80 - create IPUIPlugin
2024-08-20 00:19:48,211 [INFO] IPUIPlugin:80 - create IPUIPlugin
2024-08-20 00:19:48,211 [INFO] IPUIPlugin:80 - create IPUIPlugin
2024-08-20 00:19:48,211 [INFO] IPUIPlugin:80 - create IPUIPlugin
2024-08-20 00:19:48,211 [INFO] IPUIPlugin:80 - create IPUIPlugin
2024-08-20 00:19:48,211 [INFO] IPUIPlugin:80 - create IPUIPlugin
2024-08-20 00:19:48,211 [INFO] IPUIPlugin:80 - create IPUIPlugin
2024-08-20 00:19:48,211 [INFO] IPUIPlugin:80 - create IPUIPlugin
2024-08-20 00:19:48,212 [INFO] IPUIPlugin:80 - create IPUIPlugin
2024-08-20 00:19:48,212 [INFO] IPUIPlugin:80 - create IPUIPlugin
2024-08-20 00:19:48,212 [INFO] IPUIPlugin:80 - create IPUIPlugin
2024-08-20 00:19:48,212 [INFO] IPUIPlugin:80 - create IPUIPlugin
2024-08-20 00:19:48,212 [INFO] IPUIPlugin:80 - create IPUIPlugin
2024-08-20 00:19:48,212 [INFO] IPUIPlugin:80 - create IPUIPlugin
2024-08-20 00:19:48,212 [INFO] IPUIPlugin:80 - create IPUIPlugin
2024-08-20 00:19:48,212 [INFO] IPUIPlugin:80 - create IPUIPlugin
2024-08-20 00:19:48,212 [INFO] IPUIPlugin:80 - create IPUIPlugin
2024-08-20 00:19:48,212 [INFO] IPUIPlugin:80 - create IPUIPlugin
2024-08-20 00:19:48,213 [INFO] IPUIPlugin:80 - create IPUIPlugin
2024-08-20 00:19:48,213 [INFO] IPUIPlugin:80 - create IPUIPlugin
2024-08-20 00:19:48,213 [INFO] IPUIPlugin:80 - create IPUIPlugin
2024-08-20 00:19:48,213 [INFO] IPUIPlugin:80 - create IPUIPlugin
2024-08-20 00:19:48,213 [INFO] IPUIPlugin:80 - create IPUIPlugin
2024-08-20 00:19:48,213 [INFO] IPUIPlugin:80 - create IPUIPlugin
2024-08-20 00:19:48,213 [INFO] IPUIPlugin:80 - create IPUIPlugin
2024-08-20 00:19:48,213 [INFO] IPUIPlugin:80 - create IPUIPlugin
2024-08-20 00:19:48,213 [INFO] IPUIPlugin:80 - create IPUIPlugin
2024-08-20 00:19:48,214 [INFO] IPUIPlugin:80 - create IPUIPlugin
2024-08-20 00:19:48,214 [INFO] IPUIPlugin:80 - create IPUIPlugin
2024-08-20 00:19:48,214 [INFO] IPUIPlugin:80 - create IPUIPlugin
2024-08-20 00:19:48,214 [INFO] IPUIPlugin:80 - create IPUIPlugin
2024-08-20 00:19:48,214 [INFO] IPUIPlugin:80 - create IPUIPlugin
2024-08-20 00:19:48,214 [INFO] IPUIPlugin:80 - create IPUIPlugin
2024-08-20 00:19:48,215 [INFO] IPUIPlugin:80 - create IPUIPlugin
2024-08-20 00:19:48,215 [INFO] IPUIPlugin:80 - create IPUIPlugin
2024-08-20 00:19:48,218 [INFO] IPUIPlugin:80 - create IPUIPlugin
2024-08-20 00:19:48,249 [INFO] ApiDbMcu:508 - Load IP Config File for PDM2PCM
2024-08-20 00:19:48,539 [INFO] CADModel:165 - CPN selected for project levelSTM32F767ZIT6
2024-08-20 00:19:48,540 [INFO] CADModel:114 - Register for checkConnection events
2024-08-20 00:19:48,590 [INFO] OpenFileManager:363 - Restore cursor
2024-08-20 00:19:49,655 [INFO] UtilMem:75 - End SaveConfig() Used Memory: 860974304 Bytes (1073741824)
2024-08-20 00:19:49,712 [INFO] UtilMem:75 - End SaveConfig() Used Memory: 891905248 Bytes (1073741824)
2024-08-20 00:19:50,343 [INFO] BlockDiagram:2766 - set Specific Code input for plugin: RCC
2024-08-20 00:19:50,344 [INFO] BlockDiagram:2766 - set Specific Code input for plugin: NVIC
2024-08-20 00:19:50,344 [INFO] BlockDiagram:2766 - set Specific Code input for plugin: CORTEX_M7
2024-08-20 00:19:50,348 [INFO] CodeGenerator:807 - code generatio: config db path: /Applications/STM32CubeIDE.app/Contents/Eclipse/plugins/com.st.stm32cube.common.mx_6.12.0.202406281431//db/
2024-08-20 00:19:50,549 [INFO] CodeEngine:255 - oldGeneratedFile, /Users/kitton/STM32CubeIDE/MAD_LAB/Lab05/MXTmpFiles/license.tmp_save
2024-08-20 00:19:51,032 [INFO] CodeEngine:279 - Generated code: /Users/kitton/STM32CubeIDE/MAD_LAB/Lab05/MXTmpFiles/license.tmp
2024-08-20 00:19:51,204 [INFO] CodeEngine:255 - oldGeneratedFile, /Users/kitton/STM32CubeIDE/MAD_LAB/Lab05/MXTmpFiles/cortex.tmp_save
2024-08-20 00:19:51,504 [INFO] CodeEngine:279 - Generated code: /Users/kitton/STM32CubeIDE/MAD_LAB/Lab05/MXTmpFiles/cortex.tmp
2024-08-20 00:19:51,516 [INFO] CodeEngine:255 - oldGeneratedFile, /Users/kitton/STM32CubeIDE/MAD_LAB/Lab05/Core/Src/stm32f7xx_it.c_save
2024-08-20 00:19:51,711 [INFO] CodeEngine:279 - Generated code: /Users/kitton/STM32CubeIDE/MAD_LAB/Lab05/Core/Src/stm32f7xx_it.c
2024-08-20 00:19:51,717 [INFO] CodeEngine:255 - oldGeneratedFile, /Users/kitton/STM32CubeIDE/MAD_LAB/Lab05/Core/Inc/stm32f7xx_it.h_save
2024-08-20 00:19:51,786 [INFO] CodeEngine:279 - Generated code: /Users/kitton/STM32CubeIDE/MAD_LAB/Lab05/Core/Inc/stm32f7xx_it.h
2024-08-20 00:19:51,817 [INFO] CodeEngine:255 - oldGeneratedFile, /Users/kitton/STM32CubeIDE/MAD_LAB/Lab05/Core/Src/stm32f7xx_hal_msp.c_save
2024-08-20 00:19:51,948 [INFO] CodeEngine:279 - Generated code: /Users/kitton/STM32CubeIDE/MAD_LAB/Lab05/Core/Src/stm32f7xx_hal_msp.c
2024-08-20 00:19:51,949 [INFO] CodeEngine:255 - oldGeneratedFile, /Users/kitton/STM32CubeIDE/MAD_LAB/Lab05/MXTmpFiles/system.tmp_save
2024-08-20 00:19:52,078 [INFO] CodeEngine:279 - Generated code: /Users/kitton/STM32CubeIDE/MAD_LAB/Lab05/MXTmpFiles/system.tmp
2024-08-20 00:19:52,102 [INFO] CodeEngine:311 - oldGeneratedFile, /Users/kitton/STM32CubeIDE/MAD_LAB/Lab05/Core/Inc/stm32f7xx_hal_conf.h_save
2024-08-20 00:19:52,185 [INFO] CodeEngine:335 - Generated code: /Users/kitton/STM32CubeIDE/MAD_LAB/Lab05/Core/Inc/stm32f7xx_hal_conf.h
2024-08-20 00:19:52,274 [INFO] CodeEngine:255 - oldGeneratedFile, /Users/kitton/STM32CubeIDE/MAD_LAB/Lab05/Core/Inc/main.h_save
2024-08-20 00:19:52,407 [INFO] CodeEngine:279 - Generated code: /Users/kitton/STM32CubeIDE/MAD_LAB/Lab05/Core/Inc/main.h
2024-08-20 00:19:52,411 [INFO] CodeEngine:255 - oldGeneratedFile, /Users/kitton/STM32CubeIDE/MAD_LAB/Lab05/Core/Src/main.c_save
2024-08-20 00:19:52,627 [INFO] CodeEngine:279 - Generated code: /Users/kitton/STM32CubeIDE/MAD_LAB/Lab05/Core/Src/main.c
2024-08-20 00:19:52,991 [INFO] ProjectBuilder:3249 - Time for Copy HAL[1] : 51mS.
2024-08-20 00:19:52,995 [INFO] ProjectBuilder:4828 - Project Generator version: 4.4.0-B60
2024-08-20 00:19:53,230 [INFO] ConfigFileManager:1531 - The Die is : DIE451
2024-08-20 00:19:53,251 [INFO] ApiDbMcu:508 - Load IP Config File for FATFS
2024-08-20 00:19:53,263 [INFO] ApiDbMcu:508 - Load IP Config File for FREERTOS
2024-08-20 00:19:53,270 [INFO] ApiDbMcu:508 - Load IP Config File for LIBJPEG
2024-08-20 00:19:53,278 [INFO] ApiDbMcu:508 - Load IP Config File for LWIP
2024-08-20 00:19:53,299 [INFO] ApiDbMcu:508 - Load IP Config File for MBEDTLS
2024-08-20 00:19:53,311 [INFO] ApiDbMcu:508 - Load IP Config File for USB_DEVICE
2024-08-20 00:19:53,320 [INFO] ApiDbMcu:508 - Load IP Config File for USB_HOST
2024-08-20 00:19:53,745 [INFO] LogOutputStream:77 - [STDOUT_REDIRECT] 
2024-08-20 00:19:55,918 [INFO] ProjectBuilder:5097 - Time for Generating toolchain IDE Files: 2914mS.
2024-08-20 00:19:55,922 [INFO] ProjectBuilder:3107 - Time for Copy CMSIS : 2mS.
2024-08-20 00:19:55,924 [INFO] ProjectBuilder:3107 - Time for Copy CMSIS : 1mS.
2024-08-20 00:19:56,986 [INFO] McuFinderGlobals:76 - Set McuFinderConnectedMode to true
2024-08-20 00:19:57,007 [INFO] ApiDb:448 - Save user favorites file /Users/kitton/.stm32cubeide/favorites.mcus.txt: 1 item(s)
2024-08-20 00:19:57,008 [INFO] ApiDb:452 - User favorites MCUs=[STM32F767ZIT6]
2024-08-20 00:21:39,557 [INFO] UtilMem:75 - End SaveConfig() Used Memory: 909651576 Bytes (1073741824)
2024-08-20 00:21:39,724 [INFO] UtilMem:75 - End SaveConfig() Used Memory: 940147000 Bytes (1073741824)
2024-08-20 00:21:41,808 [INFO] UtilMem:75 - End SaveConfig() Used Memory: 658259712 Bytes (1073741824)
2024-08-20 00:21:42,142 [INFO] BlockDiagram:2766 - set Specific Code input for plugin: SYS
2024-08-20 00:21:42,142 [INFO] BlockDiagram:2766 - set Specific Code input for plugin: ADC
2024-08-20 00:21:42,143 [INFO] BlockDiagram:2766 - set Specific Code input for plugin: RCC
2024-08-20 00:21:42,143 [INFO] BlockDiagram:2766 - set Specific Code input for plugin: NVIC
2024-08-20 00:21:42,143 [INFO] BlockDiagram:2766 - set Specific Code input for plugin: CORTEX_M7
2024-08-20 00:21:42,143 [INFO] BlockDiagram:2766 - set Specific Code input for plugin: GPIO
2024-08-20 00:21:42,144 [INFO] CodeGenerator:807 - code generatio: config db path: /Applications/STM32CubeIDE.app/Contents/Eclipse/plugins/com.st.stm32cube.common.mx_6.12.0.202406281431//db/
2024-08-20 00:21:42,554 [INFO] CodeEngine:255 - oldGeneratedFile, /Users/kitton/STM32CubeIDE/MAD_LAB/Lab05/MXTmpFiles/license.tmp_save
2024-08-20 00:21:42,650 [INFO] CodeEngine:279 - Generated code: /Users/kitton/STM32CubeIDE/MAD_LAB/Lab05/MXTmpFiles/license.tmp
2024-08-20 00:21:42,707 [INFO] CodeEngine:255 - oldGeneratedFile, /Users/kitton/STM32CubeIDE/MAD_LAB/Lab05/Core/Src/gpio.c_save
2024-08-20 00:21:42,786 [INFO] CodeEngine:279 - Generated code: /Users/kitton/STM32CubeIDE/MAD_LAB/Lab05/Core/Src/gpio.c
2024-08-20 00:21:42,788 [INFO] CodeEngine:255 - oldGeneratedFile, /Users/kitton/STM32CubeIDE/MAD_LAB/Lab05/Core/Inc/gpio.h_save
2024-08-20 00:21:42,838 [INFO] CodeEngine:279 - Generated code: /Users/kitton/STM32CubeIDE/MAD_LAB/Lab05/Core/Inc/gpio.h
2024-08-20 00:21:42,907 [INFO] CodeEngine:255 - oldGeneratedFile, /Users/kitton/STM32CubeIDE/MAD_LAB/Lab05/Core/Src/adc.c_save
2024-08-20 00:21:43,017 [INFO] CodeEngine:279 - Generated code: /Users/kitton/STM32CubeIDE/MAD_LAB/Lab05/Core/Src/adc.c
2024-08-20 00:21:43,019 [INFO] CodeEngine:255 - oldGeneratedFile, /Users/kitton/STM32CubeIDE/MAD_LAB/Lab05/Core/Inc/adc.h_save
2024-08-20 00:21:43,068 [INFO] CodeEngine:279 - Generated code: /Users/kitton/STM32CubeIDE/MAD_LAB/Lab05/Core/Inc/adc.h
2024-08-20 00:21:43,072 [INFO] CodeEngine:255 - oldGeneratedFile, /Users/kitton/STM32CubeIDE/MAD_LAB/Lab05/MXTmpFiles/cortex.tmp_save
2024-08-20 00:21:43,119 [INFO] CodeEngine:279 - Generated code: /Users/kitton/STM32CubeIDE/MAD_LAB/Lab05/MXTmpFiles/cortex.tmp
2024-08-20 00:21:43,125 [INFO] CodeEngine:255 - oldGeneratedFile, /Users/kitton/STM32CubeIDE/MAD_LAB/Lab05/Core/Src/stm32f7xx_it.c_save
2024-08-20 00:21:43,228 [INFO] CodeEngine:279 - Generated code: /Users/kitton/STM32CubeIDE/MAD_LAB/Lab05/Core/Src/stm32f7xx_it.c
2024-08-20 00:21:43,230 [INFO] CodeEngine:255 - oldGeneratedFile, /Users/kitton/STM32CubeIDE/MAD_LAB/Lab05/Core/Inc/stm32f7xx_it.h_save
2024-08-20 00:21:43,274 [INFO] CodeEngine:279 - Generated code: /Users/kitton/STM32CubeIDE/MAD_LAB/Lab05/Core/Inc/stm32f7xx_it.h
2024-08-20 00:21:43,285 [INFO] CodeEngine:255 - oldGeneratedFile, /Users/kitton/STM32CubeIDE/MAD_LAB/Lab05/Core/Src/stm32f7xx_hal_msp.c_save
2024-08-20 00:21:43,349 [INFO] CodeEngine:279 - Generated code: /Users/kitton/STM32CubeIDE/MAD_LAB/Lab05/Core/Src/stm32f7xx_hal_msp.c
2024-08-20 00:21:43,353 [INFO] CodeEngine:255 - oldGeneratedFile, /Users/kitton/STM32CubeIDE/MAD_LAB/Lab05/MXTmpFiles/system.tmp_save
2024-08-20 00:21:43,397 [INFO] CodeEngine:279 - Generated code: /Users/kitton/STM32CubeIDE/MAD_LAB/Lab05/MXTmpFiles/system.tmp
2024-08-20 00:21:43,407 [INFO] CodeEngine:311 - oldGeneratedFile, /Users/kitton/STM32CubeIDE/MAD_LAB/Lab05/Core/Inc/stm32f7xx_hal_conf.h_save
2024-08-20 00:21:43,461 [INFO] CodeEngine:335 - Generated code: /Users/kitton/STM32CubeIDE/MAD_LAB/Lab05/Core/Inc/stm32f7xx_hal_conf.h
2024-08-20 00:21:43,479 [INFO] CodeEngine:255 - oldGeneratedFile, /Users/kitton/STM32CubeIDE/MAD_LAB/Lab05/Core/Inc/main.h_save
2024-08-20 00:21:43,532 [INFO] CodeEngine:279 - Generated code: /Users/kitton/STM32CubeIDE/MAD_LAB/Lab05/Core/Inc/main.h
2024-08-20 00:21:43,535 [INFO] CodeEngine:255 - oldGeneratedFile, /Users/kitton/STM32CubeIDE/MAD_LAB/Lab05/Core/Src/main.c_save
2024-08-20 00:21:43,625 [INFO] CodeEngine:279 - Generated code: /Users/kitton/STM32CubeIDE/MAD_LAB/Lab05/Core/Src/main.c
2024-08-20 00:21:43,858 [INFO] ProjectBuilder:3249 - Time for Copy HAL[1] : 109mS.
2024-08-20 00:21:43,865 [INFO] ProjectBuilder:4828 - Project Generator version: 4.4.0-B60
2024-08-20 00:21:43,960 [INFO] ConfigFileManager:1531 - The Die is : DIE451
2024-08-20 00:21:44,808 [INFO] ProjectBuilder:5097 - Time for Generating toolchain IDE Files: 942mS.
2024-08-20 00:21:44,809 [INFO] ProjectBuilder:3107 - Time for Copy CMSIS : 0mS.
2024-08-20 00:21:44,810 [INFO] ProjectBuilder:3107 - Time for Copy CMSIS : 0mS.
2024-08-20 00:23:35,698 [INFO] UtilMem:75 - End SaveConfig() Used Memory: 939400568 Bytes (1073741824)
2024-08-20 00:23:35,914 [INFO] UtilMem:75 - End SaveConfig() Used Memory: 658364448 Bytes (1073741824)
2024-08-20 00:23:36,194 [INFO] UtilMem:75 - End SaveConfig() Used Memory: 692967456 Bytes (1073741824)
2024-08-20 00:23:36,387 [INFO] BlockDiagram:2766 - set Specific Code input for plugin: SYS
2024-08-20 00:23:36,387 [INFO] BlockDiagram:2766 - set Specific Code input for plugin: ADC
2024-08-20 00:23:36,387 [INFO] BlockDiagram:2766 - set Specific Code input for plugin: RCC
2024-08-20 00:23:36,387 [INFO] BlockDiagram:2766 - set Specific Code input for plugin: NVIC
2024-08-20 00:23:36,387 [INFO] BlockDiagram:2766 - set Specific Code input for plugin: CORTEX_M7
2024-08-20 00:23:36,387 [INFO] BlockDiagram:2766 - set Specific Code input for plugin: GPIO
2024-08-20 00:23:36,388 [INFO] CodeGenerator:807 - code generatio: config db path: /Applications/STM32CubeIDE.app/Contents/Eclipse/plugins/com.st.stm32cube.common.mx_6.12.0.202406281431//db/
2024-08-20 00:23:36,474 [INFO] CodeEngine:255 - oldGeneratedFile, /Users/kitton/STM32CubeIDE/MAD_LAB/Lab05/MXTmpFiles/license.tmp_save
2024-08-20 00:23:36,617 [INFO] CodeEngine:279 - Generated code: /Users/kitton/STM32CubeIDE/MAD_LAB/Lab05/MXTmpFiles/license.tmp
2024-08-20 00:23:36,662 [INFO] CodeEngine:255 - oldGeneratedFile, /Users/kitton/STM32CubeIDE/MAD_LAB/Lab05/Core/Src/gpio.c_save
2024-08-20 00:23:36,722 [INFO] CodeEngine:279 - Generated code: /Users/kitton/STM32CubeIDE/MAD_LAB/Lab05/Core/Src/gpio.c
2024-08-20 00:23:36,723 [INFO] CodeEngine:255 - oldGeneratedFile, /Users/kitton/STM32CubeIDE/MAD_LAB/Lab05/Core/Inc/gpio.h_save
2024-08-20 00:23:36,760 [INFO] CodeEngine:279 - Generated code: /Users/kitton/STM32CubeIDE/MAD_LAB/Lab05/Core/Inc/gpio.h
2024-08-20 00:23:36,819 [INFO] CodeEngine:255 - oldGeneratedFile, /Users/kitton/STM32CubeIDE/MAD_LAB/Lab05/Core/Src/adc.c_save
2024-08-20 00:23:36,888 [INFO] CodeEngine:279 - Generated code: /Users/kitton/STM32CubeIDE/MAD_LAB/Lab05/Core/Src/adc.c
2024-08-20 00:23:36,890 [INFO] CodeEngine:255 - oldGeneratedFile, /Users/kitton/STM32CubeIDE/MAD_LAB/Lab05/Core/Inc/adc.h_save
2024-08-20 00:23:36,935 [INFO] CodeEngine:279 - Generated code: /Users/kitton/STM32CubeIDE/MAD_LAB/Lab05/Core/Inc/adc.h
2024-08-20 00:23:36,937 [INFO] CodeEngine:255 - oldGeneratedFile, /Users/kitton/STM32CubeIDE/MAD_LAB/Lab05/MXTmpFiles/cortex.tmp_save
2024-08-20 00:23:36,975 [INFO] CodeEngine:279 - Generated code: /Users/kitton/STM32CubeIDE/MAD_LAB/Lab05/MXTmpFiles/cortex.tmp
2024-08-20 00:23:36,979 [INFO] CodeEngine:255 - oldGeneratedFile, /Users/kitton/STM32CubeIDE/MAD_LAB/Lab05/Core/Src/stm32f7xx_it.c_save
2024-08-20 00:23:37,024 [INFO] CodeEngine:279 - Generated code: /Users/kitton/STM32CubeIDE/MAD_LAB/Lab05/Core/Src/stm32f7xx_it.c
2024-08-20 00:23:37,025 [INFO] CodeEngine:255 - oldGeneratedFile, /Users/kitton/STM32CubeIDE/MAD_LAB/Lab05/Core/Inc/stm32f7xx_it.h_save
2024-08-20 00:23:37,070 [INFO] CodeEngine:279 - Generated code: /Users/kitton/STM32CubeIDE/MAD_LAB/Lab05/Core/Inc/stm32f7xx_it.h
2024-08-20 00:23:37,074 [INFO] CodeEngine:255 - oldGeneratedFile, /Users/kitton/STM32CubeIDE/MAD_LAB/Lab05/Core/Src/stm32f7xx_hal_msp.c_save
2024-08-20 00:23:37,128 [INFO] CodeEngine:279 - Generated code: /Users/kitton/STM32CubeIDE/MAD_LAB/Lab05/Core/Src/stm32f7xx_hal_msp.c
2024-08-20 00:23:37,129 [INFO] CodeEngine:255 - oldGeneratedFile, /Users/kitton/STM32CubeIDE/MAD_LAB/Lab05/MXTmpFiles/system.tmp_save
2024-08-20 00:23:37,166 [INFO] CodeEngine:279 - Generated code: /Users/kitton/STM32CubeIDE/MAD_LAB/Lab05/MXTmpFiles/system.tmp
2024-08-20 00:23:37,169 [INFO] CodeEngine:311 - oldGeneratedFile, /Users/kitton/STM32CubeIDE/MAD_LAB/Lab05/Core/Inc/stm32f7xx_hal_conf.h_save
2024-08-20 00:23:37,214 [INFO] CodeEngine:335 - Generated code: /Users/kitton/STM32CubeIDE/MAD_LAB/Lab05/Core/Inc/stm32f7xx_hal_conf.h
2024-08-20 00:23:37,240 [INFO] CodeEngine:255 - oldGeneratedFile, /Users/kitton/STM32CubeIDE/MAD_LAB/Lab05/Core/Inc/main.h_save
2024-08-20 00:23:37,284 [INFO] CodeEngine:279 - Generated code: /Users/kitton/STM32CubeIDE/MAD_LAB/Lab05/Core/Inc/main.h
2024-08-20 00:23:37,285 [INFO] CodeEngine:255 - oldGeneratedFile, /Users/kitton/STM32CubeIDE/MAD_LAB/Lab05/Core/Src/main.c_save
2024-08-20 00:23:37,347 [INFO] CodeEngine:279 - Generated code: /Users/kitton/STM32CubeIDE/MAD_LAB/Lab05/Core/Src/main.c
2024-08-20 00:23:37,505 [INFO] ProjectBuilder:3249 - Time for Copy HAL[1] : 28mS.
2024-08-20 00:23:37,507 [INFO] ProjectBuilder:4828 - Project Generator version: 4.4.0-B60
2024-08-20 00:23:37,558 [INFO] ConfigFileManager:1531 - The Die is : DIE451
2024-08-20 00:23:38,518 [INFO] ProjectBuilder:5097 - Time for Generating toolchain IDE Files: 1009mS.
2024-08-20 00:23:38,521 [INFO] ProjectBuilder:3107 - Time for Copy CMSIS : 1mS.
2024-08-20 00:23:38,522 [INFO] ProjectBuilder:3107 - Time for Copy CMSIS : 0mS.
2024-08-20 00:23:41,820 [ERROR] LogOutputStream:75 - [STDERR_REDIRECT] 
2024-08-20 00:24:00,099 [INFO] Activator:176 - 


2024-08-20 00:24:00,101 [INFO] Activator:177 - !SESSION log4j initialized
2024-08-20 00:24:03,079 [INFO] LogOutputStream:77 - [STDOUT_REDIRECT] 
2024-08-20 00:24:04,866 [ERROR] LogOutputStream:75 - [STDERR_REDIRECT] 
2024-08-20 00:24:06,760 [INFO] LogOutputStream:77 - [STDOUT_REDIRECT] 
2024-08-20 00:24:07,800 [INFO] ApplicationProperties:184 - Using Application install path: /Applications/STM32CubeIDE.app/Contents/Eclipse/plugins/com.st.stm32cube.common.mx_6.12.0.202406281431
2024-08-20 00:24:07,809 [INFO] DbMcusXml:78 - Set database path to: /Applications/STM32CubeIDE.app/Contents/Eclipse/plugins/com.st.stm32cube.common.mx_6.12.0.202406281431//db//mcu/
2024-08-20 00:24:07,809 [INFO] ApiDb:274 - Set plugin database path to: /Applications/STM32CubeIDE.app/Contents/Eclipse/plugins/com.st.stm32cube.common.mx_6.12.0.202406281431//db//plugins/boardmanager/
2024-08-20 00:24:07,810 [WARN] ApiDb:259 - Overriding images path with different value:  => /Applications/STM32CubeIDE.app/Contents/Eclipse/plugins/com.st.stm32cube.common.mx_6.12.0.202406281431//db//plugins/mcufinder/images/
2024-08-20 00:24:07,816 [INFO] ApiDb:250 - Set database path to: /Users/kitton/.stmcufinder/plugins/mcufinder//mcu/
2024-08-20 00:24:07,817 [INFO] DbMcusAds:125 - Set database path to: /Users/kitton/.stmcufinder/plugins/mcufinder//mcu/
2024-08-20 00:24:07,819 [INFO] CrossReferenceDbSqlite:203 - Set database path to: /Users/kitton/.stmcufinder/plugins/mcufinder//mcu/cs/
2024-08-20 00:24:07,950 [INFO] RulesReader:64 - Compatibility file has been processed (297 Rules)
2024-08-20 00:24:08,019 [INFO] DbMcusXml:78 - Set database path to: /Applications/STM32CubeIDE.app/Contents/Eclipse/plugins/com.st.stm32cube.common.mx_6.12.0.202406281431//db//mcu/
2024-08-20 00:24:08,019 [INFO] ApiDb:274 - Set plugin database path to: /Applications/STM32CubeIDE.app/Contents/Eclipse/plugins/com.st.stm32cube.common.mx_6.12.0.202406281431//db//plugins/boardmanager/
2024-08-20 00:24:08,020 [INFO] ApiDb:261 - Set plugin images path to: /Applications/STM32CubeIDE.app/Contents/Eclipse/plugins/com.st.stm32cube.common.mx_6.12.0.202406281431//db//plugins/mcufinder/images/
2024-08-20 00:24:08,020 [WARN] DbFile:41 - Overriding database path with different value: /Users/kitton/.stmcufinder/plugins/mcufinder/ => /Users/kitton/.stmcufinder/plugins/mcufinder
2024-08-20 00:24:08,020 [INFO] ApiDb:250 - Set database path to: /Users/kitton/.stmcufinder/plugins/mcufinder//mcu/
2024-08-20 00:24:08,020 [WARN] DbFile:41 - Overriding database path with different value: /Users/kitton/.stmcufinder/plugins/mcufinder/ => /Users/kitton/.stmcufinder/plugins/mcufinder
2024-08-20 00:24:08,021 [INFO] DbMcusAds:125 - Set database path to: /Users/kitton/.stmcufinder/plugins/mcufinder//mcu/
2024-08-20 00:24:08,021 [WARN] DbFile:41 - Overriding database path with different value: /Users/kitton/.stmcufinder/plugins/mcufinder/ => /Users/kitton/.stmcufinder/plugins/mcufinder
2024-08-20 00:24:08,021 [WARN] DbFile:41 - Overriding database path with different value: /Users/kitton/.stmcufinder/plugins/mcufinder/ => /Users/kitton/.stmcufinder/plugins/mcufinder
2024-08-20 00:24:08,021 [INFO] CrossReferenceDbSqlite:203 - Set database path to: /Users/kitton/.stmcufinder/plugins/mcufinder//mcu/cs/
2024-08-20 00:24:08,149 [ERROR] LogOutputStream:75 - [STDERR_REDIRECT] [Fatal Error] :2:10: DOCTYPE is disallowed when the feature "http://apache.org/xml/features/disallow-doctype-decl" set to true.
2024-08-20 00:24:08,162 [ERROR] LogOutputStream:75 - [STDERR_REDIRECT] 
2024-08-20 00:24:08,175 [INFO] MainPanel:268 - HeapMemory: 300941312
2024-08-20 00:24:08,393 [INFO] DbMcusXml:78 - Set database path to: /Applications/STM32CubeIDE.app/Contents/Eclipse/plugins/com.st.stm32cube.common.mx_6.12.0.202406281431//db//mcu/
2024-08-20 00:24:08,393 [INFO] ApiDb:274 - Set plugin database path to: /Applications/STM32CubeIDE.app/Contents/Eclipse/plugins/com.st.stm32cube.common.mx_6.12.0.202406281431//db//plugins/boardmanager/
2024-08-20 00:24:08,394 [INFO] ApiDb:261 - Set plugin images path to: /Applications/STM32CubeIDE.app/Contents/Eclipse/plugins/com.st.stm32cube.common.mx_6.12.0.202406281431//db//plugins/mcufinder/images/
2024-08-20 00:24:08,395 [WARN] DbFile:41 - Overriding database path with different value: /Users/kitton/.stmcufinder/plugins/mcufinder/ => /Users/kitton/.stmcufinder/plugins/mcufinder
2024-08-20 00:24:08,395 [INFO] ApiDb:250 - Set database path to: /Users/kitton/.stmcufinder/plugins/mcufinder//mcu/
2024-08-20 00:24:08,395 [WARN] DbFile:41 - Overriding database path with different value: /Users/kitton/.stmcufinder/plugins/mcufinder/ => /Users/kitton/.stmcufinder/plugins/mcufinder
2024-08-20 00:24:08,395 [INFO] DbMcusAds:125 - Set database path to: /Users/kitton/.stmcufinder/plugins/mcufinder//mcu/
2024-08-20 00:24:08,395 [WARN] DbFile:41 - Overriding database path with different value: /Users/kitton/.stmcufinder/plugins/mcufinder/ => /Users/kitton/.stmcufinder/plugins/mcufinder
2024-08-20 00:24:08,395 [WARN] DbFile:41 - Overriding database path with different value: /Users/kitton/.stmcufinder/plugins/mcufinder/ => /Users/kitton/.stmcufinder/plugins/mcufinder
2024-08-20 00:24:08,395 [INFO] CrossReferenceDbSqlite:203 - Set database path to: /Users/kitton/.stmcufinder/plugins/mcufinder//mcu/cs/
2024-08-20 00:24:08,407 [INFO] ApplicationProperties:184 - Using Application install path: /Applications/STM32CubeIDE.app/Contents/Eclipse/plugins/com.st.stm32cube.common.mx_6.12.0.202406281431
2024-08-20 00:24:08,408 [INFO] PluginManage:196 - Search for loadable plugins [exclusion list=, ]
2024-08-20 00:24:08,409 [INFO] PluginManage:310 - Check plugin analytics
2024-08-20 00:24:08,559 [INFO] AnalyticsPlugin:253 - Accepted Software Licenses: 
2024-08-20 00:24:08,560 [INFO] AnalyticsPlugin:255 - Accepted CMSIS Pack Licenses: 
2024-08-20 00:24:08,560 [INFO] AnalyticsPlugin:257 - Accepted Firmware Licenses: FW.F7.1.17.0
2024-08-20 00:24:08,565 [INFO] PluginManage:359 - Loaded plugin analytics (category:tool,tabindex:-1)
2024-08-20 00:24:08,566 [INFO] PluginManage:310 - Check plugin cadmodel
2024-08-20 00:24:08,575 [INFO] CADModel:105 - Init CAD model plugin
2024-08-20 00:24:08,575 [INFO] PluginManage:359 - Loaded plugin cadmodel (category:power,tabindex:5)
2024-08-20 00:24:08,576 [INFO] PluginManage:310 - Check plugin clock
2024-08-20 00:24:08,583 [INFO] PluginManage:359 - Loaded plugin clock (category:base,tabindex:2)
2024-08-20 00:24:08,583 [INFO] PluginManage:310 - Check plugin ddr
2024-08-20 00:24:08,585 [INFO] PluginManage:359 - Loaded plugin ddr (category:tool,tabindex:6)
2024-08-20 00:24:08,585 [INFO] PluginManage:310 - Check plugin filemanager
2024-08-20 00:24:08,691 [INFO] PluginManage:359 - Loaded plugin filemanager (category:base,tabindex:10)
2024-08-20 00:24:08,691 [INFO] PluginManage:310 - Check plugin ipmanager
2024-08-20 00:24:08,696 [INFO] PluginManage:359 - Loaded plugin ipmanager (category:base,tabindex:5)
2024-08-20 00:24:08,696 [INFO] PluginManage:310 - Check plugin lpbam
2024-08-20 00:24:08,705 [INFO] PluginManage:359 - Loaded plugin lpbam (category:base,tabindex:0)
2024-08-20 00:24:08,705 [INFO] PluginManage:310 - Check plugin memorymap
2024-08-20 00:24:08,712 [INFO] PluginManage:359 - Loaded plugin memorymap (category:base,tabindex:4)
2024-08-20 00:24:08,712 [INFO] PluginManage:310 - Check plugin pinoutandconfiguration
2024-08-20 00:24:08,716 [INFO] PluginManage:359 - Loaded plugin pinoutandconfiguration (category:base,tabindex:1)
2024-08-20 00:24:08,716 [INFO] PluginManage:310 - Check plugin pinoutconfig
2024-08-20 00:24:08,797 [WARN] SupportedApi:132 - Cannot load RTOS API schema: s4s-elt-must-match.1: The content of 'definitions' must match (annotation?, (simpleType | complexType)?, (unique | key | keyref)*)). A problem was found starting at: attribute.
2024-08-20 00:24:08,946 [INFO] PluginManage:359 - Loaded plugin pinoutconfig (category:base,tabindex:0)
2024-08-20 00:24:08,947 [INFO] PluginManage:310 - Check plugin power
2024-08-20 00:24:08,964 [INFO] PluginManage:359 - Loaded plugin power (category:power,tabindex:4)
2024-08-20 00:24:08,965 [INFO] PluginManage:310 - Check plugin projectmanager
2024-08-20 00:24:08,989 [INFO] PluginManage:359 - Loaded plugin projectmanager (category:projectmanager,tabindex:4)
2024-08-20 00:24:08,989 [INFO] PluginManage:310 - Check plugin rif
2024-08-20 00:24:08,994 [INFO] PluginManage:359 - Loaded plugin rif (category:base,tabindex:3)
2024-08-20 00:24:08,994 [INFO] PluginManage:310 - Check plugin thirdparty
2024-08-20 00:24:09,175 [INFO] PluginManage:359 - Loaded plugin thirdparty (category:base,tabindex:-1)
2024-08-20 00:24:09,177 [INFO] PluginManage:310 - Check plugin tools
2024-08-20 00:24:09,175 [WARN] IntegrityCheckThread:84 - waiting for thirdparty lock release [integrity check]
2024-08-20 00:24:09,178 [INFO] IntegrityCheckThread:86 - entering critical section [integrity check]
2024-08-20 00:24:09,181 [INFO] ThirdPartyUpdaterWithRetryManager:70 - Updater plugin not ready yet. [1/15]
2024-08-20 00:24:09,185 [INFO] PluginManage:359 - Loaded plugin tools (category:base,tabindex:7)
2024-08-20 00:24:09,186 [INFO] PluginManage:310 - Check plugin tutovideos
2024-08-20 00:24:09,383 [INFO] PluginManage:359 - Loaded plugin tutovideos (category:base,tabindex:-1)
2024-08-20 00:24:09,383 [INFO] PluginManage:310 - Check plugin updater
2024-08-20 00:24:09,409 [INFO] PluginManage:359 - Loaded plugin updater (category:base,tabindex:12)
2024-08-20 00:24:09,409 [INFO] PluginManage:310 - Check plugin userauth
2024-08-20 00:24:09,413 [INFO] UserAuth:113 - Init User Auth plugin
2024-08-20 00:24:09,413 [INFO] PluginManage:359 - Loaded plugin userauth (category:base,tabindex:14)
2024-08-20 00:24:09,415 [INFO] PluginManage:283 - PluginManage : Loaded plugins [18]
2024-08-20 00:24:09,649 [INFO] PinOutPanel:1561 - setPackage(No Configuration,No Configuration)
2024-08-20 00:24:09,775 [INFO] CADModel:165 - CPN selected for project level
2024-08-20 00:24:09,776 [INFO] CADModel:114 - Register for checkConnection events
2024-08-20 00:24:09,790 [INFO] IPUIPlugin:80 - create IPUIPlugin
2024-08-20 00:24:09,791 [INFO] PluginManager:220 - loadIPPluginJar : add mdma
2024-08-20 00:24:09,794 [INFO] IPUIPlugin:80 - create IPUIPlugin
2024-08-20 00:24:09,794 [INFO] PluginManager:220 - loadIPPluginJar : add freertos
2024-08-20 00:24:09,796 [INFO] IPUIPlugin:80 - create IPUIPlugin
2024-08-20 00:24:09,797 [INFO] PluginManager:220 - loadIPPluginJar : add gic
2024-08-20 00:24:09,801 [INFO] IPUIPlugin:80 - create IPUIPlugin
2024-08-20 00:24:09,801 [INFO] PluginManager:220 - loadIPPluginJar : add adc
2024-08-20 00:24:09,802 [INFO] IPUIPlugin:80 - create IPUIPlugin
2024-08-20 00:24:09,802 [INFO] PluginManager:220 - loadIPPluginJar : add gtzc
2024-08-20 00:24:09,802 [INFO] IPUIPlugin:80 - create IPUIPlugin
2024-08-20 00:24:09,802 [INFO] PluginManager:220 - loadIPPluginJar : add quadspi
2024-08-20 00:24:09,803 [INFO] IPUIPlugin:80 - create IPUIPlugin
2024-08-20 00:24:09,804 [INFO] PluginManager:220 - loadIPPluginJar : add aes
2024-08-20 00:24:09,805 [INFO] IPUIPlugin:80 - create IPUIPlugin
2024-08-20 00:24:09,805 [INFO] PluginManager:220 - loadIPPluginJar : add pdm2pcm
2024-08-20 00:24:09,805 [INFO] IPUIPlugin:80 - create IPUIPlugin
2024-08-20 00:24:09,805 [INFO] PluginManager:220 - loadIPPluginJar : add hash
2024-08-20 00:24:09,806 [INFO] IPUIPlugin:80 - create IPUIPlugin
2024-08-20 00:24:09,806 [INFO] PluginManager:220 - loadIPPluginJar : add tim
2024-08-20 00:24:09,807 [INFO] IPUIPlugin:80 - create IPUIPlugin
2024-08-20 00:24:09,807 [INFO] PluginManager:220 - loadIPPluginJar : add tsc
2024-08-20 00:24:09,808 [INFO] IPUIPlugin:80 - create IPUIPlugin
2024-08-20 00:24:09,808 [INFO] PluginManager:220 - loadIPPluginJar : add extmemmanager
2024-08-20 00:24:09,809 [INFO] IPUIPlugin:80 - create IPUIPlugin
2024-08-20 00:24:09,809 [INFO] PluginManager:220 - loadIPPluginJar : add ts
2024-08-20 00:24:09,810 [INFO] IPUIPlugin:80 - create IPUIPlugin
2024-08-20 00:24:09,810 [INFO] PluginManager:220 - loadIPPluginJar : add radio
2024-08-20 00:24:09,811 [INFO] IPUIPlugin:80 - create IPUIPlugin
2024-08-20 00:24:09,811 [INFO] PluginManager:220 - loadIPPluginJar : add can
2024-08-20 00:24:09,812 [INFO] IPUIPlugin:80 - create IPUIPlugin
2024-08-20 00:24:09,812 [INFO] PluginManager:220 - loadIPPluginJar : add dma3
2024-08-20 00:24:09,813 [INFO] IPUIPlugin:80 - create IPUIPlugin
2024-08-20 00:24:09,813 [INFO] PluginManager:220 - loadIPPluginJar : add dfsdm
2024-08-20 00:24:09,814 [INFO] IPUIPlugin:80 - create IPUIPlugin
2024-08-20 00:24:09,814 [INFO] PluginManager:220 - loadIPPluginJar : add spi
2024-08-20 00:24:09,815 [INFO] IPUIPlugin:80 - create IPUIPlugin
2024-08-20 00:24:09,815 [INFO] PluginManager:220 - loadIPPluginJar : add gfxmmu
2024-08-20 00:24:09,815 [INFO] IPUIPlugin:80 - create IPUIPlugin
2024-08-20 00:24:09,815 [INFO] PluginManager:220 - loadIPPluginJar : add genericplugin
2024-08-20 00:24:09,816 [INFO] IPUIPlugin:80 - create IPUIPlugin
2024-08-20 00:24:09,817 [INFO] PluginManager:220 - loadIPPluginJar : add cryp
2024-08-20 00:24:09,818 [INFO] IPUIPlugin:80 - create IPUIPlugin
2024-08-20 00:24:09,818 [INFO] PluginManager:220 - loadIPPluginJar : add gpio
2024-08-20 00:24:09,820 [INFO] IPUIPlugin:80 - create IPUIPlugin
2024-08-20 00:24:09,820 [INFO] PluginManager:220 - loadIPPluginJar : add ddr_ctrl_phy
2024-08-20 00:24:09,821 [INFO] IPUIPlugin:80 - create IPUIPlugin
2024-08-20 00:24:09,821 [INFO] PluginManager:220 - loadIPPluginJar : add comp
2024-08-20 00:24:09,822 [INFO] IPUIPlugin:80 - create IPUIPlugin
2024-08-20 00:24:09,822 [INFO] PluginManager:220 - loadIPPluginJar : add tracer_emb
2024-08-20 00:24:09,823 [INFO] IPUIPlugin:80 - create IPUIPlugin
2024-08-20 00:24:09,823 [INFO] PluginManager:220 - loadIPPluginJar : add openamp
2024-08-20 00:24:09,825 [INFO] IPUIPlugin:80 - create IPUIPlugin
2024-08-20 00:24:09,825 [INFO] PluginManager:220 - loadIPPluginJar : add stm32_wpan
2024-08-20 00:24:09,827 [INFO] IPUIPlugin:80 - create IPUIPlugin
2024-08-20 00:24:09,834 [INFO] PluginManager:220 - loadIPPluginJar : add plateformsettings
2024-08-20 00:24:09,835 [INFO] IPUIPlugin:80 - create IPUIPlugin
2024-08-20 00:24:09,835 [INFO] PluginManager:220 - loadIPPluginJar : add ipddr
2024-08-20 00:24:09,836 [INFO] IPUIPlugin:80 - create IPUIPlugin
2024-08-20 00:24:09,836 [INFO] PluginManager:220 - loadIPPluginJar : add usart
2024-08-20 00:24:09,836 [INFO] IPUIPlugin:80 - create IPUIPlugin
2024-08-20 00:24:09,836 [INFO] PluginManager:220 - loadIPPluginJar : add ltdc
2024-08-20 00:24:09,838 [INFO] IPUIPlugin:80 - create IPUIPlugin
2024-08-20 00:24:09,838 [INFO] PluginManager:220 - loadIPPluginJar : add nvic
2024-08-20 00:24:09,838 [INFO] IPUIPlugin:80 - create IPUIPlugin
2024-08-20 00:24:09,838 [INFO] PluginManager:220 - loadIPPluginJar : add fatfs
2024-08-20 00:24:09,842 [INFO] IPUIPlugin:80 - create IPUIPlugin
2024-08-20 00:24:09,842 [INFO] PluginManager:220 - loadIPPluginJar : add linkedlist
2024-08-20 00:24:09,846 [INFO] IPUIPlugin:80 - create IPUIPlugin
2024-08-20 00:24:09,846 [INFO] PluginManager:220 - loadIPPluginJar : add dma
2024-08-20 00:24:09,848 [INFO] IPUIPlugin:80 - create IPUIPlugin
2024-08-20 00:24:09,848 [INFO] PluginManager:220 - loadIPPluginJar : add fmc
2024-08-20 00:24:09,848 [INFO] IPUIPlugin:80 - create IPUIPlugin
2024-08-20 00:24:09,848 [INFO] PluginManager:220 - loadIPPluginJar : add i2s
2024-08-20 00:24:09,849 [INFO] IPUIPlugin:80 - create IPUIPlugin
2024-08-20 00:24:09,849 [INFO] PluginManager:220 - loadIPPluginJar : add ucpd
2024-08-20 00:24:09,850 [INFO] IPUIPlugin:80 - create IPUIPlugin
2024-08-20 00:24:09,850 [INFO] PluginManager:220 - loadIPPluginJar : add lorawan
2024-08-20 00:24:09,850 [INFO] IPUIPlugin:80 - create IPUIPlugin
2024-08-20 00:24:09,850 [INFO] PluginManager:220 - loadIPPluginJar : add opamp
2024-08-20 00:24:09,851 [INFO] IPUIPlugin:80 - create IPUIPlugin
2024-08-20 00:24:09,851 [INFO] PluginManager:220 - loadIPPluginJar : add i3c
2024-08-20 00:24:09,853 [INFO] IPUIPlugin:80 - create IPUIPlugin
2024-08-20 00:24:09,853 [INFO] PluginManager:220 - loadIPPluginJar : add touchsensing
2024-08-20 00:24:09,854 [INFO] IPUIPlugin:80 - create IPUIPlugin
2024-08-20 00:24:09,854 [INFO] PluginManager:220 - loadIPPluginJar : add i2c
2024-08-20 00:24:09,855 [INFO] IPUIPlugin:80 - create IPUIPlugin
2024-08-20 00:24:09,855 [INFO] PluginManager:220 - loadIPPluginJar : add resmgrutility
2024-08-20 00:24:09,856 [INFO] IPUIPlugin:80 - create IPUIPlugin
2024-08-20 00:24:09,856 [INFO] PluginManager:220 - loadIPPluginJar : add sai
2024-08-20 00:24:09,857 [INFO] IPUIPlugin:80 - create IPUIPlugin
2024-08-20 00:24:09,857 [INFO] PluginManager:220 - loadIPPluginJar : add usbx
2024-08-20 00:24:09,968 [INFO] CADModel:165 - CPN selected for project level
2024-08-20 00:24:09,969 [INFO] CADModel:114 - Register for checkConnection events
2024-08-20 00:24:09,969 [FATAL] Updater:334 - Updater called before beeing initialized
2024-08-20 00:24:09,969 [ERROR] CADModel:125 - Updater not yet initialized, retry later 
2024-08-20 00:24:10,144 [INFO] CADModel:165 - CPN selected for project level
2024-08-20 00:24:10,144 [INFO] CADModel:114 - Register for checkConnection events
2024-08-20 00:24:10,144 [FATAL] Updater:334 - Updater called before beeing initialized
2024-08-20 00:24:10,144 [ERROR] CADModel:125 - Updater not yet initialized, retry later 
2024-08-20 00:24:10,146 [FATAL] Updater:334 - Updater called before beeing initialized
2024-08-20 00:24:10,264 [FATAL] Updater:334 - Updater called before beeing initialized
2024-08-20 00:24:10,269 [INFO] DbMcusAds:53 - JSON generation date=Thu May 16 16:22:00 ICT 2024 (1715851320667)
2024-08-20 00:24:10,269 [FATAL] Updater:334 - Updater called before beeing initialized
2024-08-20 00:24:10,307 [WARN] DetailPanel:346 - Failed to get advertising image, set to default
2024-08-20 00:24:10,357 [FATAL] Updater:334 - Updater called before beeing initialized
2024-08-20 00:24:10,358 [FATAL] Updater:334 - Updater called before beeing initialized
2024-08-20 00:24:10,358 [FATAL] Updater:334 - Updater called before beeing initialized
2024-08-20 00:24:10,358 [WARN] DetailPanel:346 - Failed to get advertising image, set to default
2024-08-20 00:24:10,359 [FATAL] Updater:334 - Updater called before beeing initialized
2024-08-20 00:24:10,415 [ERROR] Updater:1164 - MainUpdater not yet initialized. External WinMGr cannot be set.
2024-08-20 00:24:10,422 [INFO] Updater:1100 - Updater Version found : 6.12.0
2024-08-20 00:24:10,432 [INFO] ApplicationProperties:184 - Using Application install path: /Applications/STM32CubeIDE.app/Contents/Eclipse/plugins/com.st.stm32cube.common.mx_6.12.0.202406281431
2024-08-20 00:24:10,687 [INFO] MainUpdater:2873 - connection check result : 10
2024-08-20 00:24:10,688 [INFO] MainUpdater:290 - Updater Check For Update Now.
2024-08-20 00:24:10,688 [INFO] MicroXplorer:498 - Change Database Version : DB.6.0.120
2024-08-20 00:24:10,692 [INFO] McuFinderGlobals:63 - Set McuFinder mode to 2 (CubeIDE integrated)
2024-08-20 00:24:10,694 [INFO] UserAuth:417 - Internet connection configuration mode: 1
2024-08-20 00:24:10,703 [INFO] JxBrowserEngine:152 - Initiate JxBrowser Engine with user profile folder
2024-08-20 00:24:10,902 [INFO] CheckServerUpdateThread:120 - End of CheckServer Thread
2024-08-20 00:24:12,296 [WARN] PackLoader:240 - Cannot read IP mode file for STMicroelectronics.FP-SNS-MOTENVWB1.1.4.0
2024-08-20 00:24:12,315 [WARN] PackLoader:240 - Cannot read IP mode file for STMicroelectronics.FP-SNS-FLIGHT1.5.0.2
2024-08-20 00:24:12,337 [WARN] PackLoader:240 - Cannot read IP mode file for STMicroelectronics.X-CUBE-DISPLAY.3.0.0
2024-08-20 00:24:12,365 [WARN] PackLoader:240 - Cannot read IP mode file for STMicroelectronics.X-CUBE-BLE1.7.0.0
2024-08-20 00:24:12,380 [WARN] PackLoader:240 - Cannot read IP mode file for STMicroelectronics.X-CUBE-BLEMGR.3.1.0
2024-08-20 00:24:12,400 [WARN] PackLoader:240 - Cannot read IP mode file for STMicroelectronics.FP-SNS-SMARTAG2.1.2.0
2024-08-20 00:24:12,411 [WARN] PackLoader:240 - Cannot read IP mode file for STMicroelectronics.FP-SNS-MOTENV1.5.0.0
2024-08-20 00:24:12,421 [WARN] PackLoader:240 - Cannot read IP mode file for STMicroelectronics.X-CUBE-BLE2.3.3.0
2024-08-20 00:24:12,427 [WARN] PackLoader:240 - Cannot read IP mode file for STMicroelectronics.FP-ATR-SIGFOX1.3.2.0
2024-08-20 00:24:12,433 [WARN] PackLoader:240 - Cannot read IP mode file for STMicroelectronics.X-CUBE-EEPRMA1.5.1.0
2024-08-20 00:24:12,446 [WARN] PackLoader:240 - Cannot read IP mode file for STMicroelectronics.X-CUBE-GNSS1.6.0.0
2024-08-20 00:24:12,453 [WARN] PackLoader:240 - Cannot read IP mode file for STMicroelectronics.X-CUBE-FREERTOS.1.2.0
2024-08-20 00:24:12,457 [WARN] PackLoader:240 - Cannot read IP mode file for STMicroelectronics.X-CUBE-AI.9.0.0
2024-08-20 00:24:12,472 [WARN] PackLoader:240 - Cannot read IP mode file for STMicroelectronics.X-CUBE-ALS.1.0.2
2024-08-20 00:24:12,474 [WARN] PackLoader:240 - Cannot read IP mode file for STMicroelectronics.FP-ATR-ASTRA1.2.0.0
2024-08-20 00:24:12,477 [INFO] ThirdParty:978 - Integrity check success = true
2024-08-20 00:24:12,477 [INFO] IntegrityCheckThread:100 - exiting critical section [integrity check]
2024-08-20 00:24:12,477 [INFO] IntegrityCheckThread:103 - End integrity checks thread
2024-08-20 00:24:14,529 [INFO] WebApp:167 - Instantiating new browser for Auth
2024-08-20 00:24:15,592 [INFO] WebApp:448 - Apply proxy settings
2024-08-20 00:24:15,608 [INFO] WebApp:493 - Chromium authenticates against Manually configured proxy
2024-08-20 00:24:15,632 [INFO] WebApp:501 - Username used for proxy authentication: 
2024-08-20 00:24:15,682 [INFO] WebApp:869 - Register for checkConnection events
2024-08-20 00:24:15,682 [INFO] WebApp:448 - Apply proxy settings
2024-08-20 00:24:15,685 [INFO] WebApp:493 - Chromium authenticates against Manually configured proxy
2024-08-20 00:24:15,685 [INFO] WebApp:501 - Username used for proxy authentication: 
2024-08-20 00:24:15,796 [INFO] WebApp:220 - Starting web application
2024-08-20 00:24:15,797 [INFO] WebApp:578 - Web application path used /Applications/STM32CubeIDE.app/Contents/Eclipse/plugins/com.st.stm32cube.common.mx_6.12.0.202406281431/db/plugins/mcufinder/reactClient1/index.html
2024-08-20 00:24:16,250 [INFO] UserAuth:417 - Internet connection configuration mode: 1
2024-08-20 00:24:16,374 [INFO] WebApp:186 - Connection restablished
2024-08-20 00:24:19,437 [INFO] McuFinderGlobals:63 - Set McuFinder mode to 2 (CubeIDE integrated)
2024-08-20 00:24:19,440 [INFO] MainUpdater:2873 - connection check result : 10
2024-08-20 00:24:19,441 [INFO] MainUpdater:2873 - connection check result : 10
2024-08-20 00:24:19,984 [INFO] RulesReader:64 - Compatibility file has been processed (297 Rules)
2024-08-20 00:24:19,994 [INFO] RulesReader:64 - Compatibility file has been processed (297 Rules)
2024-08-20 00:24:19,997 [INFO] MicroXplorer:468 - Change Database Path : 
2024-08-20 00:24:19,997 [INFO] MicroXplorer:498 - Change Database Version : DB.6.0.120
2024-08-20 00:24:20,003 [WARN] ThirdParty:871 - waiting for thirdparty lock release [close project]
2024-08-20 00:24:20,003 [INFO] ThirdParty:873 - entering critical section [close project]
2024-08-20 00:24:20,006 [INFO] ThirdParty:883 - exiting critical section [close project]
2024-08-20 00:24:20,008 [INFO] PinOutPanel:1561 - setPackage(No Configuration,No Configuration)
2024-08-20 00:24:20,015 [INFO] UtilMem:75 - Begin LoadConfig() Used Memory: 190875200 Bytes (300941312)
2024-08-20 00:24:20,017 [INFO] MicroXplorer:468 - Change Database Path : 
2024-08-20 00:24:20,017 [INFO] MicroXplorer:498 - Change Database Version : DB.6.0.120
2024-08-20 00:24:20,018 [INFO] OpenFileManager:332 - Change cursor
2024-08-20 00:24:20,053 [INFO] Mcu:2032 - Initializing MCU STM32F767ZITx STM32F767ZITx STM32F767ZIT6
2024-08-20 00:24:22,134 [INFO] Context:742 - Trying to add GPIOservice into a context  which must be forbidden
2024-08-20 00:24:23,036 [WARN] ModelIntegratedComponent:63 - No mode defined for component null
2024-08-20 00:24:23,038 [WARN] ModelIntegratedComponent:63 - No mode defined for component null
2024-08-20 00:24:23,038 [WARN] ModelIntegratedComponent:63 - No mode defined for component null
2024-08-20 00:24:23,038 [WARN] ModelIntegratedComponent:63 - No mode defined for component null
2024-08-20 00:24:23,038 [WARN] ModelIntegratedComponent:63 - No mode defined for component null
2024-08-20 00:24:23,038 [WARN] ModelIntegratedComponent:63 - No mode defined for component null
2024-08-20 00:24:23,038 [WARN] ModelIntegratedComponent:63 - No mode defined for component null
2024-08-20 00:24:23,038 [WARN] ModelIntegratedComponent:63 - No mode defined for component null
2024-08-20 00:24:23,038 [WARN] ModelIntegratedComponent:63 - No mode defined for component null
2024-08-20 00:24:23,038 [WARN] ModelIntegratedComponent:63 - No mode defined for component null
2024-08-20 00:24:23,038 [WARN] ModelIntegratedComponent:63 - No mode defined for component null
2024-08-20 00:24:23,039 [WARN] ModelIntegratedComponent:63 - No mode defined for component null
2024-08-20 00:24:23,039 [WARN] ModelIntegratedComponent:63 - No mode defined for component null
2024-08-20 00:24:23,039 [WARN] ModelIntegratedComponent:63 - No mode defined for component null
2024-08-20 00:24:23,039 [WARN] ModelIntegratedComponent:63 - No mode defined for component null
2024-08-20 00:24:23,039 [WARN] ModelIntegratedComponent:63 - No mode defined for component null
2024-08-20 00:24:23,039 [WARN] ModelIntegratedComponent:63 - No mode defined for component null
2024-08-20 00:24:23,039 [WARN] ModelIntegratedComponent:63 - No mode defined for component null
2024-08-20 00:24:23,039 [WARN] ModelIntegratedComponent:63 - No mode defined for component null
2024-08-20 00:24:23,040 [WARN] ModelIntegratedComponent:63 - No mode defined for component null
2024-08-20 00:24:23,040 [WARN] ModelIntegratedComponent:63 - No mode defined for component null
2024-08-20 00:24:23,040 [WARN] ModelIntegratedComponent:63 - No mode defined for component null
2024-08-20 00:24:23,040 [WARN] ModelIntegratedComponent:63 - No mode defined for component null
2024-08-20 00:24:23,040 [WARN] ModelIntegratedComponent:63 - No mode defined for component null
2024-08-20 00:24:23,040 [WARN] ModelIntegratedComponent:63 - No mode defined for component null
2024-08-20 00:24:23,040 [WARN] ModelIntegratedComponent:63 - No mode defined for component null
2024-08-20 00:24:23,040 [WARN] ModelIntegratedComponent:63 - No mode defined for component null
2024-08-20 00:24:23,040 [WARN] ModelIntegratedComponent:63 - No mode defined for component null
2024-08-20 00:24:23,040 [WARN] ModelIntegratedComponent:63 - No mode defined for component null
2024-08-20 00:24:23,040 [WARN] ModelIntegratedComponent:63 - No mode defined for component null
2024-08-20 00:24:23,040 [WARN] ModelIntegratedComponent:63 - No mode defined for component null
2024-08-20 00:24:23,040 [WARN] ModelIntegratedComponent:63 - No mode defined for component null
2024-08-20 00:24:23,040 [WARN] ModelIntegratedComponent:63 - No mode defined for component null
2024-08-20 00:24:23,040 [WARN] ModelIntegratedComponent:63 - No mode defined for component null
2024-08-20 00:24:23,040 [WARN] ModelIntegratedComponent:63 - No mode defined for component null
2024-08-20 00:24:23,040 [WARN] ModelPack:524 - Component already loaded: STMicroelectronics:HAL Drivers:0.0.0:STMicroelectronics:Device:STMicro_Driver:XSPI:HAL::0.0.1:HAL_XSPI
2024-08-20 00:24:23,049 [INFO] RtosManager:555 - Registered RTOS mode: class=CMSIS, group=RTOS, mode=CMSIS_V1, owner=FREERTOS
2024-08-20 00:24:23,049 [INFO] RtosManager:555 - Registered RTOS mode: class=CMSIS, group=RTOS2, mode=CMSIS_V2, owner=FREERTOS
2024-08-20 00:24:23,050 [INFO] RtosManager:555 - Registered RTOS mode: class=RTOS, group=Core, mode=CMSIS_V1, owner=FREERTOS
2024-08-20 00:24:23,050 [INFO] RtosManager:555 - Registered RTOS mode: class=RTOS, group=Core, mode=CMSIS_V2, owner=FREERTOS
2024-08-20 00:24:23,050 [WARN] ModelIntegratedComponent:184 - Missing modes for component STMicroelectronics:FreeRTOS:0.0.1:STMicroelectronics:RTOS:FreeRTOS:Core:::10.2.0:
2024-08-20 00:24:23,063 [INFO] ThirdPartyModel:298 - Start build external matchings
2024-08-20 00:24:23,081 [INFO] ThirdPartyModel:316 - End build external matchings
2024-08-20 00:24:24,184 [INFO] ApiDb:581 - Connected to CubeFinder SQLite database (/Users/kitton/.stmcufinder/plugins/mcufinder/mcu/cube-finder-db.db)
2024-08-20 00:24:24,221 [INFO] ApiDb:668 - CubeFinder database Data Model version=2.1
2024-08-20 00:24:24,221 [INFO] ApiDb:669 - CubeFinder database Configuration version=3.0.39
2024-08-20 00:24:24,222 [INFO] ApiDb:670 - CubeFinder database generation date=2024-06-20 (1718880634)
2024-08-20 00:24:24,222 [INFO] ApiDb:671 - CubeFinder database FW Pack versions=[FP-ATR-ASTRA1_V2.0.0, FP-SNS-FLIGHT1_V5.0.2, FP-SNS-MOTENV1_V5.0.0, FP-SNS-MOTENVWB1_V1.4.0, FP-SNS-SMARTAG2_V1.2.0, STM32Cube_FW_C0_V1.2.0, STM32Cube_FW_F4_V1.28.0, STM32Cube_FW_F7_V1.17.2, STM32Cube_FW_G0_V1.6.2, STM32Cube_FW_G4_V1.6.0, STM32Cube_FW_H5_V1.3.0, STM32Cube_FW_H7RS_V1.1.0, STM32Cube_FW_H7_V1.11.2, STM32Cube_FW_L0_V1.12.2, STM32Cube_FW_L5_V1.5.1, STM32Cube_FW_U0_V1.1.0, STM32Cube_FW_U5_V1.6.0, STM32Cube_FW_WB0_V1.0.0, STM32Cube_FW_WBA_V1.4.0, STM32Cube_FW_WB_V1.20.0, STM32Cube_FW_WL_V1.3.0, X-CUBE-ALGOBUILD_V1.4.0, X-CUBE-ALS_V1.0.2, X-CUBE-AZRTOS-F4_V1.1.0, X-CUBE-AZRTOS-F7_V1.1.0, X-CUBE-AZRTOS-G0_V1.1.0, X-CUBE-AZRTOS-G4_V2.0.0, X-CUBE-AZRTOS-H7RS_V1.0.0, X-CUBE-AZRTOS-H7_V3.2.0, X-CUBE-AZRTOS-L4_V2.0.0, X-CUBE-AZRTOS-L5_V1.1.0, X-CUBE-AZRTOS-WB_V2.0.0, X-CUBE-AZRTOS-WL_V2.0.0, X-CUBE-BLE1_V7.0.0, X-CUBE-BLE2_V3.3.0, X-CUBE-BLEMGR_V3.1.0, X-CUBE-EEPRMA1_V5.1.0, X-CUBE-FREERTOS_V1.2.0, X-CUBE-GNSS1_V6.0.0, X-CUBE-MEMS1_V10.0.0, X-CUBE-NFC4_V3.0.0, X-CUBE-NFC7_V1.0.1, X-CUBE-SFXS2LP1_V4.0.0, X-CUBE-SUBG2_V5.0.0, X-CUBE-TOF1_V3.4.1]
2024-08-20 00:24:24,304 [INFO] DbBoardsSqlite:226 - include board P-NUCLEO-WB55-NUCLEO as a kit item of type 'Nucleo-64'
2024-08-20 00:24:24,305 [INFO] DbBoardsSqlite:226 - include board P-NUCLEO-WB55-USBDONGLE as a kit item of type 'Nucleo USB Dongle'
2024-08-20 00:24:24,307 [INFO] DbBoardsSqlite:226 - include board STEVAL-IDP005V1 as a kit item of type 'Evaluation Board'
2024-08-20 00:24:24,308 [INFO] DbBoardsSqlite:226 - include board STEVAL-IDP005V2 as a kit item of type 'Evaluation Board'
2024-08-20 00:24:24,384 [INFO] ApiDb:240 - Found 646 in-development CPN: [B-G473E-ZEST1S, B-WB1M-WPAN1, B-WL5M-SUBG1, NUCLEO-C031C6, NUCLEO-C071RB, NUCLEO-H503RB, NUCLEO-H533RE, NUCLEO-H563ZI, NUCLEO-H7S3L8, NUCLEO-U031R8, NUCLEO-U083RC, NUCLEO-U545RE-Q, NUCLEO-U5A5ZJ-Q, NUCLEO-WB05KZ, NUCLEO-WB07CC, NUCLEO-WB09KE, NUCLEO-WBA52CG, NUCLEO-WBA55CG, STEVAL-PROTEUS1, STEVAL-SMARTAG2, STEVAL-STWINBX1, STM320518-EVAL, STM32C0116-DK, STM32C011D6Y3TR, STM32C011D6Y6TR, STM32C011F4P3, STM32C011F4P6, STM32C011F4U3, STM32C011F4U6TR, STM32C011F6P3, STM32C011F6P6, STM32C011F6U3, STM32C011F6U6TR, STM32C011J4M3, STM32C011J4M6, STM32C011J6M3, STM32C011J6M6, STM32C0316-DK, STM32C031C4T3, STM32C031C4T6, STM32C031C4U3, STM32C031C4U6, STM32C031C6T3, STM32C031C6T6, STM32C031C6U3, STM32C031C6U6, STM32C031F4P3, STM32C031F4P6, STM32C031F6P3, STM32C031F6P6, STM32C031G4U3, STM32C031G4U6, STM32C031G6U3, STM32C031G6U6, STM32C031K4T3, STM32C031K4T6, STM32C031K4U3, STM32C031K4U6, STM32C031K6T3, STM32C031K6T6, STM32C031K6U3, STM32C031K6U6, STM32C071C8T6, STM32C071C8T6N, STM32C071C8U6, STM32C071C8U6N, STM32C071CBT6, STM32C071CBT6N, STM32C071CBU6, STM32C071CBU6N, STM32C071F8P6, STM32C071F8P6N, STM32C071FBP6, STM32C071FBP6N, STM32C071FBY6TR, STM32C071G8U6, STM32C071G8U6N, STM32C071GBU6, STM32C071GBU6N, STM32C071K8T6, STM32C071K8T6N, STM32C071K8U6, STM32C071K8U6N, STM32C071KBT6, STM32C071KBT6N, STM32C071KBU6, STM32C071KBU6N, STM32C071R8T6, STM32C071R8T6N, STM32C071RBI6N, STM32C071RBT6, STM32C071RBT6N, STM32G071K8TXN, STM32G071K8UXN, STM32G081GBU6N, STM32G081KBT6N, STM32G081KBUXN, STM32G0B1CCT6N, STM32G0B1KCT6, STM32G0B1NEY6TR, STM32G0B1RCT6N, STM32G0C1CCT6, STM32G0C1CCT6N, STM32G0C1CCU6N, STM32G0C1CET6N, STM32G0C1CEU6N, STM32G0C1KCT6, STM32G0C1NEY6TR, STM32G0C1RCI6N, STM32G0C1RCT6N, STM32G0C1REI6N, STM32G0C1RET6N, STM32G0C1VCI6, STM32G0C1VEI6, STM32G411C6T3, STM32G411C6T6, STM32G411C6U3, STM32G411C6U6, STM32G411C8T3, STM32G411C8T6, STM32G411C8U3, STM32G411C8U6, STM32G411CBT3, STM32G411CBT6, STM32G411CBU3, STM32G411CBU6, STM32G411K6T3, STM32G411K6T6, STM32G411K6U3, STM32G411K6U6, STM32G411K8T3, STM32G411K8T6, STM32G411K8U3, STM32G411K8U6, STM32G411KBT3, STM32G411KBT6, STM32G411KBU3, STM32G411KBU6, STM32G411M6T3, STM32G411M6T6, STM32G411M8T3, STM32G411M8T6, STM32G411MBT3, STM32G411MBT6, STM32G411R6T3, STM32G411R6T6, STM32G411R8T3, STM32G411R8T6, STM32G411RBT3, STM32G411RBT6, STM32G414CBT3, STM32G414CBT6, STM32G414CBU3, STM32G414CBU6, STM32G414CCT3, STM32G414CCT6, STM32G414CCU3, STM32G414CCU6, STM32G414MBT3, STM32G414MBT6, STM32G414MCT3, STM32G414MCT6, STM32G414RBT3, STM32G414RBT6, STM32G414RCT3, STM32G414RCT6, STM32G414VBT3, STM32G414VBT6, STM32G414VCT3, STM32G414VCT6, STM32G431CBT3Z, STM32G431RBT3Z, STM32G471CCT6, STM32G471CCU6, STM32G471CET3, STM32G471CET6, STM32G471CEU3, STM32G471CEU6, STM32G471MCT6, STM32G471MET3, STM32G471MET6, STM32G471MEY6TR, STM32G471QCT6, STM32G471QET3, STM32G471RCT6, STM32G471RET3, STM32G471RET6, STM32G471VCH6, STM32G471VCI6, STM32G471VCT6, STM32G471VEH3, STM32G471VEH6, STM32G471VEI3, STM32G471VEI6, STM32G471VET3, STM32G471VET6, STM32G473QET3Z, STM32G473RET3Z, STM32G474CCT6, STM32G491RET3Z, STM32H503CBT6, STM32H503CBU6, STM32H503EBY6TR, STM32H503KBU6, STM32H503RBT6, STM32H523CCT6, STM32H523CCU6, STM32H523CET6, STM32H523CEU6, STM32H523HEY6TR, STM32H523RCT6, STM32H523RET6, STM32H523VCI6, STM32H523VCT6, STM32H523VEI6, STM32H523VET6, STM32H523ZCJ6, STM32H523ZCT6, STM32H523ZEJ6, STM32H523ZET6, STM32H533CET6, STM32H533CEU6, STM32H533HEY6TR, STM32H533RET6, STM32H533VEI6, STM32H533VET6, STM32H533ZEJ6, STM32H533ZET6, STM32H562AGI6, STM32H562AII6, STM32H562IGK6, STM32H562IGT6, STM32H562IIK6, STM32H562IIT6, STM32H562RGT6, STM32H562RGV6, STM32H562RIT6, STM32H562RIV6, STM32H562VGT6, STM32H562VIT6, STM32H562ZGT6, STM32H562ZIT6, STM32H563AGI6, STM32H563AII3Q, STM32H563AII6, STM32H563IGK6, STM32H563IGT6, STM32H563IIK3Q, STM32H563IIK6, STM32H563IIT3Q, STM32H563IIT6, STM32H563MIY3QTR, STM32H563RGT6, STM32H563RGV6, STM32H563RIT6, STM32H563RIV6, STM32H563VGT6, STM32H563VIT3Q, STM32H563VIT6, STM32H563ZGT6, STM32H563ZIT3Q, STM32H563ZIT6, STM32H573AII3Q, STM32H573AII6, STM32H573I-DK, STM32H573IIK3Q, STM32H573IIK6, STM32H573IIT3Q, STM32H573IIT6, STM32H573MIY3QTR, STM32H573RIT6, STM32H573RIV6, STM32H573VIT3Q, STM32H573VIT6, STM32H573ZIT3Q, STM32H573ZIT6, STM32H7R3A8I6, STM32H7R3I8K6, STM32H7R3I8T6, STM32H7R3L8H6, STM32H7R3L8H6H, STM32H7R3R8V6, STM32H7R3V8H6, STM32H7R3V8T6, STM32H7R3V8Y6TR, STM32H7R3Z8J6, STM32H7R3Z8T6, STM32H7R7A8I6, STM32H7R7I8K6, STM32H7R7I8T6, STM32H7R7L8H6, STM32H7R7L8H6H, STM32H7R7Z8J6, STM32H7S3A8I6, STM32H7S3I8K6, STM32H7S3I8T6, STM32H7S3L8H6, STM32H7S3L8H6H, STM32H7S3R8V6, STM32H7S3V8H6, STM32H7S3V8T6, STM32H7S3V8Y6TR, STM32H7S3Z8J6, STM32H7S3Z8T6, STM32H7S78-DK, STM32H7S7A8I6, STM32H7S7I8K6, STM32H7S7I8T6, STM32H7S7L8H6, STM32H7S7L8H6H, STM32H7S7Z8J6, STM32L4R5QGI6STR, STM32MP131AAE3, STM32MP131AAF3, STM32MP131AAG3, STM32MP131CAE3, STM32MP131CAF3, STM32MP131CAG3, STM32MP131DAE7, STM32MP131DAF7, STM32MP131DAG7, STM32MP131FAE7, STM32MP131FAF7, STM32MP131FAG7, STM32MP133AAE3, STM32MP133AAF3, STM32MP133AAG3, STM32MP133CAE3, STM32MP133CAF3, STM32MP133CAG3, STM32MP133DAE7, STM32MP133DAF7, STM32MP133DAG7, STM32MP133FAE7, STM32MP133FAF7, STM32MP133FAG7, STM32MP135AAE3, STM32MP135AAF3, STM32MP135AAG3, STM32MP135CAE3, STM32MP135CAF3, STM32MP135CAG3, STM32MP135DAE7, STM32MP135DAF7, STM32MP135DAG7, STM32MP135F-DK, STM32MP135FAE7, STM32MP135FAF7, STM32MP135FAF7T, STM32MP135FAF7U, STM32MP135FAG7, STM32MP251AAI3, STM32MP251AAK3, STM32MP251AAL3, STM32MP251CAI3, STM32MP251CAK3, STM32MP251CAL3, STM32MP251DAI3, STM32MP251DAK3, STM32MP251DAL3, STM32MP251FAI3, STM32MP251FAK3, STM32MP251FAL3, STM32MP253AAI3, STM32MP253AAK3, STM32MP253AAL3, STM32MP253CAI3, STM32MP253CAK3, STM32MP253CAL3, STM32MP253DAI3, STM32MP253DAK3, STM32MP253DAL3, STM32MP253FAI3, STM32MP253FAK3, STM32MP253FAL3, STM32MP255AAI3, STM32MP255AAK3, STM32MP255AAL3, STM32MP255CAI3, STM32MP255CAK3, STM32MP255CAL3, STM32MP255DAI3, STM32MP255DAK3, STM32MP255DAL3, STM32MP255FAI3, STM32MP255FAK3, STM32MP255FAL3, STM32MP257AAI3, STM32MP257AAK3, STM32MP257AAL3, STM32MP257CAI3, STM32MP257CAK3, STM32MP257CAL3, STM32MP257DAI3, STM32MP257DAK3, STM32MP257DAL3, STM32MP257F-DK, STM32MP257F-EV1, STM32MP257FAI3, STM32MP257FAK3, STM32MP257FAL3, STM32U031C6T6, STM32U031C6U6, STM32U031C8T6, STM32U031C8U6, STM32U031F4P6, STM32U031F6P6, STM32U031F8P6, STM32U031G6Y6TR, STM32U031G8Y6TR, STM32U031K4U6, STM32U031K6U6, STM32U031K8U6, STM32U031R6I6, STM32U031R6T6, STM32U031R8I6, STM32U031R8T6, STM32U073C8T6, STM32U073C8U6, STM32U073CBT6, STM32U073CBU6, STM32U073CCT6, STM32U073CCU6, STM32U073H8Y6TR, STM32U073HBY6TR, STM32U073HCY6TR, STM32U073K8U6, STM32U073KBU6, STM32U073KCU6, STM32U073M8I6, STM32U073M8T6, STM32U073MBI6, STM32U073MBT6, STM32U073MCI6, STM32U073MCT6, STM32U073R8I6, STM32U073R8T6, STM32U073RBI6, STM32U073RBT6, STM32U073RCI6, STM32U073RCT6, STM32U083C-DK, STM32U083CCT6, STM32U083CCU6, STM32U083HCY6TR, STM32U083KCU6, STM32U083MCI6, STM32U083MCT6, STM32U083RCI6, STM32U083RCT6, STM32U535CBT6, STM32U535CBT6Q, STM32U535CBU6, STM32U535CBU6Q, STM32U535CCT6, STM32U535CCT6Q, STM32U535CCU6, STM32U535CCU6Q, STM32U535CET6, STM32U535CET6Q, STM32U535CEU6, STM32U535CEU6Q, STM32U535JEY6QTR, STM32U535NCY6QTR, STM32U535NEY6QTR, STM32U535RBI6, STM32U535RBI6Q, STM32U535RBT6, STM32U535RBT6Q, STM32U535RCI6, STM32U535RCI6Q, STM32U535RCT6, STM32U535RCT6Q, STM32U535REI6, STM32U535REI6Q, STM32U535RET6, STM32U535RET6Q, STM32U535VCI6, STM32U535VCI6Q, STM32U535VCT6, STM32U535VCT6Q, STM32U535VEI6, STM32U535VEI6Q, STM32U535VET6, STM32U535VET6Q, STM32U545CET6, STM32U545CET6Q, STM32U545CEU6, STM32U545CEU6Q, STM32U545JEY6QTR, STM32U545NEY6QTR, STM32U545REI6, STM32U545REI6Q, STM32U545RET6, STM32U545RET6Q, STM32U545VEI6, STM32U545VEI6Q, STM32U545VET6, STM32U545VET6Q, STM32U595AIH6, STM32U595AIH6Q, STM32U595AJH6, STM32U595AJH6Q, STM32U595QII6, STM32U595QII6Q, STM32U595QJI6, STM32U595QJI6Q, STM32U595RIT6, STM32U595RIT6Q, STM32U595RJT6, STM32U595RJT6Q, STM32U595VIT6, STM32U595VIT6Q, STM32U595VJT6, STM32U595VJT6Q, STM32U595ZIT6, STM32U595ZIT6Q, STM32U595ZIY6QTR, STM32U595ZJT6, STM32U595ZJT6Q, STM32U595ZJY6QTR, STM32U599BJY6QTR, STM32U599NIH6Q, STM32U599NJH6Q, STM32U599VIT6Q, STM32U599VJT6, STM32U599VJT6Q, STM32U599ZIT6Q, STM32U599ZIY6QTR, STM32U599ZJT6Q, STM32U599ZJY6QTR, STM32U5A5AJH6, STM32U5A5AJH6Q, STM32U5A5QII3Q , STM32U5A5QJI6, STM32U5A5QJI6Q, STM32U5A5RJT6, STM32U5A5RJT6Q, STM32U5A5VJT6, STM32U5A5VJT6Q, STM32U5A5ZJT6, STM32U5A5ZJT6Q, STM32U5A5ZJY6QTR, STM32U5A9BJY6QTR, STM32U5A9J-DK, STM32U5A9NJH6Q, STM32U5A9VJT6Q, STM32U5A9ZJT6Q, STM32U5A9ZJY6QTR, STM32U5F7VIT6, STM32U5F7VIT6Q, STM32U5F7VJT6, STM32U5F7VJT6Q, STM32U5F9BJY6QTR, STM32U5F9NJH6Q, STM32U5F9VIT6Q, STM32U5F9VJT6Q, STM32U5F9ZIJ6QTR, STM32U5F9ZIT6Q, STM32U5F9ZJJ6QTR, STM32U5F9ZJT6Q, STM32U5G7VJT6, STM32U5G7VJT6Q, STM32U5G9BJY6QTR, STM32U5G9J-DK1, STM32U5G9J-DK2, STM32U5G9NJH6Q, STM32U5G9VJT6Q, STM32U5G9ZJJ6QTR, STM32U5G9ZJT6Q, STM32WB05KZV6TR, STM32WB05KZV7TR, STM32WB05TZF6TR, STM32WB05TZF7TR, STM32WB06CCF6TR, STM32WB06CCF7TR, STM32WB06CCV6TR, STM32WB06CCV7TR, STM32WB06KCV6TR, STM32WB06KCV7TR, STM32WB07CCF6TR, STM32WB07CCF7TR, STM32WB07CCV6TR, STM32WB07CCV7TR, STM32WB07KCV6TR, STM32WB07KCV7TR, STM32WB09KEV6TR, STM32WB09KEV7TR, STM32WB09TEF6TR, STM32WB09TEF7TR, STM32WB1MMCH6, STM32WBA50KGU6, STM32WBA50KGU6TR, STM32WBA52CEU6, STM32WBA52CEU6TR, STM32WBA52CEU7, STM32WBA52CEU7TR, STM32WBA52CGU6, STM32WBA52CGU6TR, STM32WBA52CGU6U, STM32WBA52CGU7, STM32WBA52CGU7TR, STM32WBA52KEU6, STM32WBA52KEU6TR, STM32WBA52KGU6, STM32WBA52KGU6TR, STM32WBA54CEU6, STM32WBA54CEU6TR, STM32WBA54CEU7, STM32WBA54CEU7TR, STM32WBA54CGU6, STM32WBA54CGU6TR, STM32WBA54CGU7, STM32WBA54CGU7TR, STM32WBA54KEU6, STM32WBA54KEU6TR, STM32WBA54KEU7, STM32WBA54KEU7TR, STM32WBA54KGU6, STM32WBA54KGU6TR, STM32WBA54KGU7, STM32WBA54KGU7TR, STM32WBA55CEU6, STM32WBA55CEU6TR, STM32WBA55CEU7, STM32WBA55CEU7TR, STM32WBA55CGU6, STM32WBA55CGU6TR, STM32WBA55CGU6U, STM32WBA55CGU7, STM32WBA55CGU7TR, STM32WBA55G-DK1, STM32WBA55HEF6, STM32WBA55HEF7, STM32WBA55HGF6, STM32WBA55HGF7, STM32WBA55UEI6, STM32WBA55UEI6TR, STM32WBA55UEI7, STM32WBA55UEI7TR, STM32WBA55UGI6, STM32WBA55UGI6TR, STM32WBA55UGI7, STM32WBA55UGI7TR, STM32WL5MOCH6, STM32WL5MOCH6TR]
2024-08-20 00:24:24,485 [INFO] BoardInfo:889 - No configuration file found for board P-NUCLEO-WB55
2024-08-20 00:24:24,485 [INFO] DbBoards:161 - Kit is not supported: P-NUCLEO-WB55
2024-08-20 00:24:24,488 [INFO] BoardInfo:889 - No configuration file found for board STEVAL-BFA001V1B
2024-08-20 00:24:24,488 [INFO] DbBoards:161 - Kit is not supported: STEVAL-BFA001V1B
2024-08-20 00:24:24,489 [INFO] BoardInfo:889 - No configuration file found for board STEVAL-BFA001V2B
2024-08-20 00:24:24,489 [INFO] DbBoards:161 - Kit is not supported: STEVAL-BFA001V2B
2024-08-20 00:24:24,575 [INFO] DbBoards:168 - Found 201 boards, 198 are supported
2024-08-20 00:24:24,575 [INFO] DbBoards:169 - Found 201 boards, 25 of them is supported for  Bsp
2024-08-20 00:24:24,577 [INFO] ApiDb:668 - CubeFinder database Data Model version=2.1
2024-08-20 00:24:24,577 [INFO] ApiDb:669 - CubeFinder database Configuration version=3.0.39
2024-08-20 00:24:24,577 [INFO] ApiDb:670 - CubeFinder database generation date=2024-06-20 (1718880634)
2024-08-20 00:24:24,577 [INFO] ApiDb:671 - CubeFinder database FW Pack versions=[FP-ATR-ASTRA1_V2.0.0, FP-SNS-FLIGHT1_V5.0.2, FP-SNS-MOTENV1_V5.0.0, FP-SNS-MOTENVWB1_V1.4.0, FP-SNS-SMARTAG2_V1.2.0, STM32Cube_FW_C0_V1.2.0, STM32Cube_FW_F4_V1.28.0, STM32Cube_FW_F7_V1.17.2, STM32Cube_FW_G0_V1.6.2, STM32Cube_FW_G4_V1.6.0, STM32Cube_FW_H5_V1.3.0, STM32Cube_FW_H7RS_V1.1.0, STM32Cube_FW_H7_V1.11.2, STM32Cube_FW_L0_V1.12.2, STM32Cube_FW_L5_V1.5.1, STM32Cube_FW_U0_V1.1.0, STM32Cube_FW_U5_V1.6.0, STM32Cube_FW_WB0_V1.0.0, STM32Cube_FW_WBA_V1.4.0, STM32Cube_FW_WB_V1.20.0, STM32Cube_FW_WL_V1.3.0, X-CUBE-ALGOBUILD_V1.4.0, X-CUBE-ALS_V1.0.2, X-CUBE-AZRTOS-F4_V1.1.0, X-CUBE-AZRTOS-F7_V1.1.0, X-CUBE-AZRTOS-G0_V1.1.0, X-CUBE-AZRTOS-G4_V2.0.0, X-CUBE-AZRTOS-H7RS_V1.0.0, X-CUBE-AZRTOS-H7_V3.2.0, X-CUBE-AZRTOS-L4_V2.0.0, X-CUBE-AZRTOS-L5_V1.1.0, X-CUBE-AZRTOS-WB_V2.0.0, X-CUBE-AZRTOS-WL_V2.0.0, X-CUBE-BLE1_V7.0.0, X-CUBE-BLE2_V3.3.0, X-CUBE-BLEMGR_V3.1.0, X-CUBE-EEPRMA1_V5.1.0, X-CUBE-FREERTOS_V1.2.0, X-CUBE-GNSS1_V6.0.0, X-CUBE-MEMS1_V10.0.0, X-CUBE-NFC4_V3.0.0, X-CUBE-NFC7_V1.0.1, X-CUBE-SFXS2LP1_V4.0.0, X-CUBE-SUBG2_V5.0.0, X-CUBE-TOF1_V3.4.1]
2024-08-20 00:24:25,629 [INFO] ApiDb:240 - Found 646 in-development CPN: [B-G473E-ZEST1S, B-WB1M-WPAN1, B-WL5M-SUBG1, NUCLEO-C031C6, NUCLEO-C071RB, NUCLEO-H503RB, NUCLEO-H533RE, NUCLEO-H563ZI, NUCLEO-H7S3L8, NUCLEO-U031R8, NUCLEO-U083RC, NUCLEO-U545RE-Q, NUCLEO-U5A5ZJ-Q, NUCLEO-WB05KZ, NUCLEO-WB07CC, NUCLEO-WB09KE, NUCLEO-WBA52CG, NUCLEO-WBA55CG, STEVAL-PROTEUS1, STEVAL-SMARTAG2, STEVAL-STWINBX1, STM320518-EVAL, STM32C0116-DK, STM32C011D6Y3TR, STM32C011D6Y6TR, STM32C011F4P3, STM32C011F4P6, STM32C011F4U3, STM32C011F4U6TR, STM32C011F6P3, STM32C011F6P6, STM32C011F6U3, STM32C011F6U6TR, STM32C011J4M3, STM32C011J4M6, STM32C011J6M3, STM32C011J6M6, STM32C0316-DK, STM32C031C4T3, STM32C031C4T6, STM32C031C4U3, STM32C031C4U6, STM32C031C6T3, STM32C031C6T6, STM32C031C6U3, STM32C031C6U6, STM32C031F4P3, STM32C031F4P6, STM32C031F6P3, STM32C031F6P6, STM32C031G4U3, STM32C031G4U6, STM32C031G6U3, STM32C031G6U6, STM32C031K4T3, STM32C031K4T6, STM32C031K4U3, STM32C031K4U6, STM32C031K6T3, STM32C031K6T6, STM32C031K6U3, STM32C031K6U6, STM32C071C8T6, STM32C071C8T6N, STM32C071C8U6, STM32C071C8U6N, STM32C071CBT6, STM32C071CBT6N, STM32C071CBU6, STM32C071CBU6N, STM32C071F8P6, STM32C071F8P6N, STM32C071FBP6, STM32C071FBP6N, STM32C071FBY6TR, STM32C071G8U6, STM32C071G8U6N, STM32C071GBU6, STM32C071GBU6N, STM32C071K8T6, STM32C071K8T6N, STM32C071K8U6, STM32C071K8U6N, STM32C071KBT6, STM32C071KBT6N, STM32C071KBU6, STM32C071KBU6N, STM32C071R8T6, STM32C071R8T6N, STM32C071RBI6N, STM32C071RBT6, STM32C071RBT6N, STM32G071K8TXN, STM32G071K8UXN, STM32G081GBU6N, STM32G081KBT6N, STM32G081KBUXN, STM32G0B1CCT6N, STM32G0B1KCT6, STM32G0B1NEY6TR, STM32G0B1RCT6N, STM32G0C1CCT6, STM32G0C1CCT6N, STM32G0C1CCU6N, STM32G0C1CET6N, STM32G0C1CEU6N, STM32G0C1KCT6, STM32G0C1NEY6TR, STM32G0C1RCI6N, STM32G0C1RCT6N, STM32G0C1REI6N, STM32G0C1RET6N, STM32G0C1VCI6, STM32G0C1VEI6, STM32G411C6T3, STM32G411C6T6, STM32G411C6U3, STM32G411C6U6, STM32G411C8T3, STM32G411C8T6, STM32G411C8U3, STM32G411C8U6, STM32G411CBT3, STM32G411CBT6, STM32G411CBU3, STM32G411CBU6, STM32G411K6T3, STM32G411K6T6, STM32G411K6U3, STM32G411K6U6, STM32G411K8T3, STM32G411K8T6, STM32G411K8U3, STM32G411K8U6, STM32G411KBT3, STM32G411KBT6, STM32G411KBU3, STM32G411KBU6, STM32G411M6T3, STM32G411M6T6, STM32G411M8T3, STM32G411M8T6, STM32G411MBT3, STM32G411MBT6, STM32G411R6T3, STM32G411R6T6, STM32G411R8T3, STM32G411R8T6, STM32G411RBT3, STM32G411RBT6, STM32G414CBT3, STM32G414CBT6, STM32G414CBU3, STM32G414CBU6, STM32G414CCT3, STM32G414CCT6, STM32G414CCU3, STM32G414CCU6, STM32G414MBT3, STM32G414MBT6, STM32G414MCT3, STM32G414MCT6, STM32G414RBT3, STM32G414RBT6, STM32G414RCT3, STM32G414RCT6, STM32G414VBT3, STM32G414VBT6, STM32G414VCT3, STM32G414VCT6, STM32G431CBT3Z, STM32G431RBT3Z, STM32G471CCT6, STM32G471CCU6, STM32G471CET3, STM32G471CET6, STM32G471CEU3, STM32G471CEU6, STM32G471MCT6, STM32G471MET3, STM32G471MET6, STM32G471MEY6TR, STM32G471QCT6, STM32G471QET3, STM32G471RCT6, STM32G471RET3, STM32G471RET6, STM32G471VCH6, STM32G471VCI6, STM32G471VCT6, STM32G471VEH3, STM32G471VEH6, STM32G471VEI3, STM32G471VEI6, STM32G471VET3, STM32G471VET6, STM32G473QET3Z, STM32G473RET3Z, STM32G474CCT6, STM32G491RET3Z, STM32H503CBT6, STM32H503CBU6, STM32H503EBY6TR, STM32H503KBU6, STM32H503RBT6, STM32H523CCT6, STM32H523CCU6, STM32H523CET6, STM32H523CEU6, STM32H523HEY6TR, STM32H523RCT6, STM32H523RET6, STM32H523VCI6, STM32H523VCT6, STM32H523VEI6, STM32H523VET6, STM32H523ZCJ6, STM32H523ZCT6, STM32H523ZEJ6, STM32H523ZET6, STM32H533CET6, STM32H533CEU6, STM32H533HEY6TR, STM32H533RET6, STM32H533VEI6, STM32H533VET6, STM32H533ZEJ6, STM32H533ZET6, STM32H562AGI6, STM32H562AII6, STM32H562IGK6, STM32H562IGT6, STM32H562IIK6, STM32H562IIT6, STM32H562RGT6, STM32H562RGV6, STM32H562RIT6, STM32H562RIV6, STM32H562VGT6, STM32H562VIT6, STM32H562ZGT6, STM32H562ZIT6, STM32H563AGI6, STM32H563AII3Q, STM32H563AII6, STM32H563IGK6, STM32H563IGT6, STM32H563IIK3Q, STM32H563IIK6, STM32H563IIT3Q, STM32H563IIT6, STM32H563MIY3QTR, STM32H563RGT6, STM32H563RGV6, STM32H563RIT6, STM32H563RIV6, STM32H563VGT6, STM32H563VIT3Q, STM32H563VIT6, STM32H563ZGT6, STM32H563ZIT3Q, STM32H563ZIT6, STM32H573AII3Q, STM32H573AII6, STM32H573I-DK, STM32H573IIK3Q, STM32H573IIK6, STM32H573IIT3Q, STM32H573IIT6, STM32H573MIY3QTR, STM32H573RIT6, STM32H573RIV6, STM32H573VIT3Q, STM32H573VIT6, STM32H573ZIT3Q, STM32H573ZIT6, STM32H7R3A8I6, STM32H7R3I8K6, STM32H7R3I8T6, STM32H7R3L8H6, STM32H7R3L8H6H, STM32H7R3R8V6, STM32H7R3V8H6, STM32H7R3V8T6, STM32H7R3V8Y6TR, STM32H7R3Z8J6, STM32H7R3Z8T6, STM32H7R7A8I6, STM32H7R7I8K6, STM32H7R7I8T6, STM32H7R7L8H6, STM32H7R7L8H6H, STM32H7R7Z8J6, STM32H7S3A8I6, STM32H7S3I8K6, STM32H7S3I8T6, STM32H7S3L8H6, STM32H7S3L8H6H, STM32H7S3R8V6, STM32H7S3V8H6, STM32H7S3V8T6, STM32H7S3V8Y6TR, STM32H7S3Z8J6, STM32H7S3Z8T6, STM32H7S78-DK, STM32H7S7A8I6, STM32H7S7I8K6, STM32H7S7I8T6, STM32H7S7L8H6, STM32H7S7L8H6H, STM32H7S7Z8J6, STM32L4R5QGI6STR, STM32MP131AAE3, STM32MP131AAF3, STM32MP131AAG3, STM32MP131CAE3, STM32MP131CAF3, STM32MP131CAG3, STM32MP131DAE7, STM32MP131DAF7, STM32MP131DAG7, STM32MP131FAE7, STM32MP131FAF7, STM32MP131FAG7, STM32MP133AAE3, STM32MP133AAF3, STM32MP133AAG3, STM32MP133CAE3, STM32MP133CAF3, STM32MP133CAG3, STM32MP133DAE7, STM32MP133DAF7, STM32MP133DAG7, STM32MP133FAE7, STM32MP133FAF7, STM32MP133FAG7, STM32MP135AAE3, STM32MP135AAF3, STM32MP135AAG3, STM32MP135CAE3, STM32MP135CAF3, STM32MP135CAG3, STM32MP135DAE7, STM32MP135DAF7, STM32MP135DAG7, STM32MP135F-DK, STM32MP135FAE7, STM32MP135FAF7, STM32MP135FAF7T, STM32MP135FAF7U, STM32MP135FAG7, STM32MP251AAI3, STM32MP251AAK3, STM32MP251AAL3, STM32MP251CAI3, STM32MP251CAK3, STM32MP251CAL3, STM32MP251DAI3, STM32MP251DAK3, STM32MP251DAL3, STM32MP251FAI3, STM32MP251FAK3, STM32MP251FAL3, STM32MP253AAI3, STM32MP253AAK3, STM32MP253AAL3, STM32MP253CAI3, STM32MP253CAK3, STM32MP253CAL3, STM32MP253DAI3, STM32MP253DAK3, STM32MP253DAL3, STM32MP253FAI3, STM32MP253FAK3, STM32MP253FAL3, STM32MP255AAI3, STM32MP255AAK3, STM32MP255AAL3, STM32MP255CAI3, STM32MP255CAK3, STM32MP255CAL3, STM32MP255DAI3, STM32MP255DAK3, STM32MP255DAL3, STM32MP255FAI3, STM32MP255FAK3, STM32MP255FAL3, STM32MP257AAI3, STM32MP257AAK3, STM32MP257AAL3, STM32MP257CAI3, STM32MP257CAK3, STM32MP257CAL3, STM32MP257DAI3, STM32MP257DAK3, STM32MP257DAL3, STM32MP257F-DK, STM32MP257F-EV1, STM32MP257FAI3, STM32MP257FAK3, STM32MP257FAL3, STM32U031C6T6, STM32U031C6U6, STM32U031C8T6, STM32U031C8U6, STM32U031F4P6, STM32U031F6P6, STM32U031F8P6, STM32U031G6Y6TR, STM32U031G8Y6TR, STM32U031K4U6, STM32U031K6U6, STM32U031K8U6, STM32U031R6I6, STM32U031R6T6, STM32U031R8I6, STM32U031R8T6, STM32U073C8T6, STM32U073C8U6, STM32U073CBT6, STM32U073CBU6, STM32U073CCT6, STM32U073CCU6, STM32U073H8Y6TR, STM32U073HBY6TR, STM32U073HCY6TR, STM32U073K8U6, STM32U073KBU6, STM32U073KCU6, STM32U073M8I6, STM32U073M8T6, STM32U073MBI6, STM32U073MBT6, STM32U073MCI6, STM32U073MCT6, STM32U073R8I6, STM32U073R8T6, STM32U073RBI6, STM32U073RBT6, STM32U073RCI6, STM32U073RCT6, STM32U083C-DK, STM32U083CCT6, STM32U083CCU6, STM32U083HCY6TR, STM32U083KCU6, STM32U083MCI6, STM32U083MCT6, STM32U083RCI6, STM32U083RCT6, STM32U535CBT6, STM32U535CBT6Q, STM32U535CBU6, STM32U535CBU6Q, STM32U535CCT6, STM32U535CCT6Q, STM32U535CCU6, STM32U535CCU6Q, STM32U535CET6, STM32U535CET6Q, STM32U535CEU6, STM32U535CEU6Q, STM32U535JEY6QTR, STM32U535NCY6QTR, STM32U535NEY6QTR, STM32U535RBI6, STM32U535RBI6Q, STM32U535RBT6, STM32U535RBT6Q, STM32U535RCI6, STM32U535RCI6Q, STM32U535RCT6, STM32U535RCT6Q, STM32U535REI6, STM32U535REI6Q, STM32U535RET6, STM32U535RET6Q, STM32U535VCI6, STM32U535VCI6Q, STM32U535VCT6, STM32U535VCT6Q, STM32U535VEI6, STM32U535VEI6Q, STM32U535VET6, STM32U535VET6Q, STM32U545CET6, STM32U545CET6Q, STM32U545CEU6, STM32U545CEU6Q, STM32U545JEY6QTR, STM32U545NEY6QTR, STM32U545REI6, STM32U545REI6Q, STM32U545RET6, STM32U545RET6Q, STM32U545VEI6, STM32U545VEI6Q, STM32U545VET6, STM32U545VET6Q, STM32U595AIH6, STM32U595AIH6Q, STM32U595AJH6, STM32U595AJH6Q, STM32U595QII6, STM32U595QII6Q, STM32U595QJI6, STM32U595QJI6Q, STM32U595RIT6, STM32U595RIT6Q, STM32U595RJT6, STM32U595RJT6Q, STM32U595VIT6, STM32U595VIT6Q, STM32U595VJT6, STM32U595VJT6Q, STM32U595ZIT6, STM32U595ZIT6Q, STM32U595ZIY6QTR, STM32U595ZJT6, STM32U595ZJT6Q, STM32U595ZJY6QTR, STM32U599BJY6QTR, STM32U599NIH6Q, STM32U599NJH6Q, STM32U599VIT6Q, STM32U599VJT6, STM32U599VJT6Q, STM32U599ZIT6Q, STM32U599ZIY6QTR, STM32U599ZJT6Q, STM32U599ZJY6QTR, STM32U5A5AJH6, STM32U5A5AJH6Q, STM32U5A5QII3Q , STM32U5A5QJI6, STM32U5A5QJI6Q, STM32U5A5RJT6, STM32U5A5RJT6Q, STM32U5A5VJT6, STM32U5A5VJT6Q, STM32U5A5ZJT6, STM32U5A5ZJT6Q, STM32U5A5ZJY6QTR, STM32U5A9BJY6QTR, STM32U5A9J-DK, STM32U5A9NJH6Q, STM32U5A9VJT6Q, STM32U5A9ZJT6Q, STM32U5A9ZJY6QTR, STM32U5F7VIT6, STM32U5F7VIT6Q, STM32U5F7VJT6, STM32U5F7VJT6Q, STM32U5F9BJY6QTR, STM32U5F9NJH6Q, STM32U5F9VIT6Q, STM32U5F9VJT6Q, STM32U5F9ZIJ6QTR, STM32U5F9ZIT6Q, STM32U5F9ZJJ6QTR, STM32U5F9ZJT6Q, STM32U5G7VJT6, STM32U5G7VJT6Q, STM32U5G9BJY6QTR, STM32U5G9J-DK1, STM32U5G9J-DK2, STM32U5G9NJH6Q, STM32U5G9VJT6Q, STM32U5G9ZJJ6QTR, STM32U5G9ZJT6Q, STM32WB05KZV6TR, STM32WB05KZV7TR, STM32WB05TZF6TR, STM32WB05TZF7TR, STM32WB06CCF6TR, STM32WB06CCF7TR, STM32WB06CCV6TR, STM32WB06CCV7TR, STM32WB06KCV6TR, STM32WB06KCV7TR, STM32WB07CCF6TR, STM32WB07CCF7TR, STM32WB07CCV6TR, STM32WB07CCV7TR, STM32WB07KCV6TR, STM32WB07KCV7TR, STM32WB09KEV6TR, STM32WB09KEV7TR, STM32WB09TEF6TR, STM32WB09TEF7TR, STM32WB1MMCH6, STM32WBA50KGU6, STM32WBA50KGU6TR, STM32WBA52CEU6, STM32WBA52CEU6TR, STM32WBA52CEU7, STM32WBA52CEU7TR, STM32WBA52CGU6, STM32WBA52CGU6TR, STM32WBA52CGU6U, STM32WBA52CGU7, STM32WBA52CGU7TR, STM32WBA52KEU6, STM32WBA52KEU6TR, STM32WBA52KGU6, STM32WBA52KGU6TR, STM32WBA54CEU6, STM32WBA54CEU6TR, STM32WBA54CEU7, STM32WBA54CEU7TR, STM32WBA54CGU6, STM32WBA54CGU6TR, STM32WBA54CGU7, STM32WBA54CGU7TR, STM32WBA54KEU6, STM32WBA54KEU6TR, STM32WBA54KEU7, STM32WBA54KEU7TR, STM32WBA54KGU6, STM32WBA54KGU6TR, STM32WBA54KGU7, STM32WBA54KGU7TR, STM32WBA55CEU6, STM32WBA55CEU6TR, STM32WBA55CEU7, STM32WBA55CEU7TR, STM32WBA55CGU6, STM32WBA55CGU6TR, STM32WBA55CGU6U, STM32WBA55CGU7, STM32WBA55CGU7TR, STM32WBA55G-DK1, STM32WBA55HEF6, STM32WBA55HEF7, STM32WBA55HGF6, STM32WBA55HGF7, STM32WBA55UEI6, STM32WBA55UEI6TR, STM32WBA55UEI7, STM32WBA55UEI7TR, STM32WBA55UGI6, STM32WBA55UGI6TR, STM32WBA55UGI7, STM32WBA55UGI7TR, STM32WL5MOCH6, STM32WL5MOCH6TR]
2024-08-20 00:24:25,633 [INFO] DbMcus:218 - Found 4251 MCUs, 4251 are supported
2024-08-20 00:24:25,634 [INFO] ApiDb:423 - Load user favorites file /Users/kitton/.stm32cubeide/favorites.mcus.txt: 1 item(s)
2024-08-20 00:24:25,634 [INFO] ApiDb:427 - User favorites MCUs=[STM32F767ZIT6]
2024-08-20 00:24:25,634 [INFO] DbMcus:224 - Set 1 / 1 favorites MCUs
2024-08-20 00:24:25,865 [INFO] ApiDb:414 - User favorites file not found: /Users/kitton/.stm32cubeide/favorites.boards.txt
2024-08-20 00:24:25,868 [INFO] DbBoards:198 - Set 0 / 0 favorites Boards
2024-08-20 00:24:25,937 [INFO] UtilMem:75 - End LoadConfig() Used Memory: 289455400 Bytes (452984832)
2024-08-20 00:24:26,033 [WARN] ThirdParty:833 - waiting for thirdparty lock release [change project]
2024-08-20 00:24:26,034 [INFO] ThirdParty:835 - entering critical section [change project]
2024-08-20 00:24:26,035 [INFO] ThirdParty:1030 - CMSIS Pack Vendor :STMicroelectronics USBPD 4.1
2024-08-20 00:24:26,035 [INFO] ThirdParty:1030 - CMSIS Pack Vendor :STMicroelectronics X-CUBE-DISPLAY 3.0.0
2024-08-20 00:24:26,035 [INFO] ThirdParty:1030 - CMSIS Pack Vendor :STMicroelectronics X-CUBE-GNSS1 6.0.0
2024-08-20 00:24:26,035 [INFO] ThirdParty:1030 - CMSIS Pack Vendor :STMicroelectronics USB_HOST 2.0.0
2024-08-20 00:24:26,035 [INFO] ThirdParty:1030 - CMSIS Pack Vendor :STMicroelectronics FP-SNS-MOTENVWB1 1.4.0
2024-08-20 00:24:26,035 [INFO] ThirdParty:1030 - CMSIS Pack Vendor :STMicroelectronics LIBJPEG 8.0.0
2024-08-20 00:24:26,035 [INFO] ThirdParty:1030 - CMSIS Pack Vendor :STMicroelectronics X-CUBE-BLE1 7.0.0
2024-08-20 00:24:26,035 [INFO] ThirdParty:1030 - CMSIS Pack Vendor :STMicroelectronics FP-ATR-SIGFOX1 3.2.0
2024-08-20 00:24:26,035 [INFO] ThirdParty:1030 - CMSIS Pack Vendor :STMicroelectronics USB_DEVICE 3.0.0
2024-08-20 00:24:26,035 [INFO] ThirdParty:1030 - CMSIS Pack Vendor :STMicroelectronics X-CUBE-EEPRMA1 5.1.0
2024-08-20 00:24:26,035 [INFO] ThirdParty:1030 - CMSIS Pack Vendor :STMicroelectronics HAL Drivers 0.0.0
2024-08-20 00:24:26,035 [INFO] ThirdParty:1030 - CMSIS Pack Vendor :STMicroelectronics MBEDTLS 2.16.2
2024-08-20 00:24:26,035 [INFO] ThirdParty:1030 - CMSIS Pack Vendor :STMicroelectronics X-CUBE-FREERTOS 1.2.0
2024-08-20 00:24:26,035 [INFO] ThirdParty:1030 - CMSIS Pack Vendor :STMicroelectronics X-CUBE-ALS 1.0.2
2024-08-20 00:24:26,035 [INFO] ThirdParty:1030 - CMSIS Pack Vendor :STMicroelectronics MBEDTLS 2.14.1
2024-08-20 00:24:26,035 [INFO] ThirdParty:1030 - CMSIS Pack Vendor :STMicroelectronics USB_DEVICE 2.0.0
2024-08-20 00:24:26,035 [INFO] ThirdParty:1030 - CMSIS Pack Vendor :STMicroelectronics X-CUBE-BLEMGR 3.1.0
2024-08-20 00:24:26,035 [INFO] ThirdParty:1030 - CMSIS Pack Vendor :STMicroelectronics ThreadX 1.0.0
2024-08-20 00:24:26,035 [INFO] ThirdParty:1030 - CMSIS Pack Vendor :STMicroelectronics FP-SNS-SMARTAG2 1.2.0
2024-08-20 00:24:26,036 [INFO] ThirdParty:1030 - CMSIS Pack Vendor :STMicroelectronics FreeRTOS 0.0.1
2024-08-20 00:24:26,036 [INFO] ThirdParty:1030 - CMSIS Pack Vendor :STMicroelectronics FP-SNS-MOTENV1 5.0.0
2024-08-20 00:24:26,036 [INFO] ThirdParty:1030 - CMSIS Pack Vendor :STMicroelectronics USB_DEVICE 1.0.0
2024-08-20 00:24:26,036 [INFO] ThirdParty:1030 - CMSIS Pack Vendor :STMicroelectronics STM32_WPAN 1.0.0
2024-08-20 00:24:26,036 [INFO] ThirdParty:1030 - CMSIS Pack Vendor :STMicroelectronics ThreadX 0.0.2
2024-08-20 00:24:26,036 [INFO] ThirdParty:1030 - CMSIS Pack Vendor :STMicroelectronics FP-ATR-ASTRA1 2.0.0
2024-08-20 00:24:26,036 [INFO] ThirdParty:1030 - CMSIS Pack Vendor :STMicroelectronics lwIP 2.0.3
2024-08-20 00:24:26,036 [INFO] ThirdParty:1030 - CMSIS Pack Vendor :STMicroelectronics lwIP 2.1.2
2024-08-20 00:24:26,036 [INFO] ThirdParty:1030 - CMSIS Pack Vendor :STMicroelectronics FP-SNS-FLIGHT1 5.0.2
2024-08-20 00:24:26,036 [INFO] ThirdParty:1030 - CMSIS Pack Vendor :STMicroelectronics X-CUBE-BLE2 3.3.0
2024-08-20 00:24:26,036 [INFO] ThirdParty:1030 - CMSIS Pack Vendor :STMicroelectronics USB_HOST 1.0.0
2024-08-20 00:24:26,036 [INFO] ThirdParty:1030 - CMSIS Pack Vendor :STMicroelectronics X-CUBE-AI 9.0.0
2024-08-20 00:24:26,036 [INFO] ThirdParty:1030 - CMSIS Pack Vendor :STMicroelectronics PDM2PCM 3.1.0
2024-08-20 00:24:26,036 [INFO] ThirdParty:1030 - CMSIS Pack Vendor :STMicroelectronics PDM2PCM 3.2.0
2024-08-20 00:24:26,036 [INFO] ThirdParty:1030 - CMSIS Pack Vendor :STMicroelectronics PDM2PCM 3.3.0
2024-08-20 00:24:26,037 [INFO] ThirdParty:841 - exiting critical section [change project]
2024-08-20 00:24:26,794 [INFO] PinOutPanel:1561 - setPackage(No Configuration,No Configuration)
2024-08-20 00:24:26,801 [INFO] PinOutPanel:1561 - setPackage(STM32F767ZITx,LQFP144)
2024-08-20 00:24:27,804 [INFO] UtilMem:75 - Before build in PCC Used Memory: 395098736 Bytes (452984832)
2024-08-20 00:24:28,938 [INFO] UtilMem:75 - After build in PCC Used Memory: 302945408 Bytes (452984832)
2024-08-20 00:24:29,004 [INFO] IPUIPlugin:80 - create IPUIPlugin
2024-08-20 00:24:29,004 [INFO] IPUIPlugin:80 - create IPUIPlugin
2024-08-20 00:24:29,004 [INFO] IPUIPlugin:80 - create IPUIPlugin
2024-08-20 00:24:29,005 [INFO] IPUIPlugin:80 - create IPUIPlugin
2024-08-20 00:24:29,005 [INFO] IPUIPlugin:80 - create IPUIPlugin
2024-08-20 00:24:29,006 [INFO] IPUIPlugin:80 - create IPUIPlugin
2024-08-20 00:24:29,006 [INFO] IPUIPlugin:80 - create IPUIPlugin
2024-08-20 00:24:29,006 [INFO] IPUIPlugin:80 - create IPUIPlugin
2024-08-20 00:24:29,006 [INFO] IPUIPlugin:80 - create IPUIPlugin
2024-08-20 00:24:29,006 [INFO] IPUIPlugin:80 - create IPUIPlugin
2024-08-20 00:24:29,006 [INFO] IPUIPlugin:80 - create IPUIPlugin
2024-08-20 00:24:29,006 [INFO] IPUIPlugin:80 - create IPUIPlugin
2024-08-20 00:24:29,007 [INFO] IPUIPlugin:80 - create IPUIPlugin
2024-08-20 00:24:29,007 [INFO] IPUIPlugin:80 - create IPUIPlugin
2024-08-20 00:24:29,011 [INFO] IPUIPlugin:80 - create IPUIPlugin
2024-08-20 00:24:29,011 [INFO] IPUIPlugin:80 - create IPUIPlugin
2024-08-20 00:24:29,011 [INFO] IPUIPlugin:80 - create IPUIPlugin
2024-08-20 00:24:29,012 [INFO] IPUIPlugin:80 - create IPUIPlugin
2024-08-20 00:24:29,012 [INFO] IPUIPlugin:80 - create IPUIPlugin
2024-08-20 00:24:29,012 [INFO] IPUIPlugin:80 - create IPUIPlugin
2024-08-20 00:24:29,012 [INFO] IPUIPlugin:80 - create IPUIPlugin
2024-08-20 00:24:29,013 [INFO] IPUIPlugin:80 - create IPUIPlugin
2024-08-20 00:24:29,013 [INFO] IPUIPlugin:80 - create IPUIPlugin
2024-08-20 00:24:29,014 [INFO] IPUIPlugin:80 - create IPUIPlugin
2024-08-20 00:24:29,015 [INFO] IPUIPlugin:80 - create IPUIPlugin
2024-08-20 00:24:29,015 [INFO] IPUIPlugin:80 - create IPUIPlugin
2024-08-20 00:24:29,016 [INFO] IPUIPlugin:80 - create IPUIPlugin
2024-08-20 00:24:29,016 [INFO] IPUIPlugin:80 - create IPUIPlugin
2024-08-20 00:24:29,016 [INFO] IPUIPlugin:80 - create IPUIPlugin
2024-08-20 00:24:29,016 [INFO] IPUIPlugin:80 - create IPUIPlugin
2024-08-20 00:24:29,016 [INFO] IPUIPlugin:80 - create IPUIPlugin
2024-08-20 00:24:29,016 [INFO] IPUIPlugin:80 - create IPUIPlugin
2024-08-20 00:24:29,016 [INFO] IPUIPlugin:80 - create IPUIPlugin
2024-08-20 00:24:29,016 [INFO] IPUIPlugin:80 - create IPUIPlugin
2024-08-20 00:24:29,017 [INFO] IPUIPlugin:80 - create IPUIPlugin
2024-08-20 00:24:29,017 [INFO] IPUIPlugin:80 - create IPUIPlugin
2024-08-20 00:24:29,017 [INFO] IPUIPlugin:80 - create IPUIPlugin
2024-08-20 00:24:29,017 [INFO] IPUIPlugin:80 - create IPUIPlugin
2024-08-20 00:24:29,017 [INFO] IPUIPlugin:80 - create IPUIPlugin
2024-08-20 00:24:29,017 [INFO] IPUIPlugin:80 - create IPUIPlugin
2024-08-20 00:24:29,018 [INFO] IPUIPlugin:80 - create IPUIPlugin
2024-08-20 00:24:29,018 [INFO] IPUIPlugin:80 - create IPUIPlugin
2024-08-20 00:24:29,018 [INFO] IPUIPlugin:80 - create IPUIPlugin
2024-08-20 00:24:29,018 [INFO] IPUIPlugin:80 - create IPUIPlugin
2024-08-20 00:24:29,018 [INFO] IPUIPlugin:80 - create IPUIPlugin
2024-08-20 00:24:29,019 [INFO] IPUIPlugin:80 - create IPUIPlugin
2024-08-20 00:24:29,019 [INFO] IPUIPlugin:80 - create IPUIPlugin
2024-08-20 00:24:29,019 [INFO] IPUIPlugin:80 - create IPUIPlugin
2024-08-20 00:24:29,019 [INFO] IPUIPlugin:80 - create IPUIPlugin
2024-08-20 00:24:29,019 [INFO] IPUIPlugin:80 - create IPUIPlugin
2024-08-20 00:24:29,019 [INFO] IPUIPlugin:80 - create IPUIPlugin
2024-08-20 00:24:29,019 [INFO] IPUIPlugin:80 - create IPUIPlugin
2024-08-20 00:24:29,019 [INFO] IPUIPlugin:80 - create IPUIPlugin
2024-08-20 00:24:29,019 [INFO] IPUIPlugin:80 - create IPUIPlugin
2024-08-20 00:24:29,020 [INFO] IPUIPlugin:80 - create IPUIPlugin
2024-08-20 00:24:29,020 [INFO] IPUIPlugin:80 - create IPUIPlugin
2024-08-20 00:24:29,020 [INFO] IPUIPlugin:80 - create IPUIPlugin
2024-08-20 00:24:29,020 [INFO] IPUIPlugin:80 - create IPUIPlugin
2024-08-20 00:24:29,020 [INFO] IPUIPlugin:80 - create IPUIPlugin
2024-08-20 00:24:29,020 [INFO] IPUIPlugin:80 - create IPUIPlugin
2024-08-20 00:24:29,020 [INFO] IPUIPlugin:80 - create IPUIPlugin
2024-08-20 00:24:29,020 [INFO] IPUIPlugin:80 - create IPUIPlugin
2024-08-20 00:24:29,020 [INFO] IPUIPlugin:80 - create IPUIPlugin
2024-08-20 00:24:29,020 [INFO] IPUIPlugin:80 - create IPUIPlugin
2024-08-20 00:24:29,020 [INFO] IPUIPlugin:80 - create IPUIPlugin
2024-08-20 00:24:29,020 [INFO] IPUIPlugin:80 - create IPUIPlugin
2024-08-20 00:24:29,020 [INFO] IPUIPlugin:80 - create IPUIPlugin
2024-08-20 00:24:29,021 [INFO] IPUIPlugin:80 - create IPUIPlugin
2024-08-20 00:24:29,021 [INFO] IPUIPlugin:80 - create IPUIPlugin
2024-08-20 00:24:29,021 [INFO] IPUIPlugin:80 - create IPUIPlugin
2024-08-20 00:24:29,021 [INFO] IPUIPlugin:80 - create IPUIPlugin
2024-08-20 00:24:29,021 [INFO] IPUIPlugin:80 - create IPUIPlugin
2024-08-20 00:24:29,021 [INFO] IPUIPlugin:80 - create IPUIPlugin
2024-08-20 00:24:29,022 [INFO] IPUIPlugin:80 - create IPUIPlugin
2024-08-20 00:24:29,022 [INFO] IPUIPlugin:80 - create IPUIPlugin
2024-08-20 00:24:29,022 [INFO] IPUIPlugin:80 - create IPUIPlugin
2024-08-20 00:24:29,022 [INFO] IPUIPlugin:80 - create IPUIPlugin
2024-08-20 00:24:29,023 [INFO] IPUIPlugin:80 - create IPUIPlugin
2024-08-20 00:24:29,023 [INFO] IPUIPlugin:80 - create IPUIPlugin
2024-08-20 00:24:29,049 [INFO] ApiDbMcu:508 - Load IP Config File for PDM2PCM
2024-08-20 00:24:29,322 [INFO] CADModel:165 - CPN selected for project levelSTM32F767ZIT6
2024-08-20 00:24:29,322 [INFO] CADModel:114 - Register for checkConnection events
2024-08-20 00:24:29,370 [INFO] OpenFileManager:363 - Restore cursor
2024-08-20 00:24:44,550 [INFO] NvicIntPanel:101 - NVIC parent = com.st.microxplorer.plugins.ip.nvic.MultiNvicIntPanel[,0,0,0x0,invalid,layout=javax.swing.BoxLayout,alignmentX=0.0,alignmentY=0.0,border=,flags=9,maximumSize=,minimumSize=,preferredSize=]
2024-08-20 00:24:50,030 [INFO] UtilMem:75 - End SaveConfig() Used Memory: 318792560 Bytes (576716800)
2024-08-20 00:24:50,293 [INFO] UtilMem:75 - End SaveConfig() Used Memory: 366962528 Bytes (576716800)
2024-08-20 00:24:53,024 [INFO] UtilMem:75 - End SaveConfig() Used Memory: 383322576 Bytes (576716800)
2024-08-20 00:24:53,575 [INFO] BlockDiagram:2766 - set Specific Code input for plugin: SYS
2024-08-20 00:24:53,575 [INFO] BlockDiagram:2766 - set Specific Code input for plugin: ADC
2024-08-20 00:24:53,575 [INFO] BlockDiagram:2766 - set Specific Code input for plugin: RCC
2024-08-20 00:24:53,575 [INFO] BlockDiagram:2766 - set Specific Code input for plugin: NVIC
2024-08-20 00:24:53,575 [INFO] BlockDiagram:2766 - set Specific Code input for plugin: USART
2024-08-20 00:24:53,575 [INFO] BlockDiagram:2766 - set Specific Code input for plugin: CORTEX_M7
2024-08-20 00:24:53,576 [INFO] BlockDiagram:2766 - set Specific Code input for plugin: GPIO
2024-08-20 00:24:53,576 [INFO] CodeGenerator:807 - code generatio: config db path: /Applications/STM32CubeIDE.app/Contents/Eclipse/plugins/com.st.stm32cube.common.mx_6.12.0.202406281431//db/
2024-08-20 00:24:53,876 [INFO] CodeEngine:255 - oldGeneratedFile, /Users/kitton/STM32CubeIDE/MAD_LAB/Lab05/MXTmpFiles/license.tmp_save
2024-08-20 00:24:54,448 [INFO] CodeEngine:279 - Generated code: /Users/kitton/STM32CubeIDE/MAD_LAB/Lab05/MXTmpFiles/license.tmp
2024-08-20 00:24:54,577 [INFO] CodeEngine:255 - oldGeneratedFile, /Users/kitton/STM32CubeIDE/MAD_LAB/Lab05/Core/Src/gpio.c_save
2024-08-20 00:24:54,796 [INFO] CodeEngine:279 - Generated code: /Users/kitton/STM32CubeIDE/MAD_LAB/Lab05/Core/Src/gpio.c
2024-08-20 00:24:54,809 [INFO] CodeEngine:255 - oldGeneratedFile, /Users/kitton/STM32CubeIDE/MAD_LAB/Lab05/Core/Inc/gpio.h_save
2024-08-20 00:24:54,869 [INFO] CodeEngine:279 - Generated code: /Users/kitton/STM32CubeIDE/MAD_LAB/Lab05/Core/Inc/gpio.h
2024-08-20 00:24:55,102 [INFO] CodeEngine:255 - oldGeneratedFile, /Users/kitton/STM32CubeIDE/MAD_LAB/Lab05/Core/Src/adc.c_save
2024-08-20 00:24:55,490 [INFO] CodeEngine:279 - Generated code: /Users/kitton/STM32CubeIDE/MAD_LAB/Lab05/Core/Src/adc.c
2024-08-20 00:24:55,501 [INFO] CodeEngine:255 - oldGeneratedFile, /Users/kitton/STM32CubeIDE/MAD_LAB/Lab05/Core/Inc/adc.h_save
2024-08-20 00:24:55,601 [INFO] CodeEngine:279 - Generated code: /Users/kitton/STM32CubeIDE/MAD_LAB/Lab05/Core/Inc/adc.h
2024-08-20 00:24:55,606 [INFO] CodeEngine:255 - oldGeneratedFile, /Users/kitton/STM32CubeIDE/MAD_LAB/Lab05/MXTmpFiles/cortex.tmp_save
2024-08-20 00:24:55,663 [INFO] CodeEngine:279 - Generated code: /Users/kitton/STM32CubeIDE/MAD_LAB/Lab05/MXTmpFiles/cortex.tmp
2024-08-20 00:24:55,669 [INFO] CodeEngine:255 - oldGeneratedFile, /Users/kitton/STM32CubeIDE/MAD_LAB/Lab05/Core/Src/usart.c_save
2024-08-20 00:24:55,764 [INFO] CodeEngine:279 - Generated code: /Users/kitton/STM32CubeIDE/MAD_LAB/Lab05/Core/Src/usart.c
2024-08-20 00:24:55,765 [INFO] CodeEngine:255 - oldGeneratedFile, /Users/kitton/STM32CubeIDE/MAD_LAB/Lab05/Core/Inc/usart.h_save
2024-08-20 00:24:55,886 [INFO] CodeEngine:279 - Generated code: /Users/kitton/STM32CubeIDE/MAD_LAB/Lab05/Core/Inc/usart.h
2024-08-20 00:24:55,891 [INFO] CodeEngine:255 - oldGeneratedFile, /Users/kitton/STM32CubeIDE/MAD_LAB/Lab05/Core/Src/stm32f7xx_it.c_save
2024-08-20 00:24:56,046 [INFO] CodeEngine:279 - Generated code: /Users/kitton/STM32CubeIDE/MAD_LAB/Lab05/Core/Src/stm32f7xx_it.c
2024-08-20 00:24:56,053 [INFO] CodeEngine:255 - oldGeneratedFile, /Users/kitton/STM32CubeIDE/MAD_LAB/Lab05/Core/Inc/stm32f7xx_it.h_save
2024-08-20 00:24:56,122 [INFO] CodeEngine:279 - Generated code: /Users/kitton/STM32CubeIDE/MAD_LAB/Lab05/Core/Inc/stm32f7xx_it.h
2024-08-20 00:24:56,129 [INFO] CodeEngine:255 - oldGeneratedFile, /Users/kitton/STM32CubeIDE/MAD_LAB/Lab05/Core/Src/stm32f7xx_hal_msp.c_save
2024-08-20 00:24:56,214 [INFO] CodeEngine:279 - Generated code: /Users/kitton/STM32CubeIDE/MAD_LAB/Lab05/Core/Src/stm32f7xx_hal_msp.c
2024-08-20 00:24:56,216 [INFO] CodeEngine:255 - oldGeneratedFile, /Users/kitton/STM32CubeIDE/MAD_LAB/Lab05/MXTmpFiles/system.tmp_save
2024-08-20 00:24:56,263 [INFO] CodeEngine:279 - Generated code: /Users/kitton/STM32CubeIDE/MAD_LAB/Lab05/MXTmpFiles/system.tmp
2024-08-20 00:24:56,275 [INFO] CodeEngine:311 - oldGeneratedFile, /Users/kitton/STM32CubeIDE/MAD_LAB/Lab05/Core/Inc/stm32f7xx_hal_conf.h_save
2024-08-20 00:24:56,337 [INFO] CodeEngine:335 - Generated code: /Users/kitton/STM32CubeIDE/MAD_LAB/Lab05/Core/Inc/stm32f7xx_hal_conf.h
2024-08-20 00:24:56,405 [INFO] CodeEngine:255 - oldGeneratedFile, /Users/kitton/STM32CubeIDE/MAD_LAB/Lab05/Core/Inc/main.h_save
2024-08-20 00:24:56,482 [INFO] CodeEngine:279 - Generated code: /Users/kitton/STM32CubeIDE/MAD_LAB/Lab05/Core/Inc/main.h
2024-08-20 00:24:56,484 [INFO] CodeEngine:255 - oldGeneratedFile, /Users/kitton/STM32CubeIDE/MAD_LAB/Lab05/Core/Src/main.c_save
2024-08-20 00:24:56,741 [INFO] CodeEngine:279 - Generated code: /Users/kitton/STM32CubeIDE/MAD_LAB/Lab05/Core/Src/main.c
2024-08-20 00:24:57,145 [INFO] ProjectBuilder:3249 - Time for Copy HAL[1] : 60mS.
2024-08-20 00:24:57,159 [INFO] ProjectBuilder:4828 - Project Generator version: 4.4.0-B60
2024-08-20 00:24:57,271 [INFO] ConfigFileManager:1531 - The Die is : DIE451
2024-08-20 00:24:57,282 [INFO] ApiDbMcu:508 - Load IP Config File for FATFS
2024-08-20 00:24:57,293 [INFO] ApiDbMcu:508 - Load IP Config File for FREERTOS
2024-08-20 00:24:57,295 [INFO] ApiDbMcu:508 - Load IP Config File for LIBJPEG
2024-08-20 00:24:57,304 [INFO] ApiDbMcu:508 - Load IP Config File for LWIP
2024-08-20 00:24:57,318 [INFO] ApiDbMcu:508 - Load IP Config File for MBEDTLS
2024-08-20 00:24:57,328 [INFO] ApiDbMcu:508 - Load IP Config File for USB_DEVICE
2024-08-20 00:24:57,332 [INFO] ApiDbMcu:508 - Load IP Config File for USB_HOST
2024-08-20 00:24:57,828 [INFO] LogOutputStream:77 - [STDOUT_REDIRECT] 
2024-08-20 00:24:59,786 [INFO] ProjectBuilder:5097 - Time for Generating toolchain IDE Files: 2622mS.
2024-08-20 00:24:59,788 [INFO] ProjectBuilder:3107 - Time for Copy CMSIS : 1mS.
2024-08-20 00:24:59,789 [INFO] ProjectBuilder:3107 - Time for Copy CMSIS : 0mS.
2024-08-20 00:35:20,248 [INFO] ADCParametersView:116 -                Rank 1 : false
2024-08-20 00:35:20,325 [INFO] ADCParametersView:116 -                Rank 1 : false
2024-08-20 00:35:20,326 [INFO] ADCParametersView:116 -                Rank 1 : false
2024-08-20 00:35:20,326 [INFO] ADCParametersView:116 -                Rank 1 : false
2024-08-20 00:35:20,326 [INFO] ADCParametersView:116 -                Rank 1 : false
2024-08-20 00:35:20,327 [INFO] ADCParametersView:116 -                Rank 1 : false
2024-08-20 00:35:20,327 [INFO] ADCParametersView:116 -                Rank 1 : false
2024-08-20 00:35:20,327 [INFO] ADCParametersView:116 -                Rank 1 : false
2024-08-20 00:35:20,327 [INFO] ADCParametersView:116 -                Rank 1 : false
2024-08-20 00:35:20,327 [INFO] ADCParametersView:116 -                Rank 1 : false
2024-08-20 00:35:20,327 [INFO] ADCParametersView:116 -                Rank 1 : false
2024-08-20 00:35:20,327 [INFO] ADCParametersView:116 -                Rank 1 : false
2024-08-20 00:35:20,328 [INFO] ADCParametersView:116 -                Rank 1 : false
2024-08-20 00:35:20,328 [INFO] ADCParametersView:116 -                Rank 1 : false
2024-08-20 00:35:20,328 [INFO] ADCParametersView:116 -                Rank 1 : false
2024-08-20 00:35:20,390 [INFO] ADCParametersView:116 -                Rank 1 : false
2024-08-20 00:40:37,174 [INFO] NvicIntPanel:101 - NVIC parent = com.st.microxplorer.plugins.ip.nvic.MultiNvicIntPanel[,0,0,450x141,layout=javax.swing.BoxLayout,alignmentX=0.0,alignmentY=0.0,border=,flags=9,maximumSize=,minimumSize=,preferredSize=]
2024-08-20 00:40:40,749 [INFO] ADCParametersView:116 -                Rank 1 : false
2024-08-20 00:40:40,750 [INFO] ADCParametersView:116 -                Rank 1 : false
2024-08-20 00:40:40,750 [INFO] ADCParametersView:116 -                Rank 1 : false
2024-08-20 00:40:40,751 [INFO] ADCParametersView:116 -                Rank 1 : false
2024-08-20 00:40:40,751 [INFO] ADCParametersView:116 -                Rank 1 : false
2024-08-20 00:40:40,751 [INFO] ADCParametersView:116 -                Rank 1 : false
2024-08-20 00:40:40,751 [INFO] ADCParametersView:116 -                Rank 1 : false
2024-08-20 00:40:40,752 [INFO] ADCParametersView:116 -                Rank 1 : false
2024-08-20 00:40:40,752 [INFO] ADCParametersView:116 -                Rank 1 : false
2024-08-20 00:40:40,752 [INFO] ADCParametersView:116 -                Rank 1 : false
2024-08-20 00:40:40,752 [INFO] ADCParametersView:116 -                Rank 1 : false
2024-08-20 00:40:40,753 [INFO] ADCParametersView:116 -                Rank 1 : false
2024-08-20 00:40:40,754 [INFO] ADCParametersView:116 -                Rank 1 : false
2024-08-20 00:40:40,754 [INFO] ADCParametersView:116 -                Rank 1 : false
2024-08-20 00:40:40,840 [INFO] ADCParametersView:116 -                Rank 1 : false
2024-08-20 00:41:02,166 [INFO] NvicIntPanel:101 - NVIC parent = com.st.microxplorer.plugins.ip.nvic.MultiNvicIntPanel[,0,0,0x0,invalid,layout=javax.swing.BoxLayout,alignmentX=0.0,alignmentY=0.0,border=,flags=9,maximumSize=,minimumSize=,preferredSize=]
2024-08-20 00:41:02,265 [INFO] ADCParametersView:116 -                Rank 1 : false
2024-08-20 00:41:02,271 [INFO] ADCParametersView:116 -                Rank 1 : false
2024-08-20 00:41:02,271 [INFO] ADCParametersView:116 -                Rank 1 : false
2024-08-20 00:41:02,273 [INFO] ADCParametersView:116 -                Rank 1 : false
2024-08-20 00:41:02,273 [INFO] ADCParametersView:116 -                Rank 1 : false
2024-08-20 00:41:02,273 [INFO] ADCParametersView:116 -                Rank 1 : false
2024-08-20 00:41:02,273 [INFO] ADCParametersView:116 -                Rank 1 : false
2024-08-20 00:41:02,273 [INFO] ADCParametersView:116 -                Rank 1 : false
2024-08-20 00:41:02,274 [INFO] ADCParametersView:116 -                Rank 1 : false
2024-08-20 00:41:02,274 [INFO] ADCParametersView:116 -                Rank 1 : false
2024-08-20 00:41:02,274 [INFO] ADCParametersView:116 -                Rank 1 : false
2024-08-20 00:41:02,274 [INFO] ADCParametersView:116 -                Rank 1 : false
2024-08-20 00:41:02,274 [INFO] ADCParametersView:116 -                Rank 1 : false
2024-08-20 00:41:02,274 [INFO] ADCParametersView:116 -                Rank 1 : false
2024-08-20 00:41:02,344 [INFO] ADCParametersView:116 -                Rank 1 : false
2024-08-20 00:41:14,600 [INFO] NvicIntPanel:101 - NVIC parent = com.st.microxplorer.plugins.ip.nvic.MultiNvicIntPanel[,0,0,0x0,invalid,layout=javax.swing.BoxLayout,alignmentX=0.0,alignmentY=0.0,border=,flags=9,maximumSize=,minimumSize=,preferredSize=]
2024-08-20 00:41:14,656 [INFO] ADCParametersView:116 -                Rank 1 : false
2024-08-20 00:41:14,658 [INFO] ADCParametersView:116 -                Rank 1 : false
2024-08-20 00:41:14,658 [INFO] ADCParametersView:116 -                Rank 1 : false
2024-08-20 00:41:14,659 [INFO] ADCParametersView:116 -                Rank 1 : false
2024-08-20 00:41:14,659 [INFO] ADCParametersView:116 -                Rank 1 : false
2024-08-20 00:41:14,659 [INFO] ADCParametersView:116 -                Rank 1 : false
2024-08-20 00:41:14,659 [INFO] ADCParametersView:116 -                Rank 1 : false
2024-08-20 00:41:14,659 [INFO] ADCParametersView:116 -                Rank 1 : false
2024-08-20 00:41:14,659 [INFO] ADCParametersView:116 -                Rank 1 : false
2024-08-20 00:41:14,659 [INFO] ADCParametersView:116 -                Rank 1 : false
2024-08-20 00:41:14,660 [INFO] ADCParametersView:116 -                Rank 1 : false
2024-08-20 00:41:14,660 [INFO] ADCParametersView:116 -                Rank 1 : false
2024-08-20 00:41:14,660 [INFO] ADCParametersView:116 -                Rank 1 : false
2024-08-20 00:41:14,660 [INFO] ADCParametersView:116 -                Rank 1 : false
2024-08-20 00:41:14,715 [INFO] ADCParametersView:116 -                Rank 1 : false
2024-08-20 00:41:21,320 [INFO] UtilMem:75 - End SaveConfig() Used Memory: 533751360 Bytes (1073741824)
2024-08-20 00:41:21,462 [INFO] UtilMem:75 - End SaveConfig() Used Memory: 563637824 Bytes (1073741824)
2024-08-20 00:41:23,631 [INFO] UtilMem:75 - End SaveConfig() Used Memory: 652240448 Bytes (1073741824)
2024-08-20 00:41:24,036 [INFO] BlockDiagram:2766 - set Specific Code input for plugin: SYS
2024-08-20 00:41:24,037 [INFO] BlockDiagram:2766 - set Specific Code input for plugin: ADC
2024-08-20 00:41:24,037 [INFO] BlockDiagram:2766 - set Specific Code input for plugin: RCC
2024-08-20 00:41:24,038 [INFO] BlockDiagram:2766 - set Specific Code input for plugin: NVIC
2024-08-20 00:41:24,038 [INFO] BlockDiagram:2766 - set Specific Code input for plugin: USART
2024-08-20 00:41:24,038 [INFO] BlockDiagram:2766 - set Specific Code input for plugin: CORTEX_M7
2024-08-20 00:41:24,038 [INFO] BlockDiagram:2766 - set Specific Code input for plugin: GPIO
2024-08-20 00:41:24,039 [INFO] CodeGenerator:807 - code generatio: config db path: /Applications/STM32CubeIDE.app/Contents/Eclipse/plugins/com.st.stm32cube.common.mx_6.12.0.202406281431//db/
2024-08-20 00:41:24,166 [INFO] CodeEngine:255 - oldGeneratedFile, /Users/kitton/STM32CubeIDE/MAD_LAB/Lab05/MXTmpFiles/license.tmp_save
2024-08-20 00:41:24,353 [INFO] CodeEngine:279 - Generated code: /Users/kitton/STM32CubeIDE/MAD_LAB/Lab05/MXTmpFiles/license.tmp
2024-08-20 00:41:24,374 [INFO] CodeEngine:255 - oldGeneratedFile, /Users/kitton/STM32CubeIDE/MAD_LAB/Lab05/Core/Src/gpio.c_save
2024-08-20 00:41:24,450 [INFO] CodeEngine:279 - Generated code: /Users/kitton/STM32CubeIDE/MAD_LAB/Lab05/Core/Src/gpio.c
2024-08-20 00:41:24,452 [INFO] CodeEngine:255 - oldGeneratedFile, /Users/kitton/STM32CubeIDE/MAD_LAB/Lab05/Core/Inc/gpio.h_save
2024-08-20 00:41:24,507 [INFO] CodeEngine:279 - Generated code: /Users/kitton/STM32CubeIDE/MAD_LAB/Lab05/Core/Inc/gpio.h
2024-08-20 00:41:24,593 [INFO] CodeEngine:255 - oldGeneratedFile, /Users/kitton/STM32CubeIDE/MAD_LAB/Lab05/Core/Src/adc.c_save
2024-08-20 00:41:24,781 [INFO] CodeEngine:279 - Generated code: /Users/kitton/STM32CubeIDE/MAD_LAB/Lab05/Core/Src/adc.c
2024-08-20 00:41:24,796 [INFO] CodeEngine:255 - oldGeneratedFile, /Users/kitton/STM32CubeIDE/MAD_LAB/Lab05/Core/Inc/adc.h_save
2024-08-20 00:41:24,847 [INFO] CodeEngine:279 - Generated code: /Users/kitton/STM32CubeIDE/MAD_LAB/Lab05/Core/Inc/adc.h
2024-08-20 00:41:24,853 [INFO] CodeEngine:255 - oldGeneratedFile, /Users/kitton/STM32CubeIDE/MAD_LAB/Lab05/MXTmpFiles/cortex.tmp_save
2024-08-20 00:41:24,904 [INFO] CodeEngine:279 - Generated code: /Users/kitton/STM32CubeIDE/MAD_LAB/Lab05/MXTmpFiles/cortex.tmp
2024-08-20 00:41:24,910 [INFO] CodeEngine:255 - oldGeneratedFile, /Users/kitton/STM32CubeIDE/MAD_LAB/Lab05/Core/Src/usart.c_save
2024-08-20 00:41:24,982 [INFO] CodeEngine:279 - Generated code: /Users/kitton/STM32CubeIDE/MAD_LAB/Lab05/Core/Src/usart.c
2024-08-20 00:41:24,984 [INFO] CodeEngine:255 - oldGeneratedFile, /Users/kitton/STM32CubeIDE/MAD_LAB/Lab05/Core/Inc/usart.h_save
2024-08-20 00:41:25,034 [INFO] CodeEngine:279 - Generated code: /Users/kitton/STM32CubeIDE/MAD_LAB/Lab05/Core/Inc/usart.h
2024-08-20 00:41:25,041 [INFO] CodeEngine:255 - oldGeneratedFile, /Users/kitton/STM32CubeIDE/MAD_LAB/Lab05/Core/Src/stm32f7xx_it.c_save
2024-08-20 00:41:25,155 [INFO] CodeEngine:279 - Generated code: /Users/kitton/STM32CubeIDE/MAD_LAB/Lab05/Core/Src/stm32f7xx_it.c
2024-08-20 00:41:25,159 [INFO] CodeEngine:255 - oldGeneratedFile, /Users/kitton/STM32CubeIDE/MAD_LAB/Lab05/Core/Inc/stm32f7xx_it.h_save
2024-08-20 00:41:25,207 [INFO] CodeEngine:279 - Generated code: /Users/kitton/STM32CubeIDE/MAD_LAB/Lab05/Core/Inc/stm32f7xx_it.h
2024-08-20 00:41:25,219 [INFO] CodeEngine:255 - oldGeneratedFile, /Users/kitton/STM32CubeIDE/MAD_LAB/Lab05/Core/Src/stm32f7xx_hal_msp.c_save
2024-08-20 00:41:25,294 [INFO] CodeEngine:279 - Generated code: /Users/kitton/STM32CubeIDE/MAD_LAB/Lab05/Core/Src/stm32f7xx_hal_msp.c
2024-08-20 00:41:25,296 [INFO] CodeEngine:255 - oldGeneratedFile, /Users/kitton/STM32CubeIDE/MAD_LAB/Lab05/MXTmpFiles/system.tmp_save
2024-08-20 00:41:25,342 [INFO] CodeEngine:279 - Generated code: /Users/kitton/STM32CubeIDE/MAD_LAB/Lab05/MXTmpFiles/system.tmp
2024-08-20 00:41:25,357 [INFO] CodeEngine:311 - oldGeneratedFile, /Users/kitton/STM32CubeIDE/MAD_LAB/Lab05/Core/Inc/stm32f7xx_hal_conf.h_save
2024-08-20 00:41:25,417 [INFO] CodeEngine:335 - Generated code: /Users/kitton/STM32CubeIDE/MAD_LAB/Lab05/Core/Inc/stm32f7xx_hal_conf.h
2024-08-20 00:41:25,443 [INFO] CodeEngine:255 - oldGeneratedFile, /Users/kitton/STM32CubeIDE/MAD_LAB/Lab05/Core/Inc/main.h_save
2024-08-20 00:41:25,530 [INFO] CodeEngine:279 - Generated code: /Users/kitton/STM32CubeIDE/MAD_LAB/Lab05/Core/Inc/main.h
2024-08-20 00:41:25,533 [INFO] CodeEngine:255 - oldGeneratedFile, /Users/kitton/STM32CubeIDE/MAD_LAB/Lab05/Core/Src/main.c_save
2024-08-20 00:41:25,638 [INFO] CodeEngine:279 - Generated code: /Users/kitton/STM32CubeIDE/MAD_LAB/Lab05/Core/Src/main.c
2024-08-20 00:41:25,883 [INFO] ProjectBuilder:3249 - Time for Copy HAL[1] : 65mS.
2024-08-20 00:41:25,886 [INFO] ProjectBuilder:4828 - Project Generator version: 4.4.0-B60
2024-08-20 00:41:25,954 [INFO] ConfigFileManager:1531 - The Die is : DIE451
2024-08-20 00:41:26,845 [INFO] ProjectBuilder:5097 - Time for Generating toolchain IDE Files: 959mS.
2024-08-20 00:41:26,846 [INFO] ProjectBuilder:3107 - Time for Copy CMSIS : 0mS.
2024-08-20 00:41:26,847 [INFO] ProjectBuilder:3107 - Time for Copy CMSIS : 0mS.
2024-08-20 01:08:36,467 [INFO] ADCParametersView:116 -                Rank 1 : false
2024-08-20 01:08:36,487 [INFO] ADCParametersView:116 -                Rank 1 : false
2024-08-20 01:08:36,487 [INFO] ADCParametersView:116 -                Rank 1 : false
2024-08-20 01:08:36,488 [INFO] ADCParametersView:116 -                Rank 1 : false
2024-08-20 01:08:36,488 [INFO] ADCParametersView:116 -                Rank 1 : false
2024-08-20 01:08:36,488 [INFO] ADCParametersView:116 -                Rank 1 : false
2024-08-20 01:08:36,488 [INFO] ADCParametersView:116 -                Rank 1 : false
2024-08-20 01:08:36,489 [INFO] ADCParametersView:116 -                Rank 1 : false
2024-08-20 01:08:36,489 [INFO] ADCParametersView:116 -                Rank 1 : false
2024-08-20 01:08:36,489 [INFO] ADCParametersView:116 -                Rank 1 : false
2024-08-20 01:08:36,489 [INFO] ADCParametersView:116 -                Rank 1 : false
2024-08-20 01:08:36,490 [INFO] ADCParametersView:116 -                Rank 1 : false
2024-08-20 01:08:36,490 [INFO] ADCParametersView:116 -                Rank 1 : false
2024-08-20 01:08:36,490 [INFO] ADCParametersView:116 -                Rank 1 : false
2024-08-20 01:08:36,628 [INFO] ADCParametersView:116 -                Rank 1 : false
2024-08-20 01:08:36,757 [INFO] ADCParametersView:116 -                Rank 1 : false
2024-08-20 01:08:36,759 [INFO] ADCParametersView:116 -                Rank 1 : false
2024-08-20 01:08:36,760 [INFO] ADCParametersView:116 -                Rank 1 : false
2024-08-20 01:08:36,760 [INFO] ADCParametersView:116 -                Rank 1 : false
2024-08-20 01:08:36,760 [INFO] ADCParametersView:116 -                Rank 1 : false
2024-08-20 01:08:36,760 [INFO] ADCParametersView:116 -                Rank 1 : false
2024-08-20 01:08:36,760 [INFO] ADCParametersView:116 -                Rank 1 : false
2024-08-20 01:08:36,760 [INFO] ADCParametersView:116 -                Rank 1 : false
2024-08-20 01:08:36,760 [INFO] ADCParametersView:116 -                Rank 1 : false
2024-08-20 01:08:36,761 [INFO] ADCParametersView:116 -                Rank 1 : false
2024-08-20 01:08:36,761 [INFO] ADCParametersView:116 -                Rank 1 : false
2024-08-20 01:08:36,761 [INFO] ADCParametersView:116 -                Rank 1 : false
2024-08-20 01:08:36,761 [INFO] ADCParametersView:116 -                Rank 1 : false
2024-08-20 01:08:36,761 [INFO] ADCParametersView:116 -                Rank 1 : false
2024-08-20 01:08:36,823 [INFO] ADCParametersView:116 -                Rank 1 : false
2024-08-20 01:08:49,612 [INFO] NvicIntPanel:101 - NVIC parent = com.st.microxplorer.plugins.ip.nvic.MultiNvicIntPanel[,0,0,0x0,invalid,layout=javax.swing.BoxLayout,alignmentX=0.0,alignmentY=0.0,border=,flags=9,maximumSize=,minimumSize=,preferredSize=]
2024-08-20 01:12:32,532 [INFO] ADCParametersView:116 -                Rank 1 : false
2024-08-20 01:12:32,553 [INFO] ADCParametersView:116 -                Rank 1 : false
2024-08-20 01:12:32,554 [INFO] ADCParametersView:116 -                Rank 1 : false
2024-08-20 01:12:32,554 [INFO] ADCParametersView:116 -                Rank 1 : false
2024-08-20 01:12:32,554 [INFO] ADCParametersView:116 -                Rank 1 : false
2024-08-20 01:12:32,554 [INFO] ADCParametersView:116 -                Rank 1 : false
2024-08-20 01:12:32,555 [INFO] ADCParametersView:116 -                Rank 1 : false
2024-08-20 01:12:32,555 [INFO] ADCParametersView:116 -                Rank 1 : false
2024-08-20 01:12:32,555 [INFO] ADCParametersView:116 -                Rank 1 : false
2024-08-20 01:12:32,555 [INFO] ADCParametersView:116 -                Rank 1 : false
2024-08-20 01:12:32,555 [INFO] ADCParametersView:116 -                Rank 1 : false
2024-08-20 01:12:32,555 [INFO] ADCParametersView:116 -                Rank 1 : false
2024-08-20 01:12:32,555 [INFO] ADCParametersView:116 -                Rank 1 : false
2024-08-20 01:12:32,555 [INFO] ADCParametersView:116 -                Rank 1 : false
2024-08-20 01:12:32,621 [INFO] ADCParametersView:116 -                Rank 1 : false
2024-08-20 01:12:32,696 [INFO] ADCParametersView:116 -                Rank 1 : false
2024-08-20 01:12:32,697 [INFO] ADCParametersView:116 -                Rank 1 : false
2024-08-20 01:12:32,697 [INFO] ADCParametersView:116 -                Rank 1 : false
2024-08-20 01:12:32,697 [INFO] ADCParametersView:116 -                Rank 1 : false
2024-08-20 01:12:32,697 [INFO] ADCParametersView:116 -                Rank 1 : false
2024-08-20 01:12:32,698 [INFO] ADCParametersView:116 -                Rank 1 : false
2024-08-20 01:12:32,698 [INFO] ADCParametersView:116 -                Rank 1 : false
2024-08-20 01:12:32,698 [INFO] ADCParametersView:116 -                Rank 1 : false
2024-08-20 01:12:32,698 [INFO] ADCParametersView:116 -                Rank 1 : false
2024-08-20 01:12:32,698 [INFO] ADCParametersView:116 -                Rank 1 : false
2024-08-20 01:12:32,698 [INFO] ADCParametersView:116 -                Rank 1 : false
2024-08-20 01:12:32,698 [INFO] ADCParametersView:116 -                Rank 1 : false
2024-08-20 01:12:32,698 [INFO] ADCParametersView:116 -                Rank 1 : false
2024-08-20 01:12:32,698 [INFO] ADCParametersView:116 -                Rank 1 : false
2024-08-20 01:12:32,731 [INFO] ADCParametersView:116 -                Rank 1 : false
2024-08-20 01:13:07,554 [INFO] NvicIntPanel:101 - NVIC parent = com.st.microxplorer.plugins.ip.nvic.MultiNvicIntPanel[,0,0,814x336,layout=javax.swing.BoxLayout,alignmentX=0.0,alignmentY=0.0,border=,flags=9,maximumSize=,minimumSize=,preferredSize=]
2024-08-20 01:13:11,446 [INFO] ADCParametersView:116 -                Rank 1 : false
2024-08-20 01:13:11,450 [INFO] ADCParametersView:116 -                Rank 1 : false
2024-08-20 01:13:11,451 [INFO] ADCParametersView:116 -                Rank 1 : false
2024-08-20 01:13:11,451 [INFO] ADCParametersView:116 -                Rank 1 : false
2024-08-20 01:13:11,452 [INFO] ADCParametersView:116 -                Rank 1 : false
2024-08-20 01:13:11,452 [INFO] ADCParametersView:116 -                Rank 1 : false
2024-08-20 01:13:11,452 [INFO] ADCParametersView:116 -                Rank 1 : false
2024-08-20 01:13:11,452 [INFO] ADCParametersView:116 -                Rank 1 : false
2024-08-20 01:13:11,453 [INFO] ADCParametersView:116 -                Rank 1 : false
2024-08-20 01:13:11,453 [INFO] ADCParametersView:116 -                Rank 1 : false
2024-08-20 01:13:11,453 [INFO] ADCParametersView:116 -                Rank 1 : false
2024-08-20 01:13:11,453 [INFO] ADCParametersView:116 -                Rank 1 : false
2024-08-20 01:13:11,453 [INFO] ADCParametersView:116 -                Rank 1 : false
2024-08-20 01:13:11,453 [INFO] ADCParametersView:116 -                Rank 1 : false
2024-08-20 01:13:11,508 [INFO] ADCParametersView:116 -                Rank 1 : false
2024-08-20 01:30:57,849 [ERROR] ConfigurationRetriever:142 - IOException on connection: Read timed out
2024-08-20 01:55:58,226 [INFO] UtilMem:75 - End SaveConfig() Used Memory: 451710048 Bytes (1017118720)
2024-08-20 01:55:58,400 [INFO] UtilMem:75 - End SaveConfig() Used Memory: 483152216 Bytes (1017118720)
2024-08-20 01:55:59,674 [INFO] UtilMem:75 - End SaveConfig() Used Memory: 560746840 Bytes (1017118720)
2024-08-20 01:55:59,783 [INFO] BlockDiagram:2766 - set Specific Code input for plugin: SYS
2024-08-20 01:55:59,783 [INFO] BlockDiagram:2766 - set Specific Code input for plugin: ADC
2024-08-20 01:55:59,783 [INFO] BlockDiagram:2766 - set Specific Code input for plugin: RCC
2024-08-20 01:55:59,783 [INFO] BlockDiagram:2766 - set Specific Code input for plugin: NVIC
2024-08-20 01:55:59,783 [INFO] BlockDiagram:2766 - set Specific Code input for plugin: USART
2024-08-20 01:55:59,783 [INFO] BlockDiagram:2766 - set Specific Code input for plugin: CORTEX_M7
2024-08-20 01:55:59,783 [INFO] BlockDiagram:2766 - set Specific Code input for plugin: GPIO
2024-08-20 01:55:59,784 [INFO] CodeGenerator:807 - code generatio: config db path: /Applications/STM32CubeIDE.app/Contents/Eclipse/plugins/com.st.stm32cube.common.mx_6.12.0.202406281431//db/
2024-08-20 01:55:59,863 [INFO] CodeEngine:255 - oldGeneratedFile, /Users/kitton/STM32CubeIDE/MAD_LAB/Lab05/MXTmpFiles/license.tmp_save
2024-08-20 01:55:59,970 [INFO] CodeEngine:279 - Generated code: /Users/kitton/STM32CubeIDE/MAD_LAB/Lab05/MXTmpFiles/license.tmp
2024-08-20 01:56:00,001 [INFO] CodeEngine:255 - oldGeneratedFile, /Users/kitton/STM32CubeIDE/MAD_LAB/Lab05/Core/Src/gpio.c_save
2024-08-20 01:56:00,068 [INFO] CodeEngine:279 - Generated code: /Users/kitton/STM32CubeIDE/MAD_LAB/Lab05/Core/Src/gpio.c
2024-08-20 01:56:00,070 [INFO] CodeEngine:255 - oldGeneratedFile, /Users/kitton/STM32CubeIDE/MAD_LAB/Lab05/Core/Inc/gpio.h_save
2024-08-20 01:56:00,113 [INFO] CodeEngine:279 - Generated code: /Users/kitton/STM32CubeIDE/MAD_LAB/Lab05/Core/Inc/gpio.h
2024-08-20 01:56:00,221 [INFO] CodeEngine:255 - oldGeneratedFile, /Users/kitton/STM32CubeIDE/MAD_LAB/Lab05/Core/Src/adc.c_save
2024-08-20 01:56:00,313 [INFO] CodeEngine:279 - Generated code: /Users/kitton/STM32CubeIDE/MAD_LAB/Lab05/Core/Src/adc.c
2024-08-20 01:56:00,316 [INFO] CodeEngine:255 - oldGeneratedFile, /Users/kitton/STM32CubeIDE/MAD_LAB/Lab05/Core/Inc/adc.h_save
2024-08-20 01:56:00,362 [INFO] CodeEngine:279 - Generated code: /Users/kitton/STM32CubeIDE/MAD_LAB/Lab05/Core/Inc/adc.h
2024-08-20 01:56:00,365 [INFO] CodeEngine:255 - oldGeneratedFile, /Users/kitton/STM32CubeIDE/MAD_LAB/Lab05/MXTmpFiles/cortex.tmp_save
2024-08-20 01:56:00,410 [INFO] CodeEngine:279 - Generated code: /Users/kitton/STM32CubeIDE/MAD_LAB/Lab05/MXTmpFiles/cortex.tmp
2024-08-20 01:56:00,415 [INFO] CodeEngine:255 - oldGeneratedFile, /Users/kitton/STM32CubeIDE/MAD_LAB/Lab05/Core/Src/usart.c_save
2024-08-20 01:56:00,489 [INFO] CodeEngine:279 - Generated code: /Users/kitton/STM32CubeIDE/MAD_LAB/Lab05/Core/Src/usart.c
2024-08-20 01:56:00,490 [INFO] CodeEngine:255 - oldGeneratedFile, /Users/kitton/STM32CubeIDE/MAD_LAB/Lab05/Core/Inc/usart.h_save
2024-08-20 01:56:00,534 [INFO] CodeEngine:279 - Generated code: /Users/kitton/STM32CubeIDE/MAD_LAB/Lab05/Core/Inc/usart.h
2024-08-20 01:56:00,540 [INFO] CodeEngine:255 - oldGeneratedFile, /Users/kitton/STM32CubeIDE/MAD_LAB/Lab05/Core/Src/stm32f7xx_it.c_save
2024-08-20 01:56:00,646 [INFO] CodeEngine:279 - Generated code: /Users/kitton/STM32CubeIDE/MAD_LAB/Lab05/Core/Src/stm32f7xx_it.c
2024-08-20 01:56:00,648 [INFO] CodeEngine:255 - oldGeneratedFile, /Users/kitton/STM32CubeIDE/MAD_LAB/Lab05/Core/Inc/stm32f7xx_it.h_save
2024-08-20 01:56:00,691 [INFO] CodeEngine:279 - Generated code: /Users/kitton/STM32CubeIDE/MAD_LAB/Lab05/Core/Inc/stm32f7xx_it.h
2024-08-20 01:56:00,700 [INFO] CodeEngine:255 - oldGeneratedFile, /Users/kitton/STM32CubeIDE/MAD_LAB/Lab05/Core/Src/stm32f7xx_hal_msp.c_save
2024-08-20 01:56:00,761 [INFO] CodeEngine:279 - Generated code: /Users/kitton/STM32CubeIDE/MAD_LAB/Lab05/Core/Src/stm32f7xx_hal_msp.c
2024-08-20 01:56:00,763 [INFO] CodeEngine:255 - oldGeneratedFile, /Users/kitton/STM32CubeIDE/MAD_LAB/Lab05/MXTmpFiles/system.tmp_save
2024-08-20 01:56:00,804 [INFO] CodeEngine:279 - Generated code: /Users/kitton/STM32CubeIDE/MAD_LAB/Lab05/MXTmpFiles/system.tmp
2024-08-20 01:56:00,809 [INFO] CodeEngine:311 - oldGeneratedFile, /Users/kitton/STM32CubeIDE/MAD_LAB/Lab05/Core/Inc/stm32f7xx_hal_conf.h_save
2024-08-20 01:56:00,859 [INFO] CodeEngine:335 - Generated code: /Users/kitton/STM32CubeIDE/MAD_LAB/Lab05/Core/Inc/stm32f7xx_hal_conf.h
2024-08-20 01:56:00,881 [INFO] CodeEngine:255 - oldGeneratedFile, /Users/kitton/STM32CubeIDE/MAD_LAB/Lab05/Core/Inc/main.h_save
2024-08-20 01:56:00,941 [INFO] CodeEngine:279 - Generated code: /Users/kitton/STM32CubeIDE/MAD_LAB/Lab05/Core/Inc/main.h
2024-08-20 01:56:00,943 [INFO] CodeEngine:255 - oldGeneratedFile, /Users/kitton/STM32CubeIDE/MAD_LAB/Lab05/Core/Src/main.c_save
2024-08-20 01:56:01,013 [INFO] CodeEngine:279 - Generated code: /Users/kitton/STM32CubeIDE/MAD_LAB/Lab05/Core/Src/main.c
2024-08-20 01:56:01,326 [INFO] ProjectBuilder:3249 - Time for Copy HAL[1] : 66mS.
2024-08-20 01:56:01,334 [INFO] ProjectBuilder:4828 - Project Generator version: 4.4.0-B60
2024-08-20 01:56:01,418 [INFO] ConfigFileManager:1531 - The Die is : DIE451
2024-08-20 01:56:02,414 [INFO] ProjectBuilder:5097 - Time for Generating toolchain IDE Files: 1080mS.
2024-08-20 01:56:02,415 [INFO] ProjectBuilder:3107 - Time for Copy CMSIS : 0mS.
2024-08-20 01:56:02,416 [INFO] ProjectBuilder:3107 - Time for Copy CMSIS : 0mS.
2024-08-20 01:56:23,085 [INFO] UtilMem:75 - End SaveConfig() Used Memory: 274586216 Bytes (982515712)
2024-08-20 01:56:23,281 [INFO] UtilMem:75 - End SaveConfig() Used Memory: 306025048 Bytes (982515712)
2024-08-20 01:56:25,036 [INFO] UtilMem:75 - End SaveConfig() Used Memory: 390433368 Bytes (982515712)
2024-08-20 01:56:25,454 [INFO] BlockDiagram:2766 - set Specific Code input for plugin: SYS
2024-08-20 01:56:25,456 [INFO] BlockDiagram:2766 - set Specific Code input for plugin: ADC
2024-08-20 01:56:25,456 [INFO] BlockDiagram:2766 - set Specific Code input for plugin: RCC
2024-08-20 01:56:25,456 [INFO] BlockDiagram:2766 - set Specific Code input for plugin: NVIC
2024-08-20 01:56:25,456 [INFO] BlockDiagram:2766 - set Specific Code input for plugin: USART
2024-08-20 01:56:25,456 [INFO] BlockDiagram:2766 - set Specific Code input for plugin: CORTEX_M7
2024-08-20 01:56:25,456 [INFO] BlockDiagram:2766 - set Specific Code input for plugin: GPIO
2024-08-20 01:56:25,457 [INFO] CodeGenerator:807 - code generatio: config db path: /Applications/STM32CubeIDE.app/Contents/Eclipse/plugins/com.st.stm32cube.common.mx_6.12.0.202406281431//db/
2024-08-20 01:56:25,592 [INFO] CodeEngine:255 - oldGeneratedFile, /Users/kitton/STM32CubeIDE/MAD_LAB/Lab05/MXTmpFiles/license.tmp_save
2024-08-20 01:56:25,651 [INFO] CodeEngine:279 - Generated code: /Users/kitton/STM32CubeIDE/MAD_LAB/Lab05/MXTmpFiles/license.tmp
2024-08-20 01:56:25,675 [INFO] CodeEngine:255 - oldGeneratedFile, /Users/kitton/STM32CubeIDE/MAD_LAB/Lab05/Core/Src/gpio.c_save
2024-08-20 01:56:25,734 [INFO] CodeEngine:279 - Generated code: /Users/kitton/STM32CubeIDE/MAD_LAB/Lab05/Core/Src/gpio.c
2024-08-20 01:56:25,737 [INFO] CodeEngine:255 - oldGeneratedFile, /Users/kitton/STM32CubeIDE/MAD_LAB/Lab05/Core/Inc/gpio.h_save
2024-08-20 01:56:25,777 [INFO] CodeEngine:279 - Generated code: /Users/kitton/STM32CubeIDE/MAD_LAB/Lab05/Core/Inc/gpio.h
2024-08-20 01:56:25,886 [INFO] CodeEngine:255 - oldGeneratedFile, /Users/kitton/STM32CubeIDE/MAD_LAB/Lab05/Core/Src/adc.c_save
2024-08-20 01:56:25,957 [INFO] CodeEngine:279 - Generated code: /Users/kitton/STM32CubeIDE/MAD_LAB/Lab05/Core/Src/adc.c
2024-08-20 01:56:25,958 [INFO] CodeEngine:255 - oldGeneratedFile, /Users/kitton/STM32CubeIDE/MAD_LAB/Lab05/Core/Inc/adc.h_save
2024-08-20 01:56:26,002 [INFO] CodeEngine:279 - Generated code: /Users/kitton/STM32CubeIDE/MAD_LAB/Lab05/Core/Inc/adc.h
2024-08-20 01:56:26,005 [INFO] CodeEngine:255 - oldGeneratedFile, /Users/kitton/STM32CubeIDE/MAD_LAB/Lab05/MXTmpFiles/cortex.tmp_save
2024-08-20 01:56:26,048 [INFO] CodeEngine:279 - Generated code: /Users/kitton/STM32CubeIDE/MAD_LAB/Lab05/MXTmpFiles/cortex.tmp
2024-08-20 01:56:26,051 [INFO] CodeEngine:255 - oldGeneratedFile, /Users/kitton/STM32CubeIDE/MAD_LAB/Lab05/Core/Src/usart.c_save
2024-08-20 01:56:26,111 [INFO] CodeEngine:279 - Generated code: /Users/kitton/STM32CubeIDE/MAD_LAB/Lab05/Core/Src/usart.c
2024-08-20 01:56:26,113 [INFO] CodeEngine:255 - oldGeneratedFile, /Users/kitton/STM32CubeIDE/MAD_LAB/Lab05/Core/Inc/usart.h_save
2024-08-20 01:56:26,159 [INFO] CodeEngine:279 - Generated code: /Users/kitton/STM32CubeIDE/MAD_LAB/Lab05/Core/Inc/usart.h
2024-08-20 01:56:26,164 [INFO] CodeEngine:255 - oldGeneratedFile, /Users/kitton/STM32CubeIDE/MAD_LAB/Lab05/Core/Src/stm32f7xx_it.c_save
2024-08-20 01:56:26,211 [INFO] CodeEngine:279 - Generated code: /Users/kitton/STM32CubeIDE/MAD_LAB/Lab05/Core/Src/stm32f7xx_it.c
2024-08-20 01:56:26,213 [INFO] CodeEngine:255 - oldGeneratedFile, /Users/kitton/STM32CubeIDE/MAD_LAB/Lab05/Core/Inc/stm32f7xx_it.h_save
2024-08-20 01:56:26,254 [INFO] CodeEngine:279 - Generated code: /Users/kitton/STM32CubeIDE/MAD_LAB/Lab05/Core/Inc/stm32f7xx_it.h
2024-08-20 01:56:26,261 [INFO] CodeEngine:255 - oldGeneratedFile, /Users/kitton/STM32CubeIDE/MAD_LAB/Lab05/Core/Src/stm32f7xx_hal_msp.c_save
2024-08-20 01:56:26,325 [INFO] CodeEngine:279 - Generated code: /Users/kitton/STM32CubeIDE/MAD_LAB/Lab05/Core/Src/stm32f7xx_hal_msp.c
2024-08-20 01:56:26,327 [INFO] CodeEngine:255 - oldGeneratedFile, /Users/kitton/STM32CubeIDE/MAD_LAB/Lab05/MXTmpFiles/system.tmp_save
2024-08-20 01:56:26,373 [INFO] CodeEngine:279 - Generated code: /Users/kitton/STM32CubeIDE/MAD_LAB/Lab05/MXTmpFiles/system.tmp
2024-08-20 01:56:26,379 [INFO] CodeEngine:311 - oldGeneratedFile, /Users/kitton/STM32CubeIDE/MAD_LAB/Lab05/Core/Inc/stm32f7xx_hal_conf.h_save
2024-08-20 01:56:26,430 [INFO] CodeEngine:335 - Generated code: /Users/kitton/STM32CubeIDE/MAD_LAB/Lab05/Core/Inc/stm32f7xx_hal_conf.h
2024-08-20 01:56:26,445 [INFO] CodeEngine:255 - oldGeneratedFile, /Users/kitton/STM32CubeIDE/MAD_LAB/Lab05/Core/Inc/main.h_save
2024-08-20 01:56:26,491 [INFO] CodeEngine:279 - Generated code: /Users/kitton/STM32CubeIDE/MAD_LAB/Lab05/Core/Inc/main.h
2024-08-20 01:56:26,493 [INFO] CodeEngine:255 - oldGeneratedFile, /Users/kitton/STM32CubeIDE/MAD_LAB/Lab05/Core/Src/main.c_save
2024-08-20 01:56:26,558 [INFO] CodeEngine:279 - Generated code: /Users/kitton/STM32CubeIDE/MAD_LAB/Lab05/Core/Src/main.c
2024-08-20 01:56:26,703 [INFO] ProjectBuilder:3249 - Time for Copy HAL[1] : 53mS.
2024-08-20 01:56:26,704 [INFO] ProjectBuilder:4828 - Project Generator version: 4.4.0-B60
2024-08-20 01:56:26,755 [INFO] ConfigFileManager:1531 - The Die is : DIE451
2024-08-20 01:56:27,393 [INFO] ProjectBuilder:5097 - Time for Generating toolchain IDE Files: 689mS.
2024-08-20 01:56:27,393 [INFO] ProjectBuilder:3107 - Time for Copy CMSIS : 0mS.
2024-08-20 01:56:27,394 [INFO] ProjectBuilder:3107 - Time for Copy CMSIS : 0mS.
2024-08-20 01:56:52,800 [INFO] UtilMem:75 - End SaveConfig() Used Memory: 561549304 Bytes (943718400)
2024-08-20 01:56:52,939 [INFO] UtilMem:75 - End SaveConfig() Used Memory: 592484344 Bytes (943718400)
2024-08-20 01:56:53,195 [INFO] UtilMem:75 - End SaveConfig() Used Memory: 666256952 Bytes (943718400)
2024-08-20 01:56:53,319 [INFO] BlockDiagram:2766 - set Specific Code input for plugin: SYS
2024-08-20 01:56:53,319 [INFO] BlockDiagram:2766 - set Specific Code input for plugin: ADC
2024-08-20 01:56:53,319 [INFO] BlockDiagram:2766 - set Specific Code input for plugin: RCC
2024-08-20 01:56:53,319 [INFO] BlockDiagram:2766 - set Specific Code input for plugin: NVIC
2024-08-20 01:56:53,319 [INFO] BlockDiagram:2766 - set Specific Code input for plugin: USART
2024-08-20 01:56:53,319 [INFO] BlockDiagram:2766 - set Specific Code input for plugin: CORTEX_M7
2024-08-20 01:56:53,319 [INFO] BlockDiagram:2766 - set Specific Code input for plugin: GPIO
2024-08-20 01:56:53,320 [INFO] CodeGenerator:807 - code generatio: config db path: /Applications/STM32CubeIDE.app/Contents/Eclipse/plugins/com.st.stm32cube.common.mx_6.12.0.202406281431//db/
2024-08-20 01:56:53,398 [INFO] CodeEngine:255 - oldGeneratedFile, /Users/kitton/STM32CubeIDE/MAD_LAB/Lab05/MXTmpFiles/license.tmp_save
2024-08-20 01:56:53,461 [INFO] CodeEngine:279 - Generated code: /Users/kitton/STM32CubeIDE/MAD_LAB/Lab05/MXTmpFiles/license.tmp
2024-08-20 01:56:53,480 [INFO] CodeEngine:255 - oldGeneratedFile, /Users/kitton/STM32CubeIDE/MAD_LAB/Lab05/Core/Src/gpio.c_save
2024-08-20 01:56:53,530 [INFO] CodeEngine:279 - Generated code: /Users/kitton/STM32CubeIDE/MAD_LAB/Lab05/Core/Src/gpio.c
2024-08-20 01:56:53,531 [INFO] CodeEngine:255 - oldGeneratedFile, /Users/kitton/STM32CubeIDE/MAD_LAB/Lab05/Core/Inc/gpio.h_save
2024-08-20 01:56:53,574 [INFO] CodeEngine:279 - Generated code: /Users/kitton/STM32CubeIDE/MAD_LAB/Lab05/Core/Inc/gpio.h
2024-08-20 01:56:53,673 [INFO] CodeEngine:255 - oldGeneratedFile, /Users/kitton/STM32CubeIDE/MAD_LAB/Lab05/Core/Src/adc.c_save
2024-08-20 01:56:53,740 [INFO] CodeEngine:279 - Generated code: /Users/kitton/STM32CubeIDE/MAD_LAB/Lab05/Core/Src/adc.c
2024-08-20 01:56:53,742 [INFO] CodeEngine:255 - oldGeneratedFile, /Users/kitton/STM32CubeIDE/MAD_LAB/Lab05/Core/Inc/adc.h_save
2024-08-20 01:56:53,786 [INFO] CodeEngine:279 - Generated code: /Users/kitton/STM32CubeIDE/MAD_LAB/Lab05/Core/Inc/adc.h
2024-08-20 01:56:53,788 [INFO] CodeEngine:255 - oldGeneratedFile, /Users/kitton/STM32CubeIDE/MAD_LAB/Lab05/MXTmpFiles/cortex.tmp_save
2024-08-20 01:56:53,830 [INFO] CodeEngine:279 - Generated code: /Users/kitton/STM32CubeIDE/MAD_LAB/Lab05/MXTmpFiles/cortex.tmp
2024-08-20 01:56:53,833 [INFO] CodeEngine:255 - oldGeneratedFile, /Users/kitton/STM32CubeIDE/MAD_LAB/Lab05/Core/Src/usart.c_save
2024-08-20 01:56:53,892 [INFO] CodeEngine:279 - Generated code: /Users/kitton/STM32CubeIDE/MAD_LAB/Lab05/Core/Src/usart.c
2024-08-20 01:56:53,894 [INFO] CodeEngine:255 - oldGeneratedFile, /Users/kitton/STM32CubeIDE/MAD_LAB/Lab05/Core/Inc/usart.h_save
2024-08-20 01:56:53,936 [INFO] CodeEngine:279 - Generated code: /Users/kitton/STM32CubeIDE/MAD_LAB/Lab05/Core/Inc/usart.h
2024-08-20 01:56:53,942 [INFO] CodeEngine:255 - oldGeneratedFile, /Users/kitton/STM32CubeIDE/MAD_LAB/Lab05/Core/Src/stm32f7xx_it.c_save
2024-08-20 01:56:53,990 [INFO] CodeEngine:279 - Generated code: /Users/kitton/STM32CubeIDE/MAD_LAB/Lab05/Core/Src/stm32f7xx_it.c
2024-08-20 01:56:53,991 [INFO] CodeEngine:255 - oldGeneratedFile, /Users/kitton/STM32CubeIDE/MAD_LAB/Lab05/Core/Inc/stm32f7xx_it.h_save
2024-08-20 01:56:54,034 [INFO] CodeEngine:279 - Generated code: /Users/kitton/STM32CubeIDE/MAD_LAB/Lab05/Core/Inc/stm32f7xx_it.h
2024-08-20 01:56:54,040 [INFO] CodeEngine:255 - oldGeneratedFile, /Users/kitton/STM32CubeIDE/MAD_LAB/Lab05/Core/Src/stm32f7xx_hal_msp.c_save
2024-08-20 01:56:54,103 [INFO] CodeEngine:279 - Generated code: /Users/kitton/STM32CubeIDE/MAD_LAB/Lab05/Core/Src/stm32f7xx_hal_msp.c
2024-08-20 01:56:54,104 [INFO] CodeEngine:255 - oldGeneratedFile, /Users/kitton/STM32CubeIDE/MAD_LAB/Lab05/MXTmpFiles/system.tmp_save
2024-08-20 01:56:54,144 [INFO] CodeEngine:279 - Generated code: /Users/kitton/STM32CubeIDE/MAD_LAB/Lab05/MXTmpFiles/system.tmp
2024-08-20 01:56:54,147 [INFO] CodeEngine:311 - oldGeneratedFile, /Users/kitton/STM32CubeIDE/MAD_LAB/Lab05/Core/Inc/stm32f7xx_hal_conf.h_save
2024-08-20 01:56:54,197 [INFO] CodeEngine:335 - Generated code: /Users/kitton/STM32CubeIDE/MAD_LAB/Lab05/Core/Inc/stm32f7xx_hal_conf.h
2024-08-20 01:56:54,207 [INFO] CodeEngine:255 - oldGeneratedFile, /Users/kitton/STM32CubeIDE/MAD_LAB/Lab05/Core/Inc/main.h_save
2024-08-20 01:56:54,254 [INFO] CodeEngine:279 - Generated code: /Users/kitton/STM32CubeIDE/MAD_LAB/Lab05/Core/Inc/main.h
2024-08-20 01:56:54,255 [INFO] CodeEngine:255 - oldGeneratedFile, /Users/kitton/STM32CubeIDE/MAD_LAB/Lab05/Core/Src/main.c_save
2024-08-20 01:56:54,325 [INFO] CodeEngine:279 - Generated code: /Users/kitton/STM32CubeIDE/MAD_LAB/Lab05/Core/Src/main.c
2024-08-20 01:56:54,589 [INFO] ProjectBuilder:3249 - Time for Copy HAL[1] : 33mS.
2024-08-20 01:56:54,595 [INFO] ProjectBuilder:4828 - Project Generator version: 4.4.0-B60
2024-08-20 01:56:54,679 [INFO] ConfigFileManager:1531 - The Die is : DIE451
2024-08-20 01:56:55,379 [INFO] ProjectBuilder:5097 - Time for Generating toolchain IDE Files: 784mS.
2024-08-20 01:56:55,380 [INFO] ProjectBuilder:3107 - Time for Copy CMSIS : 0mS.
2024-08-20 01:56:55,380 [INFO] ProjectBuilder:3107 - Time for Copy CMSIS : 0mS.
2024-08-20 02:06:25,135 [ERROR] LogOutputStream:75 - [STDERR_REDIRECT] 
2024-08-20 15:24:15,474 [INFO] Activator:176 - 


2024-08-20 15:24:15,476 [INFO] Activator:177 - !SESSION log4j initialized
2024-08-20 15:24:18,650 [INFO] LogOutputStream:77 - [STDOUT_REDIRECT] 
2024-08-20 15:24:20,130 [ERROR] LogOutputStream:75 - [STDERR_REDIRECT] 
2024-08-20 15:24:22,295 [INFO] LogOutputStream:77 - [STDOUT_REDIRECT] 
2024-08-20 15:24:23,365 [ERROR] LogOutputStream:75 - [STDERR_REDIRECT] [Fatal Error] :2:10: DOCTYPE is disallowed when the feature "http://apache.org/xml/features/disallow-doctype-decl" set to true.
2024-08-20 15:24:23,369 [ERROR] LogOutputStream:75 - [STDERR_REDIRECT] 
2024-08-20 15:24:23,715 [INFO] ApplicationProperties:184 - Using Application install path: /Applications/STM32CubeIDE.app/Contents/Eclipse/plugins/com.st.stm32cube.common.mx_6.12.0.202406281431
2024-08-20 15:24:23,725 [INFO] DbMcusXml:78 - Set database path to: /Applications/STM32CubeIDE.app/Contents/Eclipse/plugins/com.st.stm32cube.common.mx_6.12.0.202406281431//db//mcu/
2024-08-20 15:24:23,725 [INFO] ApiDb:274 - Set plugin database path to: /Applications/STM32CubeIDE.app/Contents/Eclipse/plugins/com.st.stm32cube.common.mx_6.12.0.202406281431//db//plugins/boardmanager/
2024-08-20 15:24:23,725 [WARN] ApiDb:259 - Overriding images path with different value:  => /Applications/STM32CubeIDE.app/Contents/Eclipse/plugins/com.st.stm32cube.common.mx_6.12.0.202406281431//db//plugins/mcufinder/images/
2024-08-20 15:24:23,731 [INFO] ApiDb:250 - Set database path to: /Users/kitton/.stmcufinder/plugins/mcufinder//mcu/
2024-08-20 15:24:23,731 [INFO] DbMcusAds:125 - Set database path to: /Users/kitton/.stmcufinder/plugins/mcufinder//mcu/
2024-08-20 15:24:23,732 [INFO] CrossReferenceDbSqlite:203 - Set database path to: /Users/kitton/.stmcufinder/plugins/mcufinder//mcu/cs/
2024-08-20 15:24:23,839 [INFO] RulesReader:64 - Compatibility file has been processed (297 Rules)
2024-08-20 15:24:23,880 [INFO] DbMcusXml:78 - Set database path to: /Applications/STM32CubeIDE.app/Contents/Eclipse/plugins/com.st.stm32cube.common.mx_6.12.0.202406281431//db//mcu/
2024-08-20 15:24:23,880 [INFO] ApiDb:274 - Set plugin database path to: /Applications/STM32CubeIDE.app/Contents/Eclipse/plugins/com.st.stm32cube.common.mx_6.12.0.202406281431//db//plugins/boardmanager/
2024-08-20 15:24:23,881 [INFO] ApiDb:261 - Set plugin images path to: /Applications/STM32CubeIDE.app/Contents/Eclipse/plugins/com.st.stm32cube.common.mx_6.12.0.202406281431//db//plugins/mcufinder/images/
2024-08-20 15:24:23,881 [WARN] DbFile:41 - Overriding database path with different value: /Users/kitton/.stmcufinder/plugins/mcufinder/ => /Users/kitton/.stmcufinder/plugins/mcufinder
2024-08-20 15:24:23,881 [INFO] ApiDb:250 - Set database path to: /Users/kitton/.stmcufinder/plugins/mcufinder//mcu/
2024-08-20 15:24:23,881 [WARN] DbFile:41 - Overriding database path with different value: /Users/kitton/.stmcufinder/plugins/mcufinder/ => /Users/kitton/.stmcufinder/plugins/mcufinder
2024-08-20 15:24:23,881 [INFO] DbMcusAds:125 - Set database path to: /Users/kitton/.stmcufinder/plugins/mcufinder//mcu/
2024-08-20 15:24:23,881 [WARN] DbFile:41 - Overriding database path with different value: /Users/kitton/.stmcufinder/plugins/mcufinder/ => /Users/kitton/.stmcufinder/plugins/mcufinder
2024-08-20 15:24:23,881 [WARN] DbFile:41 - Overriding database path with different value: /Users/kitton/.stmcufinder/plugins/mcufinder/ => /Users/kitton/.stmcufinder/plugins/mcufinder
2024-08-20 15:24:23,881 [INFO] CrossReferenceDbSqlite:203 - Set database path to: /Users/kitton/.stmcufinder/plugins/mcufinder//mcu/cs/
2024-08-20 15:24:23,938 [INFO] MainPanel:268 - HeapMemory: 318767104
2024-08-20 15:24:24,177 [INFO] DbMcusXml:78 - Set database path to: /Applications/STM32CubeIDE.app/Contents/Eclipse/plugins/com.st.stm32cube.common.mx_6.12.0.202406281431//db//mcu/
2024-08-20 15:24:24,177 [INFO] ApiDb:274 - Set plugin database path to: /Applications/STM32CubeIDE.app/Contents/Eclipse/plugins/com.st.stm32cube.common.mx_6.12.0.202406281431//db//plugins/boardmanager/
2024-08-20 15:24:24,177 [INFO] ApiDb:261 - Set plugin images path to: /Applications/STM32CubeIDE.app/Contents/Eclipse/plugins/com.st.stm32cube.common.mx_6.12.0.202406281431//db//plugins/mcufinder/images/
2024-08-20 15:24:24,177 [WARN] DbFile:41 - Overriding database path with different value: /Users/kitton/.stmcufinder/plugins/mcufinder/ => /Users/kitton/.stmcufinder/plugins/mcufinder
2024-08-20 15:24:24,177 [INFO] ApiDb:250 - Set database path to: /Users/kitton/.stmcufinder/plugins/mcufinder//mcu/
2024-08-20 15:24:24,177 [WARN] DbFile:41 - Overriding database path with different value: /Users/kitton/.stmcufinder/plugins/mcufinder/ => /Users/kitton/.stmcufinder/plugins/mcufinder
2024-08-20 15:24:24,178 [INFO] DbMcusAds:125 - Set database path to: /Users/kitton/.stmcufinder/plugins/mcufinder//mcu/
2024-08-20 15:24:24,178 [WARN] DbFile:41 - Overriding database path with different value: /Users/kitton/.stmcufinder/plugins/mcufinder/ => /Users/kitton/.stmcufinder/plugins/mcufinder
2024-08-20 15:24:24,178 [WARN] DbFile:41 - Overriding database path with different value: /Users/kitton/.stmcufinder/plugins/mcufinder/ => /Users/kitton/.stmcufinder/plugins/mcufinder
2024-08-20 15:24:24,178 [INFO] CrossReferenceDbSqlite:203 - Set database path to: /Users/kitton/.stmcufinder/plugins/mcufinder//mcu/cs/
2024-08-20 15:24:24,191 [INFO] ApplicationProperties:184 - Using Application install path: /Applications/STM32CubeIDE.app/Contents/Eclipse/plugins/com.st.stm32cube.common.mx_6.12.0.202406281431
2024-08-20 15:24:24,192 [INFO] PluginManage:196 - Search for loadable plugins [exclusion list=, ]
2024-08-20 15:24:24,193 [INFO] PluginManage:310 - Check plugin analytics
2024-08-20 15:24:24,438 [INFO] AnalyticsPlugin:253 - Accepted Software Licenses: 
2024-08-20 15:24:24,441 [INFO] AnalyticsPlugin:255 - Accepted CMSIS Pack Licenses: 
2024-08-20 15:24:24,441 [INFO] AnalyticsPlugin:257 - Accepted Firmware Licenses: FW.F7.1.17.0
2024-08-20 15:24:24,451 [INFO] PluginManage:359 - Loaded plugin analytics (category:tool,tabindex:-1)
2024-08-20 15:24:24,452 [INFO] PluginManage:310 - Check plugin cadmodel
2024-08-20 15:24:24,469 [INFO] CADModel:105 - Init CAD model plugin
2024-08-20 15:24:24,469 [INFO] PluginManage:359 - Loaded plugin cadmodel (category:power,tabindex:5)
2024-08-20 15:24:24,470 [INFO] PluginManage:310 - Check plugin clock
2024-08-20 15:24:24,478 [INFO] PluginManage:359 - Loaded plugin clock (category:base,tabindex:2)
2024-08-20 15:24:24,478 [INFO] PluginManage:310 - Check plugin ddr
2024-08-20 15:24:24,479 [INFO] PluginManage:359 - Loaded plugin ddr (category:tool,tabindex:6)
2024-08-20 15:24:24,479 [INFO] PluginManage:310 - Check plugin filemanager
2024-08-20 15:24:24,708 [INFO] PluginManage:359 - Loaded plugin filemanager (category:base,tabindex:10)
2024-08-20 15:24:24,710 [INFO] PluginManage:310 - Check plugin ipmanager
2024-08-20 15:24:24,724 [INFO] PluginManage:359 - Loaded plugin ipmanager (category:base,tabindex:5)
2024-08-20 15:24:24,724 [INFO] PluginManage:310 - Check plugin lpbam
2024-08-20 15:24:24,735 [INFO] PluginManage:359 - Loaded plugin lpbam (category:base,tabindex:0)
2024-08-20 15:24:24,735 [INFO] PluginManage:310 - Check plugin memorymap
2024-08-20 15:24:24,742 [INFO] PluginManage:359 - Loaded plugin memorymap (category:base,tabindex:4)
2024-08-20 15:24:24,742 [INFO] PluginManage:310 - Check plugin pinoutandconfiguration
2024-08-20 15:24:24,748 [INFO] PluginManage:359 - Loaded plugin pinoutandconfiguration (category:base,tabindex:1)
2024-08-20 15:24:24,748 [INFO] PluginManage:310 - Check plugin pinoutconfig
2024-08-20 15:24:24,812 [WARN] SupportedApi:132 - Cannot load RTOS API schema: s4s-elt-must-match.1: The content of 'definitions' must match (annotation?, (simpleType | complexType)?, (unique | key | keyref)*)). A problem was found starting at: attribute.
2024-08-20 15:24:24,927 [INFO] PluginManage:359 - Loaded plugin pinoutconfig (category:base,tabindex:0)
2024-08-20 15:24:24,928 [INFO] PluginManage:310 - Check plugin power
2024-08-20 15:24:24,939 [INFO] PluginManage:359 - Loaded plugin power (category:power,tabindex:4)
2024-08-20 15:24:24,940 [INFO] PluginManage:310 - Check plugin projectmanager
2024-08-20 15:24:24,964 [INFO] PluginManage:359 - Loaded plugin projectmanager (category:projectmanager,tabindex:4)
2024-08-20 15:24:24,965 [INFO] PluginManage:310 - Check plugin rif
2024-08-20 15:24:24,968 [INFO] PluginManage:359 - Loaded plugin rif (category:base,tabindex:3)
2024-08-20 15:24:24,968 [INFO] PluginManage:310 - Check plugin thirdparty
2024-08-20 15:24:25,087 [INFO] PluginManage:359 - Loaded plugin thirdparty (category:base,tabindex:-1)
2024-08-20 15:24:25,088 [INFO] PluginManage:310 - Check plugin tools
2024-08-20 15:24:25,087 [WARN] IntegrityCheckThread:84 - waiting for thirdparty lock release [integrity check]
2024-08-20 15:24:25,089 [INFO] IntegrityCheckThread:86 - entering critical section [integrity check]
2024-08-20 15:24:25,090 [INFO] ThirdPartyUpdaterWithRetryManager:70 - Updater plugin not ready yet. [1/15]
2024-08-20 15:24:25,090 [INFO] PluginManage:359 - Loaded plugin tools (category:base,tabindex:7)
2024-08-20 15:24:25,090 [INFO] PluginManage:310 - Check plugin tutovideos
2024-08-20 15:24:25,251 [INFO] PluginManage:359 - Loaded plugin tutovideos (category:base,tabindex:-1)
2024-08-20 15:24:25,253 [INFO] PluginManage:310 - Check plugin updater
2024-08-20 15:24:25,289 [INFO] PluginManage:359 - Loaded plugin updater (category:base,tabindex:12)
2024-08-20 15:24:25,290 [INFO] PluginManage:310 - Check plugin userauth
2024-08-20 15:24:25,297 [INFO] UserAuth:113 - Init User Auth plugin
2024-08-20 15:24:25,297 [INFO] PluginManage:359 - Loaded plugin userauth (category:base,tabindex:14)
2024-08-20 15:24:25,298 [INFO] PluginManage:283 - PluginManage : Loaded plugins [18]
2024-08-20 15:24:25,477 [INFO] PinOutPanel:1561 - setPackage(No Configuration,No Configuration)
2024-08-20 15:24:25,527 [INFO] CADModel:165 - CPN selected for project level
2024-08-20 15:24:25,528 [INFO] CADModel:114 - Register for checkConnection events
2024-08-20 15:24:25,537 [INFO] IPUIPlugin:80 - create IPUIPlugin
2024-08-20 15:24:25,538 [INFO] PluginManager:220 - loadIPPluginJar : add mdma
2024-08-20 15:24:25,541 [INFO] IPUIPlugin:80 - create IPUIPlugin
2024-08-20 15:24:25,541 [INFO] PluginManager:220 - loadIPPluginJar : add freertos
2024-08-20 15:24:25,542 [INFO] IPUIPlugin:80 - create IPUIPlugin
2024-08-20 15:24:25,542 [INFO] PluginManager:220 - loadIPPluginJar : add gic
2024-08-20 15:24:25,547 [INFO] IPUIPlugin:80 - create IPUIPlugin
2024-08-20 15:24:25,547 [INFO] PluginManager:220 - loadIPPluginJar : add adc
2024-08-20 15:24:25,548 [INFO] IPUIPlugin:80 - create IPUIPlugin
2024-08-20 15:24:25,548 [INFO] PluginManager:220 - loadIPPluginJar : add gtzc
2024-08-20 15:24:25,549 [INFO] IPUIPlugin:80 - create IPUIPlugin
2024-08-20 15:24:25,549 [INFO] PluginManager:220 - loadIPPluginJar : add quadspi
2024-08-20 15:24:25,550 [INFO] IPUIPlugin:80 - create IPUIPlugin
2024-08-20 15:24:25,550 [INFO] PluginManager:220 - loadIPPluginJar : add aes
2024-08-20 15:24:25,551 [INFO] IPUIPlugin:80 - create IPUIPlugin
2024-08-20 15:24:25,551 [INFO] PluginManager:220 - loadIPPluginJar : add pdm2pcm
2024-08-20 15:24:25,552 [INFO] IPUIPlugin:80 - create IPUIPlugin
2024-08-20 15:24:25,552 [INFO] PluginManager:220 - loadIPPluginJar : add hash
2024-08-20 15:24:25,552 [INFO] IPUIPlugin:80 - create IPUIPlugin
2024-08-20 15:24:25,552 [INFO] PluginManager:220 - loadIPPluginJar : add tim
2024-08-20 15:24:25,553 [INFO] IPUIPlugin:80 - create IPUIPlugin
2024-08-20 15:24:25,553 [INFO] PluginManager:220 - loadIPPluginJar : add tsc
2024-08-20 15:24:25,555 [INFO] IPUIPlugin:80 - create IPUIPlugin
2024-08-20 15:24:25,555 [INFO] PluginManager:220 - loadIPPluginJar : add extmemmanager
2024-08-20 15:24:25,555 [INFO] IPUIPlugin:80 - create IPUIPlugin
2024-08-20 15:24:25,555 [INFO] PluginManager:220 - loadIPPluginJar : add ts
2024-08-20 15:24:25,556 [INFO] IPUIPlugin:80 - create IPUIPlugin
2024-08-20 15:24:25,556 [INFO] PluginManager:220 - loadIPPluginJar : add radio
2024-08-20 15:24:25,557 [INFO] IPUIPlugin:80 - create IPUIPlugin
2024-08-20 15:24:25,557 [INFO] PluginManager:220 - loadIPPluginJar : add can
2024-08-20 15:24:25,558 [INFO] IPUIPlugin:80 - create IPUIPlugin
2024-08-20 15:24:25,558 [INFO] PluginManager:220 - loadIPPluginJar : add dma3
2024-08-20 15:24:25,559 [INFO] IPUIPlugin:80 - create IPUIPlugin
2024-08-20 15:24:25,559 [INFO] PluginManager:220 - loadIPPluginJar : add dfsdm
2024-08-20 15:24:25,560 [INFO] IPUIPlugin:80 - create IPUIPlugin
2024-08-20 15:24:25,560 [INFO] PluginManager:220 - loadIPPluginJar : add spi
2024-08-20 15:24:25,561 [INFO] IPUIPlugin:80 - create IPUIPlugin
2024-08-20 15:24:25,561 [INFO] PluginManager:220 - loadIPPluginJar : add gfxmmu
2024-08-20 15:24:25,562 [INFO] IPUIPlugin:80 - create IPUIPlugin
2024-08-20 15:24:25,562 [INFO] PluginManager:220 - loadIPPluginJar : add genericplugin
2024-08-20 15:24:25,563 [INFO] IPUIPlugin:80 - create IPUIPlugin
2024-08-20 15:24:25,563 [INFO] PluginManager:220 - loadIPPluginJar : add cryp
2024-08-20 15:24:25,564 [INFO] IPUIPlugin:80 - create IPUIPlugin
2024-08-20 15:24:25,564 [INFO] PluginManager:220 - loadIPPluginJar : add gpio
2024-08-20 15:24:25,566 [INFO] IPUIPlugin:80 - create IPUIPlugin
2024-08-20 15:24:25,566 [INFO] PluginManager:220 - loadIPPluginJar : add ddr_ctrl_phy
2024-08-20 15:24:25,567 [INFO] IPUIPlugin:80 - create IPUIPlugin
2024-08-20 15:24:25,567 [INFO] PluginManager:220 - loadIPPluginJar : add comp
2024-08-20 15:24:25,568 [INFO] IPUIPlugin:80 - create IPUIPlugin
2024-08-20 15:24:25,568 [INFO] PluginManager:220 - loadIPPluginJar : add tracer_emb
2024-08-20 15:24:25,569 [INFO] IPUIPlugin:80 - create IPUIPlugin
2024-08-20 15:24:25,569 [INFO] PluginManager:220 - loadIPPluginJar : add openamp
2024-08-20 15:24:25,571 [INFO] IPUIPlugin:80 - create IPUIPlugin
2024-08-20 15:24:25,571 [INFO] PluginManager:220 - loadIPPluginJar : add stm32_wpan
2024-08-20 15:24:25,574 [INFO] IPUIPlugin:80 - create IPUIPlugin
2024-08-20 15:24:25,576 [INFO] PluginManager:220 - loadIPPluginJar : add plateformsettings
2024-08-20 15:24:25,578 [INFO] IPUIPlugin:80 - create IPUIPlugin
2024-08-20 15:24:25,578 [INFO] PluginManager:220 - loadIPPluginJar : add ipddr
2024-08-20 15:24:25,578 [INFO] IPUIPlugin:80 - create IPUIPlugin
2024-08-20 15:24:25,578 [INFO] PluginManager:220 - loadIPPluginJar : add usart
2024-08-20 15:24:25,579 [INFO] IPUIPlugin:80 - create IPUIPlugin
2024-08-20 15:24:25,579 [INFO] PluginManager:220 - loadIPPluginJar : add ltdc
2024-08-20 15:24:25,580 [INFO] IPUIPlugin:80 - create IPUIPlugin
2024-08-20 15:24:25,580 [INFO] PluginManager:220 - loadIPPluginJar : add nvic
2024-08-20 15:24:25,581 [INFO] IPUIPlugin:80 - create IPUIPlugin
2024-08-20 15:24:25,581 [INFO] PluginManager:220 - loadIPPluginJar : add fatfs
2024-08-20 15:24:25,584 [INFO] IPUIPlugin:80 - create IPUIPlugin
2024-08-20 15:24:25,585 [INFO] PluginManager:220 - loadIPPluginJar : add linkedlist
2024-08-20 15:24:25,587 [INFO] IPUIPlugin:80 - create IPUIPlugin
2024-08-20 15:24:25,587 [INFO] PluginManager:220 - loadIPPluginJar : add dma
2024-08-20 15:24:25,588 [INFO] IPUIPlugin:80 - create IPUIPlugin
2024-08-20 15:24:25,588 [INFO] PluginManager:220 - loadIPPluginJar : add fmc
2024-08-20 15:24:25,589 [INFO] IPUIPlugin:80 - create IPUIPlugin
2024-08-20 15:24:25,589 [INFO] PluginManager:220 - loadIPPluginJar : add i2s
2024-08-20 15:24:25,590 [INFO] IPUIPlugin:80 - create IPUIPlugin
2024-08-20 15:24:25,590 [INFO] PluginManager:220 - loadIPPluginJar : add ucpd
2024-08-20 15:24:25,590 [INFO] IPUIPlugin:80 - create IPUIPlugin
2024-08-20 15:24:25,590 [INFO] PluginManager:220 - loadIPPluginJar : add lorawan
2024-08-20 15:24:25,591 [INFO] IPUIPlugin:80 - create IPUIPlugin
2024-08-20 15:24:25,591 [INFO] PluginManager:220 - loadIPPluginJar : add opamp
2024-08-20 15:24:25,592 [INFO] IPUIPlugin:80 - create IPUIPlugin
2024-08-20 15:24:25,592 [INFO] PluginManager:220 - loadIPPluginJar : add i3c
2024-08-20 15:24:25,593 [INFO] IPUIPlugin:80 - create IPUIPlugin
2024-08-20 15:24:25,594 [INFO] PluginManager:220 - loadIPPluginJar : add touchsensing
2024-08-20 15:24:25,595 [INFO] IPUIPlugin:80 - create IPUIPlugin
2024-08-20 15:24:25,595 [INFO] PluginManager:220 - loadIPPluginJar : add i2c
2024-08-20 15:24:25,596 [INFO] IPUIPlugin:80 - create IPUIPlugin
2024-08-20 15:24:25,596 [INFO] PluginManager:220 - loadIPPluginJar : add resmgrutility
2024-08-20 15:24:25,597 [INFO] IPUIPlugin:80 - create IPUIPlugin
2024-08-20 15:24:25,597 [INFO] PluginManager:220 - loadIPPluginJar : add sai
2024-08-20 15:24:25,598 [INFO] IPUIPlugin:80 - create IPUIPlugin
2024-08-20 15:24:25,598 [INFO] PluginManager:220 - loadIPPluginJar : add usbx
2024-08-20 15:24:25,702 [INFO] CADModel:165 - CPN selected for project level
2024-08-20 15:24:25,702 [INFO] CADModel:114 - Register for checkConnection events
2024-08-20 15:24:25,703 [FATAL] Updater:334 - Updater called before beeing initialized
2024-08-20 15:24:25,703 [ERROR] CADModel:125 - Updater not yet initialized, retry later 
2024-08-20 15:24:25,894 [INFO] CADModel:165 - CPN selected for project level
2024-08-20 15:24:25,894 [INFO] CADModel:114 - Register for checkConnection events
2024-08-20 15:24:25,894 [FATAL] Updater:334 - Updater called before beeing initialized
2024-08-20 15:24:25,894 [ERROR] CADModel:125 - Updater not yet initialized, retry later 
2024-08-20 15:24:25,896 [FATAL] Updater:334 - Updater called before beeing initialized
2024-08-20 15:24:26,010 [FATAL] Updater:334 - Updater called before beeing initialized
2024-08-20 15:24:26,014 [INFO] DbMcusAds:53 - JSON generation date=Thu May 16 16:22:00 ICT 2024 (1715851320667)
2024-08-20 15:24:26,014 [FATAL] Updater:334 - Updater called before beeing initialized
2024-08-20 15:24:26,059 [WARN] DetailPanel:346 - Failed to get advertising image, set to default
2024-08-20 15:24:26,110 [FATAL] Updater:334 - Updater called before beeing initialized
2024-08-20 15:24:26,111 [FATAL] Updater:334 - Updater called before beeing initialized
2024-08-20 15:24:26,111 [FATAL] Updater:334 - Updater called before beeing initialized
2024-08-20 15:24:26,111 [WARN] DetailPanel:346 - Failed to get advertising image, set to default
2024-08-20 15:24:26,112 [FATAL] Updater:334 - Updater called before beeing initialized
2024-08-20 15:24:26,162 [ERROR] Updater:1164 - MainUpdater not yet initialized. External WinMGr cannot be set.
2024-08-20 15:24:26,166 [INFO] Updater:1100 - Updater Version found : 6.12.0
2024-08-20 15:24:26,175 [INFO] ApplicationProperties:184 - Using Application install path: /Applications/STM32CubeIDE.app/Contents/Eclipse/plugins/com.st.stm32cube.common.mx_6.12.0.202406281431
2024-08-20 15:24:26,481 [INFO] MainUpdater:2873 - connection check result : 10
2024-08-20 15:24:26,481 [INFO] MainUpdater:3567 - Updater definition file requires update
2024-08-20 15:24:26,482 [INFO] MainUpdater:290 - Updater Check For Update Now.
2024-08-20 15:24:26,482 [INFO] MicroXplorer:498 - Change Database Version : DB.6.0.120
2024-08-20 15:24:26,489 [INFO] McuFinderGlobals:63 - Set McuFinder mode to 2 (CubeIDE integrated)
2024-08-20 15:24:26,490 [INFO] UserAuth:417 - Internet connection configuration mode: 1
2024-08-20 15:24:26,497 [INFO] JxBrowserEngine:152 - Initiate JxBrowser Engine with user profile folder
2024-08-20 15:24:26,507 [INFO] ServerAccessManage:473 - Download File updaters.zip
2024-08-20 15:24:26,567 [INFO] FileExtend:240 - Unzip File : updaters.zip
2024-08-20 15:24:26,567 [INFO] FileExtend:255 - Standard Zip Deflate
2024-08-20 15:24:26,850 [INFO] ServerAccessManage:473 - Download File PacksControlFlags.xml
2024-08-20 15:24:26,930 [INFO] ServerAccessManage:473 - Download File cubemx.pidx
2024-08-20 15:24:28,101 [WARN] MainUpdater:1194 - Updater busy. Cannot search thirdparties
2024-08-20 15:24:28,104 [INFO] ThirdPartyUpdaterWithRetryManager:96 - Updater plugin is busy. [1/15]
2024-08-20 15:24:28,497 [INFO] ServerAccessManage:473 - Download File STMicroelectronics.X-CUBE-ISPU.pdsc
2024-08-20 15:24:30,753 [INFO] WebApp:167 - Instantiating new browser for Auth
2024-08-20 15:24:31,108 [WARN] MainUpdater:1194 - Updater busy. Cannot search thirdparties
2024-08-20 15:24:31,111 [INFO] ThirdPartyUpdaterWithRetryManager:96 - Updater plugin is busy. [2/15]
2024-08-20 15:24:31,272 [INFO] ServerAccessManage:473 - Download File STMicroelectronics.X-CUBE-MEMS1.pdsc
2024-08-20 15:24:32,093 [INFO] WebApp:448 - Apply proxy settings
2024-08-20 15:24:32,098 [INFO] WebApp:493 - Chromium authenticates against Manually configured proxy
2024-08-20 15:24:32,116 [INFO] WebApp:501 - Username used for proxy authentication: 
2024-08-20 15:24:32,175 [INFO] WebApp:869 - Register for checkConnection events
2024-08-20 15:24:32,175 [INFO] WebApp:448 - Apply proxy settings
2024-08-20 15:24:32,177 [INFO] WebApp:493 - Chromium authenticates against Manually configured proxy
2024-08-20 15:24:32,177 [INFO] WebApp:501 - Username used for proxy authentication: 
2024-08-20 15:24:32,399 [INFO] WebApp:220 - Starting web application
2024-08-20 15:24:32,399 [INFO] WebApp:578 - Web application path used /Applications/STM32CubeIDE.app/Contents/Eclipse/plugins/com.st.stm32cube.common.mx_6.12.0.202406281431/db/plugins/mcufinder/reactClient1/index.html
2024-08-20 15:24:32,938 [INFO] ServerAccessManage:473 - Download File STMicroelectronics.X-CUBE-NFC4.pdsc
2024-08-20 15:24:32,995 [INFO] WebApp:186 - Connection restablished
2024-08-20 15:24:33,083 [INFO] UserAuth:417 - Internet connection configuration mode: 1
2024-08-20 15:24:34,117 [WARN] MainUpdater:1194 - Updater busy. Cannot search thirdparties
2024-08-20 15:24:34,118 [INFO] ThirdPartyUpdaterWithRetryManager:96 - Updater plugin is busy. [3/15]
2024-08-20 15:24:37,124 [WARN] MainUpdater:1194 - Updater busy. Cannot search thirdparties
2024-08-20 15:24:37,126 [INFO] ThirdPartyUpdaterWithRetryManager:96 - Updater plugin is busy. [4/15]
2024-08-20 15:24:40,131 [WARN] MainUpdater:1194 - Updater busy. Cannot search thirdparties
2024-08-20 15:24:40,132 [INFO] ThirdPartyUpdaterWithRetryManager:96 - Updater plugin is busy. [5/15]
2024-08-20 15:24:43,138 [WARN] MainUpdater:1194 - Updater busy. Cannot search thirdparties
2024-08-20 15:24:43,139 [INFO] ThirdPartyUpdaterWithRetryManager:96 - Updater plugin is busy. [6/15]
2024-08-20 15:24:45,314 [INFO] ServerAccessManage:473 - Download File STMicroelectronics.X-CUBE-NFC6.pdsc
2024-08-20 15:24:46,142 [WARN] MainUpdater:1194 - Updater busy. Cannot search thirdparties
2024-08-20 15:24:46,145 [INFO] ThirdPartyUpdaterWithRetryManager:96 - Updater plugin is busy. [7/15]
2024-08-20 15:24:47,515 [INFO] ServerAccessManage:473 - Download File STMicroelectronics.X-CUBE-NFC7.pdsc
2024-08-20 15:24:49,152 [WARN] MainUpdater:1194 - Updater busy. Cannot search thirdparties
2024-08-20 15:24:49,152 [INFO] ThirdPartyUpdaterWithRetryManager:96 - Updater plugin is busy. [8/15]
2024-08-20 15:24:50,013 [INFO] ServerAccessManage:473 - Download File STMicroelectronics.X-CUBE-SFXS2LP1.pdsc
2024-08-20 15:24:52,156 [WARN] MainUpdater:1194 - Updater busy. Cannot search thirdparties
2024-08-20 15:24:52,156 [INFO] ThirdPartyUpdaterWithRetryManager:96 - Updater plugin is busy. [9/15]
2024-08-20 15:24:53,948 [INFO] ServerAccessManage:473 - Download File STMicroelectronics.X-CUBE-SAFEA1.pdsc
2024-08-20 15:24:55,163 [WARN] MainUpdater:1194 - Updater busy. Cannot search thirdparties
2024-08-20 15:24:55,164 [INFO] ThirdPartyUpdaterWithRetryManager:96 - Updater plugin is busy. [10/15]
2024-08-20 15:24:56,008 [INFO] ServerAccessManage:473 - Download File STMicroelectronics.X-CUBE-SUBG2.pdsc
2024-08-20 15:24:58,171 [WARN] MainUpdater:1194 - Updater busy. Cannot search thirdparties
2024-08-20 15:24:58,171 [INFO] ThirdPartyUpdaterWithRetryManager:96 - Updater plugin is busy. [11/15]
2024-08-20 15:25:01,178 [WARN] MainUpdater:1194 - Updater busy. Cannot search thirdparties
2024-08-20 15:25:01,179 [INFO] ThirdPartyUpdaterWithRetryManager:96 - Updater plugin is busy. [12/15]
2024-08-20 15:25:04,186 [WARN] MainUpdater:1194 - Updater busy. Cannot search thirdparties
2024-08-20 15:25:04,187 [INFO] ThirdPartyUpdaterWithRetryManager:96 - Updater plugin is busy. [13/15]
2024-08-20 15:25:05,172 [INFO] ServerAccessManage:473 - Download File STMicroelectronics.X-CUBE-SMBUS.pdsc
2024-08-20 15:25:07,188 [WARN] MainUpdater:1194 - Updater busy. Cannot search thirdparties
2024-08-20 15:25:07,187 [ERROR] ServerAccessManage:1089 - Problem, file not found on Server
2024-08-20 15:25:07,190 [INFO] ThirdPartyUpdaterWithRetryManager:96 - Updater plugin is busy. [14/15]
2024-08-20 15:25:08,246 [INFO] ServerAccessManage:473 - Download File STMicroelectronics.X-CUBE-TCPP.pdsc
2024-08-20 15:25:10,200 [WARN] MainUpdater:1194 - Updater busy. Cannot search thirdparties
2024-08-20 15:25:10,203 [INFO] ThirdPartyUpdaterWithRetryManager:96 - Updater plugin is busy. [15/15]
2024-08-20 15:25:10,212 [ERROR] IntegrityCheckThread:130 - Cannot retrieve database content from updater: error -1
2024-08-20 15:25:10,214 [INFO] ThirdParty:978 - Integrity check success = false
2024-08-20 15:25:10,215 [INFO] IntegrityCheckThread:100 - exiting critical section [integrity check]
2024-08-20 15:25:10,215 [INFO] IntegrityCheckThread:103 - End integrity checks thread
2024-08-20 15:25:10,494 [INFO] ServerAccessManage:473 - Download File STMicroelectronics.X-CUBE-TOF1.pdsc
2024-08-20 15:25:19,764 [ERROR] ServerAccessManage:1089 - Problem, file not found on Server
2024-08-20 15:25:21,555 [INFO] ServerAccessManage:473 - Download File STMicroelectronics.X-CUBE-TOUCHGFX.pdsc
2024-08-20 15:25:43,228 [INFO] ServerAccessManage:473 - Download File STMicroelectronics.X-CUBE-ALGOBUILD.pdsc
2024-08-20 15:25:49,026 [INFO] ServerAccessManage:473 - Download File STMicroelectronics.X-CUBE-AZRTOS-H7.pdsc
2024-08-20 15:25:50,272 [INFO] ServerAccessManage:473 - Download File STMicroelectronics.X-CUBE-AZRTOS-H7RS.pdsc
2024-08-20 15:25:52,027 [INFO] ServerAccessManage:473 - Download File STMicroelectronics.X-CUBE-AZRTOS-F4.pdsc
2024-08-20 15:25:54,831 [INFO] ServerAccessManage:473 - Download File STMicroelectronics.X-CUBE-AZRTOS-F7.pdsc
2024-08-20 15:25:57,805 [INFO] ServerAccessManage:473 - Download File STMicroelectronics.X-CUBE-AZRTOS-L4.pdsc
2024-08-20 15:26:00,696 [INFO] ServerAccessManage:473 - Download File STMicroelectronics.X-CUBE-AZRTOS-L5.pdsc
2024-08-20 15:26:04,772 [INFO] ServerAccessManage:473 - Download File STMicroelectronics.X-CUBE-AZRTOS-G0.pdsc
2024-08-20 15:26:07,630 [INFO] ServerAccessManage:473 - Download File STMicroelectronics.X-CUBE-AZRTOS-G4.pdsc
2024-08-20 15:26:10,388 [INFO] ServerAccessManage:473 - Download File STMicroelectronics.X-CUBE-AZRTOS-WB.pdsc
2024-08-20 15:26:13,779 [INFO] ServerAccessManage:473 - Download File STMicroelectronics.X-CUBE-AZRTOS-WL.pdsc
2024-08-20 15:26:17,059 [INFO] ServerAccessManage:473 - Download File wolfSSL.I-CUBE-wolfSSL.pdsc
2024-08-20 15:26:25,393 [ERROR] ServerAccessManage:1089 - Problem, file not found on Server
2024-08-20 15:26:26,075 [ERROR] ServerAccessManage:1089 - Problem, file not found on Server
2024-08-20 15:26:26,880 [ERROR] ServerAccessManage:1089 - Problem, file not found on Server
2024-08-20 15:26:27,309 [INFO] ServerAccessManage:473 - Download File wolfSSL.I-CUBE-wolfMQTT.pdsc
2024-08-20 15:26:29,543 [ERROR] ServerAccessManage:1089 - Problem, file not found on Server
2024-08-20 15:26:29,958 [INFO] ServerAccessManage:473 - Download File wolfSSL.I-CUBE-wolfTPM.pdsc
2024-08-20 15:26:32,607 [INFO] ServerAccessManage:473 - Download File wolfSSL.I-CUBE-wolfSSH.pdsc
2024-08-20 15:26:34,372 [INFO] ServerAccessManage:473 - Download File RealThread.X-CUBE-RT-Thread_Nano.pdsc
2024-08-20 15:26:35,190 [INFO] ServerAccessManage:473 - Download File SEGGER.I-CUBE-embOS.pdsc
2024-08-20 15:26:37,806 [INFO] ServerAccessManage:473 - Download File portGmbH.I-Cube-SoM-uGOAL.pdsc
2024-08-20 15:26:39,531 [ERROR] ServerAccessManage:1089 - Problem, file not found on Server
2024-08-20 15:26:39,707 [ERROR] ServerAccessManage:1089 - Problem, file not found on Server
2024-08-20 15:26:39,882 [ERROR] ServerAccessManage:1089 - Problem, file not found on Server
2024-08-20 15:26:40,869 [INFO] ServerAccessManage:473 - Download File emotas.I-CUBE-CANOPEN.pdsc
2024-08-20 15:26:42,923 [INFO] ServerAccessManage:473 - Download File WES.I-CUBE-Cesium.pdsc
2024-08-20 15:26:43,882 [ERROR] ServerAccessManage:1089 - Problem, file not found on Server
2024-08-20 15:26:44,291 [ERROR] ServerAccessManage:1089 - Problem, file not found on Server
2024-08-20 15:26:45,528 [INFO] ServerAccessManage:473 - Download File ITTIA_DB.I-CUBE-ITTIADB.pdsc
2024-08-20 15:26:52,484 [INFO] ServerAccessManage:473 - Download File Infineon.AIROC-Wi-Fi-Bluetooth-STM32.pdsc
2024-08-20 15:27:00,648 [INFO] ServerAccessManage:473 - Download File Cesanta.I-CUBE-Mongoose.pdsc
2024-08-20 15:27:03,957 [INFO] ServerAccessManage:473 - Download File EmbeddedOffice.I-CUBE-FS-RTOS.pdsc
2024-08-20 15:27:04,507 [WARN] PackLoader:240 - Cannot read IP mode file for STMicroelectronics.X-CUBE-ISPU.2.0.0
2024-08-20 15:27:04,687 [INFO] CheckServerUpdateThread:120 - End of CheckServer Thread
2024-08-20 15:27:04,699 [WARN] PackLoader:240 - Cannot read IP mode file for STMicroelectronics.X-CUBE-MEMS1.11.0.0
2024-08-20 15:27:04,991 [WARN] PackLoader:240 - Cannot read IP mode file for STMicroelectronics.X-CUBE-NFC4.3.0.0
2024-08-20 15:27:05,025 [WARN] PackLoader:240 - Cannot read IP mode file for STMicroelectronics.X-CUBE-NFC6.3.1.0
2024-08-20 15:27:05,032 [WARN] PackLoader:240 - Cannot read IP mode file for STMicroelectronics.X-CUBE-NFC7.1.0.1
2024-08-20 15:27:05,053 [WARN] PackLoader:240 - Cannot read IP mode file for STMicroelectronics.X-CUBE-SFXS2LP1.4.0.0
2024-08-20 15:27:05,071 [WARN] PackLoader:240 - Cannot read IP mode file for STMicroelectronics.X-CUBE-SAFEA1.1.2.2
2024-08-20 15:27:05,082 [WARN] PackLoader:240 - Cannot read IP mode file for STMicroelectronics.X-CUBE-SUBG2.5.0.0
2024-08-20 15:27:05,097 [WARN] PackLoader:240 - Cannot read IP mode file for STMicroelectronics.X-CUBE-SMBUS.2.1.0
2024-08-20 15:27:05,107 [WARN] PackLoader:240 - Cannot read IP mode file for STMicroelectronics.X-CUBE-TCPP.4.1.0
2024-08-20 15:27:05,130 [WARN] PackLoader:240 - Cannot read IP mode file for STMicroelectronics.X-CUBE-TOF1.3.4.2
2024-08-20 15:27:05,142 [WARN] PackLoader:240 - Cannot read IP mode file for STMicroelectronics.X-CUBE-TOUCHGFX.4.24.0
2024-08-20 15:27:05,155 [WARN] PackLoader:240 - Cannot read IP mode file for STMicroelectronics.X-CUBE-ALGOBUILD.1.4.0
2024-08-20 15:27:05,185 [WARN] PackLoader:240 - Cannot read IP mode file for STMicroelectronics.X-CUBE-AZRTOS-H7.3.3.0
2024-08-20 15:27:05,210 [WARN] PackLoader:240 - Cannot read IP mode file for STMicroelectronics.X-CUBE-AZRTOS-H7RS.1.0.0
2024-08-20 15:27:05,271 [WARN] PackLoader:240 - Cannot read IP mode file for STMicroelectronics.X-CUBE-AZRTOS-F4.1.1.0
2024-08-20 15:27:05,336 [WARN] PackLoader:240 - Cannot read IP mode file for STMicroelectronics.X-CUBE-AZRTOS-F7.1.1.0
2024-08-20 15:27:05,384 [WARN] ConditionMgr:438 - getConditionDescription Invalid condition id : LAN8742 Phy interface Condition cause : null
2024-08-20 15:27:05,386 [WARN] PackLoader:240 - Cannot read IP mode file for STMicroelectronics.X-CUBE-AZRTOS-L4.2.0.0
2024-08-20 15:27:05,389 [WARN] ConditionMgr:1039 - genDependencies : Invalid condition id : LAN8742 Phy interface Condition cause : null
2024-08-20 15:27:05,389 [WARN] ConditionMgr:1039 - genDependencies : Invalid condition id : LAN8742 Phy interface Condition cause : null
2024-08-20 15:27:05,391 [WARN] ConditionMgr:1039 - genDependencies : Invalid condition id : LAN8742 Phy interface Condition cause : null
2024-08-20 15:27:05,414 [WARN] PackLoader:240 - Cannot read IP mode file for STMicroelectronics.X-CUBE-AZRTOS-L5.2.0.0
2024-08-20 15:27:05,440 [WARN] PackLoader:240 - Cannot read IP mode file for STMicroelectronics.X-CUBE-AZRTOS-G0.1.1.0
2024-08-20 15:27:05,469 [WARN] PackLoader:240 - Cannot read IP mode file for STMicroelectronics.X-CUBE-AZRTOS-G4.2.0.0
2024-08-20 15:27:05,482 [WARN] ConditionMgr:438 - getConditionDescription Invalid condition id : UX DEVICE CLASS RTOS Condition cause : null
2024-08-20 15:27:05,483 [WARN] ConditionMgr:438 - getConditionDescription Invalid condition id : UX DEVICE CLASS RTOS Condition cause : null
2024-08-20 15:27:05,486 [WARN] PackLoader:240 - Cannot read IP mode file for STMicroelectronics.X-CUBE-AZRTOS-WB.2.0.0
2024-08-20 15:27:05,487 [WARN] ConditionMgr:1039 - genDependencies : Invalid condition id : UX DEVICE CLASS RTOS Condition cause : null
2024-08-20 15:27:05,487 [WARN] ConditionMgr:1039 - genDependencies : Invalid condition id : UX DEVICE CLASS RTOS Condition cause : null
2024-08-20 15:27:05,487 [WARN] ConditionMgr:1039 - genDependencies : Invalid condition id : UX DEVICE CLASS RTOS Condition cause : null
2024-08-20 15:27:05,488 [WARN] ConditionMgr:1039 - genDependencies : Invalid condition id : UX DEVICE CLASS RTOS Condition cause : null
2024-08-20 15:27:05,488 [WARN] ConditionMgr:1039 - genDependencies : Invalid condition id : UX DEVICE CLASS RTOS Condition cause : null
2024-08-20 15:27:05,496 [INFO] LogOutputStream:77 - [STDOUT_REDIRECT] 1 : Invalid condition id : UX_CORESTACK_Condition cause : null
2024-08-20 15:27:05,498 [INFO] LogOutputStream:77 - [STDOUT_REDIRECT] 1 : Invalid condition id : UX_CORESTACK_Condition cause : null
2024-08-20 15:27:05,498 [INFO] LogOutputStream:77 - [STDOUT_REDIRECT] 1 : Invalid condition id : UX_CORESTACK_Condition cause : null
2024-08-20 15:27:05,499 [INFO] LogOutputStream:77 - [STDOUT_REDIRECT] 1 : Invalid condition id : UX_CORESTACK_Condition cause : null
2024-08-20 15:27:05,499 [INFO] LogOutputStream:77 - [STDOUT_REDIRECT] 1 : Invalid condition id : UX_CORESTACK_Condition cause : null
2024-08-20 15:27:05,504 [WARN] PackLoader:240 - Cannot read IP mode file for STMicroelectronics.X-CUBE-AZRTOS-WL.2.0.0
2024-08-20 15:27:05,519 [WARN] PackLoader:240 - Cannot read IP mode file for wolfSSL.I-CUBE-wolfSSL.5.7.2
2024-08-20 15:27:05,523 [WARN] PackLoader:240 - Cannot read IP mode file for wolfSSL.I-CUBE-wolfMQTT.1.19.0
2024-08-20 15:27:05,526 [WARN] PackLoader:240 - Cannot read IP mode file for wolfSSL.I-CUBE-wolfTPM.3.4.0
2024-08-20 15:27:05,532 [WARN] PackLoader:240 - Cannot read IP mode file for wolfSSL.I-CUBE-wolfSSH.1.4.17
2024-08-20 15:27:05,535 [WARN] PackLoader:240 - Cannot read IP mode file for RealThread.X-CUBE-RT-Thread_Nano.4.1.1
2024-08-20 15:27:05,574 [WARN] PackLoader:240 - Cannot read IP mode file for SEGGER.I-CUBE-embOS.1.3.1
2024-08-20 15:27:05,619 [WARN] PackLoader:240 - Cannot read IP mode file for portGmbH.I-Cube-SoM-uGOAL.1.1.0
2024-08-20 15:27:05,624 [WARN] PackLoader:240 - Cannot read IP mode file for emotas.I-CUBE-CANOPEN.1.3.0
2024-08-20 15:27:05,629 [WARN] PackLoader:240 - Cannot read IP mode file for WES.I-CUBE-Cesium.1.3.0
2024-08-20 15:27:05,631 [WARN] PackLoader:240 - Cannot read IP mode file for ITTIA_DB.I-CUBE-ITTIADB.8.9.0
2024-08-20 15:27:05,652 [WARN] PackLoader:240 - Cannot read IP mode file for Infineon.AIROC-Wi-Fi-Bluetooth-STM32.1.6.1
2024-08-20 15:27:05,657 [WARN] PackLoader:240 - Cannot read IP mode file for Cesanta.I-CUBE-Mongoose.7.13.0
2024-08-20 15:27:05,663 [WARN] PackLoader:240 - Cannot read IP mode file for EmbeddedOffice.I-CUBE-FS-RTOS.1.0.1
2024-08-20 15:27:05,664 [ERROR] ConditionMgr:805 - Attr not supported : Dmpu
2024-08-20 15:27:05,665 [ERROR] ConditionMgr:805 - Attr not supported : Dmpu
2024-08-20 15:27:05,665 [ERROR] ConditionMgr:805 - Attr not supported : Dmpu
2024-08-20 15:27:05,665 [ERROR] ConditionMgr:805 - Attr not supported : Dmpu
2024-08-20 15:27:05,665 [ERROR] ConditionMgr:805 - Attr not supported : Dmpu
2024-08-20 15:27:05,665 [ERROR] ConditionMgr:805 - Attr not supported : Dmpu
2024-08-20 15:27:05,665 [ERROR] ConditionMgr:805 - Attr not supported : Dmpu
2024-08-20 15:27:05,665 [ERROR] ConditionMgr:805 - Attr not supported : Dmpu
2024-08-20 15:27:05,665 [ERROR] ConditionMgr:805 - Attr not supported : Dmpu
2024-08-20 15:27:05,665 [ERROR] ConditionMgr:805 - Attr not supported : Dmpu
2024-08-20 15:27:05,665 [ERROR] ConditionMgr:805 - Attr not supported : Dmpu
2024-08-20 15:27:05,665 [ERROR] ConditionMgr:805 - Attr not supported : Dmpu
2024-08-20 15:27:05,665 [ERROR] ConditionMgr:805 - Attr not supported : Dmpu
2024-08-20 15:27:05,665 [ERROR] ConditionMgr:805 - Attr not supported : Dmpu
2024-08-20 15:27:05,665 [ERROR] ConditionMgr:805 - Attr not supported : Dmpu
2024-08-20 15:27:05,665 [ERROR] ConditionMgr:805 - Attr not supported : Dmpu
2024-08-20 15:27:05,665 [ERROR] ConditionMgr:805 - Attr not supported : Dmpu
2024-08-20 15:27:05,666 [ERROR] ConditionMgr:805 - Attr not supported : Dmpu
2024-08-20 15:27:05,666 [ERROR] ConditionMgr:805 - Attr not supported : Dmpu
2024-08-20 15:27:05,666 [ERROR] ConditionMgr:805 - Attr not supported : Dmpu
2024-08-20 15:27:05,666 [ERROR] ConditionMgr:805 - Attr not supported : Dmpu
2024-08-20 15:27:05,666 [ERROR] ConditionMgr:805 - Attr not supported : Dmpu
2024-08-20 15:27:05,666 [ERROR] ConditionMgr:805 - Attr not supported : Dmpu
2024-08-20 15:27:05,666 [ERROR] ConditionMgr:805 - Attr not supported : Dmpu
2024-08-20 15:27:05,666 [ERROR] ConditionMgr:805 - Attr not supported : Dmpu
2024-08-20 15:27:05,666 [ERROR] ConditionMgr:805 - Attr not supported : Dmpu
2024-08-20 15:27:05,666 [ERROR] ConditionMgr:805 - Attr not supported : Dmpu
2024-08-20 15:27:05,666 [ERROR] ConditionMgr:805 - Attr not supported : Dmpu
2024-08-20 15:27:05,666 [ERROR] ConditionMgr:805 - Attr not supported : Dmpu
2024-08-20 15:27:05,666 [ERROR] ConditionMgr:805 - Attr not supported : Dmpu
2024-08-20 15:27:05,666 [ERROR] ConditionMgr:805 - Attr not supported : Dmpu
2024-08-20 15:27:05,666 [ERROR] ConditionMgr:805 - Attr not supported : Dmpu
2024-08-20 15:27:05,666 [ERROR] ConditionMgr:805 - Attr not supported : Dmpu
2024-08-20 15:27:05,666 [ERROR] ConditionMgr:805 - Attr not supported : Dmpu
2024-08-20 15:27:05,666 [ERROR] ConditionMgr:805 - Attr not supported : Dmpu
2024-08-20 15:27:05,666 [ERROR] ConditionMgr:805 - Attr not supported : Dmpu
2024-08-20 15:27:05,666 [ERROR] ConditionMgr:805 - Attr not supported : Dmpu
2024-08-20 15:27:05,667 [ERROR] ConditionMgr:805 - Attr not supported : Dmpu
2024-08-20 15:27:05,667 [ERROR] ConditionMgr:805 - Attr not supported : Dmpu
2024-08-20 15:27:05,667 [ERROR] ConditionMgr:805 - Attr not supported : Dmpu
2024-08-20 15:27:05,667 [ERROR] ConditionMgr:805 - Attr not supported : Dmpu
2024-08-20 15:27:05,667 [ERROR] ConditionMgr:805 - Attr not supported : Dmpu
2024-08-20 15:27:05,668 [ERROR] ConditionMgr:805 - Attr not supported : Dmpu
2024-08-20 15:27:05,668 [ERROR] ConditionMgr:805 - Attr not supported : Dmpu
2024-08-20 15:27:05,668 [ERROR] ConditionMgr:805 - Attr not supported : Dmpu
2024-08-20 15:27:05,668 [ERROR] ConditionMgr:805 - Attr not supported : Dmpu
2024-08-20 15:27:05,668 [ERROR] ConditionMgr:805 - Attr not supported : Dmpu
2024-08-20 15:27:05,668 [ERROR] ConditionMgr:805 - Attr not supported : Dmpu
2024-08-20 15:27:05,668 [ERROR] ConditionMgr:805 - Attr not supported : Dmpu
2024-08-20 15:27:05,668 [ERROR] ConditionMgr:805 - Attr not supported : Dmpu
2024-08-20 15:27:05,668 [ERROR] ConditionMgr:805 - Attr not supported : Dmpu
2024-08-20 15:27:05,668 [ERROR] ConditionMgr:805 - Attr not supported : Dmpu
2024-08-20 15:27:05,668 [ERROR] ConditionMgr:805 - Attr not supported : Dmpu
2024-08-20 15:27:05,668 [ERROR] ConditionMgr:805 - Attr not supported : Dmpu
2024-08-20 15:27:05,668 [ERROR] ConditionMgr:805 - Attr not supported : Dmpu
2024-08-20 15:27:05,668 [ERROR] ConditionMgr:805 - Attr not supported : Dmpu
2024-08-20 15:27:05,669 [ERROR] ConditionMgr:805 - Attr not supported : Dmpu
2024-08-20 15:27:05,669 [ERROR] ConditionMgr:805 - Attr not supported : Dmpu
2024-08-20 15:27:05,669 [ERROR] ConditionMgr:805 - Attr not supported : Dmpu
2024-08-20 15:27:05,669 [ERROR] ConditionMgr:805 - Attr not supported : Dmpu
2024-08-20 15:27:05,669 [ERROR] ConditionMgr:805 - Attr not supported : Dmpu
2024-08-20 15:27:05,669 [ERROR] ConditionMgr:805 - Attr not supported : Dmpu
2024-08-20 15:27:05,669 [ERROR] ConditionMgr:805 - Attr not supported : Dmpu
2024-08-20 15:27:05,669 [ERROR] ConditionMgr:805 - Attr not supported : Dmpu
2024-08-20 15:27:05,669 [INFO] PopulateThirdPartyThread:66 - Ending populate Thread
2024-08-20 15:27:05,671 [INFO] ThirdParty:1030 - CMSIS Pack Vendor :STMicroelectronics X-CUBE-AZRTOS-H7 3.3.0
2024-08-20 15:27:05,671 [INFO] ThirdParty:1030 - CMSIS Pack Vendor :RealThread X-CUBE-RT-Thread_Nano 4.1.1
2024-08-20 15:27:05,671 [INFO] ThirdParty:1030 - CMSIS Pack Vendor :STMicroelectronics X-CUBE-AZRTOS-F4 1.1.0
2024-08-20 15:27:05,671 [INFO] ThirdParty:1030 - CMSIS Pack Vendor :wolfSSL I-CUBE-wolfSSL 5.7.2
2024-08-20 15:27:05,671 [INFO] ThirdParty:1030 - CMSIS Pack Vendor :STMicroelectronics X-CUBE-SMBUS 2.1.0
2024-08-20 15:27:05,671 [INFO] ThirdParty:1030 - CMSIS Pack Vendor :STMicroelectronics X-CUBE-ISPU 2.0.0
2024-08-20 15:27:05,671 [INFO] ThirdParty:1030 - CMSIS Pack Vendor :STMicroelectronics X-CUBE-TCPP 4.1.0
2024-08-20 15:27:05,671 [INFO] ThirdParty:1030 - CMSIS Pack Vendor :STMicroelectronics X-CUBE-AZRTOS-WB 2.0.0
2024-08-20 15:27:05,671 [INFO] ThirdParty:1030 - CMSIS Pack Vendor :emotas I-CUBE-CANOPEN 1.3.0
2024-08-20 15:27:05,671 [INFO] ThirdParty:1030 - CMSIS Pack Vendor :STMicroelectronics X-CUBE-NFC7 1.0.1
2024-08-20 15:27:05,671 [INFO] ThirdParty:1030 - CMSIS Pack Vendor :STMicroelectronics X-CUBE-TOUCHGFX 4.24.0
2024-08-20 15:27:05,671 [INFO] ThirdParty:1030 - CMSIS Pack Vendor :ITTIA_DB I-CUBE-ITTIADB 8.9.0
2024-08-20 15:27:05,672 [INFO] ThirdParty:1030 - CMSIS Pack Vendor :STMicroelectronics X-CUBE-AZRTOS-F7 1.1.0
2024-08-20 15:27:05,672 [INFO] ThirdParty:1030 - CMSIS Pack Vendor :STMicroelectronics X-CUBE-AZRTOS-L5 2.0.0
2024-08-20 15:27:05,672 [INFO] ThirdParty:1030 - CMSIS Pack Vendor :wolfSSL I-CUBE-wolfTPM 3.4.0
2024-08-20 15:27:05,672 [INFO] ThirdParty:1030 - CMSIS Pack Vendor :portGmbH I-Cube-SoM-uGOAL 1.1.0
2024-08-20 15:27:05,672 [INFO] ThirdParty:1030 - CMSIS Pack Vendor :STMicroelectronics X-CUBE-NFC6 3.1.0
2024-08-20 15:27:05,672 [INFO] ThirdParty:1030 - CMSIS Pack Vendor :STMicroelectronics X-CUBE-AZRTOS-WL 2.0.0
2024-08-20 15:27:05,672 [INFO] ThirdParty:1030 - CMSIS Pack Vendor :SEGGER I-CUBE-embOS 1.3.1
2024-08-20 15:27:05,672 [INFO] ThirdParty:1030 - CMSIS Pack Vendor :STMicroelectronics X-CUBE-MEMS1 11.0.0
2024-08-20 15:27:05,672 [INFO] ThirdParty:1030 - CMSIS Pack Vendor :STMicroelectronics X-CUBE-ALGOBUILD 1.4.0
2024-08-20 15:27:05,672 [INFO] ThirdParty:1030 - CMSIS Pack Vendor :STMicroelectronics X-CUBE-AZRTOS-G0 1.1.0
2024-08-20 15:27:05,672 [INFO] ThirdParty:1030 - CMSIS Pack Vendor :STMicroelectronics X-CUBE-NFC4 3.0.0
2024-08-20 15:27:05,672 [INFO] ThirdParty:1030 - CMSIS Pack Vendor :STMicroelectronics X-CUBE-SAFEA1 1.2.2
2024-08-20 15:27:05,672 [INFO] ThirdParty:1030 - CMSIS Pack Vendor :STMicroelectronics X-CUBE-SUBG2 5.0.0
2024-08-20 15:27:05,672 [INFO] ThirdParty:1030 - CMSIS Pack Vendor :STMicroelectronics X-CUBE-AZRTOS-H7RS 1.0.0
2024-08-20 15:27:05,672 [INFO] ThirdParty:1030 - CMSIS Pack Vendor :wolfSSL I-CUBE-wolfMQTT 1.19.0
2024-08-20 15:27:05,672 [INFO] ThirdParty:1030 - CMSIS Pack Vendor :STMicroelectronics X-CUBE-AZRTOS-L4 2.0.0
2024-08-20 15:27:05,672 [INFO] ThirdParty:1030 - CMSIS Pack Vendor :WES I-CUBE-Cesium 1.3.0
2024-08-20 15:27:05,672 [INFO] ThirdParty:1030 - CMSIS Pack Vendor :EmbeddedOffice I-CUBE-FS-RTOS 1.0.1
2024-08-20 15:27:05,672 [INFO] ThirdParty:1030 - CMSIS Pack Vendor :STMicroelectronics X-CUBE-SFXS2LP1 4.0.0
2024-08-20 15:27:05,672 [INFO] ThirdParty:1030 - CMSIS Pack Vendor :STMicroelectronics X-CUBE-TOF1 3.4.2
2024-08-20 15:27:05,672 [INFO] ThirdParty:1030 - CMSIS Pack Vendor :Cesanta I-CUBE-Mongoose 7.13.0
2024-08-20 15:27:05,672 [INFO] ThirdParty:1030 - CMSIS Pack Vendor :Infineon AIROC-Wi-Fi-Bluetooth-STM32 1.6.1
2024-08-20 15:27:05,672 [INFO] ThirdParty:1030 - CMSIS Pack Vendor :STMicroelectronics X-CUBE-AZRTOS-G4 2.0.0
2024-08-20 15:27:05,672 [INFO] ThirdParty:1030 - CMSIS Pack Vendor :wolfSSL I-CUBE-wolfSSH 1.4.17
2024-08-20 15:27:05,672 [INFO] LoadServerUpdatesThread:375 - End of LoadServerUpdate Thread
2024-08-20 17:38:58,750 [INFO] WebApp:189 - Connection lost
2024-08-20 17:44:28,411 [INFO] WebApp:186 - Connection restablished
2024-08-20 17:44:45,403 [INFO] WebApp:189 - Connection lost
2024-08-20 17:45:58,928 [INFO] WebApp:186 - Connection restablished
2024-08-20 17:46:48,512 [INFO] WebApp:189 - Connection lost
2024-08-20 17:46:53,780 [INFO] WebApp:186 - Connection restablished
2024-08-20 17:47:18,650 [INFO] WebApp:189 - Connection lost
2024-08-20 19:34:17,747 [INFO] WebApp:186 - Connection restablished
2024-08-20 19:52:16,791 [INFO] WebApp:189 - Connection lost
2024-08-20 19:54:35,120 [INFO] WebApp:186 - Connection restablished
2024-08-20 19:55:04,215 [ERROR] LogOutputStream:75 - [STDERR_REDIRECT] 
