2024-09-19 07:57:54,723 [INFO] Activator:176 - 


2024-09-19 07:57:54,728 [INFO] Activator:177 - !SESSION log4j initialized
2024-09-19 07:57:58,031 [INFO] LogOutputStream:77 - [STDOUT_REDIRECT] 
2024-09-19 07:58:01,550 [ERROR] LogOutputStream:75 - [STDERR_REDIRECT] 
2024-09-19 07:58:03,130 [ERROR] LogOutputStream:75 - [STDERR_REDIRECT] [Fatal Error] :2:10: DOCTYPE is disallowed when the feature "http://apache.org/xml/features/disallow-doctype-decl" set to true.
2024-09-19 07:58:03,132 [ERROR] LogOutputStream:75 - [STDERR_REDIRECT] 
2024-09-19 07:58:04,849 [INFO] LogOutputStream:77 - [STDOUT_REDIRECT] 
2024-09-19 07:58:06,595 [INFO] ApplicationProperties:184 - Using Application install path: /Applications/STM32CubeIDE.app/Contents/Eclipse/plugins/com.st.stm32cube.common.mx_6.12.0.202406281431
2024-09-19 07:58:06,606 [INFO] DbMcusXml:78 - Set database path to: /Applications/STM32CubeIDE.app/Contents/Eclipse/plugins/com.st.stm32cube.common.mx_6.12.0.202406281431//db//mcu/
2024-09-19 07:58:06,607 [INFO] ApiDb:274 - Set plugin database path to: /Applications/STM32CubeIDE.app/Contents/Eclipse/plugins/com.st.stm32cube.common.mx_6.12.0.202406281431//db//plugins/boardmanager/
2024-09-19 07:58:06,607 [WARN] ApiDb:259 - Overriding images path with different value:  => /Applications/STM32CubeIDE.app/Contents/Eclipse/plugins/com.st.stm32cube.common.mx_6.12.0.202406281431//db//plugins/mcufinder/images/
2024-09-19 07:58:06,615 [INFO] ApiDb:250 - Set database path to: /Users/kitton/.stmcufinder/plugins/mcufinder//mcu/
2024-09-19 07:58:06,616 [INFO] DbMcusAds:125 - Set database path to: /Users/kitton/.stmcufinder/plugins/mcufinder//mcu/
2024-09-19 07:58:06,617 [INFO] CrossReferenceDbSqlite:203 - Set database path to: /Users/kitton/.stmcufinder/plugins/mcufinder//mcu/cs/
2024-09-19 07:58:06,711 [INFO] RulesReader:64 - Compatibility file has been processed (297 Rules)
2024-09-19 07:58:06,755 [INFO] DbMcusXml:78 - Set database path to: /Applications/STM32CubeIDE.app/Contents/Eclipse/plugins/com.st.stm32cube.common.mx_6.12.0.202406281431//db//mcu/
2024-09-19 07:58:06,755 [INFO] ApiDb:274 - Set plugin database path to: /Applications/STM32CubeIDE.app/Contents/Eclipse/plugins/com.st.stm32cube.common.mx_6.12.0.202406281431//db//plugins/boardmanager/
2024-09-19 07:58:06,755 [INFO] ApiDb:261 - Set plugin images path to: /Applications/STM32CubeIDE.app/Contents/Eclipse/plugins/com.st.stm32cube.common.mx_6.12.0.202406281431//db//plugins/mcufinder/images/
2024-09-19 07:58:06,755 [WARN] DbFile:41 - Overriding database path with different value: /Users/kitton/.stmcufinder/plugins/mcufinder/ => /Users/kitton/.stmcufinder/plugins/mcufinder
2024-09-19 07:58:06,755 [INFO] ApiDb:250 - Set database path to: /Users/kitton/.stmcufinder/plugins/mcufinder//mcu/
2024-09-19 07:58:06,755 [WARN] DbFile:41 - Overriding database path with different value: /Users/kitton/.stmcufinder/plugins/mcufinder/ => /Users/kitton/.stmcufinder/plugins/mcufinder
2024-09-19 07:58:06,756 [INFO] DbMcusAds:125 - Set database path to: /Users/kitton/.stmcufinder/plugins/mcufinder//mcu/
2024-09-19 07:58:06,756 [WARN] DbFile:41 - Overriding database path with different value: /Users/kitton/.stmcufinder/plugins/mcufinder/ => /Users/kitton/.stmcufinder/plugins/mcufinder
2024-09-19 07:58:06,756 [WARN] DbFile:41 - Overriding database path with different value: /Users/kitton/.stmcufinder/plugins/mcufinder/ => /Users/kitton/.stmcufinder/plugins/mcufinder
2024-09-19 07:58:06,756 [INFO] CrossReferenceDbSqlite:203 - Set database path to: /Users/kitton/.stmcufinder/plugins/mcufinder//mcu/cs/
2024-09-19 07:58:06,816 [INFO] MainPanel:268 - HeapMemory: 313524224
2024-09-19 07:58:07,339 [INFO] DbMcusXml:78 - Set database path to: /Applications/STM32CubeIDE.app/Contents/Eclipse/plugins/com.st.stm32cube.common.mx_6.12.0.202406281431//db//mcu/
2024-09-19 07:58:07,340 [INFO] ApiDb:274 - Set plugin database path to: /Applications/STM32CubeIDE.app/Contents/Eclipse/plugins/com.st.stm32cube.common.mx_6.12.0.202406281431//db//plugins/boardmanager/
2024-09-19 07:58:07,341 [INFO] ApiDb:261 - Set plugin images path to: /Applications/STM32CubeIDE.app/Contents/Eclipse/plugins/com.st.stm32cube.common.mx_6.12.0.202406281431//db//plugins/mcufinder/images/
2024-09-19 07:58:07,341 [WARN] DbFile:41 - Overriding database path with different value: /Users/kitton/.stmcufinder/plugins/mcufinder/ => /Users/kitton/.stmcufinder/plugins/mcufinder
2024-09-19 07:58:07,341 [INFO] ApiDb:250 - Set database path to: /Users/kitton/.stmcufinder/plugins/mcufinder//mcu/
2024-09-19 07:58:07,341 [WARN] DbFile:41 - Overriding database path with different value: /Users/kitton/.stmcufinder/plugins/mcufinder/ => /Users/kitton/.stmcufinder/plugins/mcufinder
2024-09-19 07:58:07,341 [INFO] DbMcusAds:125 - Set database path to: /Users/kitton/.stmcufinder/plugins/mcufinder//mcu/
2024-09-19 07:58:07,341 [WARN] DbFile:41 - Overriding database path with different value: /Users/kitton/.stmcufinder/plugins/mcufinder/ => /Users/kitton/.stmcufinder/plugins/mcufinder
2024-09-19 07:58:07,341 [WARN] DbFile:41 - Overriding database path with different value: /Users/kitton/.stmcufinder/plugins/mcufinder/ => /Users/kitton/.stmcufinder/plugins/mcufinder
2024-09-19 07:58:07,341 [INFO] CrossReferenceDbSqlite:203 - Set database path to: /Users/kitton/.stmcufinder/plugins/mcufinder//mcu/cs/
2024-09-19 07:58:07,361 [INFO] ApplicationProperties:184 - Using Application install path: /Applications/STM32CubeIDE.app/Contents/Eclipse/plugins/com.st.stm32cube.common.mx_6.12.0.202406281431
2024-09-19 07:58:07,361 [INFO] PluginManage:196 - Search for loadable plugins [exclusion list=, ]
2024-09-19 07:58:07,363 [INFO] PluginManage:310 - Check plugin analytics
2024-09-19 07:58:07,633 [INFO] AnalyticsPlugin:253 - Accepted Software Licenses: 
2024-09-19 07:58:07,634 [INFO] AnalyticsPlugin:255 - Accepted CMSIS Pack Licenses: 
2024-09-19 07:58:07,634 [INFO] AnalyticsPlugin:257 - Accepted Firmware Licenses: FW.F7.1.17.0
2024-09-19 07:58:07,642 [INFO] PluginManage:359 - Loaded plugin analytics (category:tool,tabindex:-1)
2024-09-19 07:58:07,642 [INFO] PluginManage:310 - Check plugin cadmodel
2024-09-19 07:58:07,655 [INFO] CADModel:105 - Init CAD model plugin
2024-09-19 07:58:07,655 [INFO] PluginManage:359 - Loaded plugin cadmodel (category:power,tabindex:5)
2024-09-19 07:58:07,656 [INFO] PluginManage:310 - Check plugin clock
2024-09-19 07:58:07,665 [INFO] PluginManage:359 - Loaded plugin clock (category:base,tabindex:2)
2024-09-19 07:58:07,666 [INFO] PluginManage:310 - Check plugin ddr
2024-09-19 07:58:07,667 [INFO] PluginManage:359 - Loaded plugin ddr (category:tool,tabindex:6)
2024-09-19 07:58:07,667 [INFO] PluginManage:310 - Check plugin filemanager
2024-09-19 07:58:07,836 [INFO] PluginManage:359 - Loaded plugin filemanager (category:base,tabindex:10)
2024-09-19 07:58:07,838 [INFO] PluginManage:310 - Check plugin ipmanager
2024-09-19 07:58:07,856 [INFO] PluginManage:359 - Loaded plugin ipmanager (category:base,tabindex:5)
2024-09-19 07:58:07,857 [INFO] PluginManage:310 - Check plugin lpbam
2024-09-19 07:58:07,870 [INFO] PluginManage:359 - Loaded plugin lpbam (category:base,tabindex:0)
2024-09-19 07:58:07,871 [INFO] PluginManage:310 - Check plugin memorymap
2024-09-19 07:58:07,888 [INFO] PluginManage:359 - Loaded plugin memorymap (category:base,tabindex:4)
2024-09-19 07:58:07,888 [INFO] PluginManage:310 - Check plugin pinoutandconfiguration
2024-09-19 07:58:07,894 [INFO] PluginManage:359 - Loaded plugin pinoutandconfiguration (category:base,tabindex:1)
2024-09-19 07:58:07,895 [INFO] PluginManage:310 - Check plugin pinoutconfig
2024-09-19 07:58:07,961 [WARN] SupportedApi:132 - Cannot load RTOS API schema: s4s-elt-must-match.1: The content of 'definitions' must match (annotation?, (simpleType | complexType)?, (unique | key | keyref)*)). A problem was found starting at: attribute.
2024-09-19 07:58:08,075 [INFO] PluginManage:359 - Loaded plugin pinoutconfig (category:base,tabindex:0)
2024-09-19 07:58:08,075 [INFO] PluginManage:310 - Check plugin power
2024-09-19 07:58:08,083 [INFO] PluginManage:359 - Loaded plugin power (category:power,tabindex:4)
2024-09-19 07:58:08,083 [INFO] PluginManage:310 - Check plugin projectmanager
2024-09-19 07:58:08,102 [INFO] PluginManage:359 - Loaded plugin projectmanager (category:projectmanager,tabindex:4)
2024-09-19 07:58:08,102 [INFO] PluginManage:310 - Check plugin rif
2024-09-19 07:58:08,105 [INFO] PluginManage:359 - Loaded plugin rif (category:base,tabindex:3)
2024-09-19 07:58:08,105 [INFO] PluginManage:310 - Check plugin thirdparty
2024-09-19 07:58:08,278 [INFO] PluginManage:359 - Loaded plugin thirdparty (category:base,tabindex:-1)
2024-09-19 07:58:08,279 [INFO] PluginManage:310 - Check plugin tools
2024-09-19 07:58:08,278 [WARN] IntegrityCheckThread:84 - waiting for thirdparty lock release [integrity check]
2024-09-19 07:58:08,280 [INFO] IntegrityCheckThread:86 - entering critical section [integrity check]
2024-09-19 07:58:08,281 [INFO] ThirdPartyUpdaterWithRetryManager:70 - Updater plugin not ready yet. [1/15]
2024-09-19 07:58:08,282 [INFO] PluginManage:359 - Loaded plugin tools (category:base,tabindex:7)
2024-09-19 07:58:08,283 [INFO] PluginManage:310 - Check plugin tutovideos
2024-09-19 07:58:08,411 [INFO] PluginManage:359 - Loaded plugin tutovideos (category:base,tabindex:-1)
2024-09-19 07:58:08,411 [INFO] PluginManage:310 - Check plugin updater
2024-09-19 07:58:08,431 [INFO] PluginManage:359 - Loaded plugin updater (category:base,tabindex:12)
2024-09-19 07:58:08,431 [INFO] PluginManage:310 - Check plugin userauth
2024-09-19 07:58:08,437 [INFO] UserAuth:113 - Init User Auth plugin
2024-09-19 07:58:08,437 [INFO] PluginManage:359 - Loaded plugin userauth (category:base,tabindex:14)
2024-09-19 07:58:08,441 [INFO] PluginManage:283 - PluginManage : Loaded plugins [18]
2024-09-19 07:58:08,626 [INFO] PinOutPanel:1561 - setPackage(No Configuration,No Configuration)
2024-09-19 07:58:08,689 [INFO] CADModel:165 - CPN selected for project level
2024-09-19 07:58:08,690 [INFO] CADModel:114 - Register for checkConnection events
2024-09-19 07:58:08,697 [INFO] IPUIPlugin:80 - create IPUIPlugin
2024-09-19 07:58:08,697 [INFO] PluginManager:220 - loadIPPluginJar : add mdma
2024-09-19 07:58:08,701 [INFO] IPUIPlugin:80 - create IPUIPlugin
2024-09-19 07:58:08,701 [INFO] PluginManager:220 - loadIPPluginJar : add freertos
2024-09-19 07:58:08,703 [INFO] IPUIPlugin:80 - create IPUIPlugin
2024-09-19 07:58:08,703 [INFO] PluginManager:220 - loadIPPluginJar : add gic
2024-09-19 07:58:08,709 [INFO] IPUIPlugin:80 - create IPUIPlugin
2024-09-19 07:58:08,709 [INFO] PluginManager:220 - loadIPPluginJar : add adc
2024-09-19 07:58:08,710 [INFO] IPUIPlugin:80 - create IPUIPlugin
2024-09-19 07:58:08,710 [INFO] PluginManager:220 - loadIPPluginJar : add gtzc
2024-09-19 07:58:08,711 [INFO] IPUIPlugin:80 - create IPUIPlugin
2024-09-19 07:58:08,711 [INFO] PluginManager:220 - loadIPPluginJar : add quadspi
2024-09-19 07:58:08,712 [INFO] IPUIPlugin:80 - create IPUIPlugin
2024-09-19 07:58:08,712 [INFO] PluginManager:220 - loadIPPluginJar : add aes
2024-09-19 07:58:08,713 [INFO] IPUIPlugin:80 - create IPUIPlugin
2024-09-19 07:58:08,713 [INFO] PluginManager:220 - loadIPPluginJar : add pdm2pcm
2024-09-19 07:58:08,714 [INFO] IPUIPlugin:80 - create IPUIPlugin
2024-09-19 07:58:08,714 [INFO] PluginManager:220 - loadIPPluginJar : add hash
2024-09-19 07:58:08,715 [INFO] IPUIPlugin:80 - create IPUIPlugin
2024-09-19 07:58:08,715 [INFO] PluginManager:220 - loadIPPluginJar : add tim
2024-09-19 07:58:08,716 [INFO] IPUIPlugin:80 - create IPUIPlugin
2024-09-19 07:58:08,716 [INFO] PluginManager:220 - loadIPPluginJar : add tsc
2024-09-19 07:58:08,717 [INFO] IPUIPlugin:80 - create IPUIPlugin
2024-09-19 07:58:08,717 [INFO] PluginManager:220 - loadIPPluginJar : add extmemmanager
2024-09-19 07:58:08,718 [INFO] IPUIPlugin:80 - create IPUIPlugin
2024-09-19 07:58:08,718 [INFO] PluginManager:220 - loadIPPluginJar : add ts
2024-09-19 07:58:08,718 [INFO] IPUIPlugin:80 - create IPUIPlugin
2024-09-19 07:58:08,719 [INFO] PluginManager:220 - loadIPPluginJar : add radio
2024-09-19 07:58:08,719 [INFO] IPUIPlugin:80 - create IPUIPlugin
2024-09-19 07:58:08,719 [INFO] PluginManager:220 - loadIPPluginJar : add can
2024-09-19 07:58:08,721 [INFO] IPUIPlugin:80 - create IPUIPlugin
2024-09-19 07:58:08,721 [INFO] PluginManager:220 - loadIPPluginJar : add dma3
2024-09-19 07:58:08,722 [INFO] IPUIPlugin:80 - create IPUIPlugin
2024-09-19 07:58:08,722 [INFO] PluginManager:220 - loadIPPluginJar : add dfsdm
2024-09-19 07:58:08,722 [INFO] IPUIPlugin:80 - create IPUIPlugin
2024-09-19 07:58:08,722 [INFO] PluginManager:220 - loadIPPluginJar : add spi
2024-09-19 07:58:08,727 [INFO] IPUIPlugin:80 - create IPUIPlugin
2024-09-19 07:58:08,727 [INFO] PluginManager:220 - loadIPPluginJar : add gfxmmu
2024-09-19 07:58:08,728 [INFO] IPUIPlugin:80 - create IPUIPlugin
2024-09-19 07:58:08,728 [INFO] PluginManager:220 - loadIPPluginJar : add genericplugin
2024-09-19 07:58:08,731 [INFO] IPUIPlugin:80 - create IPUIPlugin
2024-09-19 07:58:08,731 [INFO] PluginManager:220 - loadIPPluginJar : add cryp
2024-09-19 07:58:08,734 [INFO] IPUIPlugin:80 - create IPUIPlugin
2024-09-19 07:58:08,735 [INFO] PluginManager:220 - loadIPPluginJar : add gpio
2024-09-19 07:58:08,739 [INFO] IPUIPlugin:80 - create IPUIPlugin
2024-09-19 07:58:08,740 [INFO] PluginManager:220 - loadIPPluginJar : add ddr_ctrl_phy
2024-09-19 07:58:08,740 [INFO] IPUIPlugin:80 - create IPUIPlugin
2024-09-19 07:58:08,741 [INFO] PluginManager:220 - loadIPPluginJar : add comp
2024-09-19 07:58:08,742 [INFO] IPUIPlugin:80 - create IPUIPlugin
2024-09-19 07:58:08,742 [INFO] PluginManager:220 - loadIPPluginJar : add tracer_emb
2024-09-19 07:58:08,743 [INFO] IPUIPlugin:80 - create IPUIPlugin
2024-09-19 07:58:08,743 [INFO] PluginManager:220 - loadIPPluginJar : add openamp
2024-09-19 07:58:08,747 [INFO] IPUIPlugin:80 - create IPUIPlugin
2024-09-19 07:58:08,748 [INFO] PluginManager:220 - loadIPPluginJar : add stm32_wpan
2024-09-19 07:58:08,752 [INFO] IPUIPlugin:80 - create IPUIPlugin
2024-09-19 07:58:08,755 [INFO] PluginManager:220 - loadIPPluginJar : add plateformsettings
2024-09-19 07:58:08,757 [INFO] IPUIPlugin:80 - create IPUIPlugin
2024-09-19 07:58:08,757 [INFO] PluginManager:220 - loadIPPluginJar : add ipddr
2024-09-19 07:58:08,759 [INFO] IPUIPlugin:80 - create IPUIPlugin
2024-09-19 07:58:08,759 [INFO] PluginManager:220 - loadIPPluginJar : add usart
2024-09-19 07:58:08,759 [INFO] IPUIPlugin:80 - create IPUIPlugin
2024-09-19 07:58:08,759 [INFO] PluginManager:220 - loadIPPluginJar : add ltdc
2024-09-19 07:58:08,761 [INFO] IPUIPlugin:80 - create IPUIPlugin
2024-09-19 07:58:08,762 [INFO] PluginManager:220 - loadIPPluginJar : add nvic
2024-09-19 07:58:08,762 [INFO] IPUIPlugin:80 - create IPUIPlugin
2024-09-19 07:58:08,762 [INFO] PluginManager:220 - loadIPPluginJar : add fatfs
2024-09-19 07:58:08,766 [INFO] IPUIPlugin:80 - create IPUIPlugin
2024-09-19 07:58:08,766 [INFO] PluginManager:220 - loadIPPluginJar : add linkedlist
2024-09-19 07:58:08,768 [INFO] IPUIPlugin:80 - create IPUIPlugin
2024-09-19 07:58:08,768 [INFO] PluginManager:220 - loadIPPluginJar : add dma
2024-09-19 07:58:08,770 [INFO] IPUIPlugin:80 - create IPUIPlugin
2024-09-19 07:58:08,770 [INFO] PluginManager:220 - loadIPPluginJar : add fmc
2024-09-19 07:58:08,771 [INFO] IPUIPlugin:80 - create IPUIPlugin
2024-09-19 07:58:08,771 [INFO] PluginManager:220 - loadIPPluginJar : add i2s
2024-09-19 07:58:08,772 [INFO] IPUIPlugin:80 - create IPUIPlugin
2024-09-19 07:58:08,772 [INFO] PluginManager:220 - loadIPPluginJar : add ucpd
2024-09-19 07:58:08,773 [INFO] IPUIPlugin:80 - create IPUIPlugin
2024-09-19 07:58:08,773 [INFO] PluginManager:220 - loadIPPluginJar : add lorawan
2024-09-19 07:58:08,774 [INFO] IPUIPlugin:80 - create IPUIPlugin
2024-09-19 07:58:08,774 [INFO] PluginManager:220 - loadIPPluginJar : add opamp
2024-09-19 07:58:08,775 [INFO] IPUIPlugin:80 - create IPUIPlugin
2024-09-19 07:58:08,775 [INFO] PluginManager:220 - loadIPPluginJar : add i3c
2024-09-19 07:58:08,777 [INFO] IPUIPlugin:80 - create IPUIPlugin
2024-09-19 07:58:08,778 [INFO] PluginManager:220 - loadIPPluginJar : add touchsensing
2024-09-19 07:58:08,780 [INFO] IPUIPlugin:80 - create IPUIPlugin
2024-09-19 07:58:08,780 [INFO] PluginManager:220 - loadIPPluginJar : add i2c
2024-09-19 07:58:08,781 [INFO] IPUIPlugin:80 - create IPUIPlugin
2024-09-19 07:58:08,781 [INFO] PluginManager:220 - loadIPPluginJar : add resmgrutility
2024-09-19 07:58:08,783 [INFO] IPUIPlugin:80 - create IPUIPlugin
2024-09-19 07:58:08,783 [INFO] PluginManager:220 - loadIPPluginJar : add sai
2024-09-19 07:58:08,784 [INFO] IPUIPlugin:80 - create IPUIPlugin
2024-09-19 07:58:08,784 [INFO] PluginManager:220 - loadIPPluginJar : add usbx
2024-09-19 07:58:08,906 [INFO] CADModel:165 - CPN selected for project level
2024-09-19 07:58:08,906 [INFO] CADModel:114 - Register for checkConnection events
2024-09-19 07:58:08,906 [FATAL] Updater:334 - Updater called before beeing initialized
2024-09-19 07:58:08,906 [ERROR] CADModel:125 - Updater not yet initialized, retry later 
2024-09-19 07:58:09,077 [INFO] CADModel:165 - CPN selected for project level
2024-09-19 07:58:09,077 [INFO] CADModel:114 - Register for checkConnection events
2024-09-19 07:58:09,077 [FATAL] Updater:334 - Updater called before beeing initialized
2024-09-19 07:58:09,077 [ERROR] CADModel:125 - Updater not yet initialized, retry later 
2024-09-19 07:58:09,079 [FATAL] Updater:334 - Updater called before beeing initialized
2024-09-19 07:58:09,238 [FATAL] Updater:334 - Updater called before beeing initialized
2024-09-19 07:58:09,241 [INFO] DbMcusAds:53 - JSON generation date=Thu May 16 16:22:00 ICT 2024 (1715851320667)
2024-09-19 07:58:09,242 [FATAL] Updater:334 - Updater called before beeing initialized
2024-09-19 07:58:09,967 [WARN] DetailPanel:346 - Failed to get advertising image, set to default
2024-09-19 07:58:10,116 [FATAL] Updater:334 - Updater called before beeing initialized
2024-09-19 07:58:10,125 [FATAL] Updater:334 - Updater called before beeing initialized
2024-09-19 07:58:10,125 [FATAL] Updater:334 - Updater called before beeing initialized
2024-09-19 07:58:10,125 [WARN] DetailPanel:346 - Failed to get advertising image, set to default
2024-09-19 07:58:10,135 [FATAL] Updater:334 - Updater called before beeing initialized
2024-09-19 07:58:10,216 [ERROR] Updater:1164 - MainUpdater not yet initialized. External WinMGr cannot be set.
2024-09-19 07:58:10,223 [INFO] Updater:1100 - Updater Version found : 6.12.0
2024-09-19 07:58:10,235 [INFO] ApplicationProperties:184 - Using Application install path: /Applications/STM32CubeIDE.app/Contents/Eclipse/plugins/com.st.stm32cube.common.mx_6.12.0.202406281431
2024-09-19 07:58:11,286 [INFO] ThirdPartyUpdaterWithRetryManager:70 - Updater plugin not ready yet. [2/15]
2024-09-19 07:58:11,419 [INFO] MainUpdater:2873 - connection check result : 10
2024-09-19 07:58:11,419 [INFO] MainUpdater:3567 - Updater definition file requires update
2024-09-19 07:58:11,420 [INFO] MainUpdater:290 - Updater Check For Update Now.
2024-09-19 07:58:11,420 [INFO] MicroXplorer:498 - Change Database Version : DB.6.0.120
2024-09-19 07:58:11,426 [INFO] McuFinderGlobals:63 - Set McuFinder mode to 2 (CubeIDE integrated)
2024-09-19 07:58:11,427 [INFO] UserAuth:417 - Internet connection configuration mode: 1
2024-09-19 07:58:11,438 [INFO] JxBrowserEngine:152 - Initiate JxBrowser Engine with user profile folder
2024-09-19 07:58:13,177 [INFO] ServerAccessManage:473 - Download File updaters.zip
2024-09-19 07:58:13,261 [INFO] FileExtend:240 - Unzip File : updaters.zip
2024-09-19 07:58:13,262 [INFO] FileExtend:255 - Standard Zip Deflate
2024-09-19 07:58:14,307 [WARN] MainUpdater:1194 - Updater busy. Cannot search thirdparties
2024-09-19 07:58:14,310 [INFO] ThirdPartyUpdaterWithRetryManager:96 - Updater plugin is busy. [1/15]
2024-09-19 07:58:14,342 [INFO] ServerAccessManage:473 - Download File PacksControlFlags.xml
2024-09-19 07:58:15,503 [INFO] ServerAccessManage:473 - Download File cubemx.pidx
2024-09-19 07:58:17,205 [INFO] ServerAccessManage:473 - Download File STMicroelectronics.X-CUBE-ISPU.pdsc
2024-09-19 07:58:17,316 [WARN] MainUpdater:1194 - Updater busy. Cannot search thirdparties
2024-09-19 07:58:17,318 [INFO] ThirdPartyUpdaterWithRetryManager:96 - Updater plugin is busy. [2/15]
2024-09-19 07:58:19,380 [INFO] WebApp:167 - Instantiating new browser for Auth
2024-09-19 07:58:20,323 [WARN] MainUpdater:1194 - Updater busy. Cannot search thirdparties
2024-09-19 07:58:20,323 [INFO] ThirdPartyUpdaterWithRetryManager:96 - Updater plugin is busy. [3/15]
2024-09-19 07:58:20,783 [INFO] WebApp:448 - Apply proxy settings
2024-09-19 07:58:20,795 [INFO] WebApp:493 - Chromium authenticates against Manually configured proxy
2024-09-19 07:58:20,817 [INFO] WebApp:501 - Username used for proxy authentication: 
2024-09-19 07:58:20,878 [INFO] WebApp:869 - Register for checkConnection events
2024-09-19 07:58:20,878 [INFO] WebApp:448 - Apply proxy settings
2024-09-19 07:58:20,880 [INFO] WebApp:493 - Chromium authenticates against Manually configured proxy
2024-09-19 07:58:20,881 [INFO] WebApp:501 - Username used for proxy authentication: 
2024-09-19 07:58:21,020 [INFO] WebApp:220 - Starting web application
2024-09-19 07:58:21,020 [INFO] WebApp:578 - Web application path used /Applications/STM32CubeIDE.app/Contents/Eclipse/plugins/com.st.stm32cube.common.mx_6.12.0.202406281431/db/plugins/mcufinder/reactClient1/index.html
2024-09-19 07:58:21,190 [WARN] PackLoader:240 - Cannot read IP mode file for STMicroelectronics.X-CUBE-ISPU.2.1.0
2024-09-19 07:58:21,212 [INFO] PopulateThirdPartyThread:66 - Ending populate Thread
2024-09-19 07:58:21,217 [INFO] ThirdParty:1030 - CMSIS Pack Vendor :STMicroelectronics X-CUBE-ISPU 2.1.0
2024-09-19 07:58:21,217 [INFO] LoadServerUpdatesThread:375 - End of LoadServerUpdate Thread
2024-09-19 07:58:21,350 [INFO] CheckServerUpdateThread:120 - End of CheckServer Thread
2024-09-19 07:58:21,507 [INFO] WebApp:186 - Connection restablished
2024-09-19 07:58:21,539 [INFO] UserAuth:417 - Internet connection configuration mode: 1
2024-09-19 07:58:23,420 [ERROR] LogOutputStream:75 - [STDERR_REDIRECT] 
2024-09-19 07:59:24,279 [INFO] Activator:176 - 


2024-09-19 07:59:24,281 [INFO] Activator:177 - !SESSION log4j initialized
2024-09-19 07:59:27,468 [INFO] LogOutputStream:77 - [STDOUT_REDIRECT] 
2024-09-19 07:59:29,127 [ERROR] LogOutputStream:75 - [STDERR_REDIRECT] 
2024-09-19 07:59:31,707 [INFO] LogOutputStream:77 - [STDOUT_REDIRECT] 
2024-09-19 07:59:32,877 [ERROR] LogOutputStream:75 - [STDERR_REDIRECT] [Fatal Error] :2:10: DOCTYPE is disallowed when the feature "http://apache.org/xml/features/disallow-doctype-decl" set to true.
2024-09-19 07:59:32,878 [ERROR] LogOutputStream:75 - [STDERR_REDIRECT] 
2024-09-19 07:59:33,323 [INFO] ApplicationProperties:184 - Using Application install path: /Applications/STM32CubeIDE.app/Contents/Eclipse/plugins/com.st.stm32cube.common.mx_6.12.0.202406281431
2024-09-19 07:59:33,334 [INFO] DbMcusXml:78 - Set database path to: /Applications/STM32CubeIDE.app/Contents/Eclipse/plugins/com.st.stm32cube.common.mx_6.12.0.202406281431//db//mcu/
2024-09-19 07:59:33,334 [INFO] ApiDb:274 - Set plugin database path to: /Applications/STM32CubeIDE.app/Contents/Eclipse/plugins/com.st.stm32cube.common.mx_6.12.0.202406281431//db//plugins/boardmanager/
2024-09-19 07:59:33,335 [WARN] ApiDb:259 - Overriding images path with different value:  => /Applications/STM32CubeIDE.app/Contents/Eclipse/plugins/com.st.stm32cube.common.mx_6.12.0.202406281431//db//plugins/mcufinder/images/
2024-09-19 07:59:33,340 [INFO] ApiDb:250 - Set database path to: /Users/kitton/.stmcufinder/plugins/mcufinder//mcu/
2024-09-19 07:59:33,340 [INFO] DbMcusAds:125 - Set database path to: /Users/kitton/.stmcufinder/plugins/mcufinder//mcu/
2024-09-19 07:59:33,341 [INFO] CrossReferenceDbSqlite:203 - Set database path to: /Users/kitton/.stmcufinder/plugins/mcufinder//mcu/cs/
2024-09-19 07:59:33,433 [INFO] RulesReader:64 - Compatibility file has been processed (297 Rules)
2024-09-19 07:59:33,479 [INFO] DbMcusXml:78 - Set database path to: /Applications/STM32CubeIDE.app/Contents/Eclipse/plugins/com.st.stm32cube.common.mx_6.12.0.202406281431//db//mcu/
2024-09-19 07:59:33,479 [INFO] ApiDb:274 - Set plugin database path to: /Applications/STM32CubeIDE.app/Contents/Eclipse/plugins/com.st.stm32cube.common.mx_6.12.0.202406281431//db//plugins/boardmanager/
2024-09-19 07:59:33,480 [INFO] ApiDb:261 - Set plugin images path to: /Applications/STM32CubeIDE.app/Contents/Eclipse/plugins/com.st.stm32cube.common.mx_6.12.0.202406281431//db//plugins/mcufinder/images/
2024-09-19 07:59:33,480 [WARN] DbFile:41 - Overriding database path with different value: /Users/kitton/.stmcufinder/plugins/mcufinder/ => /Users/kitton/.stmcufinder/plugins/mcufinder
2024-09-19 07:59:33,480 [INFO] ApiDb:250 - Set database path to: /Users/kitton/.stmcufinder/plugins/mcufinder//mcu/
2024-09-19 07:59:33,480 [WARN] DbFile:41 - Overriding database path with different value: /Users/kitton/.stmcufinder/plugins/mcufinder/ => /Users/kitton/.stmcufinder/plugins/mcufinder
2024-09-19 07:59:33,480 [INFO] DbMcusAds:125 - Set database path to: /Users/kitton/.stmcufinder/plugins/mcufinder//mcu/
2024-09-19 07:59:33,480 [WARN] DbFile:41 - Overriding database path with different value: /Users/kitton/.stmcufinder/plugins/mcufinder/ => /Users/kitton/.stmcufinder/plugins/mcufinder
2024-09-19 07:59:33,480 [WARN] DbFile:41 - Overriding database path with different value: /Users/kitton/.stmcufinder/plugins/mcufinder/ => /Users/kitton/.stmcufinder/plugins/mcufinder
2024-09-19 07:59:33,480 [INFO] CrossReferenceDbSqlite:203 - Set database path to: /Users/kitton/.stmcufinder/plugins/mcufinder//mcu/cs/
2024-09-19 07:59:33,551 [INFO] MainPanel:268 - HeapMemory: 274726912
2024-09-19 07:59:33,873 [INFO] DbMcusXml:78 - Set database path to: /Applications/STM32CubeIDE.app/Contents/Eclipse/plugins/com.st.stm32cube.common.mx_6.12.0.202406281431//db//mcu/
2024-09-19 07:59:33,873 [INFO] ApiDb:274 - Set plugin database path to: /Applications/STM32CubeIDE.app/Contents/Eclipse/plugins/com.st.stm32cube.common.mx_6.12.0.202406281431//db//plugins/boardmanager/
2024-09-19 07:59:33,873 [INFO] ApiDb:261 - Set plugin images path to: /Applications/STM32CubeIDE.app/Contents/Eclipse/plugins/com.st.stm32cube.common.mx_6.12.0.202406281431//db//plugins/mcufinder/images/
2024-09-19 07:59:33,873 [WARN] DbFile:41 - Overriding database path with different value: /Users/kitton/.stmcufinder/plugins/mcufinder/ => /Users/kitton/.stmcufinder/plugins/mcufinder
2024-09-19 07:59:33,873 [INFO] ApiDb:250 - Set database path to: /Users/kitton/.stmcufinder/plugins/mcufinder//mcu/
2024-09-19 07:59:33,873 [WARN] DbFile:41 - Overriding database path with different value: /Users/kitton/.stmcufinder/plugins/mcufinder/ => /Users/kitton/.stmcufinder/plugins/mcufinder
2024-09-19 07:59:33,873 [INFO] DbMcusAds:125 - Set database path to: /Users/kitton/.stmcufinder/plugins/mcufinder//mcu/
2024-09-19 07:59:33,873 [WARN] DbFile:41 - Overriding database path with different value: /Users/kitton/.stmcufinder/plugins/mcufinder/ => /Users/kitton/.stmcufinder/plugins/mcufinder
2024-09-19 07:59:33,873 [WARN] DbFile:41 - Overriding database path with different value: /Users/kitton/.stmcufinder/plugins/mcufinder/ => /Users/kitton/.stmcufinder/plugins/mcufinder
2024-09-19 07:59:33,874 [INFO] CrossReferenceDbSqlite:203 - Set database path to: /Users/kitton/.stmcufinder/plugins/mcufinder//mcu/cs/
2024-09-19 07:59:33,888 [INFO] ApplicationProperties:184 - Using Application install path: /Applications/STM32CubeIDE.app/Contents/Eclipse/plugins/com.st.stm32cube.common.mx_6.12.0.202406281431
2024-09-19 07:59:33,889 [INFO] PluginManage:196 - Search for loadable plugins [exclusion list=, ]
2024-09-19 07:59:33,890 [INFO] PluginManage:310 - Check plugin analytics
2024-09-19 07:59:34,067 [INFO] AnalyticsPlugin:253 - Accepted Software Licenses: 
2024-09-19 07:59:34,068 [INFO] AnalyticsPlugin:255 - Accepted CMSIS Pack Licenses: 
2024-09-19 07:59:34,068 [INFO] AnalyticsPlugin:257 - Accepted Firmware Licenses: FW.F7.1.17.0
2024-09-19 07:59:34,073 [INFO] PluginManage:359 - Loaded plugin analytics (category:tool,tabindex:-1)
2024-09-19 07:59:34,073 [INFO] PluginManage:310 - Check plugin cadmodel
2024-09-19 07:59:34,082 [INFO] CADModel:105 - Init CAD model plugin
2024-09-19 07:59:34,082 [INFO] PluginManage:359 - Loaded plugin cadmodel (category:power,tabindex:5)
2024-09-19 07:59:34,083 [INFO] PluginManage:310 - Check plugin clock
2024-09-19 07:59:34,090 [INFO] PluginManage:359 - Loaded plugin clock (category:base,tabindex:2)
2024-09-19 07:59:34,091 [INFO] PluginManage:310 - Check plugin ddr
2024-09-19 07:59:34,092 [INFO] PluginManage:359 - Loaded plugin ddr (category:tool,tabindex:6)
2024-09-19 07:59:34,092 [INFO] PluginManage:310 - Check plugin filemanager
2024-09-19 07:59:34,205 [INFO] PluginManage:359 - Loaded plugin filemanager (category:base,tabindex:10)
2024-09-19 07:59:34,206 [INFO] PluginManage:310 - Check plugin ipmanager
2024-09-19 07:59:34,211 [INFO] PluginManage:359 - Loaded plugin ipmanager (category:base,tabindex:5)
2024-09-19 07:59:34,211 [INFO] PluginManage:310 - Check plugin lpbam
2024-09-19 07:59:34,218 [INFO] PluginManage:359 - Loaded plugin lpbam (category:base,tabindex:0)
2024-09-19 07:59:34,218 [INFO] PluginManage:310 - Check plugin memorymap
2024-09-19 07:59:34,225 [INFO] PluginManage:359 - Loaded plugin memorymap (category:base,tabindex:4)
2024-09-19 07:59:34,225 [INFO] PluginManage:310 - Check plugin pinoutandconfiguration
2024-09-19 07:59:34,229 [INFO] PluginManage:359 - Loaded plugin pinoutandconfiguration (category:base,tabindex:1)
2024-09-19 07:59:34,230 [INFO] PluginManage:310 - Check plugin pinoutconfig
2024-09-19 07:59:34,287 [WARN] SupportedApi:132 - Cannot load RTOS API schema: s4s-elt-must-match.1: The content of 'definitions' must match (annotation?, (simpleType | complexType)?, (unique | key | keyref)*)). A problem was found starting at: attribute.
2024-09-19 07:59:34,377 [INFO] PluginManage:359 - Loaded plugin pinoutconfig (category:base,tabindex:0)
2024-09-19 07:59:34,377 [INFO] PluginManage:310 - Check plugin power
2024-09-19 07:59:34,384 [INFO] PluginManage:359 - Loaded plugin power (category:power,tabindex:4)
2024-09-19 07:59:34,384 [INFO] PluginManage:310 - Check plugin projectmanager
2024-09-19 07:59:34,401 [INFO] PluginManage:359 - Loaded plugin projectmanager (category:projectmanager,tabindex:4)
2024-09-19 07:59:34,401 [INFO] PluginManage:310 - Check plugin rif
2024-09-19 07:59:34,405 [INFO] PluginManage:359 - Loaded plugin rif (category:base,tabindex:3)
2024-09-19 07:59:34,405 [INFO] PluginManage:310 - Check plugin thirdparty
2024-09-19 07:59:34,536 [INFO] PluginManage:359 - Loaded plugin thirdparty (category:base,tabindex:-1)
2024-09-19 07:59:34,536 [WARN] IntegrityCheckThread:84 - waiting for thirdparty lock release [integrity check]
2024-09-19 07:59:34,536 [INFO] PluginManage:310 - Check plugin tools
2024-09-19 07:59:34,537 [INFO] IntegrityCheckThread:86 - entering critical section [integrity check]
2024-09-19 07:59:34,538 [INFO] ThirdPartyUpdaterWithRetryManager:70 - Updater plugin not ready yet. [1/15]
2024-09-19 07:59:34,540 [INFO] PluginManage:359 - Loaded plugin tools (category:base,tabindex:7)
2024-09-19 07:59:34,540 [INFO] PluginManage:310 - Check plugin tutovideos
2024-09-19 07:59:34,734 [INFO] PluginManage:359 - Loaded plugin tutovideos (category:base,tabindex:-1)
2024-09-19 07:59:34,736 [INFO] PluginManage:310 - Check plugin updater
2024-09-19 07:59:34,773 [INFO] PluginManage:359 - Loaded plugin updater (category:base,tabindex:12)
2024-09-19 07:59:34,773 [INFO] PluginManage:310 - Check plugin userauth
2024-09-19 07:59:34,779 [INFO] UserAuth:113 - Init User Auth plugin
2024-09-19 07:59:34,779 [INFO] PluginManage:359 - Loaded plugin userauth (category:base,tabindex:14)
2024-09-19 07:59:34,780 [INFO] PluginManage:283 - PluginManage : Loaded plugins [18]
2024-09-19 07:59:35,024 [INFO] PinOutPanel:1561 - setPackage(No Configuration,No Configuration)
2024-09-19 07:59:35,170 [INFO] CADModel:165 - CPN selected for project level
2024-09-19 07:59:35,171 [INFO] CADModel:114 - Register for checkConnection events
2024-09-19 07:59:35,201 [INFO] IPUIPlugin:80 - create IPUIPlugin
2024-09-19 07:59:35,203 [INFO] PluginManager:220 - loadIPPluginJar : add mdma
2024-09-19 07:59:35,211 [INFO] IPUIPlugin:80 - create IPUIPlugin
2024-09-19 07:59:35,211 [INFO] PluginManager:220 - loadIPPluginJar : add freertos
2024-09-19 07:59:35,213 [INFO] IPUIPlugin:80 - create IPUIPlugin
2024-09-19 07:59:35,213 [INFO] PluginManager:220 - loadIPPluginJar : add gic
2024-09-19 07:59:35,218 [INFO] IPUIPlugin:80 - create IPUIPlugin
2024-09-19 07:59:35,218 [INFO] PluginManager:220 - loadIPPluginJar : add adc
2024-09-19 07:59:35,219 [INFO] IPUIPlugin:80 - create IPUIPlugin
2024-09-19 07:59:35,219 [INFO] PluginManager:220 - loadIPPluginJar : add gtzc
2024-09-19 07:59:35,220 [INFO] IPUIPlugin:80 - create IPUIPlugin
2024-09-19 07:59:35,220 [INFO] PluginManager:220 - loadIPPluginJar : add quadspi
2024-09-19 07:59:35,221 [INFO] IPUIPlugin:80 - create IPUIPlugin
2024-09-19 07:59:35,221 [INFO] PluginManager:220 - loadIPPluginJar : add aes
2024-09-19 07:59:35,223 [INFO] IPUIPlugin:80 - create IPUIPlugin
2024-09-19 07:59:35,223 [INFO] PluginManager:220 - loadIPPluginJar : add pdm2pcm
2024-09-19 07:59:35,223 [INFO] IPUIPlugin:80 - create IPUIPlugin
2024-09-19 07:59:35,223 [INFO] PluginManager:220 - loadIPPluginJar : add hash
2024-09-19 07:59:35,224 [INFO] IPUIPlugin:80 - create IPUIPlugin
2024-09-19 07:59:35,224 [INFO] PluginManager:220 - loadIPPluginJar : add tim
2024-09-19 07:59:35,225 [INFO] IPUIPlugin:80 - create IPUIPlugin
2024-09-19 07:59:35,225 [INFO] PluginManager:220 - loadIPPluginJar : add tsc
2024-09-19 07:59:35,226 [INFO] IPUIPlugin:80 - create IPUIPlugin
2024-09-19 07:59:35,226 [INFO] PluginManager:220 - loadIPPluginJar : add extmemmanager
2024-09-19 07:59:35,228 [INFO] IPUIPlugin:80 - create IPUIPlugin
2024-09-19 07:59:35,228 [INFO] PluginManager:220 - loadIPPluginJar : add ts
2024-09-19 07:59:35,228 [INFO] IPUIPlugin:80 - create IPUIPlugin
2024-09-19 07:59:35,228 [INFO] PluginManager:220 - loadIPPluginJar : add radio
2024-09-19 07:59:35,229 [INFO] IPUIPlugin:80 - create IPUIPlugin
2024-09-19 07:59:35,230 [INFO] PluginManager:220 - loadIPPluginJar : add can
2024-09-19 07:59:35,231 [INFO] IPUIPlugin:80 - create IPUIPlugin
2024-09-19 07:59:35,231 [INFO] PluginManager:220 - loadIPPluginJar : add dma3
2024-09-19 07:59:35,232 [INFO] IPUIPlugin:80 - create IPUIPlugin
2024-09-19 07:59:35,232 [INFO] PluginManager:220 - loadIPPluginJar : add dfsdm
2024-09-19 07:59:35,233 [INFO] IPUIPlugin:80 - create IPUIPlugin
2024-09-19 07:59:35,233 [INFO] PluginManager:220 - loadIPPluginJar : add spi
2024-09-19 07:59:35,234 [INFO] IPUIPlugin:80 - create IPUIPlugin
2024-09-19 07:59:35,234 [INFO] PluginManager:220 - loadIPPluginJar : add gfxmmu
2024-09-19 07:59:35,235 [INFO] IPUIPlugin:80 - create IPUIPlugin
2024-09-19 07:59:35,235 [INFO] PluginManager:220 - loadIPPluginJar : add genericplugin
2024-09-19 07:59:35,236 [INFO] IPUIPlugin:80 - create IPUIPlugin
2024-09-19 07:59:35,236 [INFO] PluginManager:220 - loadIPPluginJar : add cryp
2024-09-19 07:59:35,238 [INFO] IPUIPlugin:80 - create IPUIPlugin
2024-09-19 07:59:35,238 [INFO] PluginManager:220 - loadIPPluginJar : add gpio
2024-09-19 07:59:35,240 [INFO] IPUIPlugin:80 - create IPUIPlugin
2024-09-19 07:59:35,240 [INFO] PluginManager:220 - loadIPPluginJar : add ddr_ctrl_phy
2024-09-19 07:59:35,241 [INFO] IPUIPlugin:80 - create IPUIPlugin
2024-09-19 07:59:35,241 [INFO] PluginManager:220 - loadIPPluginJar : add comp
2024-09-19 07:59:35,242 [INFO] IPUIPlugin:80 - create IPUIPlugin
2024-09-19 07:59:35,243 [INFO] PluginManager:220 - loadIPPluginJar : add tracer_emb
2024-09-19 07:59:35,244 [INFO] IPUIPlugin:80 - create IPUIPlugin
2024-09-19 07:59:35,244 [INFO] PluginManager:220 - loadIPPluginJar : add openamp
2024-09-19 07:59:35,246 [INFO] IPUIPlugin:80 - create IPUIPlugin
2024-09-19 07:59:35,246 [INFO] PluginManager:220 - loadIPPluginJar : add stm32_wpan
2024-09-19 07:59:35,249 [INFO] IPUIPlugin:80 - create IPUIPlugin
2024-09-19 07:59:35,257 [INFO] PluginManager:220 - loadIPPluginJar : add plateformsettings
2024-09-19 07:59:35,259 [INFO] IPUIPlugin:80 - create IPUIPlugin
2024-09-19 07:59:35,259 [INFO] PluginManager:220 - loadIPPluginJar : add ipddr
2024-09-19 07:59:35,260 [INFO] IPUIPlugin:80 - create IPUIPlugin
2024-09-19 07:59:35,260 [INFO] PluginManager:220 - loadIPPluginJar : add usart
2024-09-19 07:59:35,260 [INFO] IPUIPlugin:80 - create IPUIPlugin
2024-09-19 07:59:35,260 [INFO] PluginManager:220 - loadIPPluginJar : add ltdc
2024-09-19 07:59:35,262 [INFO] IPUIPlugin:80 - create IPUIPlugin
2024-09-19 07:59:35,262 [INFO] PluginManager:220 - loadIPPluginJar : add nvic
2024-09-19 07:59:35,263 [INFO] IPUIPlugin:80 - create IPUIPlugin
2024-09-19 07:59:35,263 [INFO] PluginManager:220 - loadIPPluginJar : add fatfs
2024-09-19 07:59:35,266 [INFO] IPUIPlugin:80 - create IPUIPlugin
2024-09-19 07:59:35,266 [INFO] PluginManager:220 - loadIPPluginJar : add linkedlist
2024-09-19 07:59:35,269 [INFO] IPUIPlugin:80 - create IPUIPlugin
2024-09-19 07:59:35,269 [INFO] PluginManager:220 - loadIPPluginJar : add dma
2024-09-19 07:59:35,270 [INFO] IPUIPlugin:80 - create IPUIPlugin
2024-09-19 07:59:35,270 [INFO] PluginManager:220 - loadIPPluginJar : add fmc
2024-09-19 07:59:35,271 [INFO] IPUIPlugin:80 - create IPUIPlugin
2024-09-19 07:59:35,271 [INFO] PluginManager:220 - loadIPPluginJar : add i2s
2024-09-19 07:59:35,272 [INFO] IPUIPlugin:80 - create IPUIPlugin
2024-09-19 07:59:35,272 [INFO] PluginManager:220 - loadIPPluginJar : add ucpd
2024-09-19 07:59:35,273 [INFO] IPUIPlugin:80 - create IPUIPlugin
2024-09-19 07:59:35,273 [INFO] PluginManager:220 - loadIPPluginJar : add lorawan
2024-09-19 07:59:35,274 [INFO] IPUIPlugin:80 - create IPUIPlugin
2024-09-19 07:59:35,274 [INFO] PluginManager:220 - loadIPPluginJar : add opamp
2024-09-19 07:59:35,275 [INFO] IPUIPlugin:80 - create IPUIPlugin
2024-09-19 07:59:35,275 [INFO] PluginManager:220 - loadIPPluginJar : add i3c
2024-09-19 07:59:35,276 [INFO] IPUIPlugin:80 - create IPUIPlugin
2024-09-19 07:59:35,279 [INFO] PluginManager:220 - loadIPPluginJar : add touchsensing
2024-09-19 07:59:35,280 [INFO] IPUIPlugin:80 - create IPUIPlugin
2024-09-19 07:59:35,280 [INFO] PluginManager:220 - loadIPPluginJar : add i2c
2024-09-19 07:59:35,282 [INFO] IPUIPlugin:80 - create IPUIPlugin
2024-09-19 07:59:35,282 [INFO] PluginManager:220 - loadIPPluginJar : add resmgrutility
2024-09-19 07:59:35,283 [INFO] IPUIPlugin:80 - create IPUIPlugin
2024-09-19 07:59:35,283 [INFO] PluginManager:220 - loadIPPluginJar : add sai
2024-09-19 07:59:35,284 [INFO] IPUIPlugin:80 - create IPUIPlugin
2024-09-19 07:59:35,284 [INFO] PluginManager:220 - loadIPPluginJar : add usbx
2024-09-19 07:59:35,406 [INFO] CADModel:165 - CPN selected for project level
2024-09-19 07:59:35,406 [INFO] CADModel:114 - Register for checkConnection events
2024-09-19 07:59:35,407 [FATAL] Updater:334 - Updater called before beeing initialized
2024-09-19 07:59:35,407 [ERROR] CADModel:125 - Updater not yet initialized, retry later 
2024-09-19 07:59:35,566 [INFO] CADModel:165 - CPN selected for project level
2024-09-19 07:59:35,566 [INFO] CADModel:114 - Register for checkConnection events
2024-09-19 07:59:35,566 [FATAL] Updater:334 - Updater called before beeing initialized
2024-09-19 07:59:35,566 [ERROR] CADModel:125 - Updater not yet initialized, retry later 
2024-09-19 07:59:35,568 [FATAL] Updater:334 - Updater called before beeing initialized
2024-09-19 07:59:35,685 [FATAL] Updater:334 - Updater called before beeing initialized
2024-09-19 07:59:35,690 [INFO] DbMcusAds:53 - JSON generation date=Thu May 16 16:22:00 ICT 2024 (1715851320667)
2024-09-19 07:59:35,690 [FATAL] Updater:334 - Updater called before beeing initialized
2024-09-19 07:59:35,734 [WARN] DetailPanel:346 - Failed to get advertising image, set to default
2024-09-19 07:59:35,785 [FATAL] Updater:334 - Updater called before beeing initialized
2024-09-19 07:59:35,787 [FATAL] Updater:334 - Updater called before beeing initialized
2024-09-19 07:59:35,787 [FATAL] Updater:334 - Updater called before beeing initialized
2024-09-19 07:59:35,787 [WARN] DetailPanel:346 - Failed to get advertising image, set to default
2024-09-19 07:59:35,787 [FATAL] Updater:334 - Updater called before beeing initialized
2024-09-19 07:59:35,845 [ERROR] Updater:1164 - MainUpdater not yet initialized. External WinMGr cannot be set.
2024-09-19 07:59:35,855 [INFO] Updater:1100 - Updater Version found : 6.12.0
2024-09-19 07:59:35,866 [INFO] ApplicationProperties:184 - Using Application install path: /Applications/STM32CubeIDE.app/Contents/Eclipse/plugins/com.st.stm32cube.common.mx_6.12.0.202406281431
2024-09-19 07:59:36,077 [INFO] MainUpdater:2873 - connection check result : 10
2024-09-19 07:59:36,078 [INFO] MainUpdater:290 - Updater Check For Update Now.
2024-09-19 07:59:36,078 [INFO] MicroXplorer:498 - Change Database Version : DB.6.0.120
2024-09-19 07:59:36,083 [INFO] McuFinderGlobals:63 - Set McuFinder mode to 2 (CubeIDE integrated)
2024-09-19 07:59:36,084 [INFO] UserAuth:417 - Internet connection configuration mode: 1
2024-09-19 07:59:36,094 [INFO] JxBrowserEngine:152 - Initiate JxBrowser Engine with user profile folder
2024-09-19 07:59:36,299 [INFO] CheckServerUpdateThread:120 - End of CheckServer Thread
2024-09-19 07:59:37,677 [WARN] PackLoader:240 - Cannot read IP mode file for STMicroelectronics.FP-SNS-MOTENVWB1.1.4.0
2024-09-19 07:59:37,699 [WARN] PackLoader:240 - Cannot read IP mode file for STMicroelectronics.X-CUBE-SMBUS.2.1.0
2024-09-19 07:59:37,746 [WARN] PackLoader:240 - Cannot read IP mode file for STMicroelectronics.X-CUBE-AZRTOS-F7.1.1.0
2024-09-19 07:59:37,898 [WARN] PackLoader:240 - Cannot read IP mode file for STMicroelectronics.X-CUBE-MEMS1.11.0.0
2024-09-19 07:59:38,138 [WARN] PackLoader:240 - Cannot read IP mode file for STMicroelectronics.FP-SNS-FLIGHT1.5.0.2
2024-09-19 07:59:38,184 [WARN] PackLoader:240 - Cannot read IP mode file for STMicroelectronics.X-CUBE-DISPLAY.3.0.0
2024-09-19 07:59:38,221 [WARN] PackLoader:240 - Cannot read IP mode file for STMicroelectronics.X-CUBE-BLE1.7.0.0
2024-09-19 07:59:38,239 [WARN] PackLoader:240 - Cannot read IP mode file for emotas.I-CUBE-CANOPEN.1.3.0
2024-09-19 07:59:38,265 [WARN] PackLoader:240 - Cannot read IP mode file for STMicroelectronics.X-CUBE-BLEMGR.3.1.0
2024-09-19 07:59:38,279 [WARN] PackLoader:240 - Cannot read IP mode file for STMicroelectronics.FP-SNS-SMARTAG2.1.2.0
2024-09-19 07:59:38,290 [INFO] LogOutputStream:77 - [STDOUT_REDIRECT] 1 : Invalid condition id : UX_CORESTACK_Condition cause : null
2024-09-19 07:59:38,292 [INFO] LogOutputStream:77 - [STDOUT_REDIRECT] 1 : Invalid condition id : UX_CORESTACK_Condition cause : null
2024-09-19 07:59:38,293 [INFO] LogOutputStream:77 - [STDOUT_REDIRECT] 1 : Invalid condition id : UX_CORESTACK_Condition cause : null
2024-09-19 07:59:38,293 [INFO] LogOutputStream:77 - [STDOUT_REDIRECT] 1 : Invalid condition id : UX_CORESTACK_Condition cause : null
2024-09-19 07:59:38,294 [INFO] LogOutputStream:77 - [STDOUT_REDIRECT] 1 : Invalid condition id : UX_CORESTACK_Condition cause : null
2024-09-19 07:59:38,302 [WARN] PackLoader:240 - Cannot read IP mode file for STMicroelectronics.X-CUBE-AZRTOS-WL.2.0.0
2024-09-19 07:59:38,308 [WARN] PackLoader:240 - Cannot read IP mode file for STMicroelectronics.FP-SNS-MOTENV1.5.0.0
2024-09-19 07:59:38,311 [WARN] PackLoader:240 - Cannot read IP mode file for wolfSSL.I-CUBE-wolfMQTT.1.19.0
2024-09-19 07:59:38,318 [WARN] PackLoader:240 - Cannot read IP mode file for WES.I-CUBE-Cesium.1.3.0
2024-09-19 07:59:38,323 [WARN] PackLoader:240 - Cannot read IP mode file for STMicroelectronics.X-CUBE-BLE2.3.3.0
2024-09-19 07:59:38,329 [WARN] PackLoader:240 - Cannot read IP mode file for STMicroelectronics.X-CUBE-TCPP.4.1.0
2024-09-19 07:59:38,354 [WARN] PackLoader:240 - Cannot read IP mode file for STMicroelectronics.X-CUBE-AZRTOS-G0.1.1.0
2024-09-19 07:59:38,374 [WARN] PackLoader:240 - Cannot read IP mode file for STMicroelectronics.X-CUBE-SAFEA1.1.2.2
2024-09-19 07:59:38,382 [WARN] PackLoader:240 - Cannot read IP mode file for STMicroelectronics.X-CUBE-NFC4.3.0.0
2024-09-19 07:59:38,396 [WARN] PackLoader:240 - Cannot read IP mode file for EmbeddedOffice.I-CUBE-FS-RTOS.1.0.1
2024-09-19 07:59:38,398 [ERROR] ConditionMgr:805 - Attr not supported : Dmpu
2024-09-19 07:59:38,398 [ERROR] ConditionMgr:805 - Attr not supported : Dmpu
2024-09-19 07:59:38,398 [ERROR] ConditionMgr:805 - Attr not supported : Dmpu
2024-09-19 07:59:38,398 [ERROR] ConditionMgr:805 - Attr not supported : Dmpu
2024-09-19 07:59:38,399 [ERROR] ConditionMgr:805 - Attr not supported : Dmpu
2024-09-19 07:59:38,399 [ERROR] ConditionMgr:805 - Attr not supported : Dmpu
2024-09-19 07:59:38,399 [ERROR] ConditionMgr:805 - Attr not supported : Dmpu
2024-09-19 07:59:38,399 [ERROR] ConditionMgr:805 - Attr not supported : Dmpu
2024-09-19 07:59:38,399 [ERROR] ConditionMgr:805 - Attr not supported : Dmpu
2024-09-19 07:59:38,399 [ERROR] ConditionMgr:805 - Attr not supported : Dmpu
2024-09-19 07:59:38,399 [ERROR] ConditionMgr:805 - Attr not supported : Dmpu
2024-09-19 07:59:38,399 [ERROR] ConditionMgr:805 - Attr not supported : Dmpu
2024-09-19 07:59:38,399 [ERROR] ConditionMgr:805 - Attr not supported : Dmpu
2024-09-19 07:59:38,399 [ERROR] ConditionMgr:805 - Attr not supported : Dmpu
2024-09-19 07:59:38,399 [ERROR] ConditionMgr:805 - Attr not supported : Dmpu
2024-09-19 07:59:38,399 [ERROR] ConditionMgr:805 - Attr not supported : Dmpu
2024-09-19 07:59:38,399 [ERROR] ConditionMgr:805 - Attr not supported : Dmpu
2024-09-19 07:59:38,399 [ERROR] ConditionMgr:805 - Attr not supported : Dmpu
2024-09-19 07:59:38,399 [ERROR] ConditionMgr:805 - Attr not supported : Dmpu
2024-09-19 07:59:38,399 [ERROR] ConditionMgr:805 - Attr not supported : Dmpu
2024-09-19 07:59:38,399 [ERROR] ConditionMgr:805 - Attr not supported : Dmpu
2024-09-19 07:59:38,399 [ERROR] ConditionMgr:805 - Attr not supported : Dmpu
2024-09-19 07:59:38,399 [ERROR] ConditionMgr:805 - Attr not supported : Dmpu
2024-09-19 07:59:38,399 [ERROR] ConditionMgr:805 - Attr not supported : Dmpu
2024-09-19 07:59:38,399 [ERROR] ConditionMgr:805 - Attr not supported : Dmpu
2024-09-19 07:59:38,400 [ERROR] ConditionMgr:805 - Attr not supported : Dmpu
2024-09-19 07:59:38,400 [ERROR] ConditionMgr:805 - Attr not supported : Dmpu
2024-09-19 07:59:38,400 [ERROR] ConditionMgr:805 - Attr not supported : Dmpu
2024-09-19 07:59:38,400 [ERROR] ConditionMgr:805 - Attr not supported : Dmpu
2024-09-19 07:59:38,400 [ERROR] ConditionMgr:805 - Attr not supported : Dmpu
2024-09-19 07:59:38,400 [ERROR] ConditionMgr:805 - Attr not supported : Dmpu
2024-09-19 07:59:38,400 [ERROR] ConditionMgr:805 - Attr not supported : Dmpu
2024-09-19 07:59:38,400 [ERROR] ConditionMgr:805 - Attr not supported : Dmpu
2024-09-19 07:59:38,400 [ERROR] ConditionMgr:805 - Attr not supported : Dmpu
2024-09-19 07:59:38,400 [ERROR] ConditionMgr:805 - Attr not supported : Dmpu
2024-09-19 07:59:38,401 [ERROR] ConditionMgr:805 - Attr not supported : Dmpu
2024-09-19 07:59:38,403 [ERROR] ConditionMgr:805 - Attr not supported : Dmpu
2024-09-19 07:59:38,405 [ERROR] ConditionMgr:805 - Attr not supported : Dmpu
2024-09-19 07:59:38,405 [ERROR] ConditionMgr:805 - Attr not supported : Dmpu
2024-09-19 07:59:38,405 [ERROR] ConditionMgr:805 - Attr not supported : Dmpu
2024-09-19 07:59:38,405 [ERROR] ConditionMgr:805 - Attr not supported : Dmpu
2024-09-19 07:59:38,405 [ERROR] ConditionMgr:805 - Attr not supported : Dmpu
2024-09-19 07:59:38,405 [ERROR] ConditionMgr:805 - Attr not supported : Dmpu
2024-09-19 07:59:38,405 [ERROR] ConditionMgr:805 - Attr not supported : Dmpu
2024-09-19 07:59:38,406 [ERROR] ConditionMgr:805 - Attr not supported : Dmpu
2024-09-19 07:59:38,406 [ERROR] ConditionMgr:805 - Attr not supported : Dmpu
2024-09-19 07:59:38,406 [ERROR] ConditionMgr:805 - Attr not supported : Dmpu
2024-09-19 07:59:38,406 [ERROR] ConditionMgr:805 - Attr not supported : Dmpu
2024-09-19 07:59:38,406 [ERROR] ConditionMgr:805 - Attr not supported : Dmpu
2024-09-19 07:59:38,406 [ERROR] ConditionMgr:805 - Attr not supported : Dmpu
2024-09-19 07:59:38,406 [ERROR] ConditionMgr:805 - Attr not supported : Dmpu
2024-09-19 07:59:38,406 [ERROR] ConditionMgr:805 - Attr not supported : Dmpu
2024-09-19 07:59:38,406 [ERROR] ConditionMgr:805 - Attr not supported : Dmpu
2024-09-19 07:59:38,406 [ERROR] ConditionMgr:805 - Attr not supported : Dmpu
2024-09-19 07:59:38,406 [ERROR] ConditionMgr:805 - Attr not supported : Dmpu
2024-09-19 07:59:38,406 [ERROR] ConditionMgr:805 - Attr not supported : Dmpu
2024-09-19 07:59:38,406 [ERROR] ConditionMgr:805 - Attr not supported : Dmpu
2024-09-19 07:59:38,406 [ERROR] ConditionMgr:805 - Attr not supported : Dmpu
2024-09-19 07:59:38,406 [ERROR] ConditionMgr:805 - Attr not supported : Dmpu
2024-09-19 07:59:38,406 [ERROR] ConditionMgr:805 - Attr not supported : Dmpu
2024-09-19 07:59:38,406 [ERROR] ConditionMgr:805 - Attr not supported : Dmpu
2024-09-19 07:59:38,406 [ERROR] ConditionMgr:805 - Attr not supported : Dmpu
2024-09-19 07:59:38,406 [ERROR] ConditionMgr:805 - Attr not supported : Dmpu
2024-09-19 07:59:38,406 [ERROR] ConditionMgr:805 - Attr not supported : Dmpu
2024-09-19 07:59:38,409 [WARN] PackLoader:240 - Cannot read IP mode file for RealThread.X-CUBE-RT-Thread_Nano.4.1.1
2024-09-19 07:59:38,413 [WARN] PackLoader:240 - Cannot read IP mode file for STMicroelectronics.FP-ATR-SIGFOX1.3.2.0
2024-09-19 07:59:38,418 [WARN] PackLoader:240 - Cannot read IP mode file for wolfSSL.I-CUBE-wolfSSL.5.7.2
2024-09-19 07:59:38,422 [WARN] PackLoader:240 - Cannot read IP mode file for STMicroelectronics.X-CUBE-EEPRMA1.5.1.0
2024-09-19 07:59:38,427 [WARN] PackLoader:240 - Cannot read IP mode file for ITTIA_DB.I-CUBE-ITTIADB.8.9.0
2024-09-19 07:59:38,484 [WARN] PackLoader:240 - Cannot read IP mode file for SEGGER.I-CUBE-embOS.1.3.1
2024-09-19 07:59:38,555 [WARN] PackLoader:240 - Cannot read IP mode file for STMicroelectronics.X-CUBE-ALGOBUILD.1.4.0
2024-09-19 07:59:38,560 [WARN] PackLoader:240 - Cannot read IP mode file for STMicroelectronics.X-CUBE-GNSS1.6.0.0
2024-09-19 07:59:38,581 [WARN] PackLoader:240 - Cannot read IP mode file for STMicroelectronics.X-CUBE-AZRTOS-F4.1.1.0
2024-09-19 07:59:38,588 [WARN] PackLoader:240 - Cannot read IP mode file for STMicroelectronics.X-CUBE-ISPU.2.1.0
2024-09-19 07:59:38,596 [WARN] PackLoader:240 - Cannot read IP mode file for STMicroelectronics.X-CUBE-FREERTOS.1.2.0
2024-09-19 07:59:38,621 [WARN] PackLoader:240 - Cannot read IP mode file for STMicroelectronics.X-CUBE-AZRTOS-L5.2.0.0
2024-09-19 07:59:38,654 [WARN] PackLoader:240 - Cannot read IP mode file for STMicroelectronics.X-CUBE-NFC6.3.1.0
2024-09-19 07:59:38,670 [WARN] PackLoader:240 - Cannot read IP mode file for STMicroelectronics.X-CUBE-AI.9.0.0
2024-09-19 07:59:38,678 [WARN] PackLoader:240 - Cannot read IP mode file for STMicroelectronics.X-CUBE-NFC7.1.0.1
2024-09-19 07:59:38,722 [WARN] ConditionMgr:438 - getConditionDescription Invalid condition id : LAN8742 Phy interface Condition cause : null
2024-09-19 07:59:38,725 [WARN] PackLoader:240 - Cannot read IP mode file for STMicroelectronics.X-CUBE-AZRTOS-L4.2.0.0
2024-09-19 07:59:38,730 [WARN] ConditionMgr:1039 - genDependencies : Invalid condition id : LAN8742 Phy interface Condition cause : null
2024-09-19 07:59:38,731 [WARN] ConditionMgr:1039 - genDependencies : Invalid condition id : LAN8742 Phy interface Condition cause : null
2024-09-19 07:59:38,732 [WARN] ConditionMgr:1039 - genDependencies : Invalid condition id : LAN8742 Phy interface Condition cause : null
2024-09-19 07:59:38,774 [WARN] PackLoader:240 - Cannot read IP mode file for STMicroelectronics.X-CUBE-SFXS2LP1.4.0.0
2024-09-19 07:59:38,823 [WARN] PackLoader:240 - Cannot read IP mode file for STMicroelectronics.X-CUBE-AZRTOS-H7.3.3.0
2024-09-19 07:59:38,855 [WARN] ConditionMgr:438 - getConditionDescription Invalid condition id : UX DEVICE CLASS RTOS Condition cause : null
2024-09-19 07:59:38,856 [WARN] ConditionMgr:438 - getConditionDescription Invalid condition id : UX DEVICE CLASS RTOS Condition cause : null
2024-09-19 07:59:38,859 [WARN] PackLoader:240 - Cannot read IP mode file for STMicroelectronics.X-CUBE-AZRTOS-WB.2.0.0
2024-09-19 07:59:38,860 [WARN] ConditionMgr:1039 - genDependencies : Invalid condition id : UX DEVICE CLASS RTOS Condition cause : null
2024-09-19 07:59:38,860 [WARN] ConditionMgr:1039 - genDependencies : Invalid condition id : UX DEVICE CLASS RTOS Condition cause : null
2024-09-19 07:59:38,861 [WARN] ConditionMgr:1039 - genDependencies : Invalid condition id : UX DEVICE CLASS RTOS Condition cause : null
2024-09-19 07:59:38,861 [WARN] ConditionMgr:1039 - genDependencies : Invalid condition id : UX DEVICE CLASS RTOS Condition cause : null
2024-09-19 07:59:38,861 [WARN] ConditionMgr:1039 - genDependencies : Invalid condition id : UX DEVICE CLASS RTOS Condition cause : null
2024-09-19 07:59:38,871 [WARN] PackLoader:240 - Cannot read IP mode file for STMicroelectronics.X-CUBE-GNSS1.7.0.0
2024-09-19 07:59:38,885 [WARN] PackLoader:240 - Cannot read IP mode file for STMicroelectronics.X-CUBE-SUBG2.5.0.0
2024-09-19 07:59:38,901 [WARN] PackLoader:240 - Cannot read IP mode file for Cesanta.I-CUBE-Mongoose.7.13.0
2024-09-19 07:59:38,930 [WARN] PackLoader:240 - Cannot read IP mode file for STMicroelectronics.X-CUBE-AZRTOS-G4.2.0.0
2024-09-19 07:59:38,938 [WARN] PackLoader:240 - Cannot read IP mode file for STMicroelectronics.X-CUBE-ISPU.2.0.0
2024-09-19 07:59:38,943 [WARN] PackLoader:240 - Cannot read IP mode file for STMicroelectronics.X-CUBE-ALS.1.0.2
2024-09-19 07:59:38,951 [WARN] PackLoader:240 - Cannot read IP mode file for STMicroelectronics.X-CUBE-TOUCHGFX.4.24.0
2024-09-19 07:59:38,955 [WARN] PackLoader:240 - Cannot read IP mode file for wolfSSL.I-CUBE-wolfTPM.3.4.0
2024-09-19 07:59:38,959 [WARN] PackLoader:240 - Cannot read IP mode file for portGmbH.I-Cube-SoM-uGOAL.1.1.0
2024-09-19 07:59:38,981 [WARN] PackLoader:240 - Cannot read IP mode file for STMicroelectronics.X-CUBE-AZRTOS-H7RS.1.0.0
2024-09-19 07:59:38,987 [WARN] PackLoader:240 - Cannot read IP mode file for STMicroelectronics.FP-ATR-ASTRA1.2.0.0
2024-09-19 07:59:38,998 [WARN] PackLoader:240 - Cannot read IP mode file for STMicroelectronics.X-CUBE-TOF1.3.4.2
2024-09-19 07:59:39,031 [WARN] PackLoader:240 - Cannot read IP mode file for Infineon.AIROC-Wi-Fi-Bluetooth-STM32.1.6.1
2024-09-19 07:59:39,038 [WARN] PackLoader:240 - Cannot read IP mode file for wolfSSL.I-CUBE-wolfSSH.1.4.17
2024-09-19 07:59:39,043 [INFO] ThirdParty:978 - Integrity check success = true
2024-09-19 07:59:39,044 [INFO] IntegrityCheckThread:100 - exiting critical section [integrity check]
2024-09-19 07:59:39,044 [INFO] IntegrityCheckThread:103 - End integrity checks thread
2024-09-19 07:59:40,360 [INFO] WebApp:167 - Instantiating new browser for Auth
2024-09-19 07:59:41,820 [INFO] WebApp:448 - Apply proxy settings
2024-09-19 07:59:41,827 [INFO] WebApp:493 - Chromium authenticates against Manually configured proxy
2024-09-19 07:59:41,844 [INFO] WebApp:501 - Username used for proxy authentication: 
2024-09-19 07:59:41,921 [INFO] WebApp:869 - Register for checkConnection events
2024-09-19 07:59:41,922 [INFO] WebApp:448 - Apply proxy settings
2024-09-19 07:59:41,924 [INFO] WebApp:493 - Chromium authenticates against Manually configured proxy
2024-09-19 07:59:41,925 [INFO] WebApp:501 - Username used for proxy authentication: 
2024-09-19 07:59:42,059 [INFO] WebApp:220 - Starting web application
2024-09-19 07:59:42,059 [INFO] WebApp:578 - Web application path used /Applications/STM32CubeIDE.app/Contents/Eclipse/plugins/com.st.stm32cube.common.mx_6.12.0.202406281431/db/plugins/mcufinder/reactClient1/index.html
2024-09-19 07:59:42,606 [INFO] UserAuth:417 - Internet connection configuration mode: 1
2024-09-19 07:59:42,630 [INFO] WebApp:186 - Connection restablished
2024-09-19 08:35:01,057 [ERROR] LogOutputStream:75 - [STDERR_REDIRECT] 
2024-09-19 13:39:49,362 [INFO] Activator:176 - 


2024-09-19 13:39:49,364 [INFO] Activator:177 - !SESSION log4j initialized
2024-09-19 13:39:52,991 [INFO] LogOutputStream:77 - [STDOUT_REDIRECT] 
2024-09-19 13:39:56,186 [ERROR] LogOutputStream:75 - [STDERR_REDIRECT] 
2024-09-19 13:39:59,570 [ERROR] LogOutputStream:75 - [STDERR_REDIRECT] [Fatal Error] :2:10: DOCTYPE is disallowed when the feature "http://apache.org/xml/features/disallow-doctype-decl" set to true.
2024-09-19 13:39:59,571 [ERROR] LogOutputStream:75 - [STDERR_REDIRECT] 
2024-09-19 13:39:59,730 [INFO] LogOutputStream:77 - [STDOUT_REDIRECT] 
2024-09-19 13:40:02,515 [INFO] ApplicationProperties:184 - Using Application install path: /Applications/STM32CubeIDE.app/Contents/Eclipse/plugins/com.st.stm32cube.common.mx_6.12.0.202406281431
2024-09-19 13:40:02,531 [INFO] DbMcusXml:78 - Set database path to: /Applications/STM32CubeIDE.app/Contents/Eclipse/plugins/com.st.stm32cube.common.mx_6.12.0.202406281431//db//mcu/
2024-09-19 13:40:02,532 [INFO] ApiDb:274 - Set plugin database path to: /Applications/STM32CubeIDE.app/Contents/Eclipse/plugins/com.st.stm32cube.common.mx_6.12.0.202406281431//db//plugins/boardmanager/
2024-09-19 13:40:02,532 [WARN] ApiDb:259 - Overriding images path with different value:  => /Applications/STM32CubeIDE.app/Contents/Eclipse/plugins/com.st.stm32cube.common.mx_6.12.0.202406281431//db//plugins/mcufinder/images/
2024-09-19 13:40:02,545 [INFO] ApiDb:250 - Set database path to: /Users/kitton/.stmcufinder/plugins/mcufinder//mcu/
2024-09-19 13:40:02,546 [INFO] DbMcusAds:125 - Set database path to: /Users/kitton/.stmcufinder/plugins/mcufinder//mcu/
2024-09-19 13:40:02,548 [INFO] CrossReferenceDbSqlite:203 - Set database path to: /Users/kitton/.stmcufinder/plugins/mcufinder//mcu/cs/
2024-09-19 13:40:02,777 [INFO] RulesReader:64 - Compatibility file has been processed (297 Rules)
2024-09-19 13:40:03,037 [INFO] DbMcusXml:78 - Set database path to: /Applications/STM32CubeIDE.app/Contents/Eclipse/plugins/com.st.stm32cube.common.mx_6.12.0.202406281431//db//mcu/
2024-09-19 13:40:03,040 [INFO] ApiDb:274 - Set plugin database path to: /Applications/STM32CubeIDE.app/Contents/Eclipse/plugins/com.st.stm32cube.common.mx_6.12.0.202406281431//db//plugins/boardmanager/
2024-09-19 13:40:03,045 [INFO] ApiDb:261 - Set plugin images path to: /Applications/STM32CubeIDE.app/Contents/Eclipse/plugins/com.st.stm32cube.common.mx_6.12.0.202406281431//db//plugins/mcufinder/images/
2024-09-19 13:40:03,047 [WARN] DbFile:41 - Overriding database path with different value: /Users/kitton/.stmcufinder/plugins/mcufinder/ => /Users/kitton/.stmcufinder/plugins/mcufinder
2024-09-19 13:40:03,047 [INFO] ApiDb:250 - Set database path to: /Users/kitton/.stmcufinder/plugins/mcufinder//mcu/
2024-09-19 13:40:03,048 [WARN] DbFile:41 - Overriding database path with different value: /Users/kitton/.stmcufinder/plugins/mcufinder/ => /Users/kitton/.stmcufinder/plugins/mcufinder
2024-09-19 13:40:03,048 [INFO] DbMcusAds:125 - Set database path to: /Users/kitton/.stmcufinder/plugins/mcufinder//mcu/
2024-09-19 13:40:03,048 [WARN] DbFile:41 - Overriding database path with different value: /Users/kitton/.stmcufinder/plugins/mcufinder/ => /Users/kitton/.stmcufinder/plugins/mcufinder
2024-09-19 13:40:03,048 [WARN] DbFile:41 - Overriding database path with different value: /Users/kitton/.stmcufinder/plugins/mcufinder/ => /Users/kitton/.stmcufinder/plugins/mcufinder
2024-09-19 13:40:03,048 [INFO] CrossReferenceDbSqlite:203 - Set database path to: /Users/kitton/.stmcufinder/plugins/mcufinder//mcu/cs/
2024-09-19 13:40:03,214 [INFO] MainPanel:268 - HeapMemory: 324009984
2024-09-19 13:40:03,889 [INFO] DbMcusXml:78 - Set database path to: /Applications/STM32CubeIDE.app/Contents/Eclipse/plugins/com.st.stm32cube.common.mx_6.12.0.202406281431//db//mcu/
2024-09-19 13:40:03,890 [INFO] ApiDb:274 - Set plugin database path to: /Applications/STM32CubeIDE.app/Contents/Eclipse/plugins/com.st.stm32cube.common.mx_6.12.0.202406281431//db//plugins/boardmanager/
2024-09-19 13:40:03,891 [INFO] ApiDb:261 - Set plugin images path to: /Applications/STM32CubeIDE.app/Contents/Eclipse/plugins/com.st.stm32cube.common.mx_6.12.0.202406281431//db//plugins/mcufinder/images/
2024-09-19 13:40:03,891 [WARN] DbFile:41 - Overriding database path with different value: /Users/kitton/.stmcufinder/plugins/mcufinder/ => /Users/kitton/.stmcufinder/plugins/mcufinder
2024-09-19 13:40:03,891 [INFO] ApiDb:250 - Set database path to: /Users/kitton/.stmcufinder/plugins/mcufinder//mcu/
2024-09-19 13:40:03,891 [WARN] DbFile:41 - Overriding database path with different value: /Users/kitton/.stmcufinder/plugins/mcufinder/ => /Users/kitton/.stmcufinder/plugins/mcufinder
2024-09-19 13:40:03,891 [INFO] DbMcusAds:125 - Set database path to: /Users/kitton/.stmcufinder/plugins/mcufinder//mcu/
2024-09-19 13:40:03,891 [WARN] DbFile:41 - Overriding database path with different value: /Users/kitton/.stmcufinder/plugins/mcufinder/ => /Users/kitton/.stmcufinder/plugins/mcufinder
2024-09-19 13:40:03,891 [WARN] DbFile:41 - Overriding database path with different value: /Users/kitton/.stmcufinder/plugins/mcufinder/ => /Users/kitton/.stmcufinder/plugins/mcufinder
2024-09-19 13:40:03,891 [INFO] CrossReferenceDbSqlite:203 - Set database path to: /Users/kitton/.stmcufinder/plugins/mcufinder//mcu/cs/
2024-09-19 13:40:03,917 [INFO] ApplicationProperties:184 - Using Application install path: /Applications/STM32CubeIDE.app/Contents/Eclipse/plugins/com.st.stm32cube.common.mx_6.12.0.202406281431
2024-09-19 13:40:03,918 [INFO] PluginManage:196 - Search for loadable plugins [exclusion list=, ]
2024-09-19 13:40:03,920 [INFO] PluginManage:310 - Check plugin analytics
2024-09-19 13:40:04,357 [INFO] AnalyticsPlugin:253 - Accepted Software Licenses: 
2024-09-19 13:40:04,360 [INFO] AnalyticsPlugin:255 - Accepted CMSIS Pack Licenses: 
2024-09-19 13:40:04,360 [INFO] AnalyticsPlugin:257 - Accepted Firmware Licenses: FW.F7.1.17.0
2024-09-19 13:40:04,383 [INFO] PluginManage:359 - Loaded plugin analytics (category:tool,tabindex:-1)
2024-09-19 13:40:04,386 [INFO] PluginManage:310 - Check plugin cadmodel
2024-09-19 13:40:04,424 [INFO] CADModel:105 - Init CAD model plugin
2024-09-19 13:40:04,425 [INFO] PluginManage:359 - Loaded plugin cadmodel (category:power,tabindex:5)
2024-09-19 13:40:04,427 [INFO] PluginManage:310 - Check plugin clock
2024-09-19 13:40:04,439 [INFO] PluginManage:359 - Loaded plugin clock (category:base,tabindex:2)
2024-09-19 13:40:04,439 [INFO] PluginManage:310 - Check plugin ddr
2024-09-19 13:40:04,440 [INFO] PluginManage:359 - Loaded plugin ddr (category:tool,tabindex:6)
2024-09-19 13:40:04,441 [INFO] PluginManage:310 - Check plugin filemanager
2024-09-19 13:40:04,581 [INFO] PluginManage:359 - Loaded plugin filemanager (category:base,tabindex:10)
2024-09-19 13:40:04,582 [INFO] PluginManage:310 - Check plugin ipmanager
2024-09-19 13:40:04,588 [INFO] PluginManage:359 - Loaded plugin ipmanager (category:base,tabindex:5)
2024-09-19 13:40:04,588 [INFO] PluginManage:310 - Check plugin lpbam
2024-09-19 13:40:04,599 [INFO] PluginManage:359 - Loaded plugin lpbam (category:base,tabindex:0)
2024-09-19 13:40:04,599 [INFO] PluginManage:310 - Check plugin memorymap
2024-09-19 13:40:04,607 [INFO] PluginManage:359 - Loaded plugin memorymap (category:base,tabindex:4)
2024-09-19 13:40:04,607 [INFO] PluginManage:310 - Check plugin pinoutandconfiguration
2024-09-19 13:40:04,611 [INFO] PluginManage:359 - Loaded plugin pinoutandconfiguration (category:base,tabindex:1)
2024-09-19 13:40:04,611 [INFO] PluginManage:310 - Check plugin pinoutconfig
2024-09-19 13:40:04,741 [WARN] SupportedApi:132 - Cannot load RTOS API schema: s4s-elt-must-match.1: The content of 'definitions' must match (annotation?, (simpleType | complexType)?, (unique | key | keyref)*)). A problem was found starting at: attribute.
2024-09-19 13:40:04,995 [INFO] PluginManage:359 - Loaded plugin pinoutconfig (category:base,tabindex:0)
2024-09-19 13:40:04,996 [INFO] PluginManage:310 - Check plugin power
2024-09-19 13:40:05,026 [INFO] PluginManage:359 - Loaded plugin power (category:power,tabindex:4)
2024-09-19 13:40:05,026 [INFO] PluginManage:310 - Check plugin projectmanager
2024-09-19 13:40:05,082 [INFO] PluginManage:359 - Loaded plugin projectmanager (category:projectmanager,tabindex:4)
2024-09-19 13:40:05,083 [INFO] PluginManage:310 - Check plugin rif
2024-09-19 13:40:05,092 [INFO] PluginManage:359 - Loaded plugin rif (category:base,tabindex:3)
2024-09-19 13:40:05,092 [INFO] PluginManage:310 - Check plugin thirdparty
2024-09-19 13:40:05,303 [INFO] PluginManage:359 - Loaded plugin thirdparty (category:base,tabindex:-1)
2024-09-19 13:40:05,304 [INFO] PluginManage:310 - Check plugin tools
2024-09-19 13:40:05,303 [WARN] IntegrityCheckThread:84 - waiting for thirdparty lock release [integrity check]
2024-09-19 13:40:05,308 [INFO] PluginManage:359 - Loaded plugin tools (category:base,tabindex:7)
2024-09-19 13:40:05,311 [INFO] IntegrityCheckThread:86 - entering critical section [integrity check]
2024-09-19 13:40:05,311 [INFO] PluginManage:310 - Check plugin tutovideos
2024-09-19 13:40:05,313 [INFO] ThirdPartyUpdaterWithRetryManager:70 - Updater plugin not ready yet. [1/15]
2024-09-19 13:40:05,517 [INFO] PluginManage:359 - Loaded plugin tutovideos (category:base,tabindex:-1)
2024-09-19 13:40:05,517 [INFO] PluginManage:310 - Check plugin updater
2024-09-19 13:40:05,687 [INFO] PluginManage:359 - Loaded plugin updater (category:base,tabindex:12)
2024-09-19 13:40:05,689 [INFO] PluginManage:310 - Check plugin userauth
2024-09-19 13:40:05,716 [INFO] UserAuth:113 - Init User Auth plugin
2024-09-19 13:40:05,717 [INFO] PluginManage:359 - Loaded plugin userauth (category:base,tabindex:14)
2024-09-19 13:40:05,721 [INFO] PluginManage:283 - PluginManage : Loaded plugins [18]
2024-09-19 13:40:06,007 [INFO] PinOutPanel:1561 - setPackage(No Configuration,No Configuration)
2024-09-19 13:40:06,094 [INFO] CADModel:165 - CPN selected for project level
2024-09-19 13:40:06,094 [INFO] CADModel:114 - Register for checkConnection events
2024-09-19 13:40:06,104 [INFO] IPUIPlugin:80 - create IPUIPlugin
2024-09-19 13:40:06,105 [INFO] PluginManager:220 - loadIPPluginJar : add mdma
2024-09-19 13:40:06,110 [INFO] IPUIPlugin:80 - create IPUIPlugin
2024-09-19 13:40:06,110 [INFO] PluginManager:220 - loadIPPluginJar : add freertos
2024-09-19 13:40:06,115 [INFO] IPUIPlugin:80 - create IPUIPlugin
2024-09-19 13:40:06,115 [INFO] PluginManager:220 - loadIPPluginJar : add gic
2024-09-19 13:40:06,123 [INFO] IPUIPlugin:80 - create IPUIPlugin
2024-09-19 13:40:06,123 [INFO] PluginManager:220 - loadIPPluginJar : add adc
2024-09-19 13:40:06,125 [INFO] IPUIPlugin:80 - create IPUIPlugin
2024-09-19 13:40:06,125 [INFO] PluginManager:220 - loadIPPluginJar : add gtzc
2024-09-19 13:40:06,126 [INFO] IPUIPlugin:80 - create IPUIPlugin
2024-09-19 13:40:06,126 [INFO] PluginManager:220 - loadIPPluginJar : add quadspi
2024-09-19 13:40:06,128 [INFO] IPUIPlugin:80 - create IPUIPlugin
2024-09-19 13:40:06,128 [INFO] PluginManager:220 - loadIPPluginJar : add aes
2024-09-19 13:40:06,129 [INFO] IPUIPlugin:80 - create IPUIPlugin
2024-09-19 13:40:06,129 [INFO] PluginManager:220 - loadIPPluginJar : add pdm2pcm
2024-09-19 13:40:06,130 [INFO] IPUIPlugin:80 - create IPUIPlugin
2024-09-19 13:40:06,130 [INFO] PluginManager:220 - loadIPPluginJar : add hash
2024-09-19 13:40:06,131 [INFO] IPUIPlugin:80 - create IPUIPlugin
2024-09-19 13:40:06,131 [INFO] PluginManager:220 - loadIPPluginJar : add tim
2024-09-19 13:40:06,131 [INFO] IPUIPlugin:80 - create IPUIPlugin
2024-09-19 13:40:06,132 [INFO] PluginManager:220 - loadIPPluginJar : add tsc
2024-09-19 13:40:06,134 [INFO] IPUIPlugin:80 - create IPUIPlugin
2024-09-19 13:40:06,134 [INFO] PluginManager:220 - loadIPPluginJar : add extmemmanager
2024-09-19 13:40:06,135 [INFO] IPUIPlugin:80 - create IPUIPlugin
2024-09-19 13:40:06,135 [INFO] PluginManager:220 - loadIPPluginJar : add ts
2024-09-19 13:40:06,136 [INFO] IPUIPlugin:80 - create IPUIPlugin
2024-09-19 13:40:06,136 [INFO] PluginManager:220 - loadIPPluginJar : add radio
2024-09-19 13:40:06,137 [INFO] IPUIPlugin:80 - create IPUIPlugin
2024-09-19 13:40:06,137 [INFO] PluginManager:220 - loadIPPluginJar : add can
2024-09-19 13:40:06,138 [INFO] IPUIPlugin:80 - create IPUIPlugin
2024-09-19 13:40:06,138 [INFO] PluginManager:220 - loadIPPluginJar : add dma3
2024-09-19 13:40:06,140 [INFO] IPUIPlugin:80 - create IPUIPlugin
2024-09-19 13:40:06,140 [INFO] PluginManager:220 - loadIPPluginJar : add dfsdm
2024-09-19 13:40:06,140 [INFO] IPUIPlugin:80 - create IPUIPlugin
2024-09-19 13:40:06,141 [INFO] PluginManager:220 - loadIPPluginJar : add spi
2024-09-19 13:40:06,142 [INFO] IPUIPlugin:80 - create IPUIPlugin
2024-09-19 13:40:06,142 [INFO] PluginManager:220 - loadIPPluginJar : add gfxmmu
2024-09-19 13:40:06,143 [INFO] IPUIPlugin:80 - create IPUIPlugin
2024-09-19 13:40:06,143 [INFO] PluginManager:220 - loadIPPluginJar : add genericplugin
2024-09-19 13:40:06,144 [INFO] IPUIPlugin:80 - create IPUIPlugin
2024-09-19 13:40:06,145 [INFO] PluginManager:220 - loadIPPluginJar : add cryp
2024-09-19 13:40:06,147 [INFO] IPUIPlugin:80 - create IPUIPlugin
2024-09-19 13:40:06,147 [INFO] PluginManager:220 - loadIPPluginJar : add gpio
2024-09-19 13:40:06,148 [INFO] IPUIPlugin:80 - create IPUIPlugin
2024-09-19 13:40:06,148 [INFO] PluginManager:220 - loadIPPluginJar : add ddr_ctrl_phy
2024-09-19 13:40:06,149 [INFO] IPUIPlugin:80 - create IPUIPlugin
2024-09-19 13:40:06,149 [INFO] PluginManager:220 - loadIPPluginJar : add comp
2024-09-19 13:40:06,151 [INFO] IPUIPlugin:80 - create IPUIPlugin
2024-09-19 13:40:06,151 [INFO] PluginManager:220 - loadIPPluginJar : add tracer_emb
2024-09-19 13:40:06,152 [INFO] IPUIPlugin:80 - create IPUIPlugin
2024-09-19 13:40:06,152 [INFO] PluginManager:220 - loadIPPluginJar : add openamp
2024-09-19 13:40:06,155 [INFO] IPUIPlugin:80 - create IPUIPlugin
2024-09-19 13:40:06,155 [INFO] PluginManager:220 - loadIPPluginJar : add stm32_wpan
2024-09-19 13:40:06,159 [INFO] IPUIPlugin:80 - create IPUIPlugin
2024-09-19 13:40:06,161 [INFO] PluginManager:220 - loadIPPluginJar : add plateformsettings
2024-09-19 13:40:06,163 [INFO] IPUIPlugin:80 - create IPUIPlugin
2024-09-19 13:40:06,163 [INFO] PluginManager:220 - loadIPPluginJar : add ipddr
2024-09-19 13:40:06,164 [INFO] IPUIPlugin:80 - create IPUIPlugin
2024-09-19 13:40:06,164 [INFO] PluginManager:220 - loadIPPluginJar : add usart
2024-09-19 13:40:06,165 [INFO] IPUIPlugin:80 - create IPUIPlugin
2024-09-19 13:40:06,165 [INFO] PluginManager:220 - loadIPPluginJar : add ltdc
2024-09-19 13:40:06,167 [INFO] IPUIPlugin:80 - create IPUIPlugin
2024-09-19 13:40:06,168 [INFO] PluginManager:220 - loadIPPluginJar : add nvic
2024-09-19 13:40:06,168 [INFO] IPUIPlugin:80 - create IPUIPlugin
2024-09-19 13:40:06,169 [INFO] PluginManager:220 - loadIPPluginJar : add fatfs
2024-09-19 13:40:06,173 [INFO] IPUIPlugin:80 - create IPUIPlugin
2024-09-19 13:40:06,173 [INFO] PluginManager:220 - loadIPPluginJar : add linkedlist
2024-09-19 13:40:06,176 [INFO] IPUIPlugin:80 - create IPUIPlugin
2024-09-19 13:40:06,176 [INFO] PluginManager:220 - loadIPPluginJar : add dma
2024-09-19 13:40:06,177 [INFO] IPUIPlugin:80 - create IPUIPlugin
2024-09-19 13:40:06,178 [INFO] PluginManager:220 - loadIPPluginJar : add fmc
2024-09-19 13:40:06,178 [INFO] IPUIPlugin:80 - create IPUIPlugin
2024-09-19 13:40:06,179 [INFO] PluginManager:220 - loadIPPluginJar : add i2s
2024-09-19 13:40:06,179 [INFO] IPUIPlugin:80 - create IPUIPlugin
2024-09-19 13:40:06,179 [INFO] PluginManager:220 - loadIPPluginJar : add ucpd
2024-09-19 13:40:06,181 [INFO] IPUIPlugin:80 - create IPUIPlugin
2024-09-19 13:40:06,181 [INFO] PluginManager:220 - loadIPPluginJar : add lorawan
2024-09-19 13:40:06,182 [INFO] IPUIPlugin:80 - create IPUIPlugin
2024-09-19 13:40:06,183 [INFO] PluginManager:220 - loadIPPluginJar : add opamp
2024-09-19 13:40:06,185 [INFO] IPUIPlugin:80 - create IPUIPlugin
2024-09-19 13:40:06,185 [INFO] PluginManager:220 - loadIPPluginJar : add i3c
2024-09-19 13:40:06,187 [INFO] IPUIPlugin:80 - create IPUIPlugin
2024-09-19 13:40:06,187 [INFO] PluginManager:220 - loadIPPluginJar : add touchsensing
2024-09-19 13:40:06,189 [INFO] IPUIPlugin:80 - create IPUIPlugin
2024-09-19 13:40:06,189 [INFO] PluginManager:220 - loadIPPluginJar : add i2c
2024-09-19 13:40:06,193 [INFO] IPUIPlugin:80 - create IPUIPlugin
2024-09-19 13:40:06,193 [INFO] PluginManager:220 - loadIPPluginJar : add resmgrutility
2024-09-19 13:40:06,194 [INFO] IPUIPlugin:80 - create IPUIPlugin
2024-09-19 13:40:06,194 [INFO] PluginManager:220 - loadIPPluginJar : add sai
2024-09-19 13:40:06,195 [INFO] IPUIPlugin:80 - create IPUIPlugin
2024-09-19 13:40:06,195 [INFO] PluginManager:220 - loadIPPluginJar : add usbx
2024-09-19 13:40:06,305 [INFO] CADModel:165 - CPN selected for project level
2024-09-19 13:40:06,306 [INFO] CADModel:114 - Register for checkConnection events
2024-09-19 13:40:06,306 [FATAL] Updater:334 - Updater called before beeing initialized
2024-09-19 13:40:06,307 [ERROR] CADModel:125 - Updater not yet initialized, retry later 
2024-09-19 13:40:06,577 [INFO] CADModel:165 - CPN selected for project level
2024-09-19 13:40:06,578 [INFO] CADModel:114 - Register for checkConnection events
2024-09-19 13:40:06,579 [FATAL] Updater:334 - Updater called before beeing initialized
2024-09-19 13:40:06,579 [ERROR] CADModel:125 - Updater not yet initialized, retry later 
2024-09-19 13:40:06,582 [FATAL] Updater:334 - Updater called before beeing initialized
2024-09-19 13:40:06,807 [FATAL] Updater:334 - Updater called before beeing initialized
2024-09-19 13:40:06,818 [INFO] DbMcusAds:53 - JSON generation date=Thu May 16 16:22:00 ICT 2024 (1715851320667)
2024-09-19 13:40:06,819 [FATAL] Updater:334 - Updater called before beeing initialized
2024-09-19 13:40:06,878 [WARN] DetailPanel:346 - Failed to get advertising image, set to default
2024-09-19 13:40:06,942 [FATAL] Updater:334 - Updater called before beeing initialized
2024-09-19 13:40:06,944 [FATAL] Updater:334 - Updater called before beeing initialized
2024-09-19 13:40:06,944 [FATAL] Updater:334 - Updater called before beeing initialized
2024-09-19 13:40:06,944 [WARN] DetailPanel:346 - Failed to get advertising image, set to default
2024-09-19 13:40:06,946 [FATAL] Updater:334 - Updater called before beeing initialized
2024-09-19 13:40:07,015 [ERROR] Updater:1164 - MainUpdater not yet initialized. External WinMGr cannot be set.
2024-09-19 13:40:07,023 [INFO] Updater:1100 - Updater Version found : 6.12.0
2024-09-19 13:40:07,037 [INFO] ApplicationProperties:184 - Using Application install path: /Applications/STM32CubeIDE.app/Contents/Eclipse/plugins/com.st.stm32cube.common.mx_6.12.0.202406281431
2024-09-19 13:40:07,351 [INFO] MainUpdater:2873 - connection check result : 10
2024-09-19 13:40:07,352 [INFO] MainUpdater:290 - Updater Check For Update Now.
2024-09-19 13:40:07,353 [INFO] MicroXplorer:498 - Change Database Version : DB.6.0.120
2024-09-19 13:40:07,359 [INFO] McuFinderGlobals:63 - Set McuFinder mode to 2 (CubeIDE integrated)
2024-09-19 13:40:07,361 [INFO] UserAuth:417 - Internet connection configuration mode: 1
2024-09-19 13:40:07,373 [INFO] JxBrowserEngine:152 - Initiate JxBrowser Engine with user profile folder
2024-09-19 13:40:07,624 [INFO] CheckServerUpdateThread:120 - End of CheckServer Thread
2024-09-19 13:40:08,490 [WARN] PackLoader:240 - Cannot read IP mode file for STMicroelectronics.FP-SNS-MOTENVWB1.1.4.0
2024-09-19 13:40:08,517 [WARN] PackLoader:240 - Cannot read IP mode file for STMicroelectronics.X-CUBE-SMBUS.2.1.0
2024-09-19 13:40:08,595 [WARN] PackLoader:240 - Cannot read IP mode file for STMicroelectronics.X-CUBE-AZRTOS-F7.1.1.0
2024-09-19 13:40:08,826 [WARN] PackLoader:240 - Cannot read IP mode file for STMicroelectronics.X-CUBE-MEMS1.11.0.0
2024-09-19 13:40:09,088 [WARN] PackLoader:240 - Cannot read IP mode file for STMicroelectronics.FP-SNS-FLIGHT1.5.0.2
2024-09-19 13:40:09,114 [WARN] PackLoader:240 - Cannot read IP mode file for STMicroelectronics.X-CUBE-DISPLAY.3.0.0
2024-09-19 13:40:09,157 [WARN] PackLoader:240 - Cannot read IP mode file for STMicroelectronics.X-CUBE-BLE1.7.0.0
2024-09-19 13:40:09,197 [WARN] PackLoader:240 - Cannot read IP mode file for emotas.I-CUBE-CANOPEN.1.3.0
2024-09-19 13:40:09,249 [WARN] PackLoader:240 - Cannot read IP mode file for STMicroelectronics.X-CUBE-BLEMGR.3.1.0
2024-09-19 13:40:09,264 [WARN] PackLoader:240 - Cannot read IP mode file for STMicroelectronics.FP-SNS-SMARTAG2.1.2.0
2024-09-19 13:40:09,283 [INFO] LogOutputStream:77 - [STDOUT_REDIRECT] 1 : Invalid condition id : UX_CORESTACK_Condition cause : null
2024-09-19 13:40:09,285 [INFO] LogOutputStream:77 - [STDOUT_REDIRECT] 1 : Invalid condition id : UX_CORESTACK_Condition cause : null
2024-09-19 13:40:09,286 [INFO] LogOutputStream:77 - [STDOUT_REDIRECT] 1 : Invalid condition id : UX_CORESTACK_Condition cause : null
2024-09-19 13:40:09,286 [INFO] LogOutputStream:77 - [STDOUT_REDIRECT] 1 : Invalid condition id : UX_CORESTACK_Condition cause : null
2024-09-19 13:40:09,287 [INFO] LogOutputStream:77 - [STDOUT_REDIRECT] 1 : Invalid condition id : UX_CORESTACK_Condition cause : null
2024-09-19 13:40:09,297 [WARN] PackLoader:240 - Cannot read IP mode file for STMicroelectronics.X-CUBE-AZRTOS-WL.2.0.0
2024-09-19 13:40:09,312 [WARN] PackLoader:240 - Cannot read IP mode file for STMicroelectronics.FP-SNS-MOTENV1.5.0.0
2024-09-19 13:40:09,321 [WARN] PackLoader:240 - Cannot read IP mode file for wolfSSL.I-CUBE-wolfMQTT.1.19.0
2024-09-19 13:40:09,330 [WARN] PackLoader:240 - Cannot read IP mode file for WES.I-CUBE-Cesium.1.3.0
2024-09-19 13:40:09,337 [WARN] PackLoader:240 - Cannot read IP mode file for STMicroelectronics.X-CUBE-BLE2.3.3.0
2024-09-19 13:40:09,352 [WARN] PackLoader:240 - Cannot read IP mode file for STMicroelectronics.X-CUBE-TCPP.4.1.0
2024-09-19 13:40:09,396 [WARN] PackLoader:240 - Cannot read IP mode file for STMicroelectronics.X-CUBE-AZRTOS-G0.1.1.0
2024-09-19 13:40:09,413 [WARN] PackLoader:240 - Cannot read IP mode file for STMicroelectronics.X-CUBE-SAFEA1.1.2.2
2024-09-19 13:40:09,428 [WARN] PackLoader:240 - Cannot read IP mode file for STMicroelectronics.X-CUBE-NFC4.3.0.0
2024-09-19 13:40:09,450 [WARN] PackLoader:240 - Cannot read IP mode file for EmbeddedOffice.I-CUBE-FS-RTOS.1.0.1
2024-09-19 13:40:09,452 [ERROR] ConditionMgr:805 - Attr not supported : Dmpu
2024-09-19 13:40:09,454 [ERROR] ConditionMgr:805 - Attr not supported : Dmpu
2024-09-19 13:40:09,454 [ERROR] ConditionMgr:805 - Attr not supported : Dmpu
2024-09-19 13:40:09,454 [ERROR] ConditionMgr:805 - Attr not supported : Dmpu
2024-09-19 13:40:09,454 [ERROR] ConditionMgr:805 - Attr not supported : Dmpu
2024-09-19 13:40:09,454 [ERROR] ConditionMgr:805 - Attr not supported : Dmpu
2024-09-19 13:40:09,454 [ERROR] ConditionMgr:805 - Attr not supported : Dmpu
2024-09-19 13:40:09,454 [ERROR] ConditionMgr:805 - Attr not supported : Dmpu
2024-09-19 13:40:09,454 [ERROR] ConditionMgr:805 - Attr not supported : Dmpu
2024-09-19 13:40:09,455 [ERROR] ConditionMgr:805 - Attr not supported : Dmpu
2024-09-19 13:40:09,455 [ERROR] ConditionMgr:805 - Attr not supported : Dmpu
2024-09-19 13:40:09,455 [ERROR] ConditionMgr:805 - Attr not supported : Dmpu
2024-09-19 13:40:09,455 [ERROR] ConditionMgr:805 - Attr not supported : Dmpu
2024-09-19 13:40:09,455 [ERROR] ConditionMgr:805 - Attr not supported : Dmpu
2024-09-19 13:40:09,455 [ERROR] ConditionMgr:805 - Attr not supported : Dmpu
2024-09-19 13:40:09,455 [ERROR] ConditionMgr:805 - Attr not supported : Dmpu
2024-09-19 13:40:09,455 [ERROR] ConditionMgr:805 - Attr not supported : Dmpu
2024-09-19 13:40:09,455 [ERROR] ConditionMgr:805 - Attr not supported : Dmpu
2024-09-19 13:40:09,455 [ERROR] ConditionMgr:805 - Attr not supported : Dmpu
2024-09-19 13:40:09,455 [ERROR] ConditionMgr:805 - Attr not supported : Dmpu
2024-09-19 13:40:09,455 [ERROR] ConditionMgr:805 - Attr not supported : Dmpu
2024-09-19 13:40:09,455 [ERROR] ConditionMgr:805 - Attr not supported : Dmpu
2024-09-19 13:40:09,455 [ERROR] ConditionMgr:805 - Attr not supported : Dmpu
2024-09-19 13:40:09,456 [ERROR] ConditionMgr:805 - Attr not supported : Dmpu
2024-09-19 13:40:09,456 [ERROR] ConditionMgr:805 - Attr not supported : Dmpu
2024-09-19 13:40:09,456 [ERROR] ConditionMgr:805 - Attr not supported : Dmpu
2024-09-19 13:40:09,457 [ERROR] ConditionMgr:805 - Attr not supported : Dmpu
2024-09-19 13:40:09,457 [ERROR] ConditionMgr:805 - Attr not supported : Dmpu
2024-09-19 13:40:09,457 [ERROR] ConditionMgr:805 - Attr not supported : Dmpu
2024-09-19 13:40:09,457 [ERROR] ConditionMgr:805 - Attr not supported : Dmpu
2024-09-19 13:40:09,457 [ERROR] ConditionMgr:805 - Attr not supported : Dmpu
2024-09-19 13:40:09,457 [ERROR] ConditionMgr:805 - Attr not supported : Dmpu
2024-09-19 13:40:09,457 [ERROR] ConditionMgr:805 - Attr not supported : Dmpu
2024-09-19 13:40:09,457 [ERROR] ConditionMgr:805 - Attr not supported : Dmpu
2024-09-19 13:40:09,457 [ERROR] ConditionMgr:805 - Attr not supported : Dmpu
2024-09-19 13:40:09,457 [ERROR] ConditionMgr:805 - Attr not supported : Dmpu
2024-09-19 13:40:09,459 [ERROR] ConditionMgr:805 - Attr not supported : Dmpu
2024-09-19 13:40:09,462 [ERROR] ConditionMgr:805 - Attr not supported : Dmpu
2024-09-19 13:40:09,463 [ERROR] ConditionMgr:805 - Attr not supported : Dmpu
2024-09-19 13:40:09,463 [ERROR] ConditionMgr:805 - Attr not supported : Dmpu
2024-09-19 13:40:09,463 [ERROR] ConditionMgr:805 - Attr not supported : Dmpu
2024-09-19 13:40:09,464 [ERROR] ConditionMgr:805 - Attr not supported : Dmpu
2024-09-19 13:40:09,464 [ERROR] ConditionMgr:805 - Attr not supported : Dmpu
2024-09-19 13:40:09,464 [ERROR] ConditionMgr:805 - Attr not supported : Dmpu
2024-09-19 13:40:09,464 [ERROR] ConditionMgr:805 - Attr not supported : Dmpu
2024-09-19 13:40:09,464 [ERROR] ConditionMgr:805 - Attr not supported : Dmpu
2024-09-19 13:40:09,464 [ERROR] ConditionMgr:805 - Attr not supported : Dmpu
2024-09-19 13:40:09,464 [ERROR] ConditionMgr:805 - Attr not supported : Dmpu
2024-09-19 13:40:09,464 [ERROR] ConditionMgr:805 - Attr not supported : Dmpu
2024-09-19 13:40:09,464 [ERROR] ConditionMgr:805 - Attr not supported : Dmpu
2024-09-19 13:40:09,464 [ERROR] ConditionMgr:805 - Attr not supported : Dmpu
2024-09-19 13:40:09,464 [ERROR] ConditionMgr:805 - Attr not supported : Dmpu
2024-09-19 13:40:09,464 [ERROR] ConditionMgr:805 - Attr not supported : Dmpu
2024-09-19 13:40:09,465 [ERROR] ConditionMgr:805 - Attr not supported : Dmpu
2024-09-19 13:40:09,465 [ERROR] ConditionMgr:805 - Attr not supported : Dmpu
2024-09-19 13:40:09,465 [ERROR] ConditionMgr:805 - Attr not supported : Dmpu
2024-09-19 13:40:09,465 [ERROR] ConditionMgr:805 - Attr not supported : Dmpu
2024-09-19 13:40:09,465 [ERROR] ConditionMgr:805 - Attr not supported : Dmpu
2024-09-19 13:40:09,465 [ERROR] ConditionMgr:805 - Attr not supported : Dmpu
2024-09-19 13:40:09,465 [ERROR] ConditionMgr:805 - Attr not supported : Dmpu
2024-09-19 13:40:09,465 [ERROR] ConditionMgr:805 - Attr not supported : Dmpu
2024-09-19 13:40:09,465 [ERROR] ConditionMgr:805 - Attr not supported : Dmpu
2024-09-19 13:40:09,465 [ERROR] ConditionMgr:805 - Attr not supported : Dmpu
2024-09-19 13:40:09,465 [ERROR] ConditionMgr:805 - Attr not supported : Dmpu
2024-09-19 13:40:09,470 [WARN] PackLoader:240 - Cannot read IP mode file for RealThread.X-CUBE-RT-Thread_Nano.4.1.1
2024-09-19 13:40:09,481 [WARN] PackLoader:240 - Cannot read IP mode file for STMicroelectronics.FP-ATR-SIGFOX1.3.2.0
2024-09-19 13:40:09,489 [WARN] PackLoader:240 - Cannot read IP mode file for wolfSSL.I-CUBE-wolfSSL.5.7.2
2024-09-19 13:40:09,495 [WARN] PackLoader:240 - Cannot read IP mode file for STMicroelectronics.X-CUBE-EEPRMA1.5.1.0
2024-09-19 13:40:09,503 [WARN] PackLoader:240 - Cannot read IP mode file for ITTIA_DB.I-CUBE-ITTIADB.8.9.0
2024-09-19 13:40:09,567 [WARN] PackLoader:240 - Cannot read IP mode file for SEGGER.I-CUBE-embOS.1.3.1
2024-09-19 13:40:09,705 [WARN] PackLoader:240 - Cannot read IP mode file for STMicroelectronics.X-CUBE-ALGOBUILD.1.4.0
2024-09-19 13:40:09,729 [WARN] PackLoader:240 - Cannot read IP mode file for STMicroelectronics.X-CUBE-GNSS1.6.0.0
2024-09-19 13:40:09,768 [WARN] PackLoader:240 - Cannot read IP mode file for STMicroelectronics.X-CUBE-AZRTOS-F4.1.1.0
2024-09-19 13:40:09,788 [WARN] PackLoader:240 - Cannot read IP mode file for STMicroelectronics.X-CUBE-ISPU.2.1.0
2024-09-19 13:40:09,807 [WARN] PackLoader:240 - Cannot read IP mode file for STMicroelectronics.X-CUBE-FREERTOS.1.2.0
2024-09-19 13:40:09,853 [WARN] PackLoader:240 - Cannot read IP mode file for STMicroelectronics.X-CUBE-AZRTOS-L5.2.0.0
2024-09-19 13:40:09,878 [WARN] PackLoader:240 - Cannot read IP mode file for STMicroelectronics.X-CUBE-NFC6.3.1.0
2024-09-19 13:40:09,904 [WARN] PackLoader:240 - Cannot read IP mode file for STMicroelectronics.X-CUBE-AI.9.0.0
2024-09-19 13:40:09,911 [WARN] PackLoader:240 - Cannot read IP mode file for STMicroelectronics.X-CUBE-NFC7.1.0.1
2024-09-19 13:40:09,943 [WARN] ConditionMgr:438 - getConditionDescription Invalid condition id : LAN8742 Phy interface Condition cause : null
2024-09-19 13:40:09,946 [WARN] PackLoader:240 - Cannot read IP mode file for STMicroelectronics.X-CUBE-AZRTOS-L4.2.0.0
2024-09-19 13:40:09,952 [WARN] ConditionMgr:1039 - genDependencies : Invalid condition id : LAN8742 Phy interface Condition cause : null
2024-09-19 13:40:09,953 [WARN] ConditionMgr:1039 - genDependencies : Invalid condition id : LAN8742 Phy interface Condition cause : null
2024-09-19 13:40:09,954 [WARN] ConditionMgr:1039 - genDependencies : Invalid condition id : LAN8742 Phy interface Condition cause : null
2024-09-19 13:40:09,975 [WARN] PackLoader:240 - Cannot read IP mode file for STMicroelectronics.X-CUBE-SFXS2LP1.4.0.0
2024-09-19 13:40:10,012 [WARN] PackLoader:240 - Cannot read IP mode file for STMicroelectronics.X-CUBE-AZRTOS-H7.3.3.0
2024-09-19 13:40:10,046 [WARN] ConditionMgr:438 - getConditionDescription Invalid condition id : UX DEVICE CLASS RTOS Condition cause : null
2024-09-19 13:40:10,046 [WARN] ConditionMgr:438 - getConditionDescription Invalid condition id : UX DEVICE CLASS RTOS Condition cause : null
2024-09-19 13:40:10,050 [WARN] PackLoader:240 - Cannot read IP mode file for STMicroelectronics.X-CUBE-AZRTOS-WB.2.0.0
2024-09-19 13:40:10,052 [WARN] ConditionMgr:1039 - genDependencies : Invalid condition id : UX DEVICE CLASS RTOS Condition cause : null
2024-09-19 13:40:10,052 [WARN] ConditionMgr:1039 - genDependencies : Invalid condition id : UX DEVICE CLASS RTOS Condition cause : null
2024-09-19 13:40:10,053 [WARN] ConditionMgr:1039 - genDependencies : Invalid condition id : UX DEVICE CLASS RTOS Condition cause : null
2024-09-19 13:40:10,053 [WARN] ConditionMgr:1039 - genDependencies : Invalid condition id : UX DEVICE CLASS RTOS Condition cause : null
2024-09-19 13:40:10,053 [WARN] ConditionMgr:1039 - genDependencies : Invalid condition id : UX DEVICE CLASS RTOS Condition cause : null
2024-09-19 13:40:10,065 [WARN] PackLoader:240 - Cannot read IP mode file for STMicroelectronics.X-CUBE-GNSS1.7.0.0
2024-09-19 13:40:10,082 [WARN] PackLoader:240 - Cannot read IP mode file for STMicroelectronics.X-CUBE-SUBG2.5.0.0
2024-09-19 13:40:10,097 [WARN] PackLoader:240 - Cannot read IP mode file for Cesanta.I-CUBE-Mongoose.7.13.0
2024-09-19 13:40:10,124 [WARN] PackLoader:240 - Cannot read IP mode file for STMicroelectronics.X-CUBE-AZRTOS-G4.2.0.0
2024-09-19 13:40:10,139 [WARN] PackLoader:240 - Cannot read IP mode file for STMicroelectronics.X-CUBE-ISPU.2.0.0
2024-09-19 13:40:10,143 [WARN] PackLoader:240 - Cannot read IP mode file for STMicroelectronics.X-CUBE-ALS.1.0.2
2024-09-19 13:40:10,155 [WARN] PackLoader:240 - Cannot read IP mode file for STMicroelectronics.X-CUBE-TOUCHGFX.4.24.0
2024-09-19 13:40:10,166 [WARN] PackLoader:240 - Cannot read IP mode file for wolfSSL.I-CUBE-wolfTPM.3.4.0
2024-09-19 13:40:10,175 [WARN] PackLoader:240 - Cannot read IP mode file for portGmbH.I-Cube-SoM-uGOAL.1.1.0
2024-09-19 13:40:10,218 [WARN] PackLoader:240 - Cannot read IP mode file for STMicroelectronics.X-CUBE-AZRTOS-H7RS.1.0.0
2024-09-19 13:40:10,236 [WARN] PackLoader:240 - Cannot read IP mode file for STMicroelectronics.FP-ATR-ASTRA1.2.0.0
2024-09-19 13:40:10,250 [WARN] PackLoader:240 - Cannot read IP mode file for STMicroelectronics.X-CUBE-TOF1.3.4.2
2024-09-19 13:40:10,312 [WARN] PackLoader:240 - Cannot read IP mode file for Infineon.AIROC-Wi-Fi-Bluetooth-STM32.1.6.1
2024-09-19 13:40:10,323 [WARN] PackLoader:240 - Cannot read IP mode file for wolfSSL.I-CUBE-wolfSSH.1.4.17
2024-09-19 13:40:10,327 [INFO] ThirdParty:978 - Integrity check success = true
2024-09-19 13:40:10,327 [INFO] IntegrityCheckThread:100 - exiting critical section [integrity check]
2024-09-19 13:40:10,327 [INFO] IntegrityCheckThread:103 - End integrity checks thread
2024-09-19 13:40:15,528 [INFO] WebApp:167 - Instantiating new browser for Auth
2024-09-19 13:40:16,977 [INFO] WebApp:448 - Apply proxy settings
2024-09-19 13:40:16,996 [INFO] WebApp:493 - Chromium authenticates against Manually configured proxy
2024-09-19 13:40:17,017 [INFO] WebApp:501 - Username used for proxy authentication: 
2024-09-19 13:40:17,085 [INFO] WebApp:869 - Register for checkConnection events
2024-09-19 13:40:17,085 [INFO] WebApp:448 - Apply proxy settings
2024-09-19 13:40:17,088 [INFO] WebApp:493 - Chromium authenticates against Manually configured proxy
2024-09-19 13:40:17,088 [INFO] WebApp:501 - Username used for proxy authentication: 
2024-09-19 13:40:17,243 [INFO] WebApp:220 - Starting web application
2024-09-19 13:40:17,244 [INFO] WebApp:578 - Web application path used /Applications/STM32CubeIDE.app/Contents/Eclipse/plugins/com.st.stm32cube.common.mx_6.12.0.202406281431/db/plugins/mcufinder/reactClient1/index.html
2024-09-19 13:40:17,798 [INFO] WebApp:186 - Connection restablished
2024-09-19 13:40:17,846 [INFO] UserAuth:417 - Internet connection configuration mode: 1
2024-09-19 13:40:52,714 [INFO] McuFinderGlobals:63 - Set McuFinder mode to 2 (CubeIDE integrated)
2024-09-19 13:40:52,719 [INFO] MainUpdater:2873 - connection check result : 10
2024-09-19 13:40:52,727 [INFO] McuFinderGlobals:76 - Set McuFinderConnectedMode to true
2024-09-19 13:40:53,339 [INFO] ServerAccessManage:473 - Download File mcusAds.json._tmp_
2024-09-19 13:40:53,455 [INFO] LoadUrlFilesThread:156 - End of LoadUrlFiles Thread
2024-09-19 13:40:53,640 [INFO] ServerAccessManage:473 - Download File cube-finder-db.zip
2024-09-19 13:40:55,611 [INFO] FileExtend:240 - Unzip File : cube-finder-db.zip
2024-09-19 13:40:55,615 [INFO] FileExtend:255 - Standard Zip Deflate
2024-09-19 13:40:56,201 [INFO] LoadUrlFilesThread:156 - End of LoadUrlFiles Thread
2024-09-19 13:40:57,318 [INFO] ServerAccessManage:473 - Download File crdb.zip
2024-09-19 13:40:58,490 [INFO] FileExtend:240 - Unzip File : crdb.zip
2024-09-19 13:40:58,491 [INFO] FileExtend:255 - Standard Zip Deflate
2024-09-19 13:40:58,622 [INFO] LoadUrlFilesThread:156 - End of LoadUrlFiles Thread
2024-09-19 13:40:58,879 [INFO] ServerAccessManage:473 - Download File tutoVideoDB.zip
2024-09-19 13:40:58,894 [INFO] FileExtend:240 - Unzip File : tutoVideoDB.zip
2024-09-19 13:40:58,894 [INFO] FileExtend:255 - Standard Zip Deflate
2024-09-19 13:40:59,007 [INFO] LoadUrlFilesThread:156 - End of LoadUrlFiles Thread
2024-09-19 13:40:59,016 [WARN] DbFile:41 - Overriding database path with different value: /Users/kitton/.stmcufinder/plugins/mcufinder/ => /Users/kitton/.stmcufinder/plugins/mcufinder
2024-09-19 13:40:59,135 [INFO] ServerAccessManage:473 - Download File api_config.json
2024-09-19 13:40:59,243 [INFO] LoadUrlFilesThread:156 - End of LoadUrlFiles Thread
2024-09-19 13:40:59,244 [INFO] DbMcusAds:53 - JSON generation date=Mon Sep 16 21:40:22 ICT 2024 (1726497622318)
2024-09-19 13:40:59,336 [INFO] ServerAccessManage:473 - Download File 
2024-09-19 13:40:59,351 [INFO] LoadUrlFilesThread:185 - End of LoadServerUrlFiles without Thread
2024-09-19 13:40:59,353 [INFO] TargetSelectorAdapter:259 - Refresh data is successful
2024-09-19 13:41:00,449 [INFO] ApiDb:581 - Connected to CubeFinder SQLite database (/Users/kitton/.stmcufinder/plugins/mcufinder/mcu/cube-finder-db.db)
2024-09-19 13:41:00,489 [INFO] ApiDb:668 - CubeFinder database Data Model version=2.1
2024-09-19 13:41:00,489 [INFO] ApiDb:669 - CubeFinder database Configuration version=3.0.39
2024-09-19 13:41:00,489 [INFO] ApiDb:670 - CubeFinder database generation date=2024-09-16 (1726485674)
2024-09-19 13:41:00,489 [INFO] ApiDb:671 - CubeFinder database FW Pack versions=[FP-ATR-ASTRA1_V2.0.0, FP-SNS-FLIGHT1_V5.0.2, FP-SNS-MOTENV1_V5.0.0, FP-SNS-MOTENVWB1_V1.4.0, FP-SNS-SMARTAG2_V1.2.0, FP-SNS-STBOX1_V2.0.0, STM32Cube_FW_C0_V1.2.0, STM32Cube_FW_F4_V1.28.1, STM32Cube_FW_F7_V1.17.2, STM32Cube_FW_G0_V1.6.2, STM32Cube_FW_G4_V1.6.0, STM32Cube_FW_H5_V1.3.0, STM32Cube_FW_H7RS_V1.1.0, STM32Cube_FW_H7_V1.11.2, STM32Cube_FW_L0_V1.12.2, STM32Cube_FW_L5_V1.5.1, STM32Cube_FW_U0_V1.1.0, STM32Cube_FW_U5_V1.6.0, STM32Cube_FW_WB0_V1.0.0, STM32Cube_FW_WBA_V1.4.1, STM32Cube_FW_WB_V1.20.0, STM32Cube_FW_WL_V1.3.0, X-CUBE-ALGOBUILD_V1.4.0, X-CUBE-ALS_V1.0.2, X-CUBE-AZRTOS-F4_V1.1.0, X-CUBE-AZRTOS-F7_V1.1.0, X-CUBE-AZRTOS-G0_V1.1.0, X-CUBE-AZRTOS-G4_V2.0.0, X-CUBE-AZRTOS-H7RS_V1.0.0, X-CUBE-AZRTOS-H7_V3.2.0, X-CUBE-AZRTOS-L4_V2.0.0, X-CUBE-AZRTOS-L5_V2.0.0, X-CUBE-AZRTOS-WB_V2.0.0, X-CUBE-AZRTOS-WL_V2.0.0, X-CUBE-BLE1_V7.0.0, X-CUBE-BLE2_V3.3.0, X-CUBE-BLEMGR_V3.1.0, X-CUBE-EEPRMA1_V5.1.0, X-CUBE-FREERTOS_V1.2.0, X-CUBE-GNSS1_V6.0.0, X-CUBE-MEMS1_V11.0.0, X-CUBE-NFC4_V3.0.0, X-CUBE-NFC7_V1.0.1, X-CUBE-SFXS2LP1_V4.0.0, X-CUBE-SUBG2_V5.0.0, X-CUBE-TOF1_V3.4.2]
2024-09-19 13:41:01,832 [INFO] ApiDb:240 - Found 646 in-development CPN: [B-G473E-ZEST1S, B-WB1M-WPAN1, B-WL5M-SUBG1, NUCLEO-C031C6, NUCLEO-C071RB, NUCLEO-H503RB, NUCLEO-H533RE, NUCLEO-H563ZI, NUCLEO-H7S3L8, NUCLEO-U031R8, NUCLEO-U083RC, NUCLEO-U545RE-Q, NUCLEO-U5A5ZJ-Q, NUCLEO-WB05KZ, NUCLEO-WB07CC, NUCLEO-WB09KE, NUCLEO-WBA52CG, NUCLEO-WBA55CG, STEVAL-PROTEUS1, STEVAL-SMARTAG2, STEVAL-STWINBX1, STM320518-EVAL, STM32C0116-DK, STM32C011D6Y3TR, STM32C011D6Y6TR, STM32C011F4P3, STM32C011F4P6, STM32C011F4U3, STM32C011F4U6TR, STM32C011F6P3, STM32C011F6P6, STM32C011F6U3, STM32C011F6U6TR, STM32C011J4M3, STM32C011J4M6, STM32C011J6M3, STM32C011J6M6, STM32C0316-DK, STM32C031C4T3, STM32C031C4T6, STM32C031C4U3, STM32C031C4U6, STM32C031C6T3, STM32C031C6T6, STM32C031C6U3, STM32C031C6U6, STM32C031F4P3, STM32C031F4P6, STM32C031F6P3, STM32C031F6P6, STM32C031G4U3, STM32C031G4U6, STM32C031G6U3, STM32C031G6U6, STM32C031K4T3, STM32C031K4T6, STM32C031K4U3, STM32C031K4U6, STM32C031K6T3, STM32C031K6T6, STM32C031K6U3, STM32C031K6U6, STM32C071C8T6, STM32C071C8T6N, STM32C071C8U6, STM32C071C8U6N, STM32C071CBT6, STM32C071CBT6N, STM32C071CBU6, STM32C071CBU6N, STM32C071F8P6, STM32C071F8P6N, STM32C071FBP6, STM32C071FBP6N, STM32C071FBY6TR, STM32C071G8U6, STM32C071G8U6N, STM32C071GBU6, STM32C071GBU6N, STM32C071K8T6, STM32C071K8T6N, STM32C071K8U6, STM32C071K8U6N, STM32C071KBT6, STM32C071KBT6N, STM32C071KBU6, STM32C071KBU6N, STM32C071R8T6, STM32C071R8T6N, STM32C071RBI6N, STM32C071RBT6, STM32C071RBT6N, STM32G071K8TXN, STM32G071K8UXN, STM32G081GBU6N, STM32G081KBT6N, STM32G081KBUXN, STM32G0B1CCT6N, STM32G0B1KCT6, STM32G0B1NEY6TR, STM32G0B1RCT6N, STM32G0C1CCT6, STM32G0C1CCT6N, STM32G0C1CCU6N, STM32G0C1CET6N, STM32G0C1CEU6N, STM32G0C1KCT6, STM32G0C1NEY6TR, STM32G0C1RCI6N, STM32G0C1RCT6N, STM32G0C1REI6N, STM32G0C1RET6N, STM32G0C1VCI6, STM32G0C1VEI6, STM32G411C6T3, STM32G411C6T6, STM32G411C6U3, STM32G411C6U6, STM32G411C8T3, STM32G411C8T6, STM32G411C8U3, STM32G411C8U6, STM32G411CBT3, STM32G411CBT6, STM32G411CBU3, STM32G411CBU6, STM32G411K6T3, STM32G411K6T6, STM32G411K6U3, STM32G411K6U6, STM32G411K8T3, STM32G411K8T6, STM32G411K8U3, STM32G411K8U6, STM32G411KBT3, STM32G411KBT6, STM32G411KBU3, STM32G411KBU6, STM32G411M6T3, STM32G411M6T6, STM32G411M8T3, STM32G411M8T6, STM32G411MBT3, STM32G411MBT6, STM32G411R6T3, STM32G411R6T6, STM32G411R8T3, STM32G411R8T6, STM32G411RBT3, STM32G411RBT6, STM32G414CBT3, STM32G414CBT6, STM32G414CBU3, STM32G414CBU6, STM32G414CCT3, STM32G414CCT6, STM32G414CCU3, STM32G414CCU6, STM32G414MBT3, STM32G414MBT6, STM32G414MCT3, STM32G414MCT6, STM32G414RBT3, STM32G414RBT6, STM32G414RCT3, STM32G414RCT6, STM32G414VBT3, STM32G414VBT6, STM32G414VCT3, STM32G414VCT6, STM32G431CBT3Z, STM32G431RBT3Z, STM32G471CCT6, STM32G471CCU6, STM32G471CET3, STM32G471CET6, STM32G471CEU3, STM32G471CEU6, STM32G471MCT6, STM32G471MET3, STM32G471MET6, STM32G471MEY6TR, STM32G471QCT6, STM32G471QET3, STM32G471RCT6, STM32G471RET3, STM32G471RET6, STM32G471VCH6, STM32G471VCI6, STM32G471VCT6, STM32G471VEH3, STM32G471VEH6, STM32G471VEI3, STM32G471VEI6, STM32G471VET3, STM32G471VET6, STM32G473QET3Z, STM32G473RET3Z, STM32G474CCT6, STM32G491RET3Z, STM32H503CBT6, STM32H503CBU6, STM32H503EBY6TR, STM32H503KBU6, STM32H503RBT6, STM32H523CCT6, STM32H523CCU6, STM32H523CET6, STM32H523CEU6, STM32H523HEY6TR, STM32H523RCT6, STM32H523RET6, STM32H523VCI6, STM32H523VCT6, STM32H523VEI6, STM32H523VET6, STM32H523ZCJ6, STM32H523ZCT6, STM32H523ZEJ6, STM32H523ZET6, STM32H533CET6, STM32H533CEU6, STM32H533HEY6TR, STM32H533RET6, STM32H533VEI6, STM32H533VET6, STM32H533ZEJ6, STM32H533ZET6, STM32H562AGI6, STM32H562AII6, STM32H562IGK6, STM32H562IGT6, STM32H562IIK6, STM32H562IIT6, STM32H562RGT6, STM32H562RGV6, STM32H562RIT6, STM32H562RIV6, STM32H562VGT6, STM32H562VIT6, STM32H562ZGT6, STM32H562ZIT6, STM32H563AGI6, STM32H563AII3Q, STM32H563AII6, STM32H563IGK6, STM32H563IGT6, STM32H563IIK3Q, STM32H563IIK6, STM32H563IIT3Q, STM32H563IIT6, STM32H563MIY3QTR, STM32H563RGT6, STM32H563RGV6, STM32H563RIT6, STM32H563RIV6, STM32H563VGT6, STM32H563VIT3Q, STM32H563VIT6, STM32H563ZGT6, STM32H563ZIT3Q, STM32H563ZIT6, STM32H573AII3Q, STM32H573AII6, STM32H573I-DK, STM32H573IIK3Q, STM32H573IIK6, STM32H573IIT3Q, STM32H573IIT6, STM32H573MIY3QTR, STM32H573RIT6, STM32H573RIV6, STM32H573VIT3Q, STM32H573VIT6, STM32H573ZIT3Q, STM32H573ZIT6, STM32H7R3A8I6, STM32H7R3I8K6, STM32H7R3I8T6, STM32H7R3L8H6, STM32H7R3L8H6H, STM32H7R3R8V6, STM32H7R3V8H6, STM32H7R3V8T6, STM32H7R3V8Y6TR, STM32H7R3Z8J6, STM32H7R3Z8T6, STM32H7R7A8I6, STM32H7R7I8K6, STM32H7R7I8T6, STM32H7R7L8H6, STM32H7R7L8H6H, STM32H7R7Z8J6, STM32H7S3A8I6, STM32H7S3I8K6, STM32H7S3I8T6, STM32H7S3L8H6, STM32H7S3L8H6H, STM32H7S3R8V6, STM32H7S3V8H6, STM32H7S3V8T6, STM32H7S3V8Y6TR, STM32H7S3Z8J6, STM32H7S3Z8T6, STM32H7S78-DK, STM32H7S7A8I6, STM32H7S7I8K6, STM32H7S7I8T6, STM32H7S7L8H6, STM32H7S7L8H6H, STM32H7S7Z8J6, STM32L4R5QGI6STR, STM32MP131AAE3, STM32MP131AAF3, STM32MP131AAG3, STM32MP131CAE3, STM32MP131CAF3, STM32MP131CAG3, STM32MP131DAE7, STM32MP131DAF7, STM32MP131DAG7, STM32MP131FAE7, STM32MP131FAF7, STM32MP131FAG7, STM32MP133AAE3, STM32MP133AAF3, STM32MP133AAG3, STM32MP133CAE3, STM32MP133CAF3, STM32MP133CAG3, STM32MP133DAE7, STM32MP133DAF7, STM32MP133DAG7, STM32MP133FAE7, STM32MP133FAF7, STM32MP133FAG7, STM32MP135AAE3, STM32MP135AAF3, STM32MP135AAG3, STM32MP135CAE3, STM32MP135CAF3, STM32MP135CAG3, STM32MP135DAE7, STM32MP135DAF7, STM32MP135DAG7, STM32MP135F-DK, STM32MP135FAE7, STM32MP135FAF7, STM32MP135FAF7T, STM32MP135FAF7U, STM32MP135FAG7, STM32MP251AAI3, STM32MP251AAK3, STM32MP251AAL3, STM32MP251CAI3, STM32MP251CAK3, STM32MP251CAL3, STM32MP251DAI3, STM32MP251DAK3, STM32MP251DAL3, STM32MP251FAI3, STM32MP251FAK3, STM32MP251FAL3, STM32MP253AAI3, STM32MP253AAK3, STM32MP253AAL3, STM32MP253CAI3, STM32MP253CAK3, STM32MP253CAL3, STM32MP253DAI3, STM32MP253DAK3, STM32MP253DAL3, STM32MP253FAI3, STM32MP253FAK3, STM32MP253FAL3, STM32MP255AAI3, STM32MP255AAK3, STM32MP255AAL3, STM32MP255CAI3, STM32MP255CAK3, STM32MP255CAL3, STM32MP255DAI3, STM32MP255DAK3, STM32MP255DAL3, STM32MP255FAI3, STM32MP255FAK3, STM32MP255FAL3, STM32MP257AAI3, STM32MP257AAK3, STM32MP257AAL3, STM32MP257CAI3, STM32MP257CAK3, STM32MP257CAL3, STM32MP257DAI3, STM32MP257DAK3, STM32MP257DAL3, STM32MP257F-DK, STM32MP257F-EV1, STM32MP257FAI3, STM32MP257FAK3, STM32MP257FAL3, STM32U031C6T6, STM32U031C6U6, STM32U031C8T6, STM32U031C8U6, STM32U031F4P6, STM32U031F6P6, STM32U031F8P6, STM32U031G6Y6TR, STM32U031G8Y6TR, STM32U031K4U6, STM32U031K6U6, STM32U031K8U6, STM32U031R6I6, STM32U031R6T6, STM32U031R8I6, STM32U031R8T6, STM32U073C8T6, STM32U073C8U6, STM32U073CBT6, STM32U073CBU6, STM32U073CCT6, STM32U073CCU6, STM32U073H8Y6TR, STM32U073HBY6TR, STM32U073HCY6TR, STM32U073K8U6, STM32U073KBU6, STM32U073KCU6, STM32U073M8I6, STM32U073M8T6, STM32U073MBI6, STM32U073MBT6, STM32U073MCI6, STM32U073MCT6, STM32U073R8I6, STM32U073R8T6, STM32U073RBI6, STM32U073RBT6, STM32U073RCI6, STM32U073RCT6, STM32U083C-DK, STM32U083CCT6, STM32U083CCU6, STM32U083HCY6TR, STM32U083KCU6, STM32U083MCI6, STM32U083MCT6, STM32U083RCI6, STM32U083RCT6, STM32U535CBT6, STM32U535CBT6Q, STM32U535CBU6, STM32U535CBU6Q, STM32U535CCT6, STM32U535CCT6Q, STM32U535CCU6, STM32U535CCU6Q, STM32U535CET6, STM32U535CET6Q, STM32U535CEU6, STM32U535CEU6Q, STM32U535JEY6QTR, STM32U535NCY6QTR, STM32U535NEY6QTR, STM32U535RBI6, STM32U535RBI6Q, STM32U535RBT6, STM32U535RBT6Q, STM32U535RCI6, STM32U535RCI6Q, STM32U535RCT6, STM32U535RCT6Q, STM32U535REI6, STM32U535REI6Q, STM32U535RET6, STM32U535RET6Q, STM32U535VCI6, STM32U535VCI6Q, STM32U535VCT6, STM32U535VCT6Q, STM32U535VEI6, STM32U535VEI6Q, STM32U535VET6, STM32U535VET6Q, STM32U545CET6, STM32U545CET6Q, STM32U545CEU6, STM32U545CEU6Q, STM32U545JEY6QTR, STM32U545NEY6QTR, STM32U545REI6, STM32U545REI6Q, STM32U545RET6, STM32U545RET6Q, STM32U545VEI6, STM32U545VEI6Q, STM32U545VET6, STM32U545VET6Q, STM32U595AIH6, STM32U595AIH6Q, STM32U595AJH6, STM32U595AJH6Q, STM32U595QII6, STM32U595QII6Q, STM32U595QJI6, STM32U595QJI6Q, STM32U595RIT6, STM32U595RIT6Q, STM32U595RJT6, STM32U595RJT6Q, STM32U595VIT6, STM32U595VIT6Q, STM32U595VJT6, STM32U595VJT6Q, STM32U595ZIT6, STM32U595ZIT6Q, STM32U595ZIY6QTR, STM32U595ZJT6, STM32U595ZJT6Q, STM32U595ZJY6QTR, STM32U599BJY6QTR, STM32U599NIH6Q, STM32U599NJH6Q, STM32U599VIT6Q, STM32U599VJT6, STM32U599VJT6Q, STM32U599ZIT6Q, STM32U599ZIY6QTR, STM32U599ZJT6Q, STM32U599ZJY6QTR, STM32U5A5AJH6, STM32U5A5AJH6Q, STM32U5A5QII3Q , STM32U5A5QJI6, STM32U5A5QJI6Q, STM32U5A5RJT6, STM32U5A5RJT6Q, STM32U5A5VJT6, STM32U5A5VJT6Q, STM32U5A5ZJT6, STM32U5A5ZJT6Q, STM32U5A5ZJY6QTR, STM32U5A9BJY6QTR, STM32U5A9J-DK, STM32U5A9NJH6Q, STM32U5A9VJT6Q, STM32U5A9ZJT6Q, STM32U5A9ZJY6QTR, STM32U5F7VIT6, STM32U5F7VIT6Q, STM32U5F7VJT6, STM32U5F7VJT6Q, STM32U5F9BJY6QTR, STM32U5F9NJH6Q, STM32U5F9VIT6Q, STM32U5F9VJT6Q, STM32U5F9ZIJ6QTR, STM32U5F9ZIT6Q, STM32U5F9ZJJ6QTR, STM32U5F9ZJT6Q, STM32U5G7VJT6, STM32U5G7VJT6Q, STM32U5G9BJY6QTR, STM32U5G9J-DK1, STM32U5G9J-DK2, STM32U5G9NJH6Q, STM32U5G9VJT6Q, STM32U5G9ZJJ6QTR, STM32U5G9ZJT6Q, STM32WB05KZV6TR, STM32WB05KZV7TR, STM32WB05TZF6TR, STM32WB05TZF7TR, STM32WB06CCF6TR, STM32WB06CCF7TR, STM32WB06CCV6TR, STM32WB06CCV7TR, STM32WB06KCV6TR, STM32WB06KCV7TR, STM32WB07CCF6TR, STM32WB07CCF7TR, STM32WB07CCV6TR, STM32WB07CCV7TR, STM32WB07KCV6TR, STM32WB07KCV7TR, STM32WB09KEV6TR, STM32WB09KEV7TR, STM32WB09TEF6TR, STM32WB09TEF7TR, STM32WB1MMCH6, STM32WBA50KGU6, STM32WBA50KGU6TR, STM32WBA52CEU6, STM32WBA52CEU6TR, STM32WBA52CEU7, STM32WBA52CEU7TR, STM32WBA52CGU6, STM32WBA52CGU6TR, STM32WBA52CGU6U, STM32WBA52CGU7, STM32WBA52CGU7TR, STM32WBA52KEU6, STM32WBA52KEU6TR, STM32WBA52KGU6, STM32WBA52KGU6TR, STM32WBA54CEU6, STM32WBA54CEU6TR, STM32WBA54CEU7, STM32WBA54CEU7TR, STM32WBA54CGU6, STM32WBA54CGU6TR, STM32WBA54CGU7, STM32WBA54CGU7TR, STM32WBA54KEU6, STM32WBA54KEU6TR, STM32WBA54KEU7, STM32WBA54KEU7TR, STM32WBA54KGU6, STM32WBA54KGU6TR, STM32WBA54KGU7, STM32WBA54KGU7TR, STM32WBA55CEU6, STM32WBA55CEU6TR, STM32WBA55CEU7, STM32WBA55CEU7TR, STM32WBA55CGU6, STM32WBA55CGU6TR, STM32WBA55CGU6U, STM32WBA55CGU7, STM32WBA55CGU7TR, STM32WBA55G-DK1, STM32WBA55HEF6, STM32WBA55HEF7, STM32WBA55HGF6, STM32WBA55HGF7, STM32WBA55UEI6, STM32WBA55UEI6TR, STM32WBA55UEI7, STM32WBA55UEI7TR, STM32WBA55UGI6, STM32WBA55UGI6TR, STM32WBA55UGI7, STM32WBA55UGI7TR, STM32WL5MOCH6, STM32WL5MOCH6TR]
2024-09-19 13:41:01,839 [INFO] DbMcus:218 - Found 4252 MCUs, 4252 are supported
2024-09-19 13:41:01,840 [INFO] ApiDb:423 - Load user favorites file /Users/kitton/.stm32cubeide/favorites.mcus.txt: 1 item(s)
2024-09-19 13:41:01,840 [INFO] ApiDb:427 - User favorites MCUs=[STM32F767ZIT6]
2024-09-19 13:41:01,840 [INFO] DbMcus:224 - Set 1 / 1 favorites MCUs
2024-09-19 13:41:02,100 [INFO] ApiDb:668 - CubeFinder database Data Model version=2.1
2024-09-19 13:41:02,100 [INFO] ApiDb:669 - CubeFinder database Configuration version=3.0.39
2024-09-19 13:41:02,100 [INFO] ApiDb:670 - CubeFinder database generation date=2024-09-16 (1726485674)
2024-09-19 13:41:02,100 [INFO] ApiDb:671 - CubeFinder database FW Pack versions=[FP-ATR-ASTRA1_V2.0.0, FP-SNS-FLIGHT1_V5.0.2, FP-SNS-MOTENV1_V5.0.0, FP-SNS-MOTENVWB1_V1.4.0, FP-SNS-SMARTAG2_V1.2.0, FP-SNS-STBOX1_V2.0.0, STM32Cube_FW_C0_V1.2.0, STM32Cube_FW_F4_V1.28.1, STM32Cube_FW_F7_V1.17.2, STM32Cube_FW_G0_V1.6.2, STM32Cube_FW_G4_V1.6.0, STM32Cube_FW_H5_V1.3.0, STM32Cube_FW_H7RS_V1.1.0, STM32Cube_FW_H7_V1.11.2, STM32Cube_FW_L0_V1.12.2, STM32Cube_FW_L5_V1.5.1, STM32Cube_FW_U0_V1.1.0, STM32Cube_FW_U5_V1.6.0, STM32Cube_FW_WB0_V1.0.0, STM32Cube_FW_WBA_V1.4.1, STM32Cube_FW_WB_V1.20.0, STM32Cube_FW_WL_V1.3.0, X-CUBE-ALGOBUILD_V1.4.0, X-CUBE-ALS_V1.0.2, X-CUBE-AZRTOS-F4_V1.1.0, X-CUBE-AZRTOS-F7_V1.1.0, X-CUBE-AZRTOS-G0_V1.1.0, X-CUBE-AZRTOS-G4_V2.0.0, X-CUBE-AZRTOS-H7RS_V1.0.0, X-CUBE-AZRTOS-H7_V3.2.0, X-CUBE-AZRTOS-L4_V2.0.0, X-CUBE-AZRTOS-L5_V2.0.0, X-CUBE-AZRTOS-WB_V2.0.0, X-CUBE-AZRTOS-WL_V2.0.0, X-CUBE-BLE1_V7.0.0, X-CUBE-BLE2_V3.3.0, X-CUBE-BLEMGR_V3.1.0, X-CUBE-EEPRMA1_V5.1.0, X-CUBE-FREERTOS_V1.2.0, X-CUBE-GNSS1_V6.0.0, X-CUBE-MEMS1_V11.0.0, X-CUBE-NFC4_V3.0.0, X-CUBE-NFC7_V1.0.1, X-CUBE-SFXS2LP1_V4.0.0, X-CUBE-SUBG2_V5.0.0, X-CUBE-TOF1_V3.4.2]
2024-09-19 13:41:02,147 [INFO] DbBoardsSqlite:226 - include board P-NUCLEO-WB55-NUCLEO as a kit item of type 'Nucleo-64'
2024-09-19 13:41:02,147 [INFO] DbBoardsSqlite:226 - include board P-NUCLEO-WB55-USBDONGLE as a kit item of type 'Nucleo USB Dongle'
2024-09-19 13:41:02,147 [INFO] DbBoardsSqlite:226 - include board STEVAL-IDP005V1 as a kit item of type 'Evaluation Board'
2024-09-19 13:41:02,147 [INFO] DbBoardsSqlite:226 - include board STEVAL-IDP005V2 as a kit item of type 'Evaluation Board'
2024-09-19 13:41:02,179 [INFO] ApiDb:240 - Found 646 in-development CPN: [B-G473E-ZEST1S, B-WB1M-WPAN1, B-WL5M-SUBG1, NUCLEO-C031C6, NUCLEO-C071RB, NUCLEO-H503RB, NUCLEO-H533RE, NUCLEO-H563ZI, NUCLEO-H7S3L8, NUCLEO-U031R8, NUCLEO-U083RC, NUCLEO-U545RE-Q, NUCLEO-U5A5ZJ-Q, NUCLEO-WB05KZ, NUCLEO-WB07CC, NUCLEO-WB09KE, NUCLEO-WBA52CG, NUCLEO-WBA55CG, STEVAL-PROTEUS1, STEVAL-SMARTAG2, STEVAL-STWINBX1, STM320518-EVAL, STM32C0116-DK, STM32C011D6Y3TR, STM32C011D6Y6TR, STM32C011F4P3, STM32C011F4P6, STM32C011F4U3, STM32C011F4U6TR, STM32C011F6P3, STM32C011F6P6, STM32C011F6U3, STM32C011F6U6TR, STM32C011J4M3, STM32C011J4M6, STM32C011J6M3, STM32C011J6M6, STM32C0316-DK, STM32C031C4T3, STM32C031C4T6, STM32C031C4U3, STM32C031C4U6, STM32C031C6T3, STM32C031C6T6, STM32C031C6U3, STM32C031C6U6, STM32C031F4P3, STM32C031F4P6, STM32C031F6P3, STM32C031F6P6, STM32C031G4U3, STM32C031G4U6, STM32C031G6U3, STM32C031G6U6, STM32C031K4T3, STM32C031K4T6, STM32C031K4U3, STM32C031K4U6, STM32C031K6T3, STM32C031K6T6, STM32C031K6U3, STM32C031K6U6, STM32C071C8T6, STM32C071C8T6N, STM32C071C8U6, STM32C071C8U6N, STM32C071CBT6, STM32C071CBT6N, STM32C071CBU6, STM32C071CBU6N, STM32C071F8P6, STM32C071F8P6N, STM32C071FBP6, STM32C071FBP6N, STM32C071FBY6TR, STM32C071G8U6, STM32C071G8U6N, STM32C071GBU6, STM32C071GBU6N, STM32C071K8T6, STM32C071K8T6N, STM32C071K8U6, STM32C071K8U6N, STM32C071KBT6, STM32C071KBT6N, STM32C071KBU6, STM32C071KBU6N, STM32C071R8T6, STM32C071R8T6N, STM32C071RBI6N, STM32C071RBT6, STM32C071RBT6N, STM32G071K8TXN, STM32G071K8UXN, STM32G081GBU6N, STM32G081KBT6N, STM32G081KBUXN, STM32G0B1CCT6N, STM32G0B1KCT6, STM32G0B1NEY6TR, STM32G0B1RCT6N, STM32G0C1CCT6, STM32G0C1CCT6N, STM32G0C1CCU6N, STM32G0C1CET6N, STM32G0C1CEU6N, STM32G0C1KCT6, STM32G0C1NEY6TR, STM32G0C1RCI6N, STM32G0C1RCT6N, STM32G0C1REI6N, STM32G0C1RET6N, STM32G0C1VCI6, STM32G0C1VEI6, STM32G411C6T3, STM32G411C6T6, STM32G411C6U3, STM32G411C6U6, STM32G411C8T3, STM32G411C8T6, STM32G411C8U3, STM32G411C8U6, STM32G411CBT3, STM32G411CBT6, STM32G411CBU3, STM32G411CBU6, STM32G411K6T3, STM32G411K6T6, STM32G411K6U3, STM32G411K6U6, STM32G411K8T3, STM32G411K8T6, STM32G411K8U3, STM32G411K8U6, STM32G411KBT3, STM32G411KBT6, STM32G411KBU3, STM32G411KBU6, STM32G411M6T3, STM32G411M6T6, STM32G411M8T3, STM32G411M8T6, STM32G411MBT3, STM32G411MBT6, STM32G411R6T3, STM32G411R6T6, STM32G411R8T3, STM32G411R8T6, STM32G411RBT3, STM32G411RBT6, STM32G414CBT3, STM32G414CBT6, STM32G414CBU3, STM32G414CBU6, STM32G414CCT3, STM32G414CCT6, STM32G414CCU3, STM32G414CCU6, STM32G414MBT3, STM32G414MBT6, STM32G414MCT3, STM32G414MCT6, STM32G414RBT3, STM32G414RBT6, STM32G414RCT3, STM32G414RCT6, STM32G414VBT3, STM32G414VBT6, STM32G414VCT3, STM32G414VCT6, STM32G431CBT3Z, STM32G431RBT3Z, STM32G471CCT6, STM32G471CCU6, STM32G471CET3, STM32G471CET6, STM32G471CEU3, STM32G471CEU6, STM32G471MCT6, STM32G471MET3, STM32G471MET6, STM32G471MEY6TR, STM32G471QCT6, STM32G471QET3, STM32G471RCT6, STM32G471RET3, STM32G471RET6, STM32G471VCH6, STM32G471VCI6, STM32G471VCT6, STM32G471VEH3, STM32G471VEH6, STM32G471VEI3, STM32G471VEI6, STM32G471VET3, STM32G471VET6, STM32G473QET3Z, STM32G473RET3Z, STM32G474CCT6, STM32G491RET3Z, STM32H503CBT6, STM32H503CBU6, STM32H503EBY6TR, STM32H503KBU6, STM32H503RBT6, STM32H523CCT6, STM32H523CCU6, STM32H523CET6, STM32H523CEU6, STM32H523HEY6TR, STM32H523RCT6, STM32H523RET6, STM32H523VCI6, STM32H523VCT6, STM32H523VEI6, STM32H523VET6, STM32H523ZCJ6, STM32H523ZCT6, STM32H523ZEJ6, STM32H523ZET6, STM32H533CET6, STM32H533CEU6, STM32H533HEY6TR, STM32H533RET6, STM32H533VEI6, STM32H533VET6, STM32H533ZEJ6, STM32H533ZET6, STM32H562AGI6, STM32H562AII6, STM32H562IGK6, STM32H562IGT6, STM32H562IIK6, STM32H562IIT6, STM32H562RGT6, STM32H562RGV6, STM32H562RIT6, STM32H562RIV6, STM32H562VGT6, STM32H562VIT6, STM32H562ZGT6, STM32H562ZIT6, STM32H563AGI6, STM32H563AII3Q, STM32H563AII6, STM32H563IGK6, STM32H563IGT6, STM32H563IIK3Q, STM32H563IIK6, STM32H563IIT3Q, STM32H563IIT6, STM32H563MIY3QTR, STM32H563RGT6, STM32H563RGV6, STM32H563RIT6, STM32H563RIV6, STM32H563VGT6, STM32H563VIT3Q, STM32H563VIT6, STM32H563ZGT6, STM32H563ZIT3Q, STM32H563ZIT6, STM32H573AII3Q, STM32H573AII6, STM32H573I-DK, STM32H573IIK3Q, STM32H573IIK6, STM32H573IIT3Q, STM32H573IIT6, STM32H573MIY3QTR, STM32H573RIT6, STM32H573RIV6, STM32H573VIT3Q, STM32H573VIT6, STM32H573ZIT3Q, STM32H573ZIT6, STM32H7R3A8I6, STM32H7R3I8K6, STM32H7R3I8T6, STM32H7R3L8H6, STM32H7R3L8H6H, STM32H7R3R8V6, STM32H7R3V8H6, STM32H7R3V8T6, STM32H7R3V8Y6TR, STM32H7R3Z8J6, STM32H7R3Z8T6, STM32H7R7A8I6, STM32H7R7I8K6, STM32H7R7I8T6, STM32H7R7L8H6, STM32H7R7L8H6H, STM32H7R7Z8J6, STM32H7S3A8I6, STM32H7S3I8K6, STM32H7S3I8T6, STM32H7S3L8H6, STM32H7S3L8H6H, STM32H7S3R8V6, STM32H7S3V8H6, STM32H7S3V8T6, STM32H7S3V8Y6TR, STM32H7S3Z8J6, STM32H7S3Z8T6, STM32H7S78-DK, STM32H7S7A8I6, STM32H7S7I8K6, STM32H7S7I8T6, STM32H7S7L8H6, STM32H7S7L8H6H, STM32H7S7Z8J6, STM32L4R5QGI6STR, STM32MP131AAE3, STM32MP131AAF3, STM32MP131AAG3, STM32MP131CAE3, STM32MP131CAF3, STM32MP131CAG3, STM32MP131DAE7, STM32MP131DAF7, STM32MP131DAG7, STM32MP131FAE7, STM32MP131FAF7, STM32MP131FAG7, STM32MP133AAE3, STM32MP133AAF3, STM32MP133AAG3, STM32MP133CAE3, STM32MP133CAF3, STM32MP133CAG3, STM32MP133DAE7, STM32MP133DAF7, STM32MP133DAG7, STM32MP133FAE7, STM32MP133FAF7, STM32MP133FAG7, STM32MP135AAE3, STM32MP135AAF3, STM32MP135AAG3, STM32MP135CAE3, STM32MP135CAF3, STM32MP135CAG3, STM32MP135DAE7, STM32MP135DAF7, STM32MP135DAG7, STM32MP135F-DK, STM32MP135FAE7, STM32MP135FAF7, STM32MP135FAF7T, STM32MP135FAF7U, STM32MP135FAG7, STM32MP251AAI3, STM32MP251AAK3, STM32MP251AAL3, STM32MP251CAI3, STM32MP251CAK3, STM32MP251CAL3, STM32MP251DAI3, STM32MP251DAK3, STM32MP251DAL3, STM32MP251FAI3, STM32MP251FAK3, STM32MP251FAL3, STM32MP253AAI3, STM32MP253AAK3, STM32MP253AAL3, STM32MP253CAI3, STM32MP253CAK3, STM32MP253CAL3, STM32MP253DAI3, STM32MP253DAK3, STM32MP253DAL3, STM32MP253FAI3, STM32MP253FAK3, STM32MP253FAL3, STM32MP255AAI3, STM32MP255AAK3, STM32MP255AAL3, STM32MP255CAI3, STM32MP255CAK3, STM32MP255CAL3, STM32MP255DAI3, STM32MP255DAK3, STM32MP255DAL3, STM32MP255FAI3, STM32MP255FAK3, STM32MP255FAL3, STM32MP257AAI3, STM32MP257AAK3, STM32MP257AAL3, STM32MP257CAI3, STM32MP257CAK3, STM32MP257CAL3, STM32MP257DAI3, STM32MP257DAK3, STM32MP257DAL3, STM32MP257F-DK, STM32MP257F-EV1, STM32MP257FAI3, STM32MP257FAK3, STM32MP257FAL3, STM32U031C6T6, STM32U031C6U6, STM32U031C8T6, STM32U031C8U6, STM32U031F4P6, STM32U031F6P6, STM32U031F8P6, STM32U031G6Y6TR, STM32U031G8Y6TR, STM32U031K4U6, STM32U031K6U6, STM32U031K8U6, STM32U031R6I6, STM32U031R6T6, STM32U031R8I6, STM32U031R8T6, STM32U073C8T6, STM32U073C8U6, STM32U073CBT6, STM32U073CBU6, STM32U073CCT6, STM32U073CCU6, STM32U073H8Y6TR, STM32U073HBY6TR, STM32U073HCY6TR, STM32U073K8U6, STM32U073KBU6, STM32U073KCU6, STM32U073M8I6, STM32U073M8T6, STM32U073MBI6, STM32U073MBT6, STM32U073MCI6, STM32U073MCT6, STM32U073R8I6, STM32U073R8T6, STM32U073RBI6, STM32U073RBT6, STM32U073RCI6, STM32U073RCT6, STM32U083C-DK, STM32U083CCT6, STM32U083CCU6, STM32U083HCY6TR, STM32U083KCU6, STM32U083MCI6, STM32U083MCT6, STM32U083RCI6, STM32U083RCT6, STM32U535CBT6, STM32U535CBT6Q, STM32U535CBU6, STM32U535CBU6Q, STM32U535CCT6, STM32U535CCT6Q, STM32U535CCU6, STM32U535CCU6Q, STM32U535CET6, STM32U535CET6Q, STM32U535CEU6, STM32U535CEU6Q, STM32U535JEY6QTR, STM32U535NCY6QTR, STM32U535NEY6QTR, STM32U535RBI6, STM32U535RBI6Q, STM32U535RBT6, STM32U535RBT6Q, STM32U535RCI6, STM32U535RCI6Q, STM32U535RCT6, STM32U535RCT6Q, STM32U535REI6, STM32U535REI6Q, STM32U535RET6, STM32U535RET6Q, STM32U535VCI6, STM32U535VCI6Q, STM32U535VCT6, STM32U535VCT6Q, STM32U535VEI6, STM32U535VEI6Q, STM32U535VET6, STM32U535VET6Q, STM32U545CET6, STM32U545CET6Q, STM32U545CEU6, STM32U545CEU6Q, STM32U545JEY6QTR, STM32U545NEY6QTR, STM32U545REI6, STM32U545REI6Q, STM32U545RET6, STM32U545RET6Q, STM32U545VEI6, STM32U545VEI6Q, STM32U545VET6, STM32U545VET6Q, STM32U595AIH6, STM32U595AIH6Q, STM32U595AJH6, STM32U595AJH6Q, STM32U595QII6, STM32U595QII6Q, STM32U595QJI6, STM32U595QJI6Q, STM32U595RIT6, STM32U595RIT6Q, STM32U595RJT6, STM32U595RJT6Q, STM32U595VIT6, STM32U595VIT6Q, STM32U595VJT6, STM32U595VJT6Q, STM32U595ZIT6, STM32U595ZIT6Q, STM32U595ZIY6QTR, STM32U595ZJT6, STM32U595ZJT6Q, STM32U595ZJY6QTR, STM32U599BJY6QTR, STM32U599NIH6Q, STM32U599NJH6Q, STM32U599VIT6Q, STM32U599VJT6, STM32U599VJT6Q, STM32U599ZIT6Q, STM32U599ZIY6QTR, STM32U599ZJT6Q, STM32U599ZJY6QTR, STM32U5A5AJH6, STM32U5A5AJH6Q, STM32U5A5QII3Q , STM32U5A5QJI6, STM32U5A5QJI6Q, STM32U5A5RJT6, STM32U5A5RJT6Q, STM32U5A5VJT6, STM32U5A5VJT6Q, STM32U5A5ZJT6, STM32U5A5ZJT6Q, STM32U5A5ZJY6QTR, STM32U5A9BJY6QTR, STM32U5A9J-DK, STM32U5A9NJH6Q, STM32U5A9VJT6Q, STM32U5A9ZJT6Q, STM32U5A9ZJY6QTR, STM32U5F7VIT6, STM32U5F7VIT6Q, STM32U5F7VJT6, STM32U5F7VJT6Q, STM32U5F9BJY6QTR, STM32U5F9NJH6Q, STM32U5F9VIT6Q, STM32U5F9VJT6Q, STM32U5F9ZIJ6QTR, STM32U5F9ZIT6Q, STM32U5F9ZJJ6QTR, STM32U5F9ZJT6Q, STM32U5G7VJT6, STM32U5G7VJT6Q, STM32U5G9BJY6QTR, STM32U5G9J-DK1, STM32U5G9J-DK2, STM32U5G9NJH6Q, STM32U5G9VJT6Q, STM32U5G9ZJJ6QTR, STM32U5G9ZJT6Q, STM32WB05KZV6TR, STM32WB05KZV7TR, STM32WB05TZF6TR, STM32WB05TZF7TR, STM32WB06CCF6TR, STM32WB06CCF7TR, STM32WB06CCV6TR, STM32WB06CCV7TR, STM32WB06KCV6TR, STM32WB06KCV7TR, STM32WB07CCF6TR, STM32WB07CCF7TR, STM32WB07CCV6TR, STM32WB07CCV7TR, STM32WB07KCV6TR, STM32WB07KCV7TR, STM32WB09KEV6TR, STM32WB09KEV7TR, STM32WB09TEF6TR, STM32WB09TEF7TR, STM32WB1MMCH6, STM32WBA50KGU6, STM32WBA50KGU6TR, STM32WBA52CEU6, STM32WBA52CEU6TR, STM32WBA52CEU7, STM32WBA52CEU7TR, STM32WBA52CGU6, STM32WBA52CGU6TR, STM32WBA52CGU6U, STM32WBA52CGU7, STM32WBA52CGU7TR, STM32WBA52KEU6, STM32WBA52KEU6TR, STM32WBA52KGU6, STM32WBA52KGU6TR, STM32WBA54CEU6, STM32WBA54CEU6TR, STM32WBA54CEU7, STM32WBA54CEU7TR, STM32WBA54CGU6, STM32WBA54CGU6TR, STM32WBA54CGU7, STM32WBA54CGU7TR, STM32WBA54KEU6, STM32WBA54KEU6TR, STM32WBA54KEU7, STM32WBA54KEU7TR, STM32WBA54KGU6, STM32WBA54KGU6TR, STM32WBA54KGU7, STM32WBA54KGU7TR, STM32WBA55CEU6, STM32WBA55CEU6TR, STM32WBA55CEU7, STM32WBA55CEU7TR, STM32WBA55CGU6, STM32WBA55CGU6TR, STM32WBA55CGU6U, STM32WBA55CGU7, STM32WBA55CGU7TR, STM32WBA55G-DK1, STM32WBA55HEF6, STM32WBA55HEF7, STM32WBA55HGF6, STM32WBA55HGF7, STM32WBA55UEI6, STM32WBA55UEI6TR, STM32WBA55UEI7, STM32WBA55UEI7TR, STM32WBA55UGI6, STM32WBA55UGI6TR, STM32WBA55UGI7, STM32WBA55UGI7TR, STM32WL5MOCH6, STM32WL5MOCH6TR]
2024-09-19 13:41:02,380 [INFO] BoardInfo:889 - No configuration file found for board P-NUCLEO-WB55
2024-09-19 13:41:02,383 [INFO] DbBoards:161 - Kit is not supported: P-NUCLEO-WB55
2024-09-19 13:41:02,387 [INFO] BoardInfo:889 - No configuration file found for board STEVAL-BFA001V1B
2024-09-19 13:41:02,388 [INFO] DbBoards:161 - Kit is not supported: STEVAL-BFA001V1B
2024-09-19 13:41:02,389 [INFO] BoardInfo:889 - No configuration file found for board STEVAL-BFA001V2B
2024-09-19 13:41:02,389 [INFO] DbBoards:161 - Kit is not supported: STEVAL-BFA001V2B
2024-09-19 13:41:02,509 [INFO] DbBoards:168 - Found 201 boards, 198 are supported
2024-09-19 13:41:02,509 [INFO] DbBoards:169 - Found 201 boards, 25 of them is supported for  Bsp
2024-09-19 13:41:02,513 [INFO] ApiDb:414 - User favorites file not found: /Users/kitton/.stm32cubeide/favorites.boards.txt
2024-09-19 13:41:02,513 [INFO] DbBoards:198 - Set 0 / 0 favorites Boards
2024-09-19 13:41:02,517 [INFO] ApiDb:668 - CubeFinder database Data Model version=2.1
2024-09-19 13:41:02,517 [INFO] ApiDb:669 - CubeFinder database Configuration version=3.0.39
2024-09-19 13:41:02,518 [INFO] ApiDb:670 - CubeFinder database generation date=2024-09-16 (1726485674)
2024-09-19 13:41:02,518 [INFO] ApiDb:671 - CubeFinder database FW Pack versions=[FP-ATR-ASTRA1_V2.0.0, FP-SNS-FLIGHT1_V5.0.2, FP-SNS-MOTENV1_V5.0.0, FP-SNS-MOTENVWB1_V1.4.0, FP-SNS-SMARTAG2_V1.2.0, FP-SNS-STBOX1_V2.0.0, STM32Cube_FW_C0_V1.2.0, STM32Cube_FW_F4_V1.28.1, STM32Cube_FW_F7_V1.17.2, STM32Cube_FW_G0_V1.6.2, STM32Cube_FW_G4_V1.6.0, STM32Cube_FW_H5_V1.3.0, STM32Cube_FW_H7RS_V1.1.0, STM32Cube_FW_H7_V1.11.2, STM32Cube_FW_L0_V1.12.2, STM32Cube_FW_L5_V1.5.1, STM32Cube_FW_U0_V1.1.0, STM32Cube_FW_U5_V1.6.0, STM32Cube_FW_WB0_V1.0.0, STM32Cube_FW_WBA_V1.4.1, STM32Cube_FW_WB_V1.20.0, STM32Cube_FW_WL_V1.3.0, X-CUBE-ALGOBUILD_V1.4.0, X-CUBE-ALS_V1.0.2, X-CUBE-AZRTOS-F4_V1.1.0, X-CUBE-AZRTOS-F7_V1.1.0, X-CUBE-AZRTOS-G0_V1.1.0, X-CUBE-AZRTOS-G4_V2.0.0, X-CUBE-AZRTOS-H7RS_V1.0.0, X-CUBE-AZRTOS-H7_V3.2.0, X-CUBE-AZRTOS-L4_V2.0.0, X-CUBE-AZRTOS-L5_V2.0.0, X-CUBE-AZRTOS-WB_V2.0.0, X-CUBE-AZRTOS-WL_V2.0.0, X-CUBE-BLE1_V7.0.0, X-CUBE-BLE2_V3.3.0, X-CUBE-BLEMGR_V3.1.0, X-CUBE-EEPRMA1_V5.1.0, X-CUBE-FREERTOS_V1.2.0, X-CUBE-GNSS1_V6.0.0, X-CUBE-MEMS1_V11.0.0, X-CUBE-NFC4_V3.0.0, X-CUBE-NFC7_V1.0.1, X-CUBE-SFXS2LP1_V4.0.0, X-CUBE-SUBG2_V5.0.0, X-CUBE-TOF1_V3.4.2]
2024-09-19 13:41:03,230 [ERROR] DbExamplesSqlite:437 - Missing JSON key: board_cpn
2024-09-19 13:41:03,231 [ERROR] DbExamplesSqlite:437 - Missing JSON key: board_cpn
2024-09-19 13:41:03,232 [ERROR] DbExamplesSqlite:437 - Missing JSON key: board_cpn
2024-09-19 13:41:03,232 [ERROR] DbExamplesSqlite:437 - Missing JSON key: board_cpn
2024-09-19 13:41:03,358 [ERROR] DbExamplesSqlite:437 - Missing JSON key: board_cpn
2024-09-19 13:41:03,358 [ERROR] DbExamplesSqlite:437 - Missing JSON key: board_cpn
2024-09-19 13:41:03,359 [ERROR] DbExamplesSqlite:437 - Missing JSON key: board_cpn
2024-09-19 13:41:03,359 [ERROR] DbExamplesSqlite:437 - Missing JSON key: board_cpn
2024-09-19 13:41:03,359 [ERROR] DbExamplesSqlite:437 - Missing JSON key: board_cpn
2024-09-19 13:41:03,359 [ERROR] DbExamplesSqlite:437 - Missing JSON key: board_cpn
2024-09-19 13:41:03,359 [ERROR] DbExamplesSqlite:437 - Missing JSON key: board_cpn
2024-09-19 13:41:03,359 [ERROR] DbExamplesSqlite:437 - Missing JSON key: board_cpn
2024-09-19 13:41:03,359 [ERROR] DbExamplesSqlite:437 - Missing JSON key: board_cpn
2024-09-19 13:41:03,361 [INFO] DbExamplesSqlite:395 - Ignored 28 examples not supported by CubeIDE
2024-09-19 13:41:03,362 [INFO] DbExamplesSqlite:396 - Found 8614 examples active
2024-09-19 13:41:03,362 [INFO] DbExamplesSqlite:397 - Found 0 examples obsolete
2024-09-19 13:41:03,362 [INFO] DbExamplesSqlite:398 - Found 0 examples under development
2024-09-19 13:41:03,363 [INFO] DbExamplesSqlite:399 - Found 10 examples not building
2024-09-19 13:41:03,366 [INFO] DbExamples:125 - Found 8596 examples
2024-09-19 13:41:03,386 [INFO] DbExamples:222 - Found 108 boards with related examples
2024-09-19 13:41:03,387 [INFO] DbExamples:235 - Found 90 MCUs with related examples
2024-09-19 13:41:03,407 [INFO] ApiDb:414 - User favorites file not found: /Users/kitton/.stm32cubeide/favorites.examples.txt
2024-09-19 13:41:03,408 [INFO] DbExamples:250 - Set 0 / 0 favorites Examples
2024-09-19 13:41:04,017 [INFO] McuFinderGlobals:76 - Set McuFinderConnectedMode to true
2024-09-19 13:41:04,026 [INFO] MultiScanPanel:200 - Auto-refresh data requested => check proxy status ongoing
2024-09-19 13:41:04,028 [INFO] FinderPluginLoader:95 - Searching for filters in installed packs
2024-09-19 13:41:06,027 [INFO] LoadUrlFilesThread:185 - End of LoadServerUrlFiles without Thread
2024-09-19 13:41:06,093 [INFO] DetailPanel:341 - Set advertising image to /Users/kitton/STM32Cube/Repository//en.prom-stm32c071-usb-memories-mcu-finder.png
2024-09-19 13:41:37,388 [INFO] MainUpdater:2873 - connection check result : 10
2024-09-19 13:41:37,389 [INFO] MainUpdater:2873 - connection check result : 10
2024-09-19 13:41:56,664 [INFO] RulesReader:64 - Compatibility file has been processed (297 Rules)
2024-09-19 13:41:56,676 [INFO] RulesReader:64 - Compatibility file has been processed (297 Rules)
2024-09-19 13:41:56,684 [INFO] MicroXplorer:468 - Change Database Path : 
2024-09-19 13:41:56,685 [INFO] MicroXplorer:498 - Change Database Version : DB.6.0.120
2024-09-19 13:41:56,691 [WARN] ThirdParty:871 - waiting for thirdparty lock release [close project]
2024-09-19 13:41:56,691 [INFO] ThirdParty:873 - entering critical section [close project]
2024-09-19 13:41:56,695 [INFO] ThirdParty:883 - exiting critical section [close project]
2024-09-19 13:41:56,699 [INFO] PinOutPanel:1561 - setPackage(No Configuration,No Configuration)
2024-09-19 13:41:56,720 [INFO] UtilMem:75 - Begin LoadConfig() Used Memory: 768815456 Bytes (1073741824)
2024-09-19 13:41:56,724 [INFO] MicroXplorer:468 - Change Database Path : 
2024-09-19 13:41:56,724 [INFO] MicroXplorer:498 - Change Database Version : DB.6.0.120
2024-09-19 13:41:56,725 [INFO] OpenFileManager:332 - Change cursor
2024-09-19 13:41:56,821 [INFO] Mcu:2032 - Initializing MCU STM32F767ZITx STM32F767ZITx STM32F767ZIT6
2024-09-19 13:41:59,685 [INFO] Context:742 - Trying to add GPIOservice into a context  which must be forbidden
2024-09-19 13:42:00,915 [INFO] ImportTextPane:205 - (OptionalMessage_ERROR) Unable to find key (Mcu.ThirdPartyNb) in loaded IOC file
2024-09-19 13:42:00,917 [INFO] ImportTextPane:205 - (OptionalMessage_ERROR) Unable to find key (Mcu.PinsNb) in loaded IOC file
2024-09-19 13:42:00,917 [INFO] ImportTextPane:205 - (OptionalMessage_ERROR) Unable to find key (Mcu.IPNb) in loaded IOC file
2024-09-19 13:42:01,223 [INFO] RtosManager:555 - Registered RTOS mode: class=CMSIS, group=RTOS, mode=CMSIS_V1, owner=FREERTOS
2024-09-19 13:42:01,226 [INFO] RtosManager:555 - Registered RTOS mode: class=CMSIS, group=RTOS2, mode=CMSIS_V2, owner=FREERTOS
2024-09-19 13:42:01,226 [INFO] RtosManager:555 - Registered RTOS mode: class=RTOS, group=Core, mode=CMSIS_V1, owner=FREERTOS
2024-09-19 13:42:01,226 [INFO] RtosManager:555 - Registered RTOS mode: class=RTOS, group=Core, mode=CMSIS_V2, owner=FREERTOS
2024-09-19 13:42:01,230 [WARN] ModelIntegratedComponent:184 - Missing modes for component STMicroelectronics:FreeRTOS:0.0.1:STMicroelectronics:RTOS:FreeRTOS:Core:::10.2.0:
2024-09-19 13:42:01,255 [WARN] ModelIntegratedComponent:63 - No mode defined for component null
2024-09-19 13:42:01,255 [WARN] ModelIntegratedComponent:63 - No mode defined for component null
2024-09-19 13:42:01,255 [WARN] ModelIntegratedComponent:63 - No mode defined for component null
2024-09-19 13:42:01,255 [WARN] ModelIntegratedComponent:63 - No mode defined for component null
2024-09-19 13:42:01,255 [WARN] ModelIntegratedComponent:63 - No mode defined for component null
2024-09-19 13:42:01,255 [WARN] ModelIntegratedComponent:63 - No mode defined for component null
2024-09-19 13:42:01,255 [WARN] ModelIntegratedComponent:63 - No mode defined for component null
2024-09-19 13:42:01,255 [WARN] ModelIntegratedComponent:63 - No mode defined for component null
2024-09-19 13:42:01,255 [WARN] ModelIntegratedComponent:63 - No mode defined for component null
2024-09-19 13:42:01,256 [WARN] ModelIntegratedComponent:63 - No mode defined for component null
2024-09-19 13:42:01,256 [WARN] ModelIntegratedComponent:63 - No mode defined for component null
2024-09-19 13:42:01,256 [WARN] ModelIntegratedComponent:63 - No mode defined for component null
2024-09-19 13:42:01,256 [WARN] ModelIntegratedComponent:63 - No mode defined for component null
2024-09-19 13:42:01,256 [WARN] ModelIntegratedComponent:63 - No mode defined for component null
2024-09-19 13:42:01,256 [WARN] ModelIntegratedComponent:63 - No mode defined for component null
2024-09-19 13:42:01,257 [WARN] ModelIntegratedComponent:63 - No mode defined for component null
2024-09-19 13:42:01,257 [WARN] ModelIntegratedComponent:63 - No mode defined for component null
2024-09-19 13:42:01,257 [WARN] ModelIntegratedComponent:63 - No mode defined for component null
2024-09-19 13:42:01,257 [WARN] ModelIntegratedComponent:63 - No mode defined for component null
2024-09-19 13:42:01,257 [WARN] ModelIntegratedComponent:63 - No mode defined for component null
2024-09-19 13:42:01,257 [WARN] ModelIntegratedComponent:63 - No mode defined for component null
2024-09-19 13:42:01,257 [WARN] ModelIntegratedComponent:63 - No mode defined for component null
2024-09-19 13:42:01,257 [WARN] ModelIntegratedComponent:63 - No mode defined for component null
2024-09-19 13:42:01,257 [WARN] ModelIntegratedComponent:63 - No mode defined for component null
2024-09-19 13:42:01,257 [WARN] ModelIntegratedComponent:63 - No mode defined for component null
2024-09-19 13:42:01,257 [WARN] ModelIntegratedComponent:63 - No mode defined for component null
2024-09-19 13:42:01,257 [WARN] ModelIntegratedComponent:63 - No mode defined for component null
2024-09-19 13:42:01,257 [WARN] ModelIntegratedComponent:63 - No mode defined for component null
2024-09-19 13:42:01,257 [WARN] ModelIntegratedComponent:63 - No mode defined for component null
2024-09-19 13:42:01,257 [WARN] ModelIntegratedComponent:63 - No mode defined for component null
2024-09-19 13:42:01,257 [WARN] ModelIntegratedComponent:63 - No mode defined for component null
2024-09-19 13:42:01,257 [WARN] ModelIntegratedComponent:63 - No mode defined for component null
2024-09-19 13:42:01,258 [WARN] ModelIntegratedComponent:63 - No mode defined for component null
2024-09-19 13:42:01,258 [WARN] ModelIntegratedComponent:63 - No mode defined for component null
2024-09-19 13:42:01,258 [WARN] ModelIntegratedComponent:63 - No mode defined for component null
2024-09-19 13:42:01,258 [WARN] ModelPack:524 - Component already loaded: STMicroelectronics:HAL Drivers:0.0.0:STMicroelectronics:Device:STMicro_Driver:XSPI:HAL::0.0.1:HAL_XSPI
2024-09-19 13:42:01,302 [INFO] ThirdPartyModel:298 - Start build external matchings
2024-09-19 13:42:01,751 [INFO] ThirdPartyModel:316 - End build external matchings
2024-09-19 13:42:02,321 [INFO] UtilMem:75 - End LoadConfig() Used Memory: 897478616 Bytes (1073741824)
2024-09-19 13:42:02,356 [WARN] ThirdParty:833 - waiting for thirdparty lock release [change project]
2024-09-19 13:42:02,361 [INFO] ThirdParty:835 - entering critical section [change project]
2024-09-19 13:42:02,362 [INFO] ThirdParty:1030 - CMSIS Pack Vendor :STMicroelectronics USBPD 4.1
2024-09-19 13:42:02,362 [INFO] ThirdParty:1030 - CMSIS Pack Vendor :STMicroelectronics X-CUBE-AZRTOS-H7 3.3.0
2024-09-19 13:42:02,362 [INFO] ThirdParty:1030 - CMSIS Pack Vendor :STMicroelectronics X-CUBE-GNSS1 6.0.0
2024-09-19 13:42:02,362 [INFO] ThirdParty:1030 - CMSIS Pack Vendor :STMicroelectronics USB_HOST 2.0.0
2024-09-19 13:42:02,362 [INFO] ThirdParty:1030 - CMSIS Pack Vendor :STMicroelectronics FP-SNS-MOTENVWB1 1.4.0
2024-09-19 13:42:02,362 [INFO] ThirdParty:1030 - CMSIS Pack Vendor :STMicroelectronics X-CUBE-AZRTOS-F4 1.1.0
2024-09-19 13:42:02,363 [INFO] ThirdParty:1030 - CMSIS Pack Vendor :STMicroelectronics LIBJPEG 8.0.0
2024-09-19 13:42:02,363 [INFO] ThirdParty:1030 - CMSIS Pack Vendor :STMicroelectronics X-CUBE-SMBUS 2.1.0
2024-09-19 13:42:02,363 [INFO] ThirdParty:1030 - CMSIS Pack Vendor :STMicroelectronics USB_DEVICE 3.0.0
2024-09-19 13:42:02,363 [INFO] ThirdParty:1030 - CMSIS Pack Vendor :STMicroelectronics X-CUBE-TCPP 4.1.0
2024-09-19 13:42:02,363 [INFO] ThirdParty:1030 - CMSIS Pack Vendor :STMicroelectronics X-CUBE-ISPU 2.1.0
2024-09-19 13:42:02,363 [INFO] ThirdParty:1030 - CMSIS Pack Vendor :STMicroelectronics X-CUBE-FREERTOS 1.2.0
2024-09-19 13:42:02,363 [INFO] ThirdParty:1030 - CMSIS Pack Vendor :STMicroelectronics X-CUBE-AZRTOS-WB 2.0.0
2024-09-19 13:42:02,363 [INFO] ThirdParty:1030 - CMSIS Pack Vendor :STMicroelectronics X-CUBE-GNSS1 7.0.0
2024-09-19 13:42:02,363 [INFO] ThirdParty:1030 - CMSIS Pack Vendor :STMicroelectronics X-CUBE-AZRTOS-F7 1.1.0
2024-09-19 13:42:02,363 [INFO] ThirdParty:1030 - CMSIS Pack Vendor :STMicroelectronics X-CUBE-AZRTOS-L5 2.0.0
2024-09-19 13:42:02,363 [INFO] ThirdParty:1030 - CMSIS Pack Vendor :STMicroelectronics USB_DEVICE 2.0.0
2024-09-19 13:42:02,363 [INFO] ThirdParty:1030 - CMSIS Pack Vendor :STMicroelectronics X-CUBE-NFC6 3.1.0
2024-09-19 13:42:02,363 [INFO] ThirdParty:1030 - CMSIS Pack Vendor :STMicroelectronics X-CUBE-MEMS1 11.0.0
2024-09-19 13:42:02,364 [INFO] ThirdParty:1030 - CMSIS Pack Vendor :STMicroelectronics FreeRTOS 0.0.1
2024-09-19 13:42:02,370 [INFO] ThirdParty:1030 - CMSIS Pack Vendor :STMicroelectronics X-CUBE-AZRTOS-G0 1.1.0
2024-09-19 13:42:02,371 [INFO] ThirdParty:1030 - CMSIS Pack Vendor :STMicroelectronics X-CUBE-SAFEA1 1.2.2
2024-09-19 13:42:02,372 [INFO] ThirdParty:1030 - CMSIS Pack Vendor :STMicroelectronics X-CUBE-NFC4 3.0.0
2024-09-19 13:42:02,372 [INFO] ThirdParty:1030 - CMSIS Pack Vendor :STMicroelectronics X-CUBE-SUBG2 5.0.0
2024-09-19 13:42:02,372 [INFO] ThirdParty:1030 - CMSIS Pack Vendor :STMicroelectronics STM32_WPAN 1.0.0
2024-09-19 13:42:02,372 [INFO] ThirdParty:1030 - CMSIS Pack Vendor :EmbeddedOffice I-CUBE-FS-RTOS 1.0.1
2024-09-19 13:42:02,372 [INFO] ThirdParty:1030 - CMSIS Pack Vendor :STMicroelectronics lwIP 2.0.3
2024-09-19 13:42:02,372 [INFO] ThirdParty:1030 - CMSIS Pack Vendor :STMicroelectronics FP-SNS-FLIGHT1 5.0.2
2024-09-19 13:42:02,372 [INFO] ThirdParty:1030 - CMSIS Pack Vendor :Cesanta I-CUBE-Mongoose 7.13.0
2024-09-19 13:42:02,372 [INFO] ThirdParty:1030 - CMSIS Pack Vendor :STMicroelectronics USB_HOST 1.0.0
2024-09-19 13:42:02,372 [INFO] ThirdParty:1030 - CMSIS Pack Vendor :STMicroelectronics X-CUBE-AI 9.0.0
2024-09-19 13:42:02,372 [INFO] ThirdParty:1030 - CMSIS Pack Vendor :STMicroelectronics X-CUBE-AZRTOS-G4 2.0.0
2024-09-19 13:42:02,372 [INFO] ThirdParty:1030 - CMSIS Pack Vendor :STMicroelectronics PDM2PCM 3.1.0
2024-09-19 13:42:02,372 [INFO] ThirdParty:1030 - CMSIS Pack Vendor :STMicroelectronics PDM2PCM 3.3.0
2024-09-19 13:42:02,372 [INFO] ThirdParty:1030 - CMSIS Pack Vendor :STMicroelectronics X-CUBE-DISPLAY 3.0.0
2024-09-19 13:42:02,372 [INFO] ThirdParty:1030 - CMSIS Pack Vendor :RealThread X-CUBE-RT-Thread_Nano 4.1.1
2024-09-19 13:42:02,373 [INFO] ThirdParty:1030 - CMSIS Pack Vendor :STMicroelectronics X-CUBE-BLE1 7.0.0
2024-09-19 13:42:02,373 [INFO] ThirdParty:1030 - CMSIS Pack Vendor :STMicroelectronics FP-ATR-SIGFOX1 3.2.0
2024-09-19 13:42:02,373 [INFO] ThirdParty:1030 - CMSIS Pack Vendor :wolfSSL I-CUBE-wolfSSL 5.7.2
2024-09-19 13:42:02,373 [INFO] ThirdParty:1030 - CMSIS Pack Vendor :STMicroelectronics X-CUBE-ISPU 2.0.0
2024-09-19 13:42:02,373 [INFO] ThirdParty:1030 - CMSIS Pack Vendor :STMicroelectronics X-CUBE-EEPRMA1 5.1.0
2024-09-19 13:42:02,373 [INFO] ThirdParty:1030 - CMSIS Pack Vendor :STMicroelectronics HAL Drivers 0.0.0
2024-09-19 13:42:02,373 [INFO] ThirdParty:1030 - CMSIS Pack Vendor :STMicroelectronics MBEDTLS 2.16.2
2024-09-19 13:42:02,373 [INFO] ThirdParty:1030 - CMSIS Pack Vendor :STMicroelectronics X-CUBE-ALS 1.0.2
2024-09-19 13:42:02,373 [INFO] ThirdParty:1030 - CMSIS Pack Vendor :emotas I-CUBE-CANOPEN 1.3.0
2024-09-19 13:42:02,373 [INFO] ThirdParty:1030 - CMSIS Pack Vendor :STMicroelectronics X-CUBE-NFC7 1.0.1
2024-09-19 13:42:02,373 [INFO] ThirdParty:1030 - CMSIS Pack Vendor :STMicroelectronics MBEDTLS 2.14.1
2024-09-19 13:42:02,373 [INFO] ThirdParty:1030 - CMSIS Pack Vendor :STMicroelectronics X-CUBE-TOUCHGFX 4.24.0
2024-09-19 13:42:02,373 [INFO] ThirdParty:1030 - CMSIS Pack Vendor :ITTIA_DB I-CUBE-ITTIADB 8.9.0
2024-09-19 13:42:02,373 [INFO] ThirdParty:1030 - CMSIS Pack Vendor :wolfSSL I-CUBE-wolfTPM 3.4.0
2024-09-19 13:42:02,373 [INFO] ThirdParty:1030 - CMSIS Pack Vendor :portGmbH I-Cube-SoM-uGOAL 1.1.0
2024-09-19 13:42:02,373 [INFO] ThirdParty:1030 - CMSIS Pack Vendor :STMicroelectronics X-CUBE-BLEMGR 3.1.0
2024-09-19 13:42:02,373 [INFO] ThirdParty:1030 - CMSIS Pack Vendor :STMicroelectronics ThreadX 1.0.0
2024-09-19 13:42:02,373 [INFO] ThirdParty:1030 - CMSIS Pack Vendor :STMicroelectronics FP-SNS-SMARTAG2 1.2.0
2024-09-19 13:42:02,373 [INFO] ThirdParty:1030 - CMSIS Pack Vendor :STMicroelectronics X-CUBE-AZRTOS-WL 2.0.0
2024-09-19 13:42:02,373 [INFO] ThirdParty:1030 - CMSIS Pack Vendor :SEGGER I-CUBE-embOS 1.3.1
2024-09-19 13:42:02,373 [INFO] ThirdParty:1030 - CMSIS Pack Vendor :STMicroelectronics X-CUBE-ALGOBUILD 1.4.0
2024-09-19 13:42:02,373 [INFO] ThirdParty:1030 - CMSIS Pack Vendor :STMicroelectronics FP-SNS-MOTENV1 5.0.0
2024-09-19 13:42:02,373 [INFO] ThirdParty:1030 - CMSIS Pack Vendor :STMicroelectronics USB_DEVICE 1.0.0
2024-09-19 13:42:02,373 [INFO] ThirdParty:1030 - CMSIS Pack Vendor :STMicroelectronics X-CUBE-AZRTOS-H7RS 1.0.0
2024-09-19 13:42:02,373 [INFO] ThirdParty:1030 - CMSIS Pack Vendor :wolfSSL I-CUBE-wolfMQTT 1.19.0
2024-09-19 13:42:02,373 [INFO] ThirdParty:1030 - CMSIS Pack Vendor :STMicroelectronics X-CUBE-AZRTOS-L4 2.0.0
2024-09-19 13:42:02,373 [INFO] ThirdParty:1030 - CMSIS Pack Vendor :STMicroelectronics ThreadX 0.0.2
2024-09-19 13:42:02,373 [INFO] ThirdParty:1030 - CMSIS Pack Vendor :WES I-CUBE-Cesium 1.3.0
2024-09-19 13:42:02,373 [INFO] ThirdParty:1030 - CMSIS Pack Vendor :STMicroelectronics FP-ATR-ASTRA1 2.0.0
2024-09-19 13:42:02,373 [INFO] ThirdParty:1030 - CMSIS Pack Vendor :STMicroelectronics lwIP 2.1.2
2024-09-19 13:42:02,373 [INFO] ThirdParty:1030 - CMSIS Pack Vendor :STMicroelectronics X-CUBE-SFXS2LP1 4.0.0
2024-09-19 13:42:02,373 [INFO] ThirdParty:1030 - CMSIS Pack Vendor :STMicroelectronics X-CUBE-BLE2 3.3.0
2024-09-19 13:42:02,373 [INFO] ThirdParty:1030 - CMSIS Pack Vendor :STMicroelectronics X-CUBE-TOF1 3.4.2
2024-09-19 13:42:02,373 [INFO] ThirdParty:1030 - CMSIS Pack Vendor :Infineon AIROC-Wi-Fi-Bluetooth-STM32 1.6.1
2024-09-19 13:42:02,373 [INFO] ThirdParty:1030 - CMSIS Pack Vendor :STMicroelectronics PDM2PCM 3.2.0
2024-09-19 13:42:02,374 [INFO] ThirdParty:1030 - CMSIS Pack Vendor :wolfSSL I-CUBE-wolfSSH 1.4.17
2024-09-19 13:42:02,375 [INFO] ThirdParty:841 - exiting critical section [change project]
2024-09-19 13:42:03,367 [INFO] PinOutPanel:1561 - setPackage(No Configuration,No Configuration)
2024-09-19 13:42:03,386 [INFO] PinOutPanel:1561 - setPackage(STM32F767ZITx,LQFP144)
2024-09-19 13:42:04,491 [INFO] UtilMem:75 - Before build in PCC Used Memory: 731897704 Bytes (1073741824)
2024-09-19 13:42:05,829 [INFO] UtilMem:75 - After build in PCC Used Memory: 707524600 Bytes (1073741824)
2024-09-19 13:42:05,937 [INFO] IPUIPlugin:80 - create IPUIPlugin
2024-09-19 13:42:05,937 [INFO] IPUIPlugin:80 - create IPUIPlugin
2024-09-19 13:42:05,937 [INFO] IPUIPlugin:80 - create IPUIPlugin
2024-09-19 13:42:06,000 [INFO] IPUIPlugin:80 - create IPUIPlugin
2024-09-19 13:42:06,017 [INFO] IPUIPlugin:80 - create IPUIPlugin
2024-09-19 13:42:06,017 [INFO] IPUIPlugin:80 - create IPUIPlugin
2024-09-19 13:42:06,017 [INFO] IPUIPlugin:80 - create IPUIPlugin
2024-09-19 13:42:06,017 [INFO] IPUIPlugin:80 - create IPUIPlugin
2024-09-19 13:42:06,019 [INFO] IPUIPlugin:80 - create IPUIPlugin
2024-09-19 13:42:06,019 [INFO] IPUIPlugin:80 - create IPUIPlugin
2024-09-19 13:42:06,019 [INFO] IPUIPlugin:80 - create IPUIPlugin
2024-09-19 13:42:06,020 [INFO] IPUIPlugin:80 - create IPUIPlugin
2024-09-19 13:42:06,029 [INFO] IPUIPlugin:80 - create IPUIPlugin
2024-09-19 13:42:06,030 [INFO] IPUIPlugin:80 - create IPUIPlugin
2024-09-19 13:42:06,030 [INFO] IPUIPlugin:80 - create IPUIPlugin
2024-09-19 13:42:06,031 [INFO] IPUIPlugin:80 - create IPUIPlugin
2024-09-19 13:42:06,031 [INFO] IPUIPlugin:80 - create IPUIPlugin
2024-09-19 13:42:06,031 [INFO] IPUIPlugin:80 - create IPUIPlugin
2024-09-19 13:42:06,032 [INFO] IPUIPlugin:80 - create IPUIPlugin
2024-09-19 13:42:06,032 [INFO] IPUIPlugin:80 - create IPUIPlugin
2024-09-19 13:42:06,033 [INFO] IPUIPlugin:80 - create IPUIPlugin
2024-09-19 13:42:06,033 [INFO] IPUIPlugin:80 - create IPUIPlugin
2024-09-19 13:42:06,033 [INFO] IPUIPlugin:80 - create IPUIPlugin
2024-09-19 13:42:06,033 [INFO] IPUIPlugin:80 - create IPUIPlugin
2024-09-19 13:42:06,033 [INFO] IPUIPlugin:80 - create IPUIPlugin
2024-09-19 13:42:06,033 [INFO] IPUIPlugin:80 - create IPUIPlugin
2024-09-19 13:42:06,034 [INFO] IPUIPlugin:80 - create IPUIPlugin
2024-09-19 13:42:06,034 [INFO] IPUIPlugin:80 - create IPUIPlugin
2024-09-19 13:42:06,034 [INFO] IPUIPlugin:80 - create IPUIPlugin
2024-09-19 13:42:06,035 [INFO] IPUIPlugin:80 - create IPUIPlugin
2024-09-19 13:42:06,036 [INFO] IPUIPlugin:80 - create IPUIPlugin
2024-09-19 13:42:06,036 [INFO] IPUIPlugin:80 - create IPUIPlugin
2024-09-19 13:42:06,036 [INFO] IPUIPlugin:80 - create IPUIPlugin
2024-09-19 13:42:06,037 [INFO] IPUIPlugin:80 - create IPUIPlugin
2024-09-19 13:42:06,037 [INFO] IPUIPlugin:80 - create IPUIPlugin
2024-09-19 13:42:06,037 [INFO] IPUIPlugin:80 - create IPUIPlugin
2024-09-19 13:42:06,038 [INFO] IPUIPlugin:80 - create IPUIPlugin
2024-09-19 13:42:06,044 [INFO] IPUIPlugin:80 - create IPUIPlugin
2024-09-19 13:42:06,044 [INFO] IPUIPlugin:80 - create IPUIPlugin
2024-09-19 13:42:06,045 [INFO] IPUIPlugin:80 - create IPUIPlugin
2024-09-19 13:42:06,045 [INFO] IPUIPlugin:80 - create IPUIPlugin
2024-09-19 13:42:06,046 [INFO] IPUIPlugin:80 - create IPUIPlugin
2024-09-19 13:42:06,046 [INFO] IPUIPlugin:80 - create IPUIPlugin
2024-09-19 13:42:06,047 [INFO] IPUIPlugin:80 - create IPUIPlugin
2024-09-19 13:42:06,047 [INFO] IPUIPlugin:80 - create IPUIPlugin
2024-09-19 13:42:06,047 [INFO] IPUIPlugin:80 - create IPUIPlugin
2024-09-19 13:42:06,048 [INFO] IPUIPlugin:80 - create IPUIPlugin
2024-09-19 13:42:06,048 [INFO] IPUIPlugin:80 - create IPUIPlugin
2024-09-19 13:42:06,048 [INFO] IPUIPlugin:80 - create IPUIPlugin
2024-09-19 13:42:06,048 [INFO] IPUIPlugin:80 - create IPUIPlugin
2024-09-19 13:42:06,049 [INFO] IPUIPlugin:80 - create IPUIPlugin
2024-09-19 13:42:06,049 [INFO] IPUIPlugin:80 - create IPUIPlugin
2024-09-19 13:42:06,049 [INFO] IPUIPlugin:80 - create IPUIPlugin
2024-09-19 13:42:06,049 [INFO] IPUIPlugin:80 - create IPUIPlugin
2024-09-19 13:42:06,049 [INFO] IPUIPlugin:80 - create IPUIPlugin
2024-09-19 13:42:06,050 [INFO] IPUIPlugin:80 - create IPUIPlugin
2024-09-19 13:42:06,050 [INFO] IPUIPlugin:80 - create IPUIPlugin
2024-09-19 13:42:06,050 [INFO] IPUIPlugin:80 - create IPUIPlugin
2024-09-19 13:42:06,050 [INFO] IPUIPlugin:80 - create IPUIPlugin
2024-09-19 13:42:06,050 [INFO] IPUIPlugin:80 - create IPUIPlugin
2024-09-19 13:42:06,050 [INFO] IPUIPlugin:80 - create IPUIPlugin
2024-09-19 13:42:06,050 [INFO] IPUIPlugin:80 - create IPUIPlugin
2024-09-19 13:42:06,050 [INFO] IPUIPlugin:80 - create IPUIPlugin
2024-09-19 13:42:06,051 [INFO] IPUIPlugin:80 - create IPUIPlugin
2024-09-19 13:42:06,051 [INFO] IPUIPlugin:80 - create IPUIPlugin
2024-09-19 13:42:06,051 [INFO] IPUIPlugin:80 - create IPUIPlugin
2024-09-19 13:42:06,051 [INFO] IPUIPlugin:80 - create IPUIPlugin
2024-09-19 13:42:06,051 [INFO] IPUIPlugin:80 - create IPUIPlugin
2024-09-19 13:42:06,052 [INFO] IPUIPlugin:80 - create IPUIPlugin
2024-09-19 13:42:06,052 [INFO] IPUIPlugin:80 - create IPUIPlugin
2024-09-19 13:42:06,052 [INFO] IPUIPlugin:80 - create IPUIPlugin
2024-09-19 13:42:06,052 [INFO] IPUIPlugin:80 - create IPUIPlugin
2024-09-19 13:42:06,054 [INFO] IPUIPlugin:80 - create IPUIPlugin
2024-09-19 13:42:06,058 [INFO] IPUIPlugin:80 - create IPUIPlugin
2024-09-19 13:42:06,060 [INFO] IPUIPlugin:80 - create IPUIPlugin
2024-09-19 13:42:06,061 [INFO] IPUIPlugin:80 - create IPUIPlugin
2024-09-19 13:42:06,062 [INFO] IPUIPlugin:80 - create IPUIPlugin
2024-09-19 13:42:06,062 [INFO] IPUIPlugin:80 - create IPUIPlugin
2024-09-19 13:42:06,063 [INFO] IPUIPlugin:80 - create IPUIPlugin
2024-09-19 13:42:06,170 [INFO] ApiDbMcu:508 - Load IP Config File for PDM2PCM
2024-09-19 13:42:06,739 [INFO] CADModel:165 - CPN selected for project levelSTM32F767ZIT6
2024-09-19 13:42:06,741 [INFO] CADModel:114 - Register for checkConnection events
2024-09-19 13:42:06,803 [INFO] OpenFileManager:363 - Restore cursor
2024-09-19 13:42:08,346 [INFO] UtilMem:75 - End SaveConfig() Used Memory: 721667256 Bytes (1073741824)
2024-09-19 13:42:08,430 [INFO] UtilMem:75 - End SaveConfig() Used Memory: 752594936 Bytes (1073741824)
2024-09-19 13:42:09,334 [INFO] BlockDiagram:2766 - set Specific Code input for plugin: RCC
2024-09-19 13:42:09,337 [INFO] BlockDiagram:2766 - set Specific Code input for plugin: NVIC
2024-09-19 13:42:09,337 [INFO] BlockDiagram:2766 - set Specific Code input for plugin: CORTEX_M7
2024-09-19 13:42:09,342 [INFO] CodeGenerator:807 - code generatio: config db path: /Applications/STM32CubeIDE.app/Contents/Eclipse/plugins/com.st.stm32cube.common.mx_6.12.0.202406281431//db/
2024-09-19 13:42:09,590 [INFO] CodeEngine:255 - oldGeneratedFile, /Users/kitton/STM32CubeIDE/MAD_LAB/Lab08/MXTmpFiles/license.tmp_save
2024-09-19 13:42:10,181 [INFO] CodeEngine:279 - Generated code: /Users/kitton/STM32CubeIDE/MAD_LAB/Lab08/MXTmpFiles/license.tmp
2024-09-19 13:42:10,336 [INFO] CodeEngine:255 - oldGeneratedFile, /Users/kitton/STM32CubeIDE/MAD_LAB/Lab08/MXTmpFiles/cortex.tmp_save
2024-09-19 13:42:10,558 [INFO] CodeEngine:279 - Generated code: /Users/kitton/STM32CubeIDE/MAD_LAB/Lab08/MXTmpFiles/cortex.tmp
2024-09-19 13:42:10,564 [INFO] CodeEngine:255 - oldGeneratedFile, /Users/kitton/STM32CubeIDE/MAD_LAB/Lab08/Core/Src/stm32f7xx_it.c_save
2024-09-19 13:42:10,786 [INFO] CodeEngine:279 - Generated code: /Users/kitton/STM32CubeIDE/MAD_LAB/Lab08/Core/Src/stm32f7xx_it.c
2024-09-19 13:42:10,787 [INFO] CodeEngine:255 - oldGeneratedFile, /Users/kitton/STM32CubeIDE/MAD_LAB/Lab08/Core/Inc/stm32f7xx_it.h_save
2024-09-19 13:42:10,873 [INFO] CodeEngine:279 - Generated code: /Users/kitton/STM32CubeIDE/MAD_LAB/Lab08/Core/Inc/stm32f7xx_it.h
2024-09-19 13:42:10,895 [INFO] CodeEngine:255 - oldGeneratedFile, /Users/kitton/STM32CubeIDE/MAD_LAB/Lab08/Core/Src/stm32f7xx_hal_msp.c_save
2024-09-19 13:42:11,045 [INFO] CodeEngine:279 - Generated code: /Users/kitton/STM32CubeIDE/MAD_LAB/Lab08/Core/Src/stm32f7xx_hal_msp.c
2024-09-19 13:42:11,046 [INFO] CodeEngine:255 - oldGeneratedFile, /Users/kitton/STM32CubeIDE/MAD_LAB/Lab08/MXTmpFiles/system.tmp_save
2024-09-19 13:42:11,132 [INFO] CodeEngine:279 - Generated code: /Users/kitton/STM32CubeIDE/MAD_LAB/Lab08/MXTmpFiles/system.tmp
2024-09-19 13:42:11,145 [INFO] CodeEngine:311 - oldGeneratedFile, /Users/kitton/STM32CubeIDE/MAD_LAB/Lab08/Core/Inc/stm32f7xx_hal_conf.h_save
2024-09-19 13:42:11,297 [INFO] CodeEngine:335 - Generated code: /Users/kitton/STM32CubeIDE/MAD_LAB/Lab08/Core/Inc/stm32f7xx_hal_conf.h
2024-09-19 13:42:11,422 [INFO] CodeEngine:255 - oldGeneratedFile, /Users/kitton/STM32CubeIDE/MAD_LAB/Lab08/Core/Inc/main.h_save
2024-09-19 13:42:11,631 [INFO] CodeEngine:279 - Generated code: /Users/kitton/STM32CubeIDE/MAD_LAB/Lab08/Core/Inc/main.h
2024-09-19 13:42:11,634 [INFO] CodeEngine:255 - oldGeneratedFile, /Users/kitton/STM32CubeIDE/MAD_LAB/Lab08/Core/Src/main.c_save
2024-09-19 13:42:12,072 [INFO] CodeEngine:279 - Generated code: /Users/kitton/STM32CubeIDE/MAD_LAB/Lab08/Core/Src/main.c
2024-09-19 13:42:12,398 [INFO] ProjectBuilder:3249 - Time for Copy HAL[1] : 61mS.
2024-09-19 13:42:12,405 [INFO] ProjectBuilder:4828 - Project Generator version: 4.4.0-B60
2024-09-19 13:42:12,706 [INFO] ConfigFileManager:1531 - The Die is : DIE451
2024-09-19 13:42:12,739 [INFO] ApiDbMcu:508 - Load IP Config File for FATFS
2024-09-19 13:42:12,764 [INFO] ApiDbMcu:508 - Load IP Config File for FREERTOS
2024-09-19 13:42:12,775 [INFO] ApiDbMcu:508 - Load IP Config File for LIBJPEG
2024-09-19 13:42:12,809 [INFO] ApiDbMcu:508 - Load IP Config File for LWIP
2024-09-19 13:42:12,831 [INFO] ApiDbMcu:508 - Load IP Config File for MBEDTLS
2024-09-19 13:42:12,876 [INFO] ApiDbMcu:508 - Load IP Config File for USB_DEVICE
2024-09-19 13:42:12,895 [INFO] ApiDbMcu:508 - Load IP Config File for USB_HOST
2024-09-19 13:42:13,481 [INFO] LogOutputStream:77 - [STDOUT_REDIRECT] 
2024-09-19 13:42:17,996 [INFO] ProjectBuilder:5097 - Time for Generating toolchain IDE Files: 5584mS.
2024-09-19 13:42:18,032 [INFO] ProjectBuilder:3107 - Time for Copy CMSIS : 1mS.
2024-09-19 13:42:18,033 [INFO] ProjectBuilder:3107 - Time for Copy CMSIS : 0mS.
2024-09-19 13:42:19,309 [INFO] McuFinderGlobals:76 - Set McuFinderConnectedMode to true
2024-09-19 13:42:19,328 [INFO] ApiDb:448 - Save user favorites file /Users/kitton/.stm32cubeide/favorites.mcus.txt: 1 item(s)
2024-09-19 13:42:19,328 [INFO] ApiDb:452 - User favorites MCUs=[STM32F767ZIT6]
2024-09-19 13:47:53,641 [INFO] Gpio:277 - dependency for GPIO []
2024-09-19 13:48:01,138 [INFO] UtilMem:75 - End SaveConfig() Used Memory: 949060832 Bytes (1073741824)
2024-09-19 13:48:01,291 [INFO] UtilMem:75 - End SaveConfig() Used Memory: 677783768 Bytes (1073741824)
2024-09-19 13:48:04,216 [INFO] UtilMem:75 - End SaveConfig() Used Memory: 777398488 Bytes (1073741824)
2024-09-19 13:48:04,518 [INFO] BlockDiagram:2766 - set Specific Code input for plugin: RCC
2024-09-19 13:48:04,518 [INFO] BlockDiagram:2766 - set Specific Code input for plugin: NVIC
2024-09-19 13:48:04,519 [INFO] BlockDiagram:2766 - set Specific Code input for plugin: CORTEX_M7
2024-09-19 13:48:04,519 [INFO] BlockDiagram:2766 - set Specific Code input for plugin: GPIO
2024-09-19 13:48:04,520 [INFO] CodeGenerator:807 - code generatio: config db path: /Applications/STM32CubeIDE.app/Contents/Eclipse/plugins/com.st.stm32cube.common.mx_6.12.0.202406281431//db/
2024-09-19 13:48:04,617 [INFO] CodeEngine:255 - oldGeneratedFile, /Users/kitton/STM32CubeIDE/MAD_LAB/Lab08/MXTmpFiles/license.tmp_save
2024-09-19 13:48:04,734 [INFO] CodeEngine:279 - Generated code: /Users/kitton/STM32CubeIDE/MAD_LAB/Lab08/MXTmpFiles/license.tmp
2024-09-19 13:48:04,808 [INFO] CodeEngine:255 - oldGeneratedFile, /Users/kitton/STM32CubeIDE/MAD_LAB/Lab08/Core/Src/gpio.c_save
2024-09-19 13:48:04,971 [INFO] CodeEngine:279 - Generated code: /Users/kitton/STM32CubeIDE/MAD_LAB/Lab08/Core/Src/gpio.c
2024-09-19 13:48:04,981 [INFO] CodeEngine:255 - oldGeneratedFile, /Users/kitton/STM32CubeIDE/MAD_LAB/Lab08/Core/Inc/gpio.h_save
2024-09-19 13:48:05,082 [INFO] CodeEngine:279 - Generated code: /Users/kitton/STM32CubeIDE/MAD_LAB/Lab08/Core/Inc/gpio.h
2024-09-19 13:48:05,147 [INFO] CodeEngine:255 - oldGeneratedFile, /Users/kitton/STM32CubeIDE/MAD_LAB/Lab08/MXTmpFiles/cortex.tmp_save
2024-09-19 13:48:05,229 [INFO] CodeEngine:279 - Generated code: /Users/kitton/STM32CubeIDE/MAD_LAB/Lab08/MXTmpFiles/cortex.tmp
2024-09-19 13:48:05,242 [INFO] CodeEngine:255 - oldGeneratedFile, /Users/kitton/STM32CubeIDE/MAD_LAB/Lab08/Core/Src/stm32f7xx_it.c_save
2024-09-19 13:48:05,364 [INFO] CodeEngine:279 - Generated code: /Users/kitton/STM32CubeIDE/MAD_LAB/Lab08/Core/Src/stm32f7xx_it.c
2024-09-19 13:48:05,374 [INFO] CodeEngine:255 - oldGeneratedFile, /Users/kitton/STM32CubeIDE/MAD_LAB/Lab08/Core/Inc/stm32f7xx_it.h_save
2024-09-19 13:48:05,446 [INFO] CodeEngine:279 - Generated code: /Users/kitton/STM32CubeIDE/MAD_LAB/Lab08/Core/Inc/stm32f7xx_it.h
2024-09-19 13:48:05,494 [INFO] CodeEngine:255 - oldGeneratedFile, /Users/kitton/STM32CubeIDE/MAD_LAB/Lab08/Core/Src/stm32f7xx_hal_msp.c_save
2024-09-19 13:48:05,602 [INFO] CodeEngine:279 - Generated code: /Users/kitton/STM32CubeIDE/MAD_LAB/Lab08/Core/Src/stm32f7xx_hal_msp.c
2024-09-19 13:48:05,604 [INFO] CodeEngine:255 - oldGeneratedFile, /Users/kitton/STM32CubeIDE/MAD_LAB/Lab08/MXTmpFiles/system.tmp_save
2024-09-19 13:48:05,653 [INFO] CodeEngine:279 - Generated code: /Users/kitton/STM32CubeIDE/MAD_LAB/Lab08/MXTmpFiles/system.tmp
2024-09-19 13:48:05,660 [INFO] CodeEngine:311 - oldGeneratedFile, /Users/kitton/STM32CubeIDE/MAD_LAB/Lab08/Core/Inc/stm32f7xx_hal_conf.h_save
2024-09-19 13:48:05,725 [INFO] CodeEngine:335 - Generated code: /Users/kitton/STM32CubeIDE/MAD_LAB/Lab08/Core/Inc/stm32f7xx_hal_conf.h
2024-09-19 13:48:05,753 [INFO] CodeEngine:255 - oldGeneratedFile, /Users/kitton/STM32CubeIDE/MAD_LAB/Lab08/Core/Inc/main.h_save
2024-09-19 13:48:05,820 [INFO] CodeEngine:279 - Generated code: /Users/kitton/STM32CubeIDE/MAD_LAB/Lab08/Core/Inc/main.h
2024-09-19 13:48:05,825 [INFO] CodeEngine:255 - oldGeneratedFile, /Users/kitton/STM32CubeIDE/MAD_LAB/Lab08/Core/Src/main.c_save
2024-09-19 13:48:05,930 [INFO] CodeEngine:279 - Generated code: /Users/kitton/STM32CubeIDE/MAD_LAB/Lab08/Core/Src/main.c
2024-09-19 13:48:06,166 [INFO] ProjectBuilder:3249 - Time for Copy HAL[1] : 59mS.
2024-09-19 13:48:06,170 [INFO] ProjectBuilder:4828 - Project Generator version: 4.4.0-B60
2024-09-19 13:48:06,233 [INFO] ConfigFileManager:1531 - The Die is : DIE451
2024-09-19 13:48:07,314 [INFO] ProjectBuilder:5097 - Time for Generating toolchain IDE Files: 1143mS.
2024-09-19 13:48:07,315 [INFO] ProjectBuilder:3107 - Time for Copy CMSIS : 0mS.
2024-09-19 13:48:07,316 [INFO] ProjectBuilder:3107 - Time for Copy CMSIS : 0mS.
2024-09-19 13:49:29,568 [INFO] Gpio:277 - dependency for GPIO []
2024-09-19 13:49:36,708 [INFO] NvicIntPanel:101 - NVIC parent = com.st.microxplorer.plugins.ip.nvic.MultiNvicIntPanel[,0,0,0x0,invalid,layout=javax.swing.BoxLayout,alignmentX=0.0,alignmentY=0.0,border=,flags=9,maximumSize=,minimumSize=,preferredSize=]
2024-09-19 13:50:04,087 [INFO] NvicIntPanel:101 - NVIC parent = com.st.microxplorer.plugins.ip.nvic.MultiNvicIntPanel[,0,0,0x0,invalid,layout=javax.swing.BoxLayout,alignmentX=0.0,alignmentY=0.0,border=,flags=9,maximumSize=,minimumSize=,preferredSize=]
2024-09-19 13:50:15,805 [INFO] UtilMem:75 - End SaveConfig() Used Memory: 928895016 Bytes (1073741824)
2024-09-19 13:50:15,988 [INFO] UtilMem:75 - End SaveConfig() Used Memory: 958777384 Bytes (1073741824)
2024-09-19 13:50:41,734 [INFO] UtilMem:75 - End SaveConfig() Used Memory: 727167616 Bytes (1073741824)
2024-09-19 13:50:41,889 [INFO] BlockDiagram:2766 - set Specific Code input for plugin: SPI
2024-09-19 13:50:41,889 [INFO] BlockDiagram:2766 - set Specific Code input for plugin: SYS
2024-09-19 13:50:41,889 [INFO] BlockDiagram:2766 - set Specific Code input for plugin: RCC
2024-09-19 13:50:41,889 [INFO] BlockDiagram:2766 - set Specific Code input for plugin: NVIC
2024-09-19 13:50:41,889 [INFO] BlockDiagram:2766 - set Specific Code input for plugin: CORTEX_M7
2024-09-19 13:50:41,890 [INFO] BlockDiagram:2766 - set Specific Code input for plugin: GPIO
2024-09-19 13:50:41,890 [INFO] CodeGenerator:807 - code generatio: config db path: /Applications/STM32CubeIDE.app/Contents/Eclipse/plugins/com.st.stm32cube.common.mx_6.12.0.202406281431//db/
2024-09-19 13:50:41,979 [INFO] CodeEngine:255 - oldGeneratedFile, /Users/kitton/STM32CubeIDE/MAD_LAB/Lab08/MXTmpFiles/license.tmp_save
2024-09-19 13:50:42,070 [INFO] CodeEngine:279 - Generated code: /Users/kitton/STM32CubeIDE/MAD_LAB/Lab08/MXTmpFiles/license.tmp
2024-09-19 13:50:42,106 [INFO] CodeEngine:255 - oldGeneratedFile, /Users/kitton/STM32CubeIDE/MAD_LAB/Lab08/Core/Src/gpio.c_save
2024-09-19 13:50:42,195 [INFO] CodeEngine:279 - Generated code: /Users/kitton/STM32CubeIDE/MAD_LAB/Lab08/Core/Src/gpio.c
2024-09-19 13:50:42,198 [INFO] CodeEngine:255 - oldGeneratedFile, /Users/kitton/STM32CubeIDE/MAD_LAB/Lab08/Core/Inc/gpio.h_save
2024-09-19 13:50:42,252 [INFO] CodeEngine:279 - Generated code: /Users/kitton/STM32CubeIDE/MAD_LAB/Lab08/Core/Inc/gpio.h
2024-09-19 13:50:42,393 [INFO] CodeEngine:255 - oldGeneratedFile, /Users/kitton/STM32CubeIDE/MAD_LAB/Lab08/MXTmpFiles/cortex.tmp_save
2024-09-19 13:50:42,455 [INFO] CodeEngine:279 - Generated code: /Users/kitton/STM32CubeIDE/MAD_LAB/Lab08/MXTmpFiles/cortex.tmp
2024-09-19 13:50:42,459 [INFO] CodeEngine:255 - oldGeneratedFile, /Users/kitton/STM32CubeIDE/MAD_LAB/Lab08/Core/Src/spi.c_save
2024-09-19 13:50:42,552 [INFO] CodeEngine:279 - Generated code: /Users/kitton/STM32CubeIDE/MAD_LAB/Lab08/Core/Src/spi.c
2024-09-19 13:50:42,553 [INFO] CodeEngine:255 - oldGeneratedFile, /Users/kitton/STM32CubeIDE/MAD_LAB/Lab08/Core/Inc/spi.h_save
2024-09-19 13:50:42,615 [INFO] CodeEngine:279 - Generated code: /Users/kitton/STM32CubeIDE/MAD_LAB/Lab08/Core/Inc/spi.h
2024-09-19 13:50:42,621 [INFO] CodeEngine:255 - oldGeneratedFile, /Users/kitton/STM32CubeIDE/MAD_LAB/Lab08/Core/Src/stm32f7xx_it.c_save
2024-09-19 13:50:42,694 [INFO] CodeEngine:279 - Generated code: /Users/kitton/STM32CubeIDE/MAD_LAB/Lab08/Core/Src/stm32f7xx_it.c
2024-09-19 13:50:42,696 [INFO] CodeEngine:255 - oldGeneratedFile, /Users/kitton/STM32CubeIDE/MAD_LAB/Lab08/Core/Inc/stm32f7xx_it.h_save
2024-09-19 13:50:42,748 [INFO] CodeEngine:279 - Generated code: /Users/kitton/STM32CubeIDE/MAD_LAB/Lab08/Core/Inc/stm32f7xx_it.h
2024-09-19 13:50:42,754 [INFO] CodeEngine:255 - oldGeneratedFile, /Users/kitton/STM32CubeIDE/MAD_LAB/Lab08/Core/Src/stm32f7xx_hal_msp.c_save
2024-09-19 13:50:42,828 [INFO] CodeEngine:279 - Generated code: /Users/kitton/STM32CubeIDE/MAD_LAB/Lab08/Core/Src/stm32f7xx_hal_msp.c
2024-09-19 13:50:42,830 [INFO] CodeEngine:255 - oldGeneratedFile, /Users/kitton/STM32CubeIDE/MAD_LAB/Lab08/MXTmpFiles/system.tmp_save
2024-09-19 13:50:42,882 [INFO] CodeEngine:279 - Generated code: /Users/kitton/STM32CubeIDE/MAD_LAB/Lab08/MXTmpFiles/system.tmp
2024-09-19 13:50:42,885 [INFO] CodeEngine:311 - oldGeneratedFile, /Users/kitton/STM32CubeIDE/MAD_LAB/Lab08/Core/Inc/stm32f7xx_hal_conf.h_save
2024-09-19 13:50:42,944 [INFO] CodeEngine:335 - Generated code: /Users/kitton/STM32CubeIDE/MAD_LAB/Lab08/Core/Inc/stm32f7xx_hal_conf.h
2024-09-19 13:50:42,961 [INFO] CodeEngine:255 - oldGeneratedFile, /Users/kitton/STM32CubeIDE/MAD_LAB/Lab08/Core/Inc/main.h_save
2024-09-19 13:50:43,011 [INFO] CodeEngine:279 - Generated code: /Users/kitton/STM32CubeIDE/MAD_LAB/Lab08/Core/Inc/main.h
2024-09-19 13:50:43,013 [INFO] CodeEngine:255 - oldGeneratedFile, /Users/kitton/STM32CubeIDE/MAD_LAB/Lab08/Core/Src/main.c_save
2024-09-19 13:50:43,089 [INFO] CodeEngine:279 - Generated code: /Users/kitton/STM32CubeIDE/MAD_LAB/Lab08/Core/Src/main.c
2024-09-19 13:50:43,300 [INFO] ProjectBuilder:3249 - Time for Copy HAL[1] : 62mS.
2024-09-19 13:50:43,304 [INFO] ProjectBuilder:4828 - Project Generator version: 4.4.0-B60
2024-09-19 13:50:43,389 [INFO] ConfigFileManager:1531 - The Die is : DIE451
2024-09-19 13:50:44,549 [INFO] ProjectBuilder:5097 - Time for Generating toolchain IDE Files: 1244mS.
2024-09-19 13:50:44,551 [INFO] ProjectBuilder:3107 - Time for Copy CMSIS : 0mS.
2024-09-19 13:50:44,552 [INFO] ProjectBuilder:3107 - Time for Copy CMSIS : 0mS.
2024-09-19 13:51:39,722 [INFO] NvicIntPanel:101 - NVIC parent = com.st.microxplorer.plugins.ip.nvic.MultiNvicIntPanel[,0,0,0x0,invalid,layout=javax.swing.BoxLayout,alignmentX=0.0,alignmentY=0.0,border=,flags=9,maximumSize=,minimumSize=,preferredSize=]
2024-09-19 13:51:43,857 [INFO] NvicIntPanel:101 - NVIC parent = com.st.microxplorer.plugins.ip.nvic.MultiNvicIntPanel[,0,0,0x0,invalid,layout=javax.swing.BoxLayout,alignmentX=0.0,alignmentY=0.0,border=,flags=9,maximumSize=,minimumSize=,preferredSize=]
2024-09-19 13:51:54,229 [INFO] UtilMem:75 - End SaveConfig() Used Memory: 764397680 Bytes (1073741824)
2024-09-19 13:51:54,416 [INFO] UtilMem:75 - End SaveConfig() Used Memory: 793757808 Bytes (1073741824)
2024-09-19 13:51:56,515 [INFO] UtilMem:75 - End SaveConfig() Used Memory: 841236360 Bytes (1073741824)
2024-09-19 13:51:56,665 [INFO] BlockDiagram:2766 - set Specific Code input for plugin: SPI
2024-09-19 13:51:56,665 [INFO] BlockDiagram:2766 - set Specific Code input for plugin: TIM1_8F77
2024-09-19 13:51:56,665 [INFO] BlockDiagram:2766 - set Specific Code input for plugin: SYS
2024-09-19 13:51:56,665 [INFO] BlockDiagram:2766 - set Specific Code input for plugin: RCC
2024-09-19 13:51:56,665 [INFO] BlockDiagram:2766 - set Specific Code input for plugin: NVIC
2024-09-19 13:51:56,665 [INFO] BlockDiagram:2766 - set Specific Code input for plugin: CORTEX_M7
2024-09-19 13:51:56,665 [INFO] BlockDiagram:2766 - set Specific Code input for plugin: GPIO
2024-09-19 13:51:56,666 [INFO] CodeGenerator:807 - code generatio: config db path: /Applications/STM32CubeIDE.app/Contents/Eclipse/plugins/com.st.stm32cube.common.mx_6.12.0.202406281431//db/
2024-09-19 13:51:56,744 [INFO] CodeEngine:255 - oldGeneratedFile, /Users/kitton/STM32CubeIDE/MAD_LAB/Lab08/MXTmpFiles/license.tmp_save
2024-09-19 13:51:56,848 [INFO] CodeEngine:279 - Generated code: /Users/kitton/STM32CubeIDE/MAD_LAB/Lab08/MXTmpFiles/license.tmp
2024-09-19 13:51:56,881 [INFO] CodeEngine:255 - oldGeneratedFile, /Users/kitton/STM32CubeIDE/MAD_LAB/Lab08/Core/Src/gpio.c_save
2024-09-19 13:51:56,994 [INFO] CodeEngine:279 - Generated code: /Users/kitton/STM32CubeIDE/MAD_LAB/Lab08/Core/Src/gpio.c
2024-09-19 13:51:56,997 [INFO] CodeEngine:255 - oldGeneratedFile, /Users/kitton/STM32CubeIDE/MAD_LAB/Lab08/Core/Inc/gpio.h_save
2024-09-19 13:51:57,066 [INFO] CodeEngine:279 - Generated code: /Users/kitton/STM32CubeIDE/MAD_LAB/Lab08/Core/Inc/gpio.h
2024-09-19 13:51:57,262 [INFO] CodeEngine:255 - oldGeneratedFile, /Users/kitton/STM32CubeIDE/MAD_LAB/Lab08/MXTmpFiles/cortex.tmp_save
2024-09-19 13:51:57,315 [INFO] CodeEngine:279 - Generated code: /Users/kitton/STM32CubeIDE/MAD_LAB/Lab08/MXTmpFiles/cortex.tmp
2024-09-19 13:51:57,322 [INFO] CodeEngine:255 - oldGeneratedFile, /Users/kitton/STM32CubeIDE/MAD_LAB/Lab08/Core/Src/spi.c_save
2024-09-19 13:51:57,402 [INFO] CodeEngine:279 - Generated code: /Users/kitton/STM32CubeIDE/MAD_LAB/Lab08/Core/Src/spi.c
2024-09-19 13:51:57,403 [INFO] CodeEngine:255 - oldGeneratedFile, /Users/kitton/STM32CubeIDE/MAD_LAB/Lab08/Core/Inc/spi.h_save
2024-09-19 13:51:57,451 [INFO] CodeEngine:279 - Generated code: /Users/kitton/STM32CubeIDE/MAD_LAB/Lab08/Core/Inc/spi.h
2024-09-19 13:51:57,454 [INFO] CodeEngine:255 - oldGeneratedFile, /Users/kitton/STM32CubeIDE/MAD_LAB/Lab08/Core/Src/tim.c_save
2024-09-19 13:51:57,522 [INFO] CodeEngine:279 - Generated code: /Users/kitton/STM32CubeIDE/MAD_LAB/Lab08/Core/Src/tim.c
2024-09-19 13:51:57,524 [INFO] CodeEngine:255 - oldGeneratedFile, /Users/kitton/STM32CubeIDE/MAD_LAB/Lab08/Core/Inc/tim.h_save
2024-09-19 13:51:57,568 [INFO] CodeEngine:279 - Generated code: /Users/kitton/STM32CubeIDE/MAD_LAB/Lab08/Core/Inc/tim.h
2024-09-19 13:51:57,574 [INFO] CodeEngine:255 - oldGeneratedFile, /Users/kitton/STM32CubeIDE/MAD_LAB/Lab08/Core/Src/stm32f7xx_it.c_save
2024-09-19 13:51:57,642 [INFO] CodeEngine:279 - Generated code: /Users/kitton/STM32CubeIDE/MAD_LAB/Lab08/Core/Src/stm32f7xx_it.c
2024-09-19 13:51:57,644 [INFO] CodeEngine:255 - oldGeneratedFile, /Users/kitton/STM32CubeIDE/MAD_LAB/Lab08/Core/Inc/stm32f7xx_it.h_save
2024-09-19 13:51:57,700 [INFO] CodeEngine:279 - Generated code: /Users/kitton/STM32CubeIDE/MAD_LAB/Lab08/Core/Inc/stm32f7xx_it.h
2024-09-19 13:51:57,709 [INFO] CodeEngine:255 - oldGeneratedFile, /Users/kitton/STM32CubeIDE/MAD_LAB/Lab08/Core/Src/stm32f7xx_hal_msp.c_save
2024-09-19 13:51:57,789 [INFO] CodeEngine:279 - Generated code: /Users/kitton/STM32CubeIDE/MAD_LAB/Lab08/Core/Src/stm32f7xx_hal_msp.c
2024-09-19 13:51:57,790 [INFO] CodeEngine:255 - oldGeneratedFile, /Users/kitton/STM32CubeIDE/MAD_LAB/Lab08/MXTmpFiles/system.tmp_save
2024-09-19 13:51:57,848 [INFO] CodeEngine:279 - Generated code: /Users/kitton/STM32CubeIDE/MAD_LAB/Lab08/MXTmpFiles/system.tmp
2024-09-19 13:51:57,861 [INFO] CodeEngine:311 - oldGeneratedFile, /Users/kitton/STM32CubeIDE/MAD_LAB/Lab08/Core/Inc/stm32f7xx_hal_conf.h_save
2024-09-19 13:51:57,963 [INFO] CodeEngine:335 - Generated code: /Users/kitton/STM32CubeIDE/MAD_LAB/Lab08/Core/Inc/stm32f7xx_hal_conf.h
2024-09-19 13:51:58,016 [INFO] CodeEngine:255 - oldGeneratedFile, /Users/kitton/STM32CubeIDE/MAD_LAB/Lab08/Core/Inc/main.h_save
2024-09-19 13:51:58,104 [INFO] CodeEngine:279 - Generated code: /Users/kitton/STM32CubeIDE/MAD_LAB/Lab08/Core/Inc/main.h
2024-09-19 13:51:58,106 [INFO] CodeEngine:255 - oldGeneratedFile, /Users/kitton/STM32CubeIDE/MAD_LAB/Lab08/Core/Src/main.c_save
2024-09-19 13:51:58,211 [INFO] CodeEngine:279 - Generated code: /Users/kitton/STM32CubeIDE/MAD_LAB/Lab08/Core/Src/main.c
2024-09-19 13:51:58,591 [INFO] ProjectBuilder:3249 - Time for Copy HAL[1] : 62mS.
2024-09-19 13:51:58,599 [INFO] ProjectBuilder:4828 - Project Generator version: 4.4.0-B60
2024-09-19 13:51:58,691 [INFO] ConfigFileManager:1531 - The Die is : DIE451
2024-09-19 13:51:59,761 [INFO] ProjectBuilder:5097 - Time for Generating toolchain IDE Files: 1161mS.
2024-09-19 13:51:59,763 [INFO] ProjectBuilder:3107 - Time for Copy CMSIS : 0mS.
2024-09-19 13:51:59,766 [INFO] ProjectBuilder:3107 - Time for Copy CMSIS : 0mS.
2024-09-19 13:52:38,355 [INFO] UtilMem:75 - End SaveConfig() Used Memory: 773863896 Bytes (1073741824)
2024-09-19 13:52:38,511 [INFO] UtilMem:75 - End SaveConfig() Used Memory: 804046584 Bytes (1073741824)
2024-09-19 13:52:40,235 [INFO] UtilMem:75 - End SaveConfig() Used Memory: 849997696 Bytes (1073741824)
2024-09-19 13:52:40,367 [INFO] BlockDiagram:2766 - set Specific Code input for plugin: SPI
2024-09-19 13:52:40,367 [INFO] BlockDiagram:2766 - set Specific Code input for plugin: TIM1_8F77
2024-09-19 13:52:40,367 [INFO] BlockDiagram:2766 - set Specific Code input for plugin: SYS
2024-09-19 13:52:40,367 [INFO] BlockDiagram:2766 - set Specific Code input for plugin: RCC
2024-09-19 13:52:40,367 [INFO] BlockDiagram:2766 - set Specific Code input for plugin: NVIC
2024-09-19 13:52:40,367 [INFO] BlockDiagram:2766 - set Specific Code input for plugin: GPIO
2024-09-19 13:52:40,367 [INFO] CodeGenerator:807 - code generatio: config db path: /Applications/STM32CubeIDE.app/Contents/Eclipse/plugins/com.st.stm32cube.common.mx_6.12.0.202406281431//db/
2024-09-19 13:52:40,531 [INFO] CodeEngine:255 - oldGeneratedFile, /Users/kitton/STM32CubeIDE/MAD_LAB/Lab08/MXTmpFiles/license.tmp_save
2024-09-19 13:52:40,714 [INFO] CodeEngine:279 - Generated code: /Users/kitton/STM32CubeIDE/MAD_LAB/Lab08/MXTmpFiles/license.tmp
2024-09-19 13:52:40,980 [INFO] CodeEngine:255 - oldGeneratedFile, /Users/kitton/STM32CubeIDE/MAD_LAB/Lab08/Core/Src/gpio.c_save
2024-09-19 13:52:41,129 [INFO] CodeEngine:279 - Generated code: /Users/kitton/STM32CubeIDE/MAD_LAB/Lab08/Core/Src/gpio.c
2024-09-19 13:52:41,136 [INFO] CodeEngine:255 - oldGeneratedFile, /Users/kitton/STM32CubeIDE/MAD_LAB/Lab08/Core/Inc/gpio.h_save
2024-09-19 13:52:41,183 [INFO] CodeEngine:279 - Generated code: /Users/kitton/STM32CubeIDE/MAD_LAB/Lab08/Core/Inc/gpio.h
2024-09-19 13:52:41,324 [INFO] CodeEngine:255 - oldGeneratedFile, /Users/kitton/STM32CubeIDE/MAD_LAB/Lab08/MXTmpFiles/cortex.tmp_save
2024-09-19 13:52:41,385 [INFO] CodeEngine:279 - Generated code: /Users/kitton/STM32CubeIDE/MAD_LAB/Lab08/MXTmpFiles/cortex.tmp
2024-09-19 13:52:41,389 [INFO] CodeEngine:255 - oldGeneratedFile, /Users/kitton/STM32CubeIDE/MAD_LAB/Lab08/Core/Src/spi.c_save
2024-09-19 13:52:41,455 [INFO] CodeEngine:279 - Generated code: /Users/kitton/STM32CubeIDE/MAD_LAB/Lab08/Core/Src/spi.c
2024-09-19 13:52:41,458 [INFO] CodeEngine:255 - oldGeneratedFile, /Users/kitton/STM32CubeIDE/MAD_LAB/Lab08/Core/Inc/spi.h_save
2024-09-19 13:52:41,503 [INFO] CodeEngine:279 - Generated code: /Users/kitton/STM32CubeIDE/MAD_LAB/Lab08/Core/Inc/spi.h
2024-09-19 13:52:41,507 [INFO] CodeEngine:255 - oldGeneratedFile, /Users/kitton/STM32CubeIDE/MAD_LAB/Lab08/Core/Src/tim.c_save
2024-09-19 13:52:41,566 [INFO] CodeEngine:279 - Generated code: /Users/kitton/STM32CubeIDE/MAD_LAB/Lab08/Core/Src/tim.c
2024-09-19 13:52:41,567 [INFO] CodeEngine:255 - oldGeneratedFile, /Users/kitton/STM32CubeIDE/MAD_LAB/Lab08/Core/Inc/tim.h_save
2024-09-19 13:52:41,613 [INFO] CodeEngine:279 - Generated code: /Users/kitton/STM32CubeIDE/MAD_LAB/Lab08/Core/Inc/tim.h
2024-09-19 13:52:41,620 [INFO] CodeEngine:255 - oldGeneratedFile, /Users/kitton/STM32CubeIDE/MAD_LAB/Lab08/Core/Src/stm32f7xx_it.c_save
2024-09-19 13:52:41,691 [INFO] CodeEngine:279 - Generated code: /Users/kitton/STM32CubeIDE/MAD_LAB/Lab08/Core/Src/stm32f7xx_it.c
2024-09-19 13:52:41,694 [INFO] CodeEngine:255 - oldGeneratedFile, /Users/kitton/STM32CubeIDE/MAD_LAB/Lab08/Core/Inc/stm32f7xx_it.h_save
2024-09-19 13:52:41,757 [INFO] CodeEngine:279 - Generated code: /Users/kitton/STM32CubeIDE/MAD_LAB/Lab08/Core/Inc/stm32f7xx_it.h
2024-09-19 13:52:41,762 [INFO] CodeEngine:255 - oldGeneratedFile, /Users/kitton/STM32CubeIDE/MAD_LAB/Lab08/Core/Src/stm32f7xx_hal_msp.c_save
2024-09-19 13:52:41,836 [INFO] CodeEngine:279 - Generated code: /Users/kitton/STM32CubeIDE/MAD_LAB/Lab08/Core/Src/stm32f7xx_hal_msp.c
2024-09-19 13:52:41,837 [INFO] CodeEngine:255 - oldGeneratedFile, /Users/kitton/STM32CubeIDE/MAD_LAB/Lab08/MXTmpFiles/system.tmp_save
2024-09-19 13:52:41,880 [INFO] CodeEngine:279 - Generated code: /Users/kitton/STM32CubeIDE/MAD_LAB/Lab08/MXTmpFiles/system.tmp
2024-09-19 13:52:41,885 [INFO] CodeEngine:311 - oldGeneratedFile, /Users/kitton/STM32CubeIDE/MAD_LAB/Lab08/Core/Inc/stm32f7xx_hal_conf.h_save
2024-09-19 13:52:41,942 [INFO] CodeEngine:335 - Generated code: /Users/kitton/STM32CubeIDE/MAD_LAB/Lab08/Core/Inc/stm32f7xx_hal_conf.h
2024-09-19 13:52:41,965 [INFO] CodeEngine:255 - oldGeneratedFile, /Users/kitton/STM32CubeIDE/MAD_LAB/Lab08/Core/Inc/main.h_save
2024-09-19 13:52:42,019 [INFO] CodeEngine:279 - Generated code: /Users/kitton/STM32CubeIDE/MAD_LAB/Lab08/Core/Inc/main.h
2024-09-19 13:52:42,021 [INFO] CodeEngine:255 - oldGeneratedFile, /Users/kitton/STM32CubeIDE/MAD_LAB/Lab08/Core/Src/main.c_save
2024-09-19 13:52:42,087 [INFO] CodeEngine:279 - Generated code: /Users/kitton/STM32CubeIDE/MAD_LAB/Lab08/Core/Src/main.c
2024-09-19 13:52:42,334 [INFO] ProjectBuilder:3249 - Time for Copy HAL[1] : 74mS.
2024-09-19 13:52:42,340 [INFO] ProjectBuilder:4828 - Project Generator version: 4.4.0-B60
2024-09-19 13:52:42,447 [INFO] ConfigFileManager:1531 - The Die is : DIE451
2024-09-19 13:52:43,909 [INFO] ProjectBuilder:5097 - Time for Generating toolchain IDE Files: 1567mS.
2024-09-19 13:52:43,912 [INFO] ProjectBuilder:3107 - Time for Copy CMSIS : 0mS.
2024-09-19 13:52:43,913 [INFO] ProjectBuilder:3107 - Time for Copy CMSIS : 0mS.
2024-09-19 13:52:58,797 [WARN] MainPanel:400 - Warning: This peripheral has no parameters to be configured
2024-09-19 13:53:05,472 [INFO] UtilMem:75 - End SaveConfig() Used Memory: 841508344 Bytes (1073741824)
2024-09-19 13:53:05,596 [INFO] UtilMem:75 - End SaveConfig() Used Memory: 871875392 Bytes (1073741824)
2024-09-19 13:53:05,753 [INFO] UtilMem:75 - End SaveConfig() Used Memory: 904987064 Bytes (1073741824)
2024-09-19 13:53:05,867 [INFO] ProjectBuilder:2320 - IP not ready for code generation: Clock
2024-09-19 13:53:06,968 [INFO] BlockDiagram:2766 - set Specific Code input for plugin: RNG
2024-09-19 13:53:06,968 [INFO] BlockDiagram:2766 - set Specific Code input for plugin: SPI
2024-09-19 13:53:06,968 [INFO] BlockDiagram:2766 - set Specific Code input for plugin: TIM1_8F77
2024-09-19 13:53:06,968 [INFO] BlockDiagram:2766 - set Specific Code input for plugin: SYS
2024-09-19 13:53:06,968 [INFO] BlockDiagram:2766 - set Specific Code input for plugin: RCC
2024-09-19 13:53:06,969 [INFO] BlockDiagram:2766 - set Specific Code input for plugin: NVIC
2024-09-19 13:53:06,969 [INFO] BlockDiagram:2766 - set Specific Code input for plugin: GPIO
2024-09-19 13:53:06,969 [INFO] CodeGenerator:807 - code generatio: config db path: /Applications/STM32CubeIDE.app/Contents/Eclipse/plugins/com.st.stm32cube.common.mx_6.12.0.202406281431//db/
2024-09-19 13:53:07,058 [INFO] CodeEngine:255 - oldGeneratedFile, /Users/kitton/STM32CubeIDE/MAD_LAB/Lab08/MXTmpFiles/license.tmp_save
2024-09-19 13:53:07,123 [INFO] CodeEngine:279 - Generated code: /Users/kitton/STM32CubeIDE/MAD_LAB/Lab08/MXTmpFiles/license.tmp
2024-09-19 13:53:07,146 [INFO] CodeEngine:255 - oldGeneratedFile, /Users/kitton/STM32CubeIDE/MAD_LAB/Lab08/Core/Src/gpio.c_save
2024-09-19 13:53:07,203 [INFO] CodeEngine:279 - Generated code: /Users/kitton/STM32CubeIDE/MAD_LAB/Lab08/Core/Src/gpio.c
2024-09-19 13:53:07,208 [INFO] CodeEngine:255 - oldGeneratedFile, /Users/kitton/STM32CubeIDE/MAD_LAB/Lab08/Core/Inc/gpio.h_save
2024-09-19 13:53:07,252 [INFO] CodeEngine:279 - Generated code: /Users/kitton/STM32CubeIDE/MAD_LAB/Lab08/Core/Inc/gpio.h
2024-09-19 13:53:07,396 [INFO] CodeEngine:255 - oldGeneratedFile, /Users/kitton/STM32CubeIDE/MAD_LAB/Lab08/MXTmpFiles/cortex.tmp_save
2024-09-19 13:53:07,445 [INFO] CodeEngine:279 - Generated code: /Users/kitton/STM32CubeIDE/MAD_LAB/Lab08/MXTmpFiles/cortex.tmp
2024-09-19 13:53:07,448 [INFO] CodeEngine:255 - oldGeneratedFile, /Users/kitton/STM32CubeIDE/MAD_LAB/Lab08/Core/Src/rng.c_save
2024-09-19 13:53:07,525 [INFO] CodeEngine:279 - Generated code: /Users/kitton/STM32CubeIDE/MAD_LAB/Lab08/Core/Src/rng.c
2024-09-19 13:53:07,527 [INFO] CodeEngine:255 - oldGeneratedFile, /Users/kitton/STM32CubeIDE/MAD_LAB/Lab08/Core/Inc/rng.h_save
2024-09-19 13:53:07,588 [INFO] CodeEngine:279 - Generated code: /Users/kitton/STM32CubeIDE/MAD_LAB/Lab08/Core/Inc/rng.h
2024-09-19 13:53:07,592 [INFO] CodeEngine:255 - oldGeneratedFile, /Users/kitton/STM32CubeIDE/MAD_LAB/Lab08/Core/Src/spi.c_save
2024-09-19 13:53:07,664 [INFO] CodeEngine:279 - Generated code: /Users/kitton/STM32CubeIDE/MAD_LAB/Lab08/Core/Src/spi.c
2024-09-19 13:53:07,670 [INFO] CodeEngine:255 - oldGeneratedFile, /Users/kitton/STM32CubeIDE/MAD_LAB/Lab08/Core/Inc/spi.h_save
2024-09-19 13:53:07,721 [INFO] CodeEngine:279 - Generated code: /Users/kitton/STM32CubeIDE/MAD_LAB/Lab08/Core/Inc/spi.h
2024-09-19 13:53:07,729 [INFO] CodeEngine:255 - oldGeneratedFile, /Users/kitton/STM32CubeIDE/MAD_LAB/Lab08/Core/Src/tim.c_save
2024-09-19 13:53:07,794 [INFO] CodeEngine:279 - Generated code: /Users/kitton/STM32CubeIDE/MAD_LAB/Lab08/Core/Src/tim.c
2024-09-19 13:53:07,796 [INFO] CodeEngine:255 - oldGeneratedFile, /Users/kitton/STM32CubeIDE/MAD_LAB/Lab08/Core/Inc/tim.h_save
2024-09-19 13:53:07,851 [INFO] CodeEngine:279 - Generated code: /Users/kitton/STM32CubeIDE/MAD_LAB/Lab08/Core/Inc/tim.h
2024-09-19 13:53:07,861 [INFO] CodeEngine:255 - oldGeneratedFile, /Users/kitton/STM32CubeIDE/MAD_LAB/Lab08/Core/Src/stm32f7xx_it.c_save
2024-09-19 13:53:07,912 [INFO] CodeEngine:279 - Generated code: /Users/kitton/STM32CubeIDE/MAD_LAB/Lab08/Core/Src/stm32f7xx_it.c
2024-09-19 13:53:07,914 [INFO] CodeEngine:255 - oldGeneratedFile, /Users/kitton/STM32CubeIDE/MAD_LAB/Lab08/Core/Inc/stm32f7xx_it.h_save
2024-09-19 13:53:07,958 [INFO] CodeEngine:279 - Generated code: /Users/kitton/STM32CubeIDE/MAD_LAB/Lab08/Core/Inc/stm32f7xx_it.h
2024-09-19 13:53:07,974 [INFO] CodeEngine:255 - oldGeneratedFile, /Users/kitton/STM32CubeIDE/MAD_LAB/Lab08/Core/Src/stm32f7xx_hal_msp.c_save
2024-09-19 13:53:08,037 [INFO] CodeEngine:279 - Generated code: /Users/kitton/STM32CubeIDE/MAD_LAB/Lab08/Core/Src/stm32f7xx_hal_msp.c
2024-09-19 13:53:08,038 [INFO] CodeEngine:255 - oldGeneratedFile, /Users/kitton/STM32CubeIDE/MAD_LAB/Lab08/MXTmpFiles/system.tmp_save
2024-09-19 13:53:08,082 [INFO] CodeEngine:279 - Generated code: /Users/kitton/STM32CubeIDE/MAD_LAB/Lab08/MXTmpFiles/system.tmp
2024-09-19 13:53:08,092 [INFO] CodeEngine:311 - oldGeneratedFile, /Users/kitton/STM32CubeIDE/MAD_LAB/Lab08/Core/Inc/stm32f7xx_hal_conf.h_save
2024-09-19 13:53:08,147 [INFO] CodeEngine:335 - Generated code: /Users/kitton/STM32CubeIDE/MAD_LAB/Lab08/Core/Inc/stm32f7xx_hal_conf.h
2024-09-19 13:53:08,164 [INFO] CodeEngine:255 - oldGeneratedFile, /Users/kitton/STM32CubeIDE/MAD_LAB/Lab08/Core/Inc/main.h_save
2024-09-19 13:53:08,215 [INFO] CodeEngine:279 - Generated code: /Users/kitton/STM32CubeIDE/MAD_LAB/Lab08/Core/Inc/main.h
2024-09-19 13:53:08,217 [INFO] CodeEngine:255 - oldGeneratedFile, /Users/kitton/STM32CubeIDE/MAD_LAB/Lab08/Core/Src/main.c_save
2024-09-19 13:53:08,286 [INFO] CodeEngine:279 - Generated code: /Users/kitton/STM32CubeIDE/MAD_LAB/Lab08/Core/Src/main.c
2024-09-19 13:53:08,463 [INFO] ProjectBuilder:3249 - Time for Copy HAL[1] : 38mS.
2024-09-19 13:53:08,466 [INFO] ProjectBuilder:4828 - Project Generator version: 4.4.0-B60
2024-09-19 13:53:08,541 [INFO] ConfigFileManager:1531 - The Die is : DIE451
2024-09-19 13:53:09,563 [INFO] ProjectBuilder:5097 - Time for Generating toolchain IDE Files: 1094mS.
2024-09-19 13:53:09,567 [INFO] ProjectBuilder:3107 - Time for Copy CMSIS : 0mS.
2024-09-19 13:53:09,569 [INFO] ProjectBuilder:3107 - Time for Copy CMSIS : 0mS.
2024-09-19 13:59:06,686 [ERROR] LogOutputStream:75 - [STDERR_REDIRECT] 
2024-09-19 13:59:22,097 [INFO] Activator:176 - 


2024-09-19 13:59:22,100 [INFO] Activator:177 - !SESSION log4j initialized
2024-09-19 13:59:23,397 [INFO] LogOutputStream:77 - [STDOUT_REDIRECT] 
2024-09-19 13:59:26,707 [ERROR] LogOutputStream:75 - [STDERR_REDIRECT] 
2024-09-19 13:59:28,908 [INFO] LogOutputStream:77 - [STDOUT_REDIRECT] 
2024-09-19 13:59:30,636 [INFO] ApplicationProperties:184 - Using Application install path: /Applications/STM32CubeIDE.app/Contents/Eclipse/plugins/com.st.stm32cube.common.mx_6.12.0.202406281431
2024-09-19 13:59:30,654 [INFO] DbMcusXml:78 - Set database path to: /Applications/STM32CubeIDE.app/Contents/Eclipse/plugins/com.st.stm32cube.common.mx_6.12.0.202406281431//db//mcu/
2024-09-19 13:59:30,654 [INFO] ApiDb:274 - Set plugin database path to: /Applications/STM32CubeIDE.app/Contents/Eclipse/plugins/com.st.stm32cube.common.mx_6.12.0.202406281431//db//plugins/boardmanager/
2024-09-19 13:59:30,655 [WARN] ApiDb:259 - Overriding images path with different value:  => /Applications/STM32CubeIDE.app/Contents/Eclipse/plugins/com.st.stm32cube.common.mx_6.12.0.202406281431//db//plugins/mcufinder/images/
2024-09-19 13:59:30,661 [INFO] ApiDb:250 - Set database path to: /Users/kitton/.stmcufinder/plugins/mcufinder//mcu/
2024-09-19 13:59:30,661 [INFO] DbMcusAds:125 - Set database path to: /Users/kitton/.stmcufinder/plugins/mcufinder//mcu/
2024-09-19 13:59:30,663 [INFO] CrossReferenceDbSqlite:203 - Set database path to: /Users/kitton/.stmcufinder/plugins/mcufinder//mcu/cs/
2024-09-19 13:59:30,791 [INFO] RulesReader:64 - Compatibility file has been processed (297 Rules)
2024-09-19 13:59:30,854 [INFO] DbMcusXml:78 - Set database path to: /Applications/STM32CubeIDE.app/Contents/Eclipse/plugins/com.st.stm32cube.common.mx_6.12.0.202406281431//db//mcu/
2024-09-19 13:59:30,854 [INFO] ApiDb:274 - Set plugin database path to: /Applications/STM32CubeIDE.app/Contents/Eclipse/plugins/com.st.stm32cube.common.mx_6.12.0.202406281431//db//plugins/boardmanager/
2024-09-19 13:59:30,854 [INFO] ApiDb:261 - Set plugin images path to: /Applications/STM32CubeIDE.app/Contents/Eclipse/plugins/com.st.stm32cube.common.mx_6.12.0.202406281431//db//plugins/mcufinder/images/
2024-09-19 13:59:30,854 [WARN] DbFile:41 - Overriding database path with different value: /Users/kitton/.stmcufinder/plugins/mcufinder/ => /Users/kitton/.stmcufinder/plugins/mcufinder
2024-09-19 13:59:30,854 [INFO] ApiDb:250 - Set database path to: /Users/kitton/.stmcufinder/plugins/mcufinder//mcu/
2024-09-19 13:59:30,854 [WARN] DbFile:41 - Overriding database path with different value: /Users/kitton/.stmcufinder/plugins/mcufinder/ => /Users/kitton/.stmcufinder/plugins/mcufinder
2024-09-19 13:59:30,855 [INFO] DbMcusAds:125 - Set database path to: /Users/kitton/.stmcufinder/plugins/mcufinder//mcu/
2024-09-19 13:59:30,855 [WARN] DbFile:41 - Overriding database path with different value: /Users/kitton/.stmcufinder/plugins/mcufinder/ => /Users/kitton/.stmcufinder/plugins/mcufinder
2024-09-19 13:59:30,855 [WARN] DbFile:41 - Overriding database path with different value: /Users/kitton/.stmcufinder/plugins/mcufinder/ => /Users/kitton/.stmcufinder/plugins/mcufinder
2024-09-19 13:59:30,855 [INFO] CrossReferenceDbSqlite:203 - Set database path to: /Users/kitton/.stmcufinder/plugins/mcufinder//mcu/cs/
2024-09-19 13:59:30,966 [INFO] MainPanel:268 - HeapMemory: 268435456
2024-09-19 13:59:31,321 [ERROR] LogOutputStream:75 - [STDERR_REDIRECT] [Fatal Error] :2:10: DOCTYPE is disallowed when the feature "http://apache.org/xml/features/disallow-doctype-decl" set to true.
2024-09-19 13:59:31,341 [ERROR] LogOutputStream:75 - [STDERR_REDIRECT] 
2024-09-19 13:59:31,456 [INFO] DbMcusXml:78 - Set database path to: /Applications/STM32CubeIDE.app/Contents/Eclipse/plugins/com.st.stm32cube.common.mx_6.12.0.202406281431//db//mcu/
2024-09-19 13:59:31,457 [INFO] ApiDb:274 - Set plugin database path to: /Applications/STM32CubeIDE.app/Contents/Eclipse/plugins/com.st.stm32cube.common.mx_6.12.0.202406281431//db//plugins/boardmanager/
2024-09-19 13:59:31,459 [INFO] ApiDb:261 - Set plugin images path to: /Applications/STM32CubeIDE.app/Contents/Eclipse/plugins/com.st.stm32cube.common.mx_6.12.0.202406281431//db//plugins/mcufinder/images/
2024-09-19 13:59:31,461 [WARN] DbFile:41 - Overriding database path with different value: /Users/kitton/.stmcufinder/plugins/mcufinder/ => /Users/kitton/.stmcufinder/plugins/mcufinder
2024-09-19 13:59:31,461 [INFO] ApiDb:250 - Set database path to: /Users/kitton/.stmcufinder/plugins/mcufinder//mcu/
2024-09-19 13:59:31,461 [WARN] DbFile:41 - Overriding database path with different value: /Users/kitton/.stmcufinder/plugins/mcufinder/ => /Users/kitton/.stmcufinder/plugins/mcufinder
2024-09-19 13:59:31,461 [INFO] DbMcusAds:125 - Set database path to: /Users/kitton/.stmcufinder/plugins/mcufinder//mcu/
2024-09-19 13:59:31,462 [WARN] DbFile:41 - Overriding database path with different value: /Users/kitton/.stmcufinder/plugins/mcufinder/ => /Users/kitton/.stmcufinder/plugins/mcufinder
2024-09-19 13:59:31,462 [WARN] DbFile:41 - Overriding database path with different value: /Users/kitton/.stmcufinder/plugins/mcufinder/ => /Users/kitton/.stmcufinder/plugins/mcufinder
2024-09-19 13:59:31,462 [INFO] CrossReferenceDbSqlite:203 - Set database path to: /Users/kitton/.stmcufinder/plugins/mcufinder//mcu/cs/
2024-09-19 13:59:31,588 [INFO] ApplicationProperties:184 - Using Application install path: /Applications/STM32CubeIDE.app/Contents/Eclipse/plugins/com.st.stm32cube.common.mx_6.12.0.202406281431
2024-09-19 13:59:31,590 [INFO] PluginManage:196 - Search for loadable plugins [exclusion list=, ]
2024-09-19 13:59:31,593 [INFO] PluginManage:310 - Check plugin analytics
2024-09-19 13:59:31,814 [INFO] AnalyticsPlugin:253 - Accepted Software Licenses: 
2024-09-19 13:59:31,814 [INFO] AnalyticsPlugin:255 - Accepted CMSIS Pack Licenses: 
2024-09-19 13:59:31,814 [INFO] AnalyticsPlugin:257 - Accepted Firmware Licenses: FW.F7.1.17.0
2024-09-19 13:59:31,830 [INFO] PluginManage:359 - Loaded plugin analytics (category:tool,tabindex:-1)
2024-09-19 13:59:31,831 [INFO] PluginManage:310 - Check plugin cadmodel
2024-09-19 13:59:31,848 [INFO] CADModel:105 - Init CAD model plugin
2024-09-19 13:59:31,848 [INFO] PluginManage:359 - Loaded plugin cadmodel (category:power,tabindex:5)
2024-09-19 13:59:31,849 [INFO] PluginManage:310 - Check plugin clock
2024-09-19 13:59:31,857 [INFO] PluginManage:359 - Loaded plugin clock (category:base,tabindex:2)
2024-09-19 13:59:31,858 [INFO] PluginManage:310 - Check plugin ddr
2024-09-19 13:59:31,860 [INFO] PluginManage:359 - Loaded plugin ddr (category:tool,tabindex:6)
2024-09-19 13:59:31,860 [INFO] PluginManage:310 - Check plugin filemanager
2024-09-19 13:59:32,011 [INFO] PluginManage:359 - Loaded plugin filemanager (category:base,tabindex:10)
2024-09-19 13:59:32,012 [INFO] PluginManage:310 - Check plugin ipmanager
2024-09-19 13:59:32,019 [INFO] PluginManage:359 - Loaded plugin ipmanager (category:base,tabindex:5)
2024-09-19 13:59:32,019 [INFO] PluginManage:310 - Check plugin lpbam
2024-09-19 13:59:32,029 [INFO] PluginManage:359 - Loaded plugin lpbam (category:base,tabindex:0)
2024-09-19 13:59:32,029 [INFO] PluginManage:310 - Check plugin memorymap
2024-09-19 13:59:32,038 [INFO] PluginManage:359 - Loaded plugin memorymap (category:base,tabindex:4)
2024-09-19 13:59:32,038 [INFO] PluginManage:310 - Check plugin pinoutandconfiguration
2024-09-19 13:59:32,047 [INFO] PluginManage:359 - Loaded plugin pinoutandconfiguration (category:base,tabindex:1)
2024-09-19 13:59:32,047 [INFO] PluginManage:310 - Check plugin pinoutconfig
2024-09-19 13:59:32,128 [WARN] SupportedApi:132 - Cannot load RTOS API schema: s4s-elt-must-match.1: The content of 'definitions' must match (annotation?, (simpleType | complexType)?, (unique | key | keyref)*)). A problem was found starting at: attribute.
2024-09-19 13:59:32,354 [INFO] PluginManage:359 - Loaded plugin pinoutconfig (category:base,tabindex:0)
2024-09-19 13:59:32,356 [INFO] PluginManage:310 - Check plugin power
2024-09-19 13:59:32,402 [INFO] PluginManage:359 - Loaded plugin power (category:power,tabindex:4)
2024-09-19 13:59:32,403 [INFO] PluginManage:310 - Check plugin projectmanager
2024-09-19 13:59:32,473 [INFO] PluginManage:359 - Loaded plugin projectmanager (category:projectmanager,tabindex:4)
2024-09-19 13:59:32,475 [INFO] PluginManage:310 - Check plugin rif
2024-09-19 13:59:32,483 [INFO] PluginManage:359 - Loaded plugin rif (category:base,tabindex:3)
2024-09-19 13:59:32,484 [INFO] PluginManage:310 - Check plugin thirdparty
2024-09-19 13:59:32,696 [INFO] PluginManage:359 - Loaded plugin thirdparty (category:base,tabindex:-1)
2024-09-19 13:59:32,697 [INFO] PluginManage:310 - Check plugin tools
2024-09-19 13:59:32,695 [WARN] IntegrityCheckThread:84 - waiting for thirdparty lock release [integrity check]
2024-09-19 13:59:32,701 [INFO] IntegrityCheckThread:86 - entering critical section [integrity check]
2024-09-19 13:59:32,702 [INFO] PluginManage:359 - Loaded plugin tools (category:base,tabindex:7)
2024-09-19 13:59:32,702 [INFO] ThirdPartyUpdaterWithRetryManager:70 - Updater plugin not ready yet. [1/15]
2024-09-19 13:59:32,702 [INFO] PluginManage:310 - Check plugin tutovideos
2024-09-19 13:59:32,892 [INFO] PluginManage:359 - Loaded plugin tutovideos (category:base,tabindex:-1)
2024-09-19 13:59:32,893 [INFO] PluginManage:310 - Check plugin updater
2024-09-19 13:59:32,937 [INFO] PluginManage:359 - Loaded plugin updater (category:base,tabindex:12)
2024-09-19 13:59:32,938 [INFO] PluginManage:310 - Check plugin userauth
2024-09-19 13:59:32,944 [INFO] UserAuth:113 - Init User Auth plugin
2024-09-19 13:59:32,944 [INFO] PluginManage:359 - Loaded plugin userauth (category:base,tabindex:14)
2024-09-19 13:59:32,945 [INFO] PluginManage:283 - PluginManage : Loaded plugins [18]
2024-09-19 13:59:33,183 [INFO] PinOutPanel:1561 - setPackage(No Configuration,No Configuration)
2024-09-19 13:59:33,257 [INFO] CADModel:165 - CPN selected for project level
2024-09-19 13:59:33,258 [INFO] CADModel:114 - Register for checkConnection events
2024-09-19 13:59:33,269 [INFO] IPUIPlugin:80 - create IPUIPlugin
2024-09-19 13:59:33,270 [INFO] PluginManager:220 - loadIPPluginJar : add mdma
2024-09-19 13:59:33,274 [INFO] IPUIPlugin:80 - create IPUIPlugin
2024-09-19 13:59:33,274 [INFO] PluginManager:220 - loadIPPluginJar : add freertos
2024-09-19 13:59:33,277 [INFO] IPUIPlugin:80 - create IPUIPlugin
2024-09-19 13:59:33,277 [INFO] PluginManager:220 - loadIPPluginJar : add gic
2024-09-19 13:59:33,281 [INFO] IPUIPlugin:80 - create IPUIPlugin
2024-09-19 13:59:33,282 [INFO] PluginManager:220 - loadIPPluginJar : add adc
2024-09-19 13:59:33,283 [INFO] IPUIPlugin:80 - create IPUIPlugin
2024-09-19 13:59:33,283 [INFO] PluginManager:220 - loadIPPluginJar : add gtzc
2024-09-19 13:59:33,284 [INFO] IPUIPlugin:80 - create IPUIPlugin
2024-09-19 13:59:33,284 [INFO] PluginManager:220 - loadIPPluginJar : add quadspi
2024-09-19 13:59:33,285 [INFO] IPUIPlugin:80 - create IPUIPlugin
2024-09-19 13:59:33,285 [INFO] PluginManager:220 - loadIPPluginJar : add aes
2024-09-19 13:59:33,286 [INFO] IPUIPlugin:80 - create IPUIPlugin
2024-09-19 13:59:33,286 [INFO] PluginManager:220 - loadIPPluginJar : add pdm2pcm
2024-09-19 13:59:33,288 [INFO] IPUIPlugin:80 - create IPUIPlugin
2024-09-19 13:59:33,288 [INFO] PluginManager:220 - loadIPPluginJar : add hash
2024-09-19 13:59:33,289 [INFO] IPUIPlugin:80 - create IPUIPlugin
2024-09-19 13:59:33,289 [INFO] PluginManager:220 - loadIPPluginJar : add tim
2024-09-19 13:59:33,289 [INFO] IPUIPlugin:80 - create IPUIPlugin
2024-09-19 13:59:33,289 [INFO] PluginManager:220 - loadIPPluginJar : add tsc
2024-09-19 13:59:33,291 [INFO] IPUIPlugin:80 - create IPUIPlugin
2024-09-19 13:59:33,291 [INFO] PluginManager:220 - loadIPPluginJar : add extmemmanager
2024-09-19 13:59:33,292 [INFO] IPUIPlugin:80 - create IPUIPlugin
2024-09-19 13:59:33,292 [INFO] PluginManager:220 - loadIPPluginJar : add ts
2024-09-19 13:59:33,293 [INFO] IPUIPlugin:80 - create IPUIPlugin
2024-09-19 13:59:33,293 [INFO] PluginManager:220 - loadIPPluginJar : add radio
2024-09-19 13:59:33,294 [INFO] IPUIPlugin:80 - create IPUIPlugin
2024-09-19 13:59:33,294 [INFO] PluginManager:220 - loadIPPluginJar : add can
2024-09-19 13:59:33,297 [INFO] IPUIPlugin:80 - create IPUIPlugin
2024-09-19 13:59:33,297 [INFO] PluginManager:220 - loadIPPluginJar : add dma3
2024-09-19 13:59:33,298 [INFO] IPUIPlugin:80 - create IPUIPlugin
2024-09-19 13:59:33,298 [INFO] PluginManager:220 - loadIPPluginJar : add dfsdm
2024-09-19 13:59:33,299 [INFO] IPUIPlugin:80 - create IPUIPlugin
2024-09-19 13:59:33,299 [INFO] PluginManager:220 - loadIPPluginJar : add spi
2024-09-19 13:59:33,300 [INFO] IPUIPlugin:80 - create IPUIPlugin
2024-09-19 13:59:33,300 [INFO] PluginManager:220 - loadIPPluginJar : add gfxmmu
2024-09-19 13:59:33,301 [INFO] IPUIPlugin:80 - create IPUIPlugin
2024-09-19 13:59:33,301 [INFO] PluginManager:220 - loadIPPluginJar : add genericplugin
2024-09-19 13:59:33,302 [INFO] IPUIPlugin:80 - create IPUIPlugin
2024-09-19 13:59:33,303 [INFO] PluginManager:220 - loadIPPluginJar : add cryp
2024-09-19 13:59:33,305 [INFO] IPUIPlugin:80 - create IPUIPlugin
2024-09-19 13:59:33,305 [INFO] PluginManager:220 - loadIPPluginJar : add gpio
2024-09-19 13:59:33,307 [INFO] IPUIPlugin:80 - create IPUIPlugin
2024-09-19 13:59:33,307 [INFO] PluginManager:220 - loadIPPluginJar : add ddr_ctrl_phy
2024-09-19 13:59:33,308 [INFO] IPUIPlugin:80 - create IPUIPlugin
2024-09-19 13:59:33,308 [INFO] PluginManager:220 - loadIPPluginJar : add comp
2024-09-19 13:59:33,309 [INFO] IPUIPlugin:80 - create IPUIPlugin
2024-09-19 13:59:33,310 [INFO] PluginManager:220 - loadIPPluginJar : add tracer_emb
2024-09-19 13:59:33,311 [INFO] IPUIPlugin:80 - create IPUIPlugin
2024-09-19 13:59:33,311 [INFO] PluginManager:220 - loadIPPluginJar : add openamp
2024-09-19 13:59:33,314 [INFO] IPUIPlugin:80 - create IPUIPlugin
2024-09-19 13:59:33,314 [INFO] PluginManager:220 - loadIPPluginJar : add stm32_wpan
2024-09-19 13:59:33,317 [INFO] IPUIPlugin:80 - create IPUIPlugin
2024-09-19 13:59:33,320 [INFO] PluginManager:220 - loadIPPluginJar : add plateformsettings
2024-09-19 13:59:33,322 [INFO] IPUIPlugin:80 - create IPUIPlugin
2024-09-19 13:59:33,322 [INFO] PluginManager:220 - loadIPPluginJar : add ipddr
2024-09-19 13:59:33,323 [INFO] IPUIPlugin:80 - create IPUIPlugin
2024-09-19 13:59:33,323 [INFO] PluginManager:220 - loadIPPluginJar : add usart
2024-09-19 13:59:33,324 [INFO] IPUIPlugin:80 - create IPUIPlugin
2024-09-19 13:59:33,324 [INFO] PluginManager:220 - loadIPPluginJar : add ltdc
2024-09-19 13:59:33,327 [INFO] IPUIPlugin:80 - create IPUIPlugin
2024-09-19 13:59:33,327 [INFO] PluginManager:220 - loadIPPluginJar : add nvic
2024-09-19 13:59:33,328 [INFO] IPUIPlugin:80 - create IPUIPlugin
2024-09-19 13:59:33,328 [INFO] PluginManager:220 - loadIPPluginJar : add fatfs
2024-09-19 13:59:33,332 [INFO] IPUIPlugin:80 - create IPUIPlugin
2024-09-19 13:59:33,332 [INFO] PluginManager:220 - loadIPPluginJar : add linkedlist
2024-09-19 13:59:33,335 [INFO] IPUIPlugin:80 - create IPUIPlugin
2024-09-19 13:59:33,335 [INFO] PluginManager:220 - loadIPPluginJar : add dma
2024-09-19 13:59:33,337 [INFO] IPUIPlugin:80 - create IPUIPlugin
2024-09-19 13:59:33,337 [INFO] PluginManager:220 - loadIPPluginJar : add fmc
2024-09-19 13:59:33,339 [INFO] IPUIPlugin:80 - create IPUIPlugin
2024-09-19 13:59:33,339 [INFO] PluginManager:220 - loadIPPluginJar : add i2s
2024-09-19 13:59:33,340 [INFO] IPUIPlugin:80 - create IPUIPlugin
2024-09-19 13:59:33,340 [INFO] PluginManager:220 - loadIPPluginJar : add ucpd
2024-09-19 13:59:33,343 [INFO] IPUIPlugin:80 - create IPUIPlugin
2024-09-19 13:59:33,343 [INFO] PluginManager:220 - loadIPPluginJar : add lorawan
2024-09-19 13:59:33,346 [INFO] IPUIPlugin:80 - create IPUIPlugin
2024-09-19 13:59:33,348 [INFO] PluginManager:220 - loadIPPluginJar : add opamp
2024-09-19 13:59:33,352 [INFO] IPUIPlugin:80 - create IPUIPlugin
2024-09-19 13:59:33,353 [INFO] PluginManager:220 - loadIPPluginJar : add i3c
2024-09-19 13:59:33,357 [INFO] IPUIPlugin:80 - create IPUIPlugin
2024-09-19 13:59:33,358 [INFO] PluginManager:220 - loadIPPluginJar : add touchsensing
2024-09-19 13:59:33,361 [INFO] IPUIPlugin:80 - create IPUIPlugin
2024-09-19 13:59:33,361 [INFO] PluginManager:220 - loadIPPluginJar : add i2c
2024-09-19 13:59:33,364 [INFO] IPUIPlugin:80 - create IPUIPlugin
2024-09-19 13:59:33,364 [INFO] PluginManager:220 - loadIPPluginJar : add resmgrutility
2024-09-19 13:59:33,367 [INFO] IPUIPlugin:80 - create IPUIPlugin
2024-09-19 13:59:33,367 [INFO] PluginManager:220 - loadIPPluginJar : add sai
2024-09-19 13:59:33,371 [INFO] IPUIPlugin:80 - create IPUIPlugin
2024-09-19 13:59:33,371 [INFO] PluginManager:220 - loadIPPluginJar : add usbx
2024-09-19 13:59:33,538 [INFO] CADModel:165 - CPN selected for project level
2024-09-19 13:59:33,540 [INFO] CADModel:114 - Register for checkConnection events
2024-09-19 13:59:33,541 [FATAL] Updater:334 - Updater called before beeing initialized
2024-09-19 13:59:33,541 [ERROR] CADModel:125 - Updater not yet initialized, retry later 
2024-09-19 13:59:33,750 [INFO] CADModel:165 - CPN selected for project level
2024-09-19 13:59:33,750 [INFO] CADModel:114 - Register for checkConnection events
2024-09-19 13:59:33,751 [FATAL] Updater:334 - Updater called before beeing initialized
2024-09-19 13:59:33,751 [ERROR] CADModel:125 - Updater not yet initialized, retry later 
2024-09-19 13:59:33,754 [FATAL] Updater:334 - Updater called before beeing initialized
2024-09-19 13:59:33,923 [FATAL] Updater:334 - Updater called before beeing initialized
2024-09-19 13:59:33,929 [INFO] DbMcusAds:53 - JSON generation date=Mon Sep 16 21:40:22 ICT 2024 (1726497622318)
2024-09-19 13:59:33,929 [FATAL] Updater:334 - Updater called before beeing initialized
2024-09-19 13:59:33,978 [WARN] DetailPanel:346 - Failed to get advertising image, set to default
2024-09-19 13:59:34,041 [FATAL] Updater:334 - Updater called before beeing initialized
2024-09-19 13:59:34,042 [FATAL] Updater:334 - Updater called before beeing initialized
2024-09-19 13:59:34,042 [FATAL] Updater:334 - Updater called before beeing initialized
2024-09-19 13:59:34,042 [WARN] DetailPanel:346 - Failed to get advertising image, set to default
2024-09-19 13:59:34,043 [FATAL] Updater:334 - Updater called before beeing initialized
2024-09-19 13:59:34,103 [ERROR] Updater:1164 - MainUpdater not yet initialized. External WinMGr cannot be set.
2024-09-19 13:59:34,110 [INFO] Updater:1100 - Updater Version found : 6.12.0
2024-09-19 13:59:34,122 [INFO] ApplicationProperties:184 - Using Application install path: /Applications/STM32CubeIDE.app/Contents/Eclipse/plugins/com.st.stm32cube.common.mx_6.12.0.202406281431
2024-09-19 13:59:34,469 [INFO] MainUpdater:2873 - connection check result : 10
2024-09-19 13:59:34,471 [INFO] MainUpdater:290 - Updater Check For Update Now.
2024-09-19 13:59:34,471 [INFO] MicroXplorer:498 - Change Database Version : DB.6.0.120
2024-09-19 13:59:34,489 [INFO] McuFinderGlobals:63 - Set McuFinder mode to 2 (CubeIDE integrated)
2024-09-19 13:59:34,494 [INFO] UserAuth:417 - Internet connection configuration mode: 1
2024-09-19 13:59:34,512 [INFO] JxBrowserEngine:152 - Initiate JxBrowser Engine with user profile folder
2024-09-19 13:59:34,758 [INFO] CheckServerUpdateThread:120 - End of CheckServer Thread
2024-09-19 13:59:35,850 [WARN] PackLoader:240 - Cannot read IP mode file for STMicroelectronics.FP-SNS-MOTENVWB1.1.4.0
2024-09-19 13:59:35,880 [WARN] PackLoader:240 - Cannot read IP mode file for STMicroelectronics.X-CUBE-SMBUS.2.1.0
2024-09-19 13:59:35,941 [WARN] PackLoader:240 - Cannot read IP mode file for STMicroelectronics.X-CUBE-AZRTOS-F7.1.1.0
2024-09-19 13:59:36,128 [WARN] PackLoader:240 - Cannot read IP mode file for STMicroelectronics.X-CUBE-MEMS1.11.0.0
2024-09-19 13:59:36,439 [WARN] PackLoader:240 - Cannot read IP mode file for STMicroelectronics.FP-SNS-FLIGHT1.5.0.2
2024-09-19 13:59:36,458 [WARN] PackLoader:240 - Cannot read IP mode file for STMicroelectronics.X-CUBE-DISPLAY.3.0.0
2024-09-19 13:59:36,483 [WARN] PackLoader:240 - Cannot read IP mode file for STMicroelectronics.X-CUBE-BLE1.7.0.0
2024-09-19 13:59:36,506 [WARN] PackLoader:240 - Cannot read IP mode file for emotas.I-CUBE-CANOPEN.1.3.0
2024-09-19 13:59:36,535 [WARN] PackLoader:240 - Cannot read IP mode file for STMicroelectronics.X-CUBE-BLEMGR.3.1.0
2024-09-19 13:59:36,550 [WARN] PackLoader:240 - Cannot read IP mode file for STMicroelectronics.FP-SNS-SMARTAG2.1.2.0
2024-09-19 13:59:36,561 [INFO] LogOutputStream:77 - [STDOUT_REDIRECT] 1 : Invalid condition id : UX_CORESTACK_Condition cause : null
2024-09-19 13:59:36,561 [INFO] LogOutputStream:77 - [STDOUT_REDIRECT] 1 : Invalid condition id : UX_CORESTACK_Condition cause : null
2024-09-19 13:59:36,562 [INFO] LogOutputStream:77 - [STDOUT_REDIRECT] 1 : Invalid condition id : UX_CORESTACK_Condition cause : null
2024-09-19 13:59:36,562 [INFO] LogOutputStream:77 - [STDOUT_REDIRECT] 1 : Invalid condition id : UX_CORESTACK_Condition cause : null
2024-09-19 13:59:36,563 [INFO] LogOutputStream:77 - [STDOUT_REDIRECT] 1 : Invalid condition id : UX_CORESTACK_Condition cause : null
2024-09-19 13:59:36,571 [WARN] PackLoader:240 - Cannot read IP mode file for STMicroelectronics.X-CUBE-AZRTOS-WL.2.0.0
2024-09-19 13:59:36,578 [WARN] PackLoader:240 - Cannot read IP mode file for STMicroelectronics.FP-SNS-MOTENV1.5.0.0
2024-09-19 13:59:36,590 [WARN] PackLoader:240 - Cannot read IP mode file for wolfSSL.I-CUBE-wolfMQTT.1.19.0
2024-09-19 13:59:36,608 [WARN] PackLoader:240 - Cannot read IP mode file for WES.I-CUBE-Cesium.1.3.0
2024-09-19 13:59:36,624 [WARN] PackLoader:240 - Cannot read IP mode file for STMicroelectronics.X-CUBE-BLE2.3.3.0
2024-09-19 13:59:36,645 [WARN] PackLoader:240 - Cannot read IP mode file for STMicroelectronics.X-CUBE-TCPP.4.1.0
2024-09-19 13:59:36,696 [WARN] PackLoader:240 - Cannot read IP mode file for STMicroelectronics.X-CUBE-AZRTOS-G0.1.1.0
2024-09-19 13:59:36,737 [WARN] PackLoader:240 - Cannot read IP mode file for STMicroelectronics.X-CUBE-SAFEA1.1.2.2
2024-09-19 13:59:36,772 [WARN] PackLoader:240 - Cannot read IP mode file for STMicroelectronics.X-CUBE-NFC4.3.0.0
2024-09-19 13:59:36,802 [WARN] PackLoader:240 - Cannot read IP mode file for EmbeddedOffice.I-CUBE-FS-RTOS.1.0.1
2024-09-19 13:59:36,804 [ERROR] ConditionMgr:805 - Attr not supported : Dmpu
2024-09-19 13:59:36,806 [ERROR] ConditionMgr:805 - Attr not supported : Dmpu
2024-09-19 13:59:36,806 [ERROR] ConditionMgr:805 - Attr not supported : Dmpu
2024-09-19 13:59:36,806 [ERROR] ConditionMgr:805 - Attr not supported : Dmpu
2024-09-19 13:59:36,806 [ERROR] ConditionMgr:805 - Attr not supported : Dmpu
2024-09-19 13:59:36,806 [ERROR] ConditionMgr:805 - Attr not supported : Dmpu
2024-09-19 13:59:36,806 [ERROR] ConditionMgr:805 - Attr not supported : Dmpu
2024-09-19 13:59:36,806 [ERROR] ConditionMgr:805 - Attr not supported : Dmpu
2024-09-19 13:59:36,806 [ERROR] ConditionMgr:805 - Attr not supported : Dmpu
2024-09-19 13:59:36,806 [ERROR] ConditionMgr:805 - Attr not supported : Dmpu
2024-09-19 13:59:36,806 [ERROR] ConditionMgr:805 - Attr not supported : Dmpu
2024-09-19 13:59:36,806 [ERROR] ConditionMgr:805 - Attr not supported : Dmpu
2024-09-19 13:59:36,806 [ERROR] ConditionMgr:805 - Attr not supported : Dmpu
2024-09-19 13:59:36,806 [ERROR] ConditionMgr:805 - Attr not supported : Dmpu
2024-09-19 13:59:36,807 [ERROR] ConditionMgr:805 - Attr not supported : Dmpu
2024-09-19 13:59:36,807 [ERROR] ConditionMgr:805 - Attr not supported : Dmpu
2024-09-19 13:59:36,807 [ERROR] ConditionMgr:805 - Attr not supported : Dmpu
2024-09-19 13:59:36,807 [ERROR] ConditionMgr:805 - Attr not supported : Dmpu
2024-09-19 13:59:36,807 [ERROR] ConditionMgr:805 - Attr not supported : Dmpu
2024-09-19 13:59:36,807 [ERROR] ConditionMgr:805 - Attr not supported : Dmpu
2024-09-19 13:59:36,807 [ERROR] ConditionMgr:805 - Attr not supported : Dmpu
2024-09-19 13:59:36,807 [ERROR] ConditionMgr:805 - Attr not supported : Dmpu
2024-09-19 13:59:36,807 [ERROR] ConditionMgr:805 - Attr not supported : Dmpu
2024-09-19 13:59:36,807 [ERROR] ConditionMgr:805 - Attr not supported : Dmpu
2024-09-19 13:59:36,807 [ERROR] ConditionMgr:805 - Attr not supported : Dmpu
2024-09-19 13:59:36,808 [ERROR] ConditionMgr:805 - Attr not supported : Dmpu
2024-09-19 13:59:36,808 [ERROR] ConditionMgr:805 - Attr not supported : Dmpu
2024-09-19 13:59:36,808 [ERROR] ConditionMgr:805 - Attr not supported : Dmpu
2024-09-19 13:59:36,808 [ERROR] ConditionMgr:805 - Attr not supported : Dmpu
2024-09-19 13:59:36,808 [ERROR] ConditionMgr:805 - Attr not supported : Dmpu
2024-09-19 13:59:36,808 [ERROR] ConditionMgr:805 - Attr not supported : Dmpu
2024-09-19 13:59:36,808 [ERROR] ConditionMgr:805 - Attr not supported : Dmpu
2024-09-19 13:59:36,808 [ERROR] ConditionMgr:805 - Attr not supported : Dmpu
2024-09-19 13:59:36,808 [ERROR] ConditionMgr:805 - Attr not supported : Dmpu
2024-09-19 13:59:36,809 [ERROR] ConditionMgr:805 - Attr not supported : Dmpu
2024-09-19 13:59:36,810 [ERROR] ConditionMgr:805 - Attr not supported : Dmpu
2024-09-19 13:59:36,812 [ERROR] ConditionMgr:805 - Attr not supported : Dmpu
2024-09-19 13:59:36,814 [ERROR] ConditionMgr:805 - Attr not supported : Dmpu
2024-09-19 13:59:36,815 [ERROR] ConditionMgr:805 - Attr not supported : Dmpu
2024-09-19 13:59:36,815 [ERROR] ConditionMgr:805 - Attr not supported : Dmpu
2024-09-19 13:59:36,815 [ERROR] ConditionMgr:805 - Attr not supported : Dmpu
2024-09-19 13:59:36,815 [ERROR] ConditionMgr:805 - Attr not supported : Dmpu
2024-09-19 13:59:36,816 [ERROR] ConditionMgr:805 - Attr not supported : Dmpu
2024-09-19 13:59:36,816 [ERROR] ConditionMgr:805 - Attr not supported : Dmpu
2024-09-19 13:59:36,816 [ERROR] ConditionMgr:805 - Attr not supported : Dmpu
2024-09-19 13:59:36,816 [ERROR] ConditionMgr:805 - Attr not supported : Dmpu
2024-09-19 13:59:36,816 [ERROR] ConditionMgr:805 - Attr not supported : Dmpu
2024-09-19 13:59:36,816 [ERROR] ConditionMgr:805 - Attr not supported : Dmpu
2024-09-19 13:59:36,816 [ERROR] ConditionMgr:805 - Attr not supported : Dmpu
2024-09-19 13:59:36,816 [ERROR] ConditionMgr:805 - Attr not supported : Dmpu
2024-09-19 13:59:36,816 [ERROR] ConditionMgr:805 - Attr not supported : Dmpu
2024-09-19 13:59:36,816 [ERROR] ConditionMgr:805 - Attr not supported : Dmpu
2024-09-19 13:59:36,816 [ERROR] ConditionMgr:805 - Attr not supported : Dmpu
2024-09-19 13:59:36,816 [ERROR] ConditionMgr:805 - Attr not supported : Dmpu
2024-09-19 13:59:36,816 [ERROR] ConditionMgr:805 - Attr not supported : Dmpu
2024-09-19 13:59:36,816 [ERROR] ConditionMgr:805 - Attr not supported : Dmpu
2024-09-19 13:59:36,816 [ERROR] ConditionMgr:805 - Attr not supported : Dmpu
2024-09-19 13:59:36,817 [ERROR] ConditionMgr:805 - Attr not supported : Dmpu
2024-09-19 13:59:36,817 [ERROR] ConditionMgr:805 - Attr not supported : Dmpu
2024-09-19 13:59:36,817 [ERROR] ConditionMgr:805 - Attr not supported : Dmpu
2024-09-19 13:59:36,817 [ERROR] ConditionMgr:805 - Attr not supported : Dmpu
2024-09-19 13:59:36,817 [ERROR] ConditionMgr:805 - Attr not supported : Dmpu
2024-09-19 13:59:36,817 [ERROR] ConditionMgr:805 - Attr not supported : Dmpu
2024-09-19 13:59:36,817 [ERROR] ConditionMgr:805 - Attr not supported : Dmpu
2024-09-19 13:59:36,827 [WARN] PackLoader:240 - Cannot read IP mode file for RealThread.X-CUBE-RT-Thread_Nano.4.1.1
2024-09-19 13:59:36,836 [WARN] PackLoader:240 - Cannot read IP mode file for STMicroelectronics.FP-ATR-SIGFOX1.3.2.0
2024-09-19 13:59:36,842 [WARN] PackLoader:240 - Cannot read IP mode file for wolfSSL.I-CUBE-wolfSSL.5.7.2
2024-09-19 13:59:36,849 [WARN] PackLoader:240 - Cannot read IP mode file for STMicroelectronics.X-CUBE-EEPRMA1.5.1.0
2024-09-19 13:59:36,854 [WARN] PackLoader:240 - Cannot read IP mode file for ITTIA_DB.I-CUBE-ITTIADB.8.9.0
2024-09-19 13:59:36,915 [WARN] PackLoader:240 - Cannot read IP mode file for SEGGER.I-CUBE-embOS.1.3.1
2024-09-19 13:59:37,005 [WARN] PackLoader:240 - Cannot read IP mode file for STMicroelectronics.X-CUBE-ALGOBUILD.1.4.0
2024-09-19 13:59:37,017 [WARN] PackLoader:240 - Cannot read IP mode file for STMicroelectronics.X-CUBE-GNSS1.6.0.0
2024-09-19 13:59:37,039 [WARN] PackLoader:240 - Cannot read IP mode file for STMicroelectronics.X-CUBE-AZRTOS-F4.1.1.0
2024-09-19 13:59:37,054 [WARN] PackLoader:240 - Cannot read IP mode file for STMicroelectronics.X-CUBE-ISPU.2.1.0
2024-09-19 13:59:37,065 [WARN] PackLoader:240 - Cannot read IP mode file for STMicroelectronics.X-CUBE-FREERTOS.1.2.0
2024-09-19 13:59:37,096 [WARN] PackLoader:240 - Cannot read IP mode file for STMicroelectronics.X-CUBE-AZRTOS-L5.2.0.0
2024-09-19 13:59:37,113 [WARN] PackLoader:240 - Cannot read IP mode file for STMicroelectronics.X-CUBE-NFC6.3.1.0
2024-09-19 13:59:37,121 [WARN] PackLoader:240 - Cannot read IP mode file for STMicroelectronics.X-CUBE-AI.9.0.0
2024-09-19 13:59:37,125 [WARN] PackLoader:240 - Cannot read IP mode file for STMicroelectronics.X-CUBE-NFC7.1.0.1
2024-09-19 13:59:37,146 [WARN] ConditionMgr:438 - getConditionDescription Invalid condition id : LAN8742 Phy interface Condition cause : null
2024-09-19 13:59:37,148 [WARN] PackLoader:240 - Cannot read IP mode file for STMicroelectronics.X-CUBE-AZRTOS-L4.2.0.0
2024-09-19 13:59:37,151 [WARN] ConditionMgr:1039 - genDependencies : Invalid condition id : LAN8742 Phy interface Condition cause : null
2024-09-19 13:59:37,151 [WARN] ConditionMgr:1039 - genDependencies : Invalid condition id : LAN8742 Phy interface Condition cause : null
2024-09-19 13:59:37,152 [WARN] ConditionMgr:1039 - genDependencies : Invalid condition id : LAN8742 Phy interface Condition cause : null
2024-09-19 13:59:37,171 [WARN] PackLoader:240 - Cannot read IP mode file for STMicroelectronics.X-CUBE-SFXS2LP1.4.0.0
2024-09-19 13:59:37,202 [WARN] PackLoader:240 - Cannot read IP mode file for STMicroelectronics.X-CUBE-AZRTOS-H7.3.3.0
2024-09-19 13:59:37,225 [WARN] ConditionMgr:438 - getConditionDescription Invalid condition id : UX DEVICE CLASS RTOS Condition cause : null
2024-09-19 13:59:37,225 [WARN] ConditionMgr:438 - getConditionDescription Invalid condition id : UX DEVICE CLASS RTOS Condition cause : null
2024-09-19 13:59:37,229 [WARN] PackLoader:240 - Cannot read IP mode file for STMicroelectronics.X-CUBE-AZRTOS-WB.2.0.0
2024-09-19 13:59:37,230 [WARN] ConditionMgr:1039 - genDependencies : Invalid condition id : UX DEVICE CLASS RTOS Condition cause : null
2024-09-19 13:59:37,230 [WARN] ConditionMgr:1039 - genDependencies : Invalid condition id : UX DEVICE CLASS RTOS Condition cause : null
2024-09-19 13:59:37,231 [WARN] ConditionMgr:1039 - genDependencies : Invalid condition id : UX DEVICE CLASS RTOS Condition cause : null
2024-09-19 13:59:37,231 [WARN] ConditionMgr:1039 - genDependencies : Invalid condition id : UX DEVICE CLASS RTOS Condition cause : null
2024-09-19 13:59:37,231 [WARN] ConditionMgr:1039 - genDependencies : Invalid condition id : UX DEVICE CLASS RTOS Condition cause : null
2024-09-19 13:59:37,238 [WARN] PackLoader:240 - Cannot read IP mode file for STMicroelectronics.X-CUBE-GNSS1.7.0.0
2024-09-19 13:59:37,261 [WARN] PackLoader:240 - Cannot read IP mode file for STMicroelectronics.X-CUBE-SUBG2.5.0.0
2024-09-19 13:59:37,283 [WARN] PackLoader:240 - Cannot read IP mode file for Cesanta.I-CUBE-Mongoose.7.13.0
2024-09-19 13:59:37,314 [WARN] PackLoader:240 - Cannot read IP mode file for STMicroelectronics.X-CUBE-AZRTOS-G4.2.0.0
2024-09-19 13:59:37,324 [WARN] PackLoader:240 - Cannot read IP mode file for STMicroelectronics.X-CUBE-ISPU.2.0.0
2024-09-19 13:59:37,329 [WARN] PackLoader:240 - Cannot read IP mode file for STMicroelectronics.X-CUBE-ALS.1.0.2
2024-09-19 13:59:37,333 [WARN] PackLoader:240 - Cannot read IP mode file for STMicroelectronics.X-CUBE-TOUCHGFX.4.24.0
2024-09-19 13:59:37,336 [WARN] PackLoader:240 - Cannot read IP mode file for wolfSSL.I-CUBE-wolfTPM.3.4.0
2024-09-19 13:59:37,340 [WARN] PackLoader:240 - Cannot read IP mode file for portGmbH.I-Cube-SoM-uGOAL.1.1.0
2024-09-19 13:59:37,362 [WARN] PackLoader:240 - Cannot read IP mode file for STMicroelectronics.X-CUBE-AZRTOS-H7RS.1.0.0
2024-09-19 13:59:37,369 [WARN] PackLoader:240 - Cannot read IP mode file for STMicroelectronics.FP-ATR-ASTRA1.2.0.0
2024-09-19 13:59:37,388 [WARN] PackLoader:240 - Cannot read IP mode file for STMicroelectronics.X-CUBE-TOF1.3.4.2
2024-09-19 13:59:37,432 [WARN] PackLoader:240 - Cannot read IP mode file for Infineon.AIROC-Wi-Fi-Bluetooth-STM32.1.6.1
2024-09-19 13:59:37,444 [WARN] PackLoader:240 - Cannot read IP mode file for wolfSSL.I-CUBE-wolfSSH.1.4.17
2024-09-19 13:59:37,447 [INFO] ThirdParty:978 - Integrity check success = true
2024-09-19 13:59:37,447 [INFO] IntegrityCheckThread:100 - exiting critical section [integrity check]
2024-09-19 13:59:37,447 [INFO] IntegrityCheckThread:103 - End integrity checks thread
2024-09-19 13:59:38,377 [INFO] WebApp:167 - Instantiating new browser for Auth
2024-09-19 13:59:39,536 [INFO] WebApp:448 - Apply proxy settings
2024-09-19 13:59:39,545 [INFO] WebApp:493 - Chromium authenticates against Manually configured proxy
2024-09-19 13:59:39,567 [INFO] WebApp:501 - Username used for proxy authentication: 
2024-09-19 13:59:39,626 [INFO] WebApp:869 - Register for checkConnection events
2024-09-19 13:59:39,626 [INFO] WebApp:448 - Apply proxy settings
2024-09-19 13:59:39,630 [INFO] WebApp:493 - Chromium authenticates against Manually configured proxy
2024-09-19 13:59:39,631 [INFO] WebApp:501 - Username used for proxy authentication: 
2024-09-19 13:59:39,765 [INFO] WebApp:220 - Starting web application
2024-09-19 13:59:39,766 [INFO] WebApp:578 - Web application path used /Applications/STM32CubeIDE.app/Contents/Eclipse/plugins/com.st.stm32cube.common.mx_6.12.0.202406281431/db/plugins/mcufinder/reactClient1/index.html
2024-09-19 13:59:40,297 [INFO] UserAuth:417 - Internet connection configuration mode: 1
2024-09-19 13:59:40,436 [INFO] WebApp:186 - Connection restablished
2024-09-19 14:01:12,353 [INFO] McuFinderGlobals:63 - Set McuFinder mode to 2 (CubeIDE integrated)
2024-09-19 14:01:12,364 [INFO] MainUpdater:2873 - connection check result : 10
2024-09-19 14:01:12,365 [INFO] MainUpdater:2873 - connection check result : 10
2024-09-19 14:01:12,929 [INFO] RulesReader:64 - Compatibility file has been processed (297 Rules)
2024-09-19 14:01:12,940 [INFO] RulesReader:64 - Compatibility file has been processed (297 Rules)
2024-09-19 14:01:12,944 [INFO] MicroXplorer:468 - Change Database Path : 
2024-09-19 14:01:12,944 [INFO] MicroXplorer:498 - Change Database Version : DB.6.0.120
2024-09-19 14:01:12,949 [WARN] ThirdParty:871 - waiting for thirdparty lock release [close project]
2024-09-19 14:01:12,949 [INFO] ThirdParty:873 - entering critical section [close project]
2024-09-19 14:01:12,954 [INFO] ThirdParty:883 - exiting critical section [close project]
2024-09-19 14:01:12,957 [INFO] PinOutPanel:1561 - setPackage(No Configuration,No Configuration)
2024-09-19 14:01:12,964 [INFO] UtilMem:75 - Begin LoadConfig() Used Memory: 835595640 Bytes (1073741824)
2024-09-19 14:01:14,561 [INFO] ServerAccessManage:473 - Download File stm32cube_db_v6030.zip
2024-09-19 14:01:17,095 [INFO] FileExtend:240 - Unzip File : stm32cube_db_v6030.zip
2024-09-19 14:01:17,099 [INFO] FileExtend:255 - Standard Zip Deflate
2024-09-19 14:01:18,511 [INFO] LoadServerPackagesThread:196 - End of LoadServerPackages Thread
2024-09-19 14:01:18,746 [INFO] CheckServerUpdateThread:120 - End of CheckServer Thread
2024-09-19 14:01:18,919 [INFO] ServerAccessManage:473 - Download File stm32cube_db_v6050.zip
2024-09-19 14:01:22,289 [INFO] FileExtend:240 - Unzip File : stm32cube_db_v6050.zip
2024-09-19 14:01:22,290 [INFO] FileExtend:255 - Standard Zip Deflate
2024-09-19 14:01:23,792 [INFO] ServerAccessManage:473 - Download File stm32cube_fw_f7_v1160.zip
2024-09-19 14:02:55,920 [ERROR] FileExtend:455 - File entry not found
2024-09-19 14:02:55,924 [INFO] FileExtend:240 - Unzip File : stm32cube_fw_f7_v1160.zip
2024-09-19 14:02:55,929 [INFO] FileExtend:255 - Standard Zip Deflate
2024-09-19 14:03:07,930 [INFO] ServerAccessManage:473 - Download File stm32cube_fw_f7_v1161.zip
2024-09-19 14:03:29,295 [INFO] FileExtend:240 - Unzip File : stm32cube_fw_f7_v1161.zip
2024-09-19 14:03:29,297 [INFO] FileExtend:255 - Standard Zip Deflate
2024-09-19 14:03:34,933 [INFO] LoadServerPackagesThread:196 - End of LoadServerPackages Thread
2024-09-19 14:03:35,119 [INFO] CheckServerUpdateThread:120 - End of CheckServer Thread
2024-09-19 14:03:35,135 [INFO] MicroXplorer:468 - Change Database Path : /Users/kitton/.stm32cubemx/databases/DB.6.0.30/db/
2024-09-19 14:03:35,135 [INFO] MicroXplorer:498 - Change Database Version : DB.6.0.30
2024-09-19 14:03:35,135 [INFO] OpenFileManager:332 - Change cursor
2024-09-19 14:03:35,238 [INFO] Mcu:2032 - Initializing MCU STM32F767ZITx STM32F767ZITx STM32F767ZIT6
2024-09-19 14:03:37,696 [INFO] Context:742 - Trying to add GPIOservice into a context  which must be forbidden
2024-09-19 14:03:38,833 [INFO] RtosManager:555 - Registered RTOS mode: class=CMSIS, group=RTOS, mode=CMSIS_V1, owner=FREERTOS
2024-09-19 14:03:38,833 [INFO] RtosManager:555 - Registered RTOS mode: class=CMSIS, group=RTOS2, mode=CMSIS_V2, owner=FREERTOS
2024-09-19 14:03:38,833 [INFO] RtosManager:555 - Registered RTOS mode: class=RTOS, group=Core, mode=CMSIS_V1, owner=FREERTOS
2024-09-19 14:03:38,833 [INFO] RtosManager:555 - Registered RTOS mode: class=RTOS, group=Core, mode=CMSIS_V2, owner=FREERTOS
2024-09-19 14:03:38,834 [WARN] ModelIntegratedComponent:184 - Missing modes for component STMicroelectronics:FreeRTOS:0.0.1:STMicroelectronics:RTOS:FreeRTOS:Core:::10.2.0:
2024-09-19 14:03:38,851 [WARN] ModelIntegratedComponent:63 - No mode defined for component null
2024-09-19 14:03:38,851 [WARN] ModelIntegratedComponent:63 - No mode defined for component null
2024-09-19 14:03:38,852 [WARN] ModelIntegratedComponent:63 - No mode defined for component null
2024-09-19 14:03:38,852 [WARN] ModelIntegratedComponent:63 - No mode defined for component null
2024-09-19 14:03:38,852 [WARN] ModelIntegratedComponent:63 - No mode defined for component null
2024-09-19 14:03:38,852 [WARN] ModelIntegratedComponent:63 - No mode defined for component null
2024-09-19 14:03:38,852 [WARN] ModelIntegratedComponent:63 - No mode defined for component null
2024-09-19 14:03:38,852 [WARN] ModelIntegratedComponent:63 - No mode defined for component null
2024-09-19 14:03:38,852 [WARN] ModelIntegratedComponent:63 - No mode defined for component null
2024-09-19 14:03:38,852 [WARN] ModelIntegratedComponent:63 - No mode defined for component null
2024-09-19 14:03:38,852 [WARN] ModelIntegratedComponent:63 - No mode defined for component null
2024-09-19 14:03:38,852 [WARN] ModelIntegratedComponent:63 - No mode defined for component null
2024-09-19 14:03:38,853 [WARN] ModelIntegratedComponent:63 - No mode defined for component null
2024-09-19 14:03:38,853 [WARN] ModelIntegratedComponent:63 - No mode defined for component null
2024-09-19 14:03:38,853 [WARN] ModelIntegratedComponent:63 - No mode defined for component null
2024-09-19 14:03:38,853 [WARN] ModelIntegratedComponent:63 - No mode defined for component null
2024-09-19 14:03:38,853 [WARN] ModelIntegratedComponent:63 - No mode defined for component null
2024-09-19 14:03:38,853 [WARN] ModelIntegratedComponent:63 - No mode defined for component null
2024-09-19 14:03:38,853 [WARN] ModelIntegratedComponent:63 - No mode defined for component null
2024-09-19 14:03:38,853 [WARN] ModelIntegratedComponent:63 - No mode defined for component null
2024-09-19 14:03:38,854 [WARN] ModelIntegratedComponent:63 - No mode defined for component null
2024-09-19 14:03:38,854 [WARN] ModelIntegratedComponent:63 - No mode defined for component null
2024-09-19 14:03:38,854 [WARN] ModelIntegratedComponent:63 - No mode defined for component null
2024-09-19 14:03:38,854 [WARN] ModelIntegratedComponent:63 - No mode defined for component null
2024-09-19 14:03:38,854 [WARN] ModelIntegratedComponent:63 - No mode defined for component null
2024-09-19 14:03:38,854 [WARN] ModelIntegratedComponent:63 - No mode defined for component null
2024-09-19 14:03:38,854 [WARN] ModelIntegratedComponent:63 - No mode defined for component null
2024-09-19 14:03:38,854 [WARN] ModelIntegratedComponent:63 - No mode defined for component null
2024-09-19 14:03:38,854 [WARN] ModelIntegratedComponent:63 - No mode defined for component null
2024-09-19 14:03:38,854 [WARN] ModelIntegratedComponent:63 - No mode defined for component null
2024-09-19 14:03:38,854 [WARN] ModelIntegratedComponent:63 - No mode defined for component null
2024-09-19 14:03:38,854 [WARN] ModelIntegratedComponent:63 - No mode defined for component null
2024-09-19 14:03:38,854 [WARN] ModelIntegratedComponent:63 - No mode defined for component null
2024-09-19 14:03:38,854 [WARN] ModelIntegratedComponent:63 - No mode defined for component null
2024-09-19 14:03:38,854 [WARN] ModelIntegratedComponent:63 - No mode defined for component null
2024-09-19 14:03:38,855 [WARN] ModelPack:524 - Component already loaded: STMicroelectronics:HAL Drivers:0.0.0:STMicroelectronics:Device:STMicro_Driver:XSPI:HAL::0.0.1:HAL_XSPI
2024-09-19 14:03:38,895 [INFO] ThirdPartyModel:298 - Start build external matchings
2024-09-19 14:03:39,341 [INFO] ThirdPartyModel:316 - End build external matchings
2024-09-19 14:03:39,381 [INFO] ImportTextPane:205 - (OptionalMessage_ERROR) IP (RCC) : Invalid parameter (48MHZClocksFreq_Value)
2024-09-19 14:03:39,381 [INFO] ImportTextPane:205 - (OptionalMessage_ERROR) IP (RCC) : Invalid parameter (ADC12outputFreq_Value)
2024-09-19 14:03:39,381 [INFO] ImportTextPane:205 - (OptionalMessage_ERROR) IP (RCC) : Invalid parameter (ADC34outputFreq_Value)
2024-09-19 14:03:39,385 [INFO] ImportTextPane:205 - (OptionalMessage_ERROR) IP (RCC) : Invalid parameter (FamilyName)
2024-09-19 14:03:39,386 [INFO] ImportTextPane:205 - (OptionalMessage_ERROR) IP (RCC) : Invalid parameter (I2SClocksFreq_Value)
2024-09-19 14:03:39,386 [INFO] ImportTextPane:205 - (OptionalMessage_ERROR) IP (RCC) : Invalid parameter (LCDTFToutputFreq_Value)
2024-09-19 14:03:39,386 [INFO] ImportTextPane:205 - (OptionalMessage_ERROR) IP (RCC) : Invalid parameter (MCOFreq_Value)
2024-09-19 14:03:39,389 [INFO] ImportTextPane:205 - (OptionalMessage_ERROR) IP (RCC) : Invalid parameter (PLLMCOFreq_Value)
2024-09-19 14:03:39,389 [INFO] ImportTextPane:205 - (OptionalMessage_ERROR) IP (RCC) : Invalid parameter (PLLMUL)
2024-09-19 14:03:39,390 [INFO] ImportTextPane:205 - (OptionalMessage_ERROR) IP (RCC) : Invalid parameter (PRESCALERUSB)
2024-09-19 14:03:39,390 [INFO] ImportTextPane:205 - (OptionalMessage_ERROR) IP (RCC) : Invalid parameter (RTCHSEDivFreq_Value)
2024-09-19 14:03:39,391 [INFO] ImportTextPane:205 - (OptionalMessage_ERROR) IP (RCC) : Parameter (SDMMC2Freq_Value) has invalid value (200000000)
2024-09-19 14:03:39,391 [INFO] ImportTextPane:205 - (OptionalMessage_ERROR) IP (RCC) : Parameter (SDMMCFreq_Value) has invalid value (200000000)
2024-09-19 14:03:39,391 [INFO] ImportTextPane:205 - (OptionalMessage_ERROR) IP (RCC) : Invalid parameter (SYSCLKSourceVirtual)
2024-09-19 14:03:39,391 [INFO] ImportTextPane:205 - (OptionalMessage_ERROR) IP (RCC) : Invalid parameter (TIM15Freq_Value)
2024-09-19 14:03:39,391 [INFO] ImportTextPane:205 - (OptionalMessage_ERROR) IP (RCC) : Invalid parameter (TIM16Freq_Value)
2024-09-19 14:03:39,391 [INFO] ImportTextPane:205 - (OptionalMessage_ERROR) IP (RCC) : Invalid parameter (TIM17Freq_Value)
2024-09-19 14:03:39,391 [INFO] ImportTextPane:205 - (OptionalMessage_ERROR) IP (RCC) : Invalid parameter (TIM1Freq_Value)
2024-09-19 14:03:39,391 [INFO] ImportTextPane:205 - (OptionalMessage_ERROR) IP (RCC) : Invalid parameter (TIM20Freq_Value)
2024-09-19 14:03:39,391 [INFO] ImportTextPane:205 - (OptionalMessage_ERROR) IP (RCC) : Invalid parameter (TIM2Freq_Value)
2024-09-19 14:03:39,391 [INFO] ImportTextPane:205 - (OptionalMessage_ERROR) IP (RCC) : Invalid parameter (TIM3Freq_Value)
2024-09-19 14:03:39,391 [INFO] ImportTextPane:205 - (OptionalMessage_ERROR) IP (RCC) : Invalid parameter (TIM8Freq_Value)
2024-09-19 14:03:39,391 [INFO] ImportTextPane:205 - (OptionalMessage_ERROR) IP (RCC) : Parameter (USBFreq_Value) has invalid value (44444444.44444445)
2024-09-19 14:03:39,392 [INFO] ImportTextPane:205 - (OptionalMessage_ERROR) IP (RCC) : Invalid parameter (VCOOutput2Freq_Value)
2024-09-19 14:03:39,392 [INFO] ImportTextPane:205 - (OptionalMessage_ERROR) IP (RCC) : Invalid parameter (VcooutputI2S)
2024-09-19 14:03:40,563 [INFO] ApiDb:581 - Connected to CubeFinder SQLite database (/Users/kitton/.stmcufinder/plugins/mcufinder/mcu/cube-finder-db.db)
2024-09-19 14:03:40,611 [INFO] ApiDb:668 - CubeFinder database Data Model version=2.1
2024-09-19 14:03:40,611 [INFO] ApiDb:669 - CubeFinder database Configuration version=3.0.39
2024-09-19 14:03:40,612 [INFO] ApiDb:670 - CubeFinder database generation date=2024-09-16 (1726485674)
2024-09-19 14:03:40,613 [INFO] ApiDb:671 - CubeFinder database FW Pack versions=[FP-ATR-ASTRA1_V2.0.0, FP-SNS-FLIGHT1_V5.0.2, FP-SNS-MOTENV1_V5.0.0, FP-SNS-MOTENVWB1_V1.4.0, FP-SNS-SMARTAG2_V1.2.0, FP-SNS-STBOX1_V2.0.0, STM32Cube_FW_C0_V1.2.0, STM32Cube_FW_F4_V1.28.1, STM32Cube_FW_F7_V1.17.2, STM32Cube_FW_G0_V1.6.2, STM32Cube_FW_G4_V1.6.0, STM32Cube_FW_H5_V1.3.0, STM32Cube_FW_H7RS_V1.1.0, STM32Cube_FW_H7_V1.11.2, STM32Cube_FW_L0_V1.12.2, STM32Cube_FW_L5_V1.5.1, STM32Cube_FW_U0_V1.1.0, STM32Cube_FW_U5_V1.6.0, STM32Cube_FW_WB0_V1.0.0, STM32Cube_FW_WBA_V1.4.1, STM32Cube_FW_WB_V1.20.0, STM32Cube_FW_WL_V1.3.0, X-CUBE-ALGOBUILD_V1.4.0, X-CUBE-ALS_V1.0.2, X-CUBE-AZRTOS-F4_V1.1.0, X-CUBE-AZRTOS-F7_V1.1.0, X-CUBE-AZRTOS-G0_V1.1.0, X-CUBE-AZRTOS-G4_V2.0.0, X-CUBE-AZRTOS-H7RS_V1.0.0, X-CUBE-AZRTOS-H7_V3.2.0, X-CUBE-AZRTOS-L4_V2.0.0, X-CUBE-AZRTOS-L5_V2.0.0, X-CUBE-AZRTOS-WB_V2.0.0, X-CUBE-AZRTOS-WL_V2.0.0, X-CUBE-BLE1_V7.0.0, X-CUBE-BLE2_V3.3.0, X-CUBE-BLEMGR_V3.1.0, X-CUBE-EEPRMA1_V5.1.0, X-CUBE-FREERTOS_V1.2.0, X-CUBE-GNSS1_V6.0.0, X-CUBE-MEMS1_V11.0.0, X-CUBE-NFC4_V3.0.0, X-CUBE-NFC7_V1.0.1, X-CUBE-SFXS2LP1_V4.0.0, X-CUBE-SUBG2_V5.0.0, X-CUBE-TOF1_V3.4.2]
2024-09-19 14:03:40,708 [INFO] DbBoardsSqlite:226 - include board P-NUCLEO-WB55-NUCLEO as a kit item of type 'Nucleo-64'
2024-09-19 14:03:40,709 [INFO] DbBoardsSqlite:226 - include board P-NUCLEO-WB55-USBDONGLE as a kit item of type 'Nucleo USB Dongle'
2024-09-19 14:03:40,710 [INFO] DbBoardsSqlite:226 - include board STEVAL-IDP005V1 as a kit item of type 'Evaluation Board'
2024-09-19 14:03:40,710 [INFO] DbBoardsSqlite:226 - include board STEVAL-IDP005V2 as a kit item of type 'Evaluation Board'
2024-09-19 14:03:40,807 [INFO] ApiDb:240 - Found 646 in-development CPN: [B-G473E-ZEST1S, B-WB1M-WPAN1, B-WL5M-SUBG1, NUCLEO-C031C6, NUCLEO-C071RB, NUCLEO-H503RB, NUCLEO-H533RE, NUCLEO-H563ZI, NUCLEO-H7S3L8, NUCLEO-U031R8, NUCLEO-U083RC, NUCLEO-U545RE-Q, NUCLEO-U5A5ZJ-Q, NUCLEO-WB05KZ, NUCLEO-WB07CC, NUCLEO-WB09KE, NUCLEO-WBA52CG, NUCLEO-WBA55CG, STEVAL-PROTEUS1, STEVAL-SMARTAG2, STEVAL-STWINBX1, STM320518-EVAL, STM32C0116-DK, STM32C011D6Y3TR, STM32C011D6Y6TR, STM32C011F4P3, STM32C011F4P6, STM32C011F4U3, STM32C011F4U6TR, STM32C011F6P3, STM32C011F6P6, STM32C011F6U3, STM32C011F6U6TR, STM32C011J4M3, STM32C011J4M6, STM32C011J6M3, STM32C011J6M6, STM32C0316-DK, STM32C031C4T3, STM32C031C4T6, STM32C031C4U3, STM32C031C4U6, STM32C031C6T3, STM32C031C6T6, STM32C031C6U3, STM32C031C6U6, STM32C031F4P3, STM32C031F4P6, STM32C031F6P3, STM32C031F6P6, STM32C031G4U3, STM32C031G4U6, STM32C031G6U3, STM32C031G6U6, STM32C031K4T3, STM32C031K4T6, STM32C031K4U3, STM32C031K4U6, STM32C031K6T3, STM32C031K6T6, STM32C031K6U3, STM32C031K6U6, STM32C071C8T6, STM32C071C8T6N, STM32C071C8U6, STM32C071C8U6N, STM32C071CBT6, STM32C071CBT6N, STM32C071CBU6, STM32C071CBU6N, STM32C071F8P6, STM32C071F8P6N, STM32C071FBP6, STM32C071FBP6N, STM32C071FBY6TR, STM32C071G8U6, STM32C071G8U6N, STM32C071GBU6, STM32C071GBU6N, STM32C071K8T6, STM32C071K8T6N, STM32C071K8U6, STM32C071K8U6N, STM32C071KBT6, STM32C071KBT6N, STM32C071KBU6, STM32C071KBU6N, STM32C071R8T6, STM32C071R8T6N, STM32C071RBI6N, STM32C071RBT6, STM32C071RBT6N, STM32G071K8TXN, STM32G071K8UXN, STM32G081GBU6N, STM32G081KBT6N, STM32G081KBUXN, STM32G0B1CCT6N, STM32G0B1KCT6, STM32G0B1NEY6TR, STM32G0B1RCT6N, STM32G0C1CCT6, STM32G0C1CCT6N, STM32G0C1CCU6N, STM32G0C1CET6N, STM32G0C1CEU6N, STM32G0C1KCT6, STM32G0C1NEY6TR, STM32G0C1RCI6N, STM32G0C1RCT6N, STM32G0C1REI6N, STM32G0C1RET6N, STM32G0C1VCI6, STM32G0C1VEI6, STM32G411C6T3, STM32G411C6T6, STM32G411C6U3, STM32G411C6U6, STM32G411C8T3, STM32G411C8T6, STM32G411C8U3, STM32G411C8U6, STM32G411CBT3, STM32G411CBT6, STM32G411CBU3, STM32G411CBU6, STM32G411K6T3, STM32G411K6T6, STM32G411K6U3, STM32G411K6U6, STM32G411K8T3, STM32G411K8T6, STM32G411K8U3, STM32G411K8U6, STM32G411KBT3, STM32G411KBT6, STM32G411KBU3, STM32G411KBU6, STM32G411M6T3, STM32G411M6T6, STM32G411M8T3, STM32G411M8T6, STM32G411MBT3, STM32G411MBT6, STM32G411R6T3, STM32G411R6T6, STM32G411R8T3, STM32G411R8T6, STM32G411RBT3, STM32G411RBT6, STM32G414CBT3, STM32G414CBT6, STM32G414CBU3, STM32G414CBU6, STM32G414CCT3, STM32G414CCT6, STM32G414CCU3, STM32G414CCU6, STM32G414MBT3, STM32G414MBT6, STM32G414MCT3, STM32G414MCT6, STM32G414RBT3, STM32G414RBT6, STM32G414RCT3, STM32G414RCT6, STM32G414VBT3, STM32G414VBT6, STM32G414VCT3, STM32G414VCT6, STM32G431CBT3Z, STM32G431RBT3Z, STM32G471CCT6, STM32G471CCU6, STM32G471CET3, STM32G471CET6, STM32G471CEU3, STM32G471CEU6, STM32G471MCT6, STM32G471MET3, STM32G471MET6, STM32G471MEY6TR, STM32G471QCT6, STM32G471QET3, STM32G471RCT6, STM32G471RET3, STM32G471RET6, STM32G471VCH6, STM32G471VCI6, STM32G471VCT6, STM32G471VEH3, STM32G471VEH6, STM32G471VEI3, STM32G471VEI6, STM32G471VET3, STM32G471VET6, STM32G473QET3Z, STM32G473RET3Z, STM32G474CCT6, STM32G491RET3Z, STM32H503CBT6, STM32H503CBU6, STM32H503EBY6TR, STM32H503KBU6, STM32H503RBT6, STM32H523CCT6, STM32H523CCU6, STM32H523CET6, STM32H523CEU6, STM32H523HEY6TR, STM32H523RCT6, STM32H523RET6, STM32H523VCI6, STM32H523VCT6, STM32H523VEI6, STM32H523VET6, STM32H523ZCJ6, STM32H523ZCT6, STM32H523ZEJ6, STM32H523ZET6, STM32H533CET6, STM32H533CEU6, STM32H533HEY6TR, STM32H533RET6, STM32H533VEI6, STM32H533VET6, STM32H533ZEJ6, STM32H533ZET6, STM32H562AGI6, STM32H562AII6, STM32H562IGK6, STM32H562IGT6, STM32H562IIK6, STM32H562IIT6, STM32H562RGT6, STM32H562RGV6, STM32H562RIT6, STM32H562RIV6, STM32H562VGT6, STM32H562VIT6, STM32H562ZGT6, STM32H562ZIT6, STM32H563AGI6, STM32H563AII3Q, STM32H563AII6, STM32H563IGK6, STM32H563IGT6, STM32H563IIK3Q, STM32H563IIK6, STM32H563IIT3Q, STM32H563IIT6, STM32H563MIY3QTR, STM32H563RGT6, STM32H563RGV6, STM32H563RIT6, STM32H563RIV6, STM32H563VGT6, STM32H563VIT3Q, STM32H563VIT6, STM32H563ZGT6, STM32H563ZIT3Q, STM32H563ZIT6, STM32H573AII3Q, STM32H573AII6, STM32H573I-DK, STM32H573IIK3Q, STM32H573IIK6, STM32H573IIT3Q, STM32H573IIT6, STM32H573MIY3QTR, STM32H573RIT6, STM32H573RIV6, STM32H573VIT3Q, STM32H573VIT6, STM32H573ZIT3Q, STM32H573ZIT6, STM32H7R3A8I6, STM32H7R3I8K6, STM32H7R3I8T6, STM32H7R3L8H6, STM32H7R3L8H6H, STM32H7R3R8V6, STM32H7R3V8H6, STM32H7R3V8T6, STM32H7R3V8Y6TR, STM32H7R3Z8J6, STM32H7R3Z8T6, STM32H7R7A8I6, STM32H7R7I8K6, STM32H7R7I8T6, STM32H7R7L8H6, STM32H7R7L8H6H, STM32H7R7Z8J6, STM32H7S3A8I6, STM32H7S3I8K6, STM32H7S3I8T6, STM32H7S3L8H6, STM32H7S3L8H6H, STM32H7S3R8V6, STM32H7S3V8H6, STM32H7S3V8T6, STM32H7S3V8Y6TR, STM32H7S3Z8J6, STM32H7S3Z8T6, STM32H7S78-DK, STM32H7S7A8I6, STM32H7S7I8K6, STM32H7S7I8T6, STM32H7S7L8H6, STM32H7S7L8H6H, STM32H7S7Z8J6, STM32L4R5QGI6STR, STM32MP131AAE3, STM32MP131AAF3, STM32MP131AAG3, STM32MP131CAE3, STM32MP131CAF3, STM32MP131CAG3, STM32MP131DAE7, STM32MP131DAF7, STM32MP131DAG7, STM32MP131FAE7, STM32MP131FAF7, STM32MP131FAG7, STM32MP133AAE3, STM32MP133AAF3, STM32MP133AAG3, STM32MP133CAE3, STM32MP133CAF3, STM32MP133CAG3, STM32MP133DAE7, STM32MP133DAF7, STM32MP133DAG7, STM32MP133FAE7, STM32MP133FAF7, STM32MP133FAG7, STM32MP135AAE3, STM32MP135AAF3, STM32MP135AAG3, STM32MP135CAE3, STM32MP135CAF3, STM32MP135CAG3, STM32MP135DAE7, STM32MP135DAF7, STM32MP135DAG7, STM32MP135F-DK, STM32MP135FAE7, STM32MP135FAF7, STM32MP135FAF7T, STM32MP135FAF7U, STM32MP135FAG7, STM32MP251AAI3, STM32MP251AAK3, STM32MP251AAL3, STM32MP251CAI3, STM32MP251CAK3, STM32MP251CAL3, STM32MP251DAI3, STM32MP251DAK3, STM32MP251DAL3, STM32MP251FAI3, STM32MP251FAK3, STM32MP251FAL3, STM32MP253AAI3, STM32MP253AAK3, STM32MP253AAL3, STM32MP253CAI3, STM32MP253CAK3, STM32MP253CAL3, STM32MP253DAI3, STM32MP253DAK3, STM32MP253DAL3, STM32MP253FAI3, STM32MP253FAK3, STM32MP253FAL3, STM32MP255AAI3, STM32MP255AAK3, STM32MP255AAL3, STM32MP255CAI3, STM32MP255CAK3, STM32MP255CAL3, STM32MP255DAI3, STM32MP255DAK3, STM32MP255DAL3, STM32MP255FAI3, STM32MP255FAK3, STM32MP255FAL3, STM32MP257AAI3, STM32MP257AAK3, STM32MP257AAL3, STM32MP257CAI3, STM32MP257CAK3, STM32MP257CAL3, STM32MP257DAI3, STM32MP257DAK3, STM32MP257DAL3, STM32MP257F-DK, STM32MP257F-EV1, STM32MP257FAI3, STM32MP257FAK3, STM32MP257FAL3, STM32U031C6T6, STM32U031C6U6, STM32U031C8T6, STM32U031C8U6, STM32U031F4P6, STM32U031F6P6, STM32U031F8P6, STM32U031G6Y6TR, STM32U031G8Y6TR, STM32U031K4U6, STM32U031K6U6, STM32U031K8U6, STM32U031R6I6, STM32U031R6T6, STM32U031R8I6, STM32U031R8T6, STM32U073C8T6, STM32U073C8U6, STM32U073CBT6, STM32U073CBU6, STM32U073CCT6, STM32U073CCU6, STM32U073H8Y6TR, STM32U073HBY6TR, STM32U073HCY6TR, STM32U073K8U6, STM32U073KBU6, STM32U073KCU6, STM32U073M8I6, STM32U073M8T6, STM32U073MBI6, STM32U073MBT6, STM32U073MCI6, STM32U073MCT6, STM32U073R8I6, STM32U073R8T6, STM32U073RBI6, STM32U073RBT6, STM32U073RCI6, STM32U073RCT6, STM32U083C-DK, STM32U083CCT6, STM32U083CCU6, STM32U083HCY6TR, STM32U083KCU6, STM32U083MCI6, STM32U083MCT6, STM32U083RCI6, STM32U083RCT6, STM32U535CBT6, STM32U535CBT6Q, STM32U535CBU6, STM32U535CBU6Q, STM32U535CCT6, STM32U535CCT6Q, STM32U535CCU6, STM32U535CCU6Q, STM32U535CET6, STM32U535CET6Q, STM32U535CEU6, STM32U535CEU6Q, STM32U535JEY6QTR, STM32U535NCY6QTR, STM32U535NEY6QTR, STM32U535RBI6, STM32U535RBI6Q, STM32U535RBT6, STM32U535RBT6Q, STM32U535RCI6, STM32U535RCI6Q, STM32U535RCT6, STM32U535RCT6Q, STM32U535REI6, STM32U535REI6Q, STM32U535RET6, STM32U535RET6Q, STM32U535VCI6, STM32U535VCI6Q, STM32U535VCT6, STM32U535VCT6Q, STM32U535VEI6, STM32U535VEI6Q, STM32U535VET6, STM32U535VET6Q, STM32U545CET6, STM32U545CET6Q, STM32U545CEU6, STM32U545CEU6Q, STM32U545JEY6QTR, STM32U545NEY6QTR, STM32U545REI6, STM32U545REI6Q, STM32U545RET6, STM32U545RET6Q, STM32U545VEI6, STM32U545VEI6Q, STM32U545VET6, STM32U545VET6Q, STM32U595AIH6, STM32U595AIH6Q, STM32U595AJH6, STM32U595AJH6Q, STM32U595QII6, STM32U595QII6Q, STM32U595QJI6, STM32U595QJI6Q, STM32U595RIT6, STM32U595RIT6Q, STM32U595RJT6, STM32U595RJT6Q, STM32U595VIT6, STM32U595VIT6Q, STM32U595VJT6, STM32U595VJT6Q, STM32U595ZIT6, STM32U595ZIT6Q, STM32U595ZIY6QTR, STM32U595ZJT6, STM32U595ZJT6Q, STM32U595ZJY6QTR, STM32U599BJY6QTR, STM32U599NIH6Q, STM32U599NJH6Q, STM32U599VIT6Q, STM32U599VJT6, STM32U599VJT6Q, STM32U599ZIT6Q, STM32U599ZIY6QTR, STM32U599ZJT6Q, STM32U599ZJY6QTR, STM32U5A5AJH6, STM32U5A5AJH6Q, STM32U5A5QII3Q , STM32U5A5QJI6, STM32U5A5QJI6Q, STM32U5A5RJT6, STM32U5A5RJT6Q, STM32U5A5VJT6, STM32U5A5VJT6Q, STM32U5A5ZJT6, STM32U5A5ZJT6Q, STM32U5A5ZJY6QTR, STM32U5A9BJY6QTR, STM32U5A9J-DK, STM32U5A9NJH6Q, STM32U5A9VJT6Q, STM32U5A9ZJT6Q, STM32U5A9ZJY6QTR, STM32U5F7VIT6, STM32U5F7VIT6Q, STM32U5F7VJT6, STM32U5F7VJT6Q, STM32U5F9BJY6QTR, STM32U5F9NJH6Q, STM32U5F9VIT6Q, STM32U5F9VJT6Q, STM32U5F9ZIJ6QTR, STM32U5F9ZIT6Q, STM32U5F9ZJJ6QTR, STM32U5F9ZJT6Q, STM32U5G7VJT6, STM32U5G7VJT6Q, STM32U5G9BJY6QTR, STM32U5G9J-DK1, STM32U5G9J-DK2, STM32U5G9NJH6Q, STM32U5G9VJT6Q, STM32U5G9ZJJ6QTR, STM32U5G9ZJT6Q, STM32WB05KZV6TR, STM32WB05KZV7TR, STM32WB05TZF6TR, STM32WB05TZF7TR, STM32WB06CCF6TR, STM32WB06CCF7TR, STM32WB06CCV6TR, STM32WB06CCV7TR, STM32WB06KCV6TR, STM32WB06KCV7TR, STM32WB07CCF6TR, STM32WB07CCF7TR, STM32WB07CCV6TR, STM32WB07CCV7TR, STM32WB07KCV6TR, STM32WB07KCV7TR, STM32WB09KEV6TR, STM32WB09KEV7TR, STM32WB09TEF6TR, STM32WB09TEF7TR, STM32WB1MMCH6, STM32WBA50KGU6, STM32WBA50KGU6TR, STM32WBA52CEU6, STM32WBA52CEU6TR, STM32WBA52CEU7, STM32WBA52CEU7TR, STM32WBA52CGU6, STM32WBA52CGU6TR, STM32WBA52CGU6U, STM32WBA52CGU7, STM32WBA52CGU7TR, STM32WBA52KEU6, STM32WBA52KEU6TR, STM32WBA52KGU6, STM32WBA52KGU6TR, STM32WBA54CEU6, STM32WBA54CEU6TR, STM32WBA54CEU7, STM32WBA54CEU7TR, STM32WBA54CGU6, STM32WBA54CGU6TR, STM32WBA54CGU7, STM32WBA54CGU7TR, STM32WBA54KEU6, STM32WBA54KEU6TR, STM32WBA54KEU7, STM32WBA54KEU7TR, STM32WBA54KGU6, STM32WBA54KGU6TR, STM32WBA54KGU7, STM32WBA54KGU7TR, STM32WBA55CEU6, STM32WBA55CEU6TR, STM32WBA55CEU7, STM32WBA55CEU7TR, STM32WBA55CGU6, STM32WBA55CGU6TR, STM32WBA55CGU6U, STM32WBA55CGU7, STM32WBA55CGU7TR, STM32WBA55G-DK1, STM32WBA55HEF6, STM32WBA55HEF7, STM32WBA55HGF6, STM32WBA55HGF7, STM32WBA55UEI6, STM32WBA55UEI6TR, STM32WBA55UEI7, STM32WBA55UEI7TR, STM32WBA55UGI6, STM32WBA55UGI6TR, STM32WBA55UGI7, STM32WBA55UGI7TR, STM32WL5MOCH6, STM32WL5MOCH6TR]
2024-09-19 14:03:40,900 [INFO] BoardInfo:889 - No configuration file found for board P-NUCLEO-WB55
2024-09-19 14:03:40,900 [INFO] DbBoards:161 - Kit is not supported: P-NUCLEO-WB55
2024-09-19 14:03:40,904 [INFO] BoardInfo:889 - No configuration file found for board STEVAL-BFA001V1B
2024-09-19 14:03:40,904 [INFO] DbBoards:161 - Kit is not supported: STEVAL-BFA001V1B
2024-09-19 14:03:40,905 [INFO] BoardInfo:889 - No configuration file found for board STEVAL-BFA001V2B
2024-09-19 14:03:40,905 [INFO] DbBoards:161 - Kit is not supported: STEVAL-BFA001V2B
2024-09-19 14:03:41,003 [INFO] DbBoards:168 - Found 201 boards, 198 are supported
2024-09-19 14:03:41,004 [INFO] DbBoards:169 - Found 201 boards, 25 of them is supported for  Bsp
2024-09-19 14:03:41,007 [INFO] ApiDb:668 - CubeFinder database Data Model version=2.1
2024-09-19 14:03:41,007 [INFO] ApiDb:669 - CubeFinder database Configuration version=3.0.39
2024-09-19 14:03:41,008 [INFO] ApiDb:670 - CubeFinder database generation date=2024-09-16 (1726485674)
2024-09-19 14:03:41,008 [INFO] ApiDb:671 - CubeFinder database FW Pack versions=[FP-ATR-ASTRA1_V2.0.0, FP-SNS-FLIGHT1_V5.0.2, FP-SNS-MOTENV1_V5.0.0, FP-SNS-MOTENVWB1_V1.4.0, FP-SNS-SMARTAG2_V1.2.0, FP-SNS-STBOX1_V2.0.0, STM32Cube_FW_C0_V1.2.0, STM32Cube_FW_F4_V1.28.1, STM32Cube_FW_F7_V1.17.2, STM32Cube_FW_G0_V1.6.2, STM32Cube_FW_G4_V1.6.0, STM32Cube_FW_H5_V1.3.0, STM32Cube_FW_H7RS_V1.1.0, STM32Cube_FW_H7_V1.11.2, STM32Cube_FW_L0_V1.12.2, STM32Cube_FW_L5_V1.5.1, STM32Cube_FW_U0_V1.1.0, STM32Cube_FW_U5_V1.6.0, STM32Cube_FW_WB0_V1.0.0, STM32Cube_FW_WBA_V1.4.1, STM32Cube_FW_WB_V1.20.0, STM32Cube_FW_WL_V1.3.0, X-CUBE-ALGOBUILD_V1.4.0, X-CUBE-ALS_V1.0.2, X-CUBE-AZRTOS-F4_V1.1.0, X-CUBE-AZRTOS-F7_V1.1.0, X-CUBE-AZRTOS-G0_V1.1.0, X-CUBE-AZRTOS-G4_V2.0.0, X-CUBE-AZRTOS-H7RS_V1.0.0, X-CUBE-AZRTOS-H7_V3.2.0, X-CUBE-AZRTOS-L4_V2.0.0, X-CUBE-AZRTOS-L5_V2.0.0, X-CUBE-AZRTOS-WB_V2.0.0, X-CUBE-AZRTOS-WL_V2.0.0, X-CUBE-BLE1_V7.0.0, X-CUBE-BLE2_V3.3.0, X-CUBE-BLEMGR_V3.1.0, X-CUBE-EEPRMA1_V5.1.0, X-CUBE-FREERTOS_V1.2.0, X-CUBE-GNSS1_V6.0.0, X-CUBE-MEMS1_V11.0.0, X-CUBE-NFC4_V3.0.0, X-CUBE-NFC7_V1.0.1, X-CUBE-SFXS2LP1_V4.0.0, X-CUBE-SUBG2_V5.0.0, X-CUBE-TOF1_V3.4.2]
2024-09-19 14:03:42,184 [INFO] ApiDb:240 - Found 646 in-development CPN: [B-G473E-ZEST1S, B-WB1M-WPAN1, B-WL5M-SUBG1, NUCLEO-C031C6, NUCLEO-C071RB, NUCLEO-H503RB, NUCLEO-H533RE, NUCLEO-H563ZI, NUCLEO-H7S3L8, NUCLEO-U031R8, NUCLEO-U083RC, NUCLEO-U545RE-Q, NUCLEO-U5A5ZJ-Q, NUCLEO-WB05KZ, NUCLEO-WB07CC, NUCLEO-WB09KE, NUCLEO-WBA52CG, NUCLEO-WBA55CG, STEVAL-PROTEUS1, STEVAL-SMARTAG2, STEVAL-STWINBX1, STM320518-EVAL, STM32C0116-DK, STM32C011D6Y3TR, STM32C011D6Y6TR, STM32C011F4P3, STM32C011F4P6, STM32C011F4U3, STM32C011F4U6TR, STM32C011F6P3, STM32C011F6P6, STM32C011F6U3, STM32C011F6U6TR, STM32C011J4M3, STM32C011J4M6, STM32C011J6M3, STM32C011J6M6, STM32C0316-DK, STM32C031C4T3, STM32C031C4T6, STM32C031C4U3, STM32C031C4U6, STM32C031C6T3, STM32C031C6T6, STM32C031C6U3, STM32C031C6U6, STM32C031F4P3, STM32C031F4P6, STM32C031F6P3, STM32C031F6P6, STM32C031G4U3, STM32C031G4U6, STM32C031G6U3, STM32C031G6U6, STM32C031K4T3, STM32C031K4T6, STM32C031K4U3, STM32C031K4U6, STM32C031K6T3, STM32C031K6T6, STM32C031K6U3, STM32C031K6U6, STM32C071C8T6, STM32C071C8T6N, STM32C071C8U6, STM32C071C8U6N, STM32C071CBT6, STM32C071CBT6N, STM32C071CBU6, STM32C071CBU6N, STM32C071F8P6, STM32C071F8P6N, STM32C071FBP6, STM32C071FBP6N, STM32C071FBY6TR, STM32C071G8U6, STM32C071G8U6N, STM32C071GBU6, STM32C071GBU6N, STM32C071K8T6, STM32C071K8T6N, STM32C071K8U6, STM32C071K8U6N, STM32C071KBT6, STM32C071KBT6N, STM32C071KBU6, STM32C071KBU6N, STM32C071R8T6, STM32C071R8T6N, STM32C071RBI6N, STM32C071RBT6, STM32C071RBT6N, STM32G071K8TXN, STM32G071K8UXN, STM32G081GBU6N, STM32G081KBT6N, STM32G081KBUXN, STM32G0B1CCT6N, STM32G0B1KCT6, STM32G0B1NEY6TR, STM32G0B1RCT6N, STM32G0C1CCT6, STM32G0C1CCT6N, STM32G0C1CCU6N, STM32G0C1CET6N, STM32G0C1CEU6N, STM32G0C1KCT6, STM32G0C1NEY6TR, STM32G0C1RCI6N, STM32G0C1RCT6N, STM32G0C1REI6N, STM32G0C1RET6N, STM32G0C1VCI6, STM32G0C1VEI6, STM32G411C6T3, STM32G411C6T6, STM32G411C6U3, STM32G411C6U6, STM32G411C8T3, STM32G411C8T6, STM32G411C8U3, STM32G411C8U6, STM32G411CBT3, STM32G411CBT6, STM32G411CBU3, STM32G411CBU6, STM32G411K6T3, STM32G411K6T6, STM32G411K6U3, STM32G411K6U6, STM32G411K8T3, STM32G411K8T6, STM32G411K8U3, STM32G411K8U6, STM32G411KBT3, STM32G411KBT6, STM32G411KBU3, STM32G411KBU6, STM32G411M6T3, STM32G411M6T6, STM32G411M8T3, STM32G411M8T6, STM32G411MBT3, STM32G411MBT6, STM32G411R6T3, STM32G411R6T6, STM32G411R8T3, STM32G411R8T6, STM32G411RBT3, STM32G411RBT6, STM32G414CBT3, STM32G414CBT6, STM32G414CBU3, STM32G414CBU6, STM32G414CCT3, STM32G414CCT6, STM32G414CCU3, STM32G414CCU6, STM32G414MBT3, STM32G414MBT6, STM32G414MCT3, STM32G414MCT6, STM32G414RBT3, STM32G414RBT6, STM32G414RCT3, STM32G414RCT6, STM32G414VBT3, STM32G414VBT6, STM32G414VCT3, STM32G414VCT6, STM32G431CBT3Z, STM32G431RBT3Z, STM32G471CCT6, STM32G471CCU6, STM32G471CET3, STM32G471CET6, STM32G471CEU3, STM32G471CEU6, STM32G471MCT6, STM32G471MET3, STM32G471MET6, STM32G471MEY6TR, STM32G471QCT6, STM32G471QET3, STM32G471RCT6, STM32G471RET3, STM32G471RET6, STM32G471VCH6, STM32G471VCI6, STM32G471VCT6, STM32G471VEH3, STM32G471VEH6, STM32G471VEI3, STM32G471VEI6, STM32G471VET3, STM32G471VET6, STM32G473QET3Z, STM32G473RET3Z, STM32G474CCT6, STM32G491RET3Z, STM32H503CBT6, STM32H503CBU6, STM32H503EBY6TR, STM32H503KBU6, STM32H503RBT6, STM32H523CCT6, STM32H523CCU6, STM32H523CET6, STM32H523CEU6, STM32H523HEY6TR, STM32H523RCT6, STM32H523RET6, STM32H523VCI6, STM32H523VCT6, STM32H523VEI6, STM32H523VET6, STM32H523ZCJ6, STM32H523ZCT6, STM32H523ZEJ6, STM32H523ZET6, STM32H533CET6, STM32H533CEU6, STM32H533HEY6TR, STM32H533RET6, STM32H533VEI6, STM32H533VET6, STM32H533ZEJ6, STM32H533ZET6, STM32H562AGI6, STM32H562AII6, STM32H562IGK6, STM32H562IGT6, STM32H562IIK6, STM32H562IIT6, STM32H562RGT6, STM32H562RGV6, STM32H562RIT6, STM32H562RIV6, STM32H562VGT6, STM32H562VIT6, STM32H562ZGT6, STM32H562ZIT6, STM32H563AGI6, STM32H563AII3Q, STM32H563AII6, STM32H563IGK6, STM32H563IGT6, STM32H563IIK3Q, STM32H563IIK6, STM32H563IIT3Q, STM32H563IIT6, STM32H563MIY3QTR, STM32H563RGT6, STM32H563RGV6, STM32H563RIT6, STM32H563RIV6, STM32H563VGT6, STM32H563VIT3Q, STM32H563VIT6, STM32H563ZGT6, STM32H563ZIT3Q, STM32H563ZIT6, STM32H573AII3Q, STM32H573AII6, STM32H573I-DK, STM32H573IIK3Q, STM32H573IIK6, STM32H573IIT3Q, STM32H573IIT6, STM32H573MIY3QTR, STM32H573RIT6, STM32H573RIV6, STM32H573VIT3Q, STM32H573VIT6, STM32H573ZIT3Q, STM32H573ZIT6, STM32H7R3A8I6, STM32H7R3I8K6, STM32H7R3I8T6, STM32H7R3L8H6, STM32H7R3L8H6H, STM32H7R3R8V6, STM32H7R3V8H6, STM32H7R3V8T6, STM32H7R3V8Y6TR, STM32H7R3Z8J6, STM32H7R3Z8T6, STM32H7R7A8I6, STM32H7R7I8K6, STM32H7R7I8T6, STM32H7R7L8H6, STM32H7R7L8H6H, STM32H7R7Z8J6, STM32H7S3A8I6, STM32H7S3I8K6, STM32H7S3I8T6, STM32H7S3L8H6, STM32H7S3L8H6H, STM32H7S3R8V6, STM32H7S3V8H6, STM32H7S3V8T6, STM32H7S3V8Y6TR, STM32H7S3Z8J6, STM32H7S3Z8T6, STM32H7S78-DK, STM32H7S7A8I6, STM32H7S7I8K6, STM32H7S7I8T6, STM32H7S7L8H6, STM32H7S7L8H6H, STM32H7S7Z8J6, STM32L4R5QGI6STR, STM32MP131AAE3, STM32MP131AAF3, STM32MP131AAG3, STM32MP131CAE3, STM32MP131CAF3, STM32MP131CAG3, STM32MP131DAE7, STM32MP131DAF7, STM32MP131DAG7, STM32MP131FAE7, STM32MP131FAF7, STM32MP131FAG7, STM32MP133AAE3, STM32MP133AAF3, STM32MP133AAG3, STM32MP133CAE3, STM32MP133CAF3, STM32MP133CAG3, STM32MP133DAE7, STM32MP133DAF7, STM32MP133DAG7, STM32MP133FAE7, STM32MP133FAF7, STM32MP133FAG7, STM32MP135AAE3, STM32MP135AAF3, STM32MP135AAG3, STM32MP135CAE3, STM32MP135CAF3, STM32MP135CAG3, STM32MP135DAE7, STM32MP135DAF7, STM32MP135DAG7, STM32MP135F-DK, STM32MP135FAE7, STM32MP135FAF7, STM32MP135FAF7T, STM32MP135FAF7U, STM32MP135FAG7, STM32MP251AAI3, STM32MP251AAK3, STM32MP251AAL3, STM32MP251CAI3, STM32MP251CAK3, STM32MP251CAL3, STM32MP251DAI3, STM32MP251DAK3, STM32MP251DAL3, STM32MP251FAI3, STM32MP251FAK3, STM32MP251FAL3, STM32MP253AAI3, STM32MP253AAK3, STM32MP253AAL3, STM32MP253CAI3, STM32MP253CAK3, STM32MP253CAL3, STM32MP253DAI3, STM32MP253DAK3, STM32MP253DAL3, STM32MP253FAI3, STM32MP253FAK3, STM32MP253FAL3, STM32MP255AAI3, STM32MP255AAK3, STM32MP255AAL3, STM32MP255CAI3, STM32MP255CAK3, STM32MP255CAL3, STM32MP255DAI3, STM32MP255DAK3, STM32MP255DAL3, STM32MP255FAI3, STM32MP255FAK3, STM32MP255FAL3, STM32MP257AAI3, STM32MP257AAK3, STM32MP257AAL3, STM32MP257CAI3, STM32MP257CAK3, STM32MP257CAL3, STM32MP257DAI3, STM32MP257DAK3, STM32MP257DAL3, STM32MP257F-DK, STM32MP257F-EV1, STM32MP257FAI3, STM32MP257FAK3, STM32MP257FAL3, STM32U031C6T6, STM32U031C6U6, STM32U031C8T6, STM32U031C8U6, STM32U031F4P6, STM32U031F6P6, STM32U031F8P6, STM32U031G6Y6TR, STM32U031G8Y6TR, STM32U031K4U6, STM32U031K6U6, STM32U031K8U6, STM32U031R6I6, STM32U031R6T6, STM32U031R8I6, STM32U031R8T6, STM32U073C8T6, STM32U073C8U6, STM32U073CBT6, STM32U073CBU6, STM32U073CCT6, STM32U073CCU6, STM32U073H8Y6TR, STM32U073HBY6TR, STM32U073HCY6TR, STM32U073K8U6, STM32U073KBU6, STM32U073KCU6, STM32U073M8I6, STM32U073M8T6, STM32U073MBI6, STM32U073MBT6, STM32U073MCI6, STM32U073MCT6, STM32U073R8I6, STM32U073R8T6, STM32U073RBI6, STM32U073RBT6, STM32U073RCI6, STM32U073RCT6, STM32U083C-DK, STM32U083CCT6, STM32U083CCU6, STM32U083HCY6TR, STM32U083KCU6, STM32U083MCI6, STM32U083MCT6, STM32U083RCI6, STM32U083RCT6, STM32U535CBT6, STM32U535CBT6Q, STM32U535CBU6, STM32U535CBU6Q, STM32U535CCT6, STM32U535CCT6Q, STM32U535CCU6, STM32U535CCU6Q, STM32U535CET6, STM32U535CET6Q, STM32U535CEU6, STM32U535CEU6Q, STM32U535JEY6QTR, STM32U535NCY6QTR, STM32U535NEY6QTR, STM32U535RBI6, STM32U535RBI6Q, STM32U535RBT6, STM32U535RBT6Q, STM32U535RCI6, STM32U535RCI6Q, STM32U535RCT6, STM32U535RCT6Q, STM32U535REI6, STM32U535REI6Q, STM32U535RET6, STM32U535RET6Q, STM32U535VCI6, STM32U535VCI6Q, STM32U535VCT6, STM32U535VCT6Q, STM32U535VEI6, STM32U535VEI6Q, STM32U535VET6, STM32U535VET6Q, STM32U545CET6, STM32U545CET6Q, STM32U545CEU6, STM32U545CEU6Q, STM32U545JEY6QTR, STM32U545NEY6QTR, STM32U545REI6, STM32U545REI6Q, STM32U545RET6, STM32U545RET6Q, STM32U545VEI6, STM32U545VEI6Q, STM32U545VET6, STM32U545VET6Q, STM32U595AIH6, STM32U595AIH6Q, STM32U595AJH6, STM32U595AJH6Q, STM32U595QII6, STM32U595QII6Q, STM32U595QJI6, STM32U595QJI6Q, STM32U595RIT6, STM32U595RIT6Q, STM32U595RJT6, STM32U595RJT6Q, STM32U595VIT6, STM32U595VIT6Q, STM32U595VJT6, STM32U595VJT6Q, STM32U595ZIT6, STM32U595ZIT6Q, STM32U595ZIY6QTR, STM32U595ZJT6, STM32U595ZJT6Q, STM32U595ZJY6QTR, STM32U599BJY6QTR, STM32U599NIH6Q, STM32U599NJH6Q, STM32U599VIT6Q, STM32U599VJT6, STM32U599VJT6Q, STM32U599ZIT6Q, STM32U599ZIY6QTR, STM32U599ZJT6Q, STM32U599ZJY6QTR, STM32U5A5AJH6, STM32U5A5AJH6Q, STM32U5A5QII3Q , STM32U5A5QJI6, STM32U5A5QJI6Q, STM32U5A5RJT6, STM32U5A5RJT6Q, STM32U5A5VJT6, STM32U5A5VJT6Q, STM32U5A5ZJT6, STM32U5A5ZJT6Q, STM32U5A5ZJY6QTR, STM32U5A9BJY6QTR, STM32U5A9J-DK, STM32U5A9NJH6Q, STM32U5A9VJT6Q, STM32U5A9ZJT6Q, STM32U5A9ZJY6QTR, STM32U5F7VIT6, STM32U5F7VIT6Q, STM32U5F7VJT6, STM32U5F7VJT6Q, STM32U5F9BJY6QTR, STM32U5F9NJH6Q, STM32U5F9VIT6Q, STM32U5F9VJT6Q, STM32U5F9ZIJ6QTR, STM32U5F9ZIT6Q, STM32U5F9ZJJ6QTR, STM32U5F9ZJT6Q, STM32U5G7VJT6, STM32U5G7VJT6Q, STM32U5G9BJY6QTR, STM32U5G9J-DK1, STM32U5G9J-DK2, STM32U5G9NJH6Q, STM32U5G9VJT6Q, STM32U5G9ZJJ6QTR, STM32U5G9ZJT6Q, STM32WB05KZV6TR, STM32WB05KZV7TR, STM32WB05TZF6TR, STM32WB05TZF7TR, STM32WB06CCF6TR, STM32WB06CCF7TR, STM32WB06CCV6TR, STM32WB06CCV7TR, STM32WB06KCV6TR, STM32WB06KCV7TR, STM32WB07CCF6TR, STM32WB07CCF7TR, STM32WB07CCV6TR, STM32WB07CCV7TR, STM32WB07KCV6TR, STM32WB07KCV7TR, STM32WB09KEV6TR, STM32WB09KEV7TR, STM32WB09TEF6TR, STM32WB09TEF7TR, STM32WB1MMCH6, STM32WBA50KGU6, STM32WBA50KGU6TR, STM32WBA52CEU6, STM32WBA52CEU6TR, STM32WBA52CEU7, STM32WBA52CEU7TR, STM32WBA52CGU6, STM32WBA52CGU6TR, STM32WBA52CGU6U, STM32WBA52CGU7, STM32WBA52CGU7TR, STM32WBA52KEU6, STM32WBA52KEU6TR, STM32WBA52KGU6, STM32WBA52KGU6TR, STM32WBA54CEU6, STM32WBA54CEU6TR, STM32WBA54CEU7, STM32WBA54CEU7TR, STM32WBA54CGU6, STM32WBA54CGU6TR, STM32WBA54CGU7, STM32WBA54CGU7TR, STM32WBA54KEU6, STM32WBA54KEU6TR, STM32WBA54KEU7, STM32WBA54KEU7TR, STM32WBA54KGU6, STM32WBA54KGU6TR, STM32WBA54KGU7, STM32WBA54KGU7TR, STM32WBA55CEU6, STM32WBA55CEU6TR, STM32WBA55CEU7, STM32WBA55CEU7TR, STM32WBA55CGU6, STM32WBA55CGU6TR, STM32WBA55CGU6U, STM32WBA55CGU7, STM32WBA55CGU7TR, STM32WBA55G-DK1, STM32WBA55HEF6, STM32WBA55HEF7, STM32WBA55HGF6, STM32WBA55HGF7, STM32WBA55UEI6, STM32WBA55UEI6TR, STM32WBA55UEI7, STM32WBA55UEI7TR, STM32WBA55UGI6, STM32WBA55UGI6TR, STM32WBA55UGI7, STM32WBA55UGI7TR, STM32WL5MOCH6, STM32WL5MOCH6TR]
2024-09-19 14:03:42,188 [INFO] DbMcus:218 - Found 4252 MCUs, 4252 are supported
2024-09-19 14:03:42,190 [INFO] ApiDb:423 - Load user favorites file /Users/kitton/.stm32cubeide/favorites.mcus.txt: 1 item(s)
2024-09-19 14:03:42,191 [INFO] ApiDb:427 - User favorites MCUs=[STM32F767ZIT6]
2024-09-19 14:03:42,191 [INFO] DbMcus:224 - Set 1 / 1 favorites MCUs
2024-09-19 14:03:42,463 [INFO] ApiDb:414 - User favorites file not found: /Users/kitton/.stm32cubeide/favorites.boards.txt
2024-09-19 14:03:42,465 [INFO] DbBoards:198 - Set 0 / 0 favorites Boards
2024-09-19 14:03:42,541 [INFO] UtilMem:75 - End LoadConfig() Used Memory: 897500880 Bytes (1073741824)
2024-09-19 14:03:42,703 [WARN] ThirdParty:833 - waiting for thirdparty lock release [change project]
2024-09-19 14:03:42,707 [INFO] ThirdParty:835 - entering critical section [change project]
2024-09-19 14:03:42,708 [INFO] ThirdParty:1030 - CMSIS Pack Vendor :STMicroelectronics USBPD 4.1
2024-09-19 14:03:42,708 [INFO] ThirdParty:1030 - CMSIS Pack Vendor :STMicroelectronics X-CUBE-AZRTOS-H7 3.3.0
2024-09-19 14:03:42,708 [INFO] ThirdParty:1030 - CMSIS Pack Vendor :STMicroelectronics X-CUBE-GNSS1 6.0.0
2024-09-19 14:03:42,708 [INFO] ThirdParty:1030 - CMSIS Pack Vendor :STMicroelectronics USB_HOST 2.0.0
2024-09-19 14:03:42,708 [INFO] ThirdParty:1030 - CMSIS Pack Vendor :STMicroelectronics FP-SNS-MOTENVWB1 1.4.0
2024-09-19 14:03:42,708 [INFO] ThirdParty:1030 - CMSIS Pack Vendor :STMicroelectronics X-CUBE-AZRTOS-F4 1.1.0
2024-09-19 14:03:42,708 [INFO] ThirdParty:1030 - CMSIS Pack Vendor :STMicroelectronics LIBJPEG 8.0.0
2024-09-19 14:03:42,708 [INFO] ThirdParty:1030 - CMSIS Pack Vendor :STMicroelectronics X-CUBE-SMBUS 2.1.0
2024-09-19 14:03:42,708 [INFO] ThirdParty:1030 - CMSIS Pack Vendor :STMicroelectronics USB_DEVICE 3.0.0
2024-09-19 14:03:42,708 [INFO] ThirdParty:1030 - CMSIS Pack Vendor :STMicroelectronics X-CUBE-TCPP 4.1.0
2024-09-19 14:03:42,708 [INFO] ThirdParty:1030 - CMSIS Pack Vendor :STMicroelectronics X-CUBE-ISPU 2.1.0
2024-09-19 14:03:42,708 [INFO] ThirdParty:1030 - CMSIS Pack Vendor :STMicroelectronics X-CUBE-FREERTOS 1.2.0
2024-09-19 14:03:42,708 [INFO] ThirdParty:1030 - CMSIS Pack Vendor :STMicroelectronics X-CUBE-AZRTOS-WB 2.0.0
2024-09-19 14:03:42,708 [INFO] ThirdParty:1030 - CMSIS Pack Vendor :STMicroelectronics X-CUBE-GNSS1 7.0.0
2024-09-19 14:03:42,708 [INFO] ThirdParty:1030 - CMSIS Pack Vendor :STMicroelectronics X-CUBE-AZRTOS-F7 1.1.0
2024-09-19 14:03:42,708 [INFO] ThirdParty:1030 - CMSIS Pack Vendor :STMicroelectronics X-CUBE-AZRTOS-L5 2.0.0
2024-09-19 14:03:42,708 [INFO] ThirdParty:1030 - CMSIS Pack Vendor :STMicroelectronics USB_DEVICE 2.0.0
2024-09-19 14:03:42,708 [INFO] ThirdParty:1030 - CMSIS Pack Vendor :STMicroelectronics X-CUBE-NFC6 3.1.0
2024-09-19 14:03:42,708 [INFO] ThirdParty:1030 - CMSIS Pack Vendor :STMicroelectronics X-CUBE-MEMS1 11.0.0
2024-09-19 14:03:42,708 [INFO] ThirdParty:1030 - CMSIS Pack Vendor :STMicroelectronics FreeRTOS 0.0.1
2024-09-19 14:03:42,708 [INFO] ThirdParty:1030 - CMSIS Pack Vendor :STMicroelectronics X-CUBE-AZRTOS-G0 1.1.0
2024-09-19 14:03:42,708 [INFO] ThirdParty:1030 - CMSIS Pack Vendor :STMicroelectronics X-CUBE-SAFEA1 1.2.2
2024-09-19 14:03:42,708 [INFO] ThirdParty:1030 - CMSIS Pack Vendor :STMicroelectronics X-CUBE-NFC4 3.0.0
2024-09-19 14:03:42,708 [INFO] ThirdParty:1030 - CMSIS Pack Vendor :STMicroelectronics X-CUBE-SUBG2 5.0.0
2024-09-19 14:03:42,708 [INFO] ThirdParty:1030 - CMSIS Pack Vendor :STMicroelectronics STM32_WPAN 1.0.0
2024-09-19 14:03:42,708 [INFO] ThirdParty:1030 - CMSIS Pack Vendor :EmbeddedOffice I-CUBE-FS-RTOS 1.0.1
2024-09-19 14:03:42,708 [INFO] ThirdParty:1030 - CMSIS Pack Vendor :STMicroelectronics lwIP 2.0.3
2024-09-19 14:03:42,708 [INFO] ThirdParty:1030 - CMSIS Pack Vendor :STMicroelectronics FP-SNS-FLIGHT1 5.0.2
2024-09-19 14:03:42,709 [INFO] ThirdParty:1030 - CMSIS Pack Vendor :Cesanta I-CUBE-Mongoose 7.13.0
2024-09-19 14:03:42,709 [INFO] ThirdParty:1030 - CMSIS Pack Vendor :STMicroelectronics USB_HOST 1.0.0
2024-09-19 14:03:42,709 [INFO] ThirdParty:1030 - CMSIS Pack Vendor :STMicroelectronics X-CUBE-AI 9.0.0
2024-09-19 14:03:42,709 [INFO] ThirdParty:1030 - CMSIS Pack Vendor :STMicroelectronics X-CUBE-AZRTOS-G4 2.0.0
2024-09-19 14:03:42,709 [INFO] ThirdParty:1030 - CMSIS Pack Vendor :STMicroelectronics PDM2PCM 3.1.0
2024-09-19 14:03:42,709 [INFO] ThirdParty:1030 - CMSIS Pack Vendor :STMicroelectronics PDM2PCM 3.3.0
2024-09-19 14:03:42,709 [INFO] ThirdParty:1030 - CMSIS Pack Vendor :STMicroelectronics X-CUBE-DISPLAY 3.0.0
2024-09-19 14:03:42,709 [INFO] ThirdParty:1030 - CMSIS Pack Vendor :RealThread X-CUBE-RT-Thread_Nano 4.1.1
2024-09-19 14:03:42,709 [INFO] ThirdParty:1030 - CMSIS Pack Vendor :STMicroelectronics X-CUBE-BLE1 7.0.0
2024-09-19 14:03:42,709 [INFO] ThirdParty:1030 - CMSIS Pack Vendor :STMicroelectronics FP-ATR-SIGFOX1 3.2.0
2024-09-19 14:03:42,709 [INFO] ThirdParty:1030 - CMSIS Pack Vendor :wolfSSL I-CUBE-wolfSSL 5.7.2
2024-09-19 14:03:42,709 [INFO] ThirdParty:1030 - CMSIS Pack Vendor :STMicroelectronics X-CUBE-ISPU 2.0.0
2024-09-19 14:03:42,709 [INFO] ThirdParty:1030 - CMSIS Pack Vendor :STMicroelectronics X-CUBE-EEPRMA1 5.1.0
2024-09-19 14:03:42,710 [INFO] ThirdParty:1030 - CMSIS Pack Vendor :STMicroelectronics HAL Drivers 0.0.0
2024-09-19 14:03:42,710 [INFO] ThirdParty:1030 - CMSIS Pack Vendor :STMicroelectronics MBEDTLS 2.16.2
2024-09-19 14:03:42,710 [INFO] ThirdParty:1030 - CMSIS Pack Vendor :STMicroelectronics X-CUBE-ALS 1.0.2
2024-09-19 14:03:42,710 [INFO] ThirdParty:1030 - CMSIS Pack Vendor :emotas I-CUBE-CANOPEN 1.3.0
2024-09-19 14:03:42,710 [INFO] ThirdParty:1030 - CMSIS Pack Vendor :STMicroelectronics X-CUBE-NFC7 1.0.1
2024-09-19 14:03:42,710 [INFO] ThirdParty:1030 - CMSIS Pack Vendor :STMicroelectronics MBEDTLS 2.14.1
2024-09-19 14:03:42,710 [INFO] ThirdParty:1030 - CMSIS Pack Vendor :STMicroelectronics X-CUBE-TOUCHGFX 4.24.0
2024-09-19 14:03:42,710 [INFO] ThirdParty:1030 - CMSIS Pack Vendor :ITTIA_DB I-CUBE-ITTIADB 8.9.0
2024-09-19 14:03:42,710 [INFO] ThirdParty:1030 - CMSIS Pack Vendor :wolfSSL I-CUBE-wolfTPM 3.4.0
2024-09-19 14:03:42,710 [INFO] ThirdParty:1030 - CMSIS Pack Vendor :portGmbH I-Cube-SoM-uGOAL 1.1.0
2024-09-19 14:03:42,710 [INFO] ThirdParty:1030 - CMSIS Pack Vendor :STMicroelectronics X-CUBE-BLEMGR 3.1.0
2024-09-19 14:03:42,710 [INFO] ThirdParty:1030 - CMSIS Pack Vendor :STMicroelectronics ThreadX 1.0.0
2024-09-19 14:03:42,710 [INFO] ThirdParty:1030 - CMSIS Pack Vendor :STMicroelectronics FP-SNS-SMARTAG2 1.2.0
2024-09-19 14:03:42,710 [INFO] ThirdParty:1030 - CMSIS Pack Vendor :STMicroelectronics X-CUBE-AZRTOS-WL 2.0.0
2024-09-19 14:03:42,711 [INFO] ThirdParty:1030 - CMSIS Pack Vendor :SEGGER I-CUBE-embOS 1.3.1
2024-09-19 14:03:42,711 [INFO] ThirdParty:1030 - CMSIS Pack Vendor :STMicroelectronics X-CUBE-ALGOBUILD 1.4.0
2024-09-19 14:03:42,712 [INFO] ThirdParty:1030 - CMSIS Pack Vendor :STMicroelectronics FP-SNS-MOTENV1 5.0.0
2024-09-19 14:03:42,712 [INFO] ThirdParty:1030 - CMSIS Pack Vendor :STMicroelectronics USB_DEVICE 1.0.0
2024-09-19 14:03:42,712 [INFO] ThirdParty:1030 - CMSIS Pack Vendor :STMicroelectronics X-CUBE-AZRTOS-H7RS 1.0.0
2024-09-19 14:03:42,712 [INFO] ThirdParty:1030 - CMSIS Pack Vendor :wolfSSL I-CUBE-wolfMQTT 1.19.0
2024-09-19 14:03:42,712 [INFO] ThirdParty:1030 - CMSIS Pack Vendor :STMicroelectronics X-CUBE-AZRTOS-L4 2.0.0
2024-09-19 14:03:42,712 [INFO] ThirdParty:1030 - CMSIS Pack Vendor :STMicroelectronics ThreadX 0.0.2
2024-09-19 14:03:42,712 [INFO] ThirdParty:1030 - CMSIS Pack Vendor :WES I-CUBE-Cesium 1.3.0
2024-09-19 14:03:42,712 [INFO] ThirdParty:1030 - CMSIS Pack Vendor :STMicroelectronics FP-ATR-ASTRA1 2.0.0
2024-09-19 14:03:42,712 [INFO] ThirdParty:1030 - CMSIS Pack Vendor :STMicroelectronics lwIP 2.1.2
2024-09-19 14:03:42,712 [INFO] ThirdParty:1030 - CMSIS Pack Vendor :STMicroelectronics X-CUBE-SFXS2LP1 4.0.0
2024-09-19 14:03:42,712 [INFO] ThirdParty:1030 - CMSIS Pack Vendor :STMicroelectronics X-CUBE-BLE2 3.3.0
2024-09-19 14:03:42,712 [INFO] ThirdParty:1030 - CMSIS Pack Vendor :STMicroelectronics X-CUBE-TOF1 3.4.2
2024-09-19 14:03:42,712 [INFO] ThirdParty:1030 - CMSIS Pack Vendor :Infineon AIROC-Wi-Fi-Bluetooth-STM32 1.6.1
2024-09-19 14:03:42,712 [INFO] ThirdParty:1030 - CMSIS Pack Vendor :STMicroelectronics PDM2PCM 3.2.0
2024-09-19 14:03:42,713 [INFO] ThirdParty:1030 - CMSIS Pack Vendor :wolfSSL I-CUBE-wolfSSH 1.4.17
2024-09-19 14:03:42,715 [INFO] ThirdParty:841 - exiting critical section [change project]
2024-09-19 14:03:43,710 [INFO] PinOutPanel:1561 - setPackage(No Configuration,No Configuration)
2024-09-19 14:03:43,714 [INFO] PinOutPanel:1561 - setPackage(STM32F767ZITx,LQFP144)
2024-09-19 14:03:45,068 [INFO] UtilMem:75 - Before build in PCC Used Memory: 852516440 Bytes (1073741824)
2024-09-19 14:03:46,198 [INFO] UtilMem:75 - After build in PCC Used Memory: 804912952 Bytes (1073741824)
2024-09-19 14:03:46,269 [INFO] IPUIPlugin:80 - create IPUIPlugin
2024-09-19 14:03:46,270 [INFO] IPUIPlugin:80 - create IPUIPlugin
2024-09-19 14:03:46,270 [INFO] IPUIPlugin:80 - create IPUIPlugin
2024-09-19 14:03:46,270 [INFO] IPUIPlugin:80 - create IPUIPlugin
2024-09-19 14:03:46,270 [INFO] IPUIPlugin:80 - create IPUIPlugin
2024-09-19 14:03:46,270 [INFO] IPUIPlugin:80 - create IPUIPlugin
2024-09-19 14:03:46,271 [INFO] IPUIPlugin:80 - create IPUIPlugin
2024-09-19 14:03:46,271 [INFO] IPUIPlugin:80 - create IPUIPlugin
2024-09-19 14:03:46,271 [INFO] IPUIPlugin:80 - create IPUIPlugin
2024-09-19 14:03:46,271 [INFO] IPUIPlugin:80 - create IPUIPlugin
2024-09-19 14:03:46,272 [INFO] IPUIPlugin:80 - create IPUIPlugin
2024-09-19 14:03:46,272 [INFO] IPUIPlugin:80 - create IPUIPlugin
2024-09-19 14:03:46,272 [INFO] IPUIPlugin:80 - create IPUIPlugin
2024-09-19 14:03:46,276 [INFO] IPUIPlugin:80 - create IPUIPlugin
2024-09-19 14:03:46,276 [INFO] IPUIPlugin:80 - create IPUIPlugin
2024-09-19 14:03:46,276 [INFO] IPUIPlugin:80 - create IPUIPlugin
2024-09-19 14:03:46,276 [INFO] IPUIPlugin:80 - create IPUIPlugin
2024-09-19 14:03:46,276 [INFO] IPUIPlugin:80 - create IPUIPlugin
2024-09-19 14:03:46,277 [INFO] IPUIPlugin:80 - create IPUIPlugin
2024-09-19 14:03:46,277 [INFO] IPUIPlugin:80 - create IPUIPlugin
2024-09-19 14:03:46,277 [INFO] IPUIPlugin:80 - create IPUIPlugin
2024-09-19 14:03:46,278 [INFO] IPUIPlugin:80 - create IPUIPlugin
2024-09-19 14:03:46,278 [INFO] IPUIPlugin:80 - create IPUIPlugin
2024-09-19 14:03:46,278 [INFO] IPUIPlugin:80 - create IPUIPlugin
2024-09-19 14:03:46,278 [INFO] IPUIPlugin:80 - create IPUIPlugin
2024-09-19 14:03:46,278 [INFO] IPUIPlugin:80 - create IPUIPlugin
2024-09-19 14:03:46,279 [INFO] IPUIPlugin:80 - create IPUIPlugin
2024-09-19 14:03:46,279 [INFO] IPUIPlugin:80 - create IPUIPlugin
2024-09-19 14:03:46,279 [INFO] IPUIPlugin:80 - create IPUIPlugin
2024-09-19 14:03:46,279 [INFO] IPUIPlugin:80 - create IPUIPlugin
2024-09-19 14:03:46,279 [INFO] IPUIPlugin:80 - create IPUIPlugin
2024-09-19 14:03:46,279 [INFO] IPUIPlugin:80 - create IPUIPlugin
2024-09-19 14:03:46,279 [INFO] IPUIPlugin:80 - create IPUIPlugin
2024-09-19 14:03:46,280 [INFO] IPUIPlugin:80 - create IPUIPlugin
2024-09-19 14:03:46,280 [INFO] IPUIPlugin:80 - create IPUIPlugin
2024-09-19 14:03:46,280 [INFO] IPUIPlugin:80 - create IPUIPlugin
2024-09-19 14:03:46,280 [INFO] IPUIPlugin:80 - create IPUIPlugin
2024-09-19 14:03:46,281 [INFO] IPUIPlugin:80 - create IPUIPlugin
2024-09-19 14:03:46,281 [INFO] IPUIPlugin:80 - create IPUIPlugin
2024-09-19 14:03:46,281 [INFO] IPUIPlugin:80 - create IPUIPlugin
2024-09-19 14:03:46,282 [INFO] IPUIPlugin:80 - create IPUIPlugin
2024-09-19 14:03:46,282 [INFO] IPUIPlugin:80 - create IPUIPlugin
2024-09-19 14:03:46,282 [INFO] IPUIPlugin:80 - create IPUIPlugin
2024-09-19 14:03:46,282 [INFO] IPUIPlugin:80 - create IPUIPlugin
2024-09-19 14:03:46,282 [INFO] IPUIPlugin:80 - create IPUIPlugin
2024-09-19 14:03:46,283 [INFO] IPUIPlugin:80 - create IPUIPlugin
2024-09-19 14:03:46,283 [INFO] IPUIPlugin:80 - create IPUIPlugin
2024-09-19 14:03:46,283 [INFO] IPUIPlugin:80 - create IPUIPlugin
2024-09-19 14:03:46,283 [INFO] IPUIPlugin:80 - create IPUIPlugin
2024-09-19 14:03:46,283 [INFO] IPUIPlugin:80 - create IPUIPlugin
2024-09-19 14:03:46,283 [INFO] IPUIPlugin:80 - create IPUIPlugin
2024-09-19 14:03:46,283 [INFO] IPUIPlugin:80 - create IPUIPlugin
2024-09-19 14:03:46,283 [INFO] IPUIPlugin:80 - create IPUIPlugin
2024-09-19 14:03:46,283 [INFO] IPUIPlugin:80 - create IPUIPlugin
2024-09-19 14:03:46,283 [INFO] IPUIPlugin:80 - create IPUIPlugin
2024-09-19 14:03:46,284 [INFO] IPUIPlugin:80 - create IPUIPlugin
2024-09-19 14:03:46,284 [INFO] IPUIPlugin:80 - create IPUIPlugin
2024-09-19 14:03:46,284 [INFO] IPUIPlugin:80 - create IPUIPlugin
2024-09-19 14:03:46,284 [INFO] IPUIPlugin:80 - create IPUIPlugin
2024-09-19 14:03:46,284 [INFO] IPUIPlugin:80 - create IPUIPlugin
2024-09-19 14:03:46,284 [INFO] IPUIPlugin:80 - create IPUIPlugin
2024-09-19 14:03:46,284 [INFO] IPUIPlugin:80 - create IPUIPlugin
2024-09-19 14:03:46,284 [INFO] IPUIPlugin:80 - create IPUIPlugin
2024-09-19 14:03:46,284 [INFO] IPUIPlugin:80 - create IPUIPlugin
2024-09-19 14:03:46,284 [INFO] IPUIPlugin:80 - create IPUIPlugin
2024-09-19 14:03:46,284 [INFO] IPUIPlugin:80 - create IPUIPlugin
2024-09-19 14:03:46,284 [INFO] IPUIPlugin:80 - create IPUIPlugin
2024-09-19 14:03:46,285 [INFO] IPUIPlugin:80 - create IPUIPlugin
2024-09-19 14:03:46,285 [INFO] IPUIPlugin:80 - create IPUIPlugin
2024-09-19 14:03:46,285 [INFO] IPUIPlugin:80 - create IPUIPlugin
2024-09-19 14:03:46,285 [INFO] IPUIPlugin:80 - create IPUIPlugin
2024-09-19 14:03:46,285 [INFO] IPUIPlugin:80 - create IPUIPlugin
2024-09-19 14:03:46,285 [INFO] IPUIPlugin:80 - create IPUIPlugin
2024-09-19 14:03:46,286 [INFO] IPUIPlugin:80 - create IPUIPlugin
2024-09-19 14:03:46,286 [INFO] IPUIPlugin:80 - create IPUIPlugin
2024-09-19 14:03:46,286 [INFO] IPUIPlugin:80 - create IPUIPlugin
2024-09-19 14:03:46,287 [INFO] IPUIPlugin:80 - create IPUIPlugin
2024-09-19 14:03:46,287 [INFO] IPUIPlugin:80 - create IPUIPlugin
2024-09-19 14:03:46,287 [INFO] IPUIPlugin:80 - create IPUIPlugin
2024-09-19 14:03:46,326 [INFO] ApiDbMcu:508 - Load IP Config File for PDM2PCM
2024-09-19 14:03:47,074 [INFO] CADModel:165 - CPN selected for project levelSTM32F767ZIT6
2024-09-19 14:03:47,077 [INFO] CADModel:114 - Register for checkConnection events
2024-09-19 14:03:47,127 [INFO] OpenFileManager:363 - Restore cursor
2024-09-19 14:26:02,663 [INFO] WebApp:189 - Connection lost
2024-09-19 14:26:04,804 [INFO] WebApp:186 - Connection restablished
2024-09-19 14:26:22,445 [INFO] WebApp:189 - Connection lost
2024-09-19 14:27:53,594 [INFO] WebApp:186 - Connection restablished
2024-09-19 14:30:04,554 [ERROR] LogOutputStream:75 - [STDERR_REDIRECT] 
