2024-08-17 14:13:37,592 [INFO] Activator:176 - 


2024-08-17 14:13:37,596 [INFO] Activator:177 - !SESSION log4j initialized
2024-08-17 14:13:40,854 [INFO] LogOutputStream:77 - [STDOUT_REDIRECT] 
2024-08-17 14:13:41,697 [ERROR] LogOutputStream:75 - [STDERR_REDIRECT] 
2024-08-17 14:13:43,699 [INFO] LogOutputStream:77 - [STDOUT_REDIRECT] 
2024-08-17 14:13:44,930 [ERROR] LogOutputStream:75 - [STDERR_REDIRECT] [Fatal Error] :2:10: DOCTYPE is disallowed when the feature "http://apache.org/xml/features/disallow-doctype-decl" set to true.
2024-08-17 14:13:44,931 [ERROR] LogOutputStream:75 - [STDERR_REDIRECT] 
2024-08-17 14:13:45,072 [INFO] ApplicationProperties:184 - Using Application install path: /Applications/STM32CubeIDE.app/Contents/Eclipse/plugins/com.st.stm32cube.common.mx_6.12.0.202406281431
2024-08-17 14:13:45,081 [INFO] DbMcusXml:78 - Set database path to: /Applications/STM32CubeIDE.app/Contents/Eclipse/plugins/com.st.stm32cube.common.mx_6.12.0.202406281431//db//mcu/
2024-08-17 14:13:45,082 [INFO] ApiDb:274 - Set plugin database path to: /Applications/STM32CubeIDE.app/Contents/Eclipse/plugins/com.st.stm32cube.common.mx_6.12.0.202406281431//db//plugins/boardmanager/
2024-08-17 14:13:45,082 [WARN] ApiDb:259 - Overriding images path with different value:  => /Applications/STM32CubeIDE.app/Contents/Eclipse/plugins/com.st.stm32cube.common.mx_6.12.0.202406281431//db//plugins/mcufinder/images/
2024-08-17 14:13:45,087 [INFO] ApiDb:250 - Set database path to: /Users/kitton/.stmcufinder/plugins/mcufinder//mcu/
2024-08-17 14:13:45,088 [INFO] DbMcusAds:125 - Set database path to: /Users/kitton/.stmcufinder/plugins/mcufinder//mcu/
2024-08-17 14:13:45,089 [INFO] CrossReferenceDbSqlite:203 - Set database path to: /Users/kitton/.stmcufinder/plugins/mcufinder//mcu/cs/
2024-08-17 14:13:45,184 [INFO] RulesReader:64 - Compatibility file has been processed (297 Rules)
2024-08-17 14:13:45,225 [INFO] DbMcusXml:78 - Set database path to: /Applications/STM32CubeIDE.app/Contents/Eclipse/plugins/com.st.stm32cube.common.mx_6.12.0.202406281431//db//mcu/
2024-08-17 14:13:45,225 [INFO] ApiDb:274 - Set plugin database path to: /Applications/STM32CubeIDE.app/Contents/Eclipse/plugins/com.st.stm32cube.common.mx_6.12.0.202406281431//db//plugins/boardmanager/
2024-08-17 14:13:45,226 [INFO] ApiDb:261 - Set plugin images path to: /Applications/STM32CubeIDE.app/Contents/Eclipse/plugins/com.st.stm32cube.common.mx_6.12.0.202406281431//db//plugins/mcufinder/images/
2024-08-17 14:13:45,226 [WARN] DbFile:41 - Overriding database path with different value: /Users/kitton/.stmcufinder/plugins/mcufinder/ => /Users/kitton/.stmcufinder/plugins/mcufinder
2024-08-17 14:13:45,226 [INFO] ApiDb:250 - Set database path to: /Users/kitton/.stmcufinder/plugins/mcufinder//mcu/
2024-08-17 14:13:45,226 [WARN] DbFile:41 - Overriding database path with different value: /Users/kitton/.stmcufinder/plugins/mcufinder/ => /Users/kitton/.stmcufinder/plugins/mcufinder
2024-08-17 14:13:45,227 [INFO] DbMcusAds:125 - Set database path to: /Users/kitton/.stmcufinder/plugins/mcufinder//mcu/
2024-08-17 14:13:45,227 [WARN] DbFile:41 - Overriding database path with different value: /Users/kitton/.stmcufinder/plugins/mcufinder/ => /Users/kitton/.stmcufinder/plugins/mcufinder
2024-08-17 14:13:45,227 [WARN] DbFile:41 - Overriding database path with different value: /Users/kitton/.stmcufinder/plugins/mcufinder/ => /Users/kitton/.stmcufinder/plugins/mcufinder
2024-08-17 14:13:45,227 [INFO] CrossReferenceDbSqlite:203 - Set database path to: /Users/kitton/.stmcufinder/plugins/mcufinder//mcu/cs/
2024-08-17 14:13:45,294 [INFO] MainPanel:268 - HeapMemory: 316669952
2024-08-17 14:13:45,723 [INFO] DbMcusXml:78 - Set database path to: /Applications/STM32CubeIDE.app/Contents/Eclipse/plugins/com.st.stm32cube.common.mx_6.12.0.202406281431//db//mcu/
2024-08-17 14:13:45,723 [INFO] ApiDb:274 - Set plugin database path to: /Applications/STM32CubeIDE.app/Contents/Eclipse/plugins/com.st.stm32cube.common.mx_6.12.0.202406281431//db//plugins/boardmanager/
2024-08-17 14:13:45,724 [INFO] ApiDb:261 - Set plugin images path to: /Applications/STM32CubeIDE.app/Contents/Eclipse/plugins/com.st.stm32cube.common.mx_6.12.0.202406281431//db//plugins/mcufinder/images/
2024-08-17 14:13:45,724 [WARN] DbFile:41 - Overriding database path with different value: /Users/kitton/.stmcufinder/plugins/mcufinder/ => /Users/kitton/.stmcufinder/plugins/mcufinder
2024-08-17 14:13:45,724 [INFO] ApiDb:250 - Set database path to: /Users/kitton/.stmcufinder/plugins/mcufinder//mcu/
2024-08-17 14:13:45,724 [WARN] DbFile:41 - Overriding database path with different value: /Users/kitton/.stmcufinder/plugins/mcufinder/ => /Users/kitton/.stmcufinder/plugins/mcufinder
2024-08-17 14:13:45,724 [INFO] DbMcusAds:125 - Set database path to: /Users/kitton/.stmcufinder/plugins/mcufinder//mcu/
2024-08-17 14:13:45,724 [WARN] DbFile:41 - Overriding database path with different value: /Users/kitton/.stmcufinder/plugins/mcufinder/ => /Users/kitton/.stmcufinder/plugins/mcufinder
2024-08-17 14:13:45,724 [WARN] DbFile:41 - Overriding database path with different value: /Users/kitton/.stmcufinder/plugins/mcufinder/ => /Users/kitton/.stmcufinder/plugins/mcufinder
2024-08-17 14:13:45,724 [INFO] CrossReferenceDbSqlite:203 - Set database path to: /Users/kitton/.stmcufinder/plugins/mcufinder//mcu/cs/
2024-08-17 14:13:45,738 [INFO] ApplicationProperties:184 - Using Application install path: /Applications/STM32CubeIDE.app/Contents/Eclipse/plugins/com.st.stm32cube.common.mx_6.12.0.202406281431
2024-08-17 14:13:45,738 [INFO] PluginManage:196 - Search for loadable plugins [exclusion list=, ]
2024-08-17 14:13:45,740 [INFO] PluginManage:310 - Check plugin analytics
2024-08-17 14:13:45,893 [INFO] AnalyticsPlugin:253 - Accepted Software Licenses: 
2024-08-17 14:13:45,894 [INFO] AnalyticsPlugin:255 - Accepted CMSIS Pack Licenses: 
2024-08-17 14:13:45,894 [INFO] AnalyticsPlugin:257 - Accepted Firmware Licenses: FW.F7.1.17.0
2024-08-17 14:13:45,900 [INFO] PluginManage:359 - Loaded plugin analytics (category:tool,tabindex:-1)
2024-08-17 14:13:45,900 [INFO] PluginManage:310 - Check plugin cadmodel
2024-08-17 14:13:45,911 [INFO] CADModel:105 - Init CAD model plugin
2024-08-17 14:13:45,911 [INFO] PluginManage:359 - Loaded plugin cadmodel (category:power,tabindex:5)
2024-08-17 14:13:45,911 [INFO] PluginManage:310 - Check plugin clock
2024-08-17 14:13:45,919 [INFO] PluginManage:359 - Loaded plugin clock (category:base,tabindex:2)
2024-08-17 14:13:45,919 [INFO] PluginManage:310 - Check plugin ddr
2024-08-17 14:13:45,920 [INFO] PluginManage:359 - Loaded plugin ddr (category:tool,tabindex:6)
2024-08-17 14:13:45,920 [INFO] PluginManage:310 - Check plugin filemanager
2024-08-17 14:13:46,024 [INFO] PluginManage:359 - Loaded plugin filemanager (category:base,tabindex:10)
2024-08-17 14:13:46,024 [INFO] PluginManage:310 - Check plugin ipmanager
2024-08-17 14:13:46,029 [INFO] PluginManage:359 - Loaded plugin ipmanager (category:base,tabindex:5)
2024-08-17 14:13:46,029 [INFO] PluginManage:310 - Check plugin lpbam
2024-08-17 14:13:46,037 [INFO] PluginManage:359 - Loaded plugin lpbam (category:base,tabindex:0)
2024-08-17 14:13:46,037 [INFO] PluginManage:310 - Check plugin memorymap
2024-08-17 14:13:46,043 [INFO] PluginManage:359 - Loaded plugin memorymap (category:base,tabindex:4)
2024-08-17 14:13:46,043 [INFO] PluginManage:310 - Check plugin pinoutandconfiguration
2024-08-17 14:13:46,047 [INFO] PluginManage:359 - Loaded plugin pinoutandconfiguration (category:base,tabindex:1)
2024-08-17 14:13:46,047 [INFO] PluginManage:310 - Check plugin pinoutconfig
2024-08-17 14:13:46,107 [WARN] SupportedApi:132 - Cannot load RTOS API schema: s4s-elt-must-match.1: The content of 'definitions' must match (annotation?, (simpleType | complexType)?, (unique | key | keyref)*)). A problem was found starting at: attribute.
2024-08-17 14:13:46,209 [INFO] PluginManage:359 - Loaded plugin pinoutconfig (category:base,tabindex:0)
2024-08-17 14:13:46,209 [INFO] PluginManage:310 - Check plugin power
2024-08-17 14:13:46,218 [INFO] PluginManage:359 - Loaded plugin power (category:power,tabindex:4)
2024-08-17 14:13:46,218 [INFO] PluginManage:310 - Check plugin projectmanager
2024-08-17 14:13:46,241 [INFO] PluginManage:359 - Loaded plugin projectmanager (category:projectmanager,tabindex:4)
2024-08-17 14:13:46,241 [INFO] PluginManage:310 - Check plugin rif
2024-08-17 14:13:46,246 [INFO] PluginManage:359 - Loaded plugin rif (category:base,tabindex:3)
2024-08-17 14:13:46,246 [INFO] PluginManage:310 - Check plugin thirdparty
2024-08-17 14:13:46,404 [INFO] PluginManage:359 - Loaded plugin thirdparty (category:base,tabindex:-1)
2024-08-17 14:13:46,404 [WARN] IntegrityCheckThread:84 - waiting for thirdparty lock release [integrity check]
2024-08-17 14:13:46,406 [INFO] IntegrityCheckThread:86 - entering critical section [integrity check]
2024-08-17 14:13:46,406 [INFO] PluginManage:310 - Check plugin tools
2024-08-17 14:13:46,411 [INFO] ThirdPartyUpdaterWithRetryManager:70 - Updater plugin not ready yet. [1/15]
2024-08-17 14:13:46,414 [INFO] PluginManage:359 - Loaded plugin tools (category:base,tabindex:7)
2024-08-17 14:13:46,415 [INFO] PluginManage:310 - Check plugin tutovideos
2024-08-17 14:13:46,604 [INFO] PluginManage:359 - Loaded plugin tutovideos (category:base,tabindex:-1)
2024-08-17 14:13:46,605 [INFO] PluginManage:310 - Check plugin updater
2024-08-17 14:13:46,637 [INFO] PluginManage:359 - Loaded plugin updater (category:base,tabindex:12)
2024-08-17 14:13:46,638 [INFO] PluginManage:310 - Check plugin userauth
2024-08-17 14:13:46,646 [INFO] UserAuth:113 - Init User Auth plugin
2024-08-17 14:13:46,646 [INFO] PluginManage:359 - Loaded plugin userauth (category:base,tabindex:14)
2024-08-17 14:13:46,647 [INFO] PluginManage:283 - PluginManage : Loaded plugins [18]
2024-08-17 14:13:46,830 [INFO] PinOutPanel:1561 - setPackage(No Configuration,No Configuration)
2024-08-17 14:13:46,885 [INFO] CADModel:165 - CPN selected for project level
2024-08-17 14:13:46,885 [INFO] CADModel:114 - Register for checkConnection events
2024-08-17 14:13:46,895 [INFO] IPUIPlugin:80 - create IPUIPlugin
2024-08-17 14:13:46,895 [INFO] PluginManager:220 - loadIPPluginJar : add mdma
2024-08-17 14:13:46,899 [INFO] IPUIPlugin:80 - create IPUIPlugin
2024-08-17 14:13:46,899 [INFO] PluginManager:220 - loadIPPluginJar : add freertos
2024-08-17 14:13:46,900 [INFO] IPUIPlugin:80 - create IPUIPlugin
2024-08-17 14:13:46,901 [INFO] PluginManager:220 - loadIPPluginJar : add gic
2024-08-17 14:13:46,905 [INFO] IPUIPlugin:80 - create IPUIPlugin
2024-08-17 14:13:46,905 [INFO] PluginManager:220 - loadIPPluginJar : add adc
2024-08-17 14:13:46,906 [INFO] IPUIPlugin:80 - create IPUIPlugin
2024-08-17 14:13:46,906 [INFO] PluginManager:220 - loadIPPluginJar : add gtzc
2024-08-17 14:13:46,907 [INFO] IPUIPlugin:80 - create IPUIPlugin
2024-08-17 14:13:46,907 [INFO] PluginManager:220 - loadIPPluginJar : add quadspi
2024-08-17 14:13:46,908 [INFO] IPUIPlugin:80 - create IPUIPlugin
2024-08-17 14:13:46,908 [INFO] PluginManager:220 - loadIPPluginJar : add aes
2024-08-17 14:13:46,909 [INFO] IPUIPlugin:80 - create IPUIPlugin
2024-08-17 14:13:46,909 [INFO] PluginManager:220 - loadIPPluginJar : add pdm2pcm
2024-08-17 14:13:46,911 [INFO] IPUIPlugin:80 - create IPUIPlugin
2024-08-17 14:13:46,911 [INFO] PluginManager:220 - loadIPPluginJar : add hash
2024-08-17 14:13:46,911 [INFO] IPUIPlugin:80 - create IPUIPlugin
2024-08-17 14:13:46,911 [INFO] PluginManager:220 - loadIPPluginJar : add tim
2024-08-17 14:13:46,912 [INFO] IPUIPlugin:80 - create IPUIPlugin
2024-08-17 14:13:46,912 [INFO] PluginManager:220 - loadIPPluginJar : add tsc
2024-08-17 14:13:46,914 [INFO] IPUIPlugin:80 - create IPUIPlugin
2024-08-17 14:13:46,914 [INFO] PluginManager:220 - loadIPPluginJar : add extmemmanager
2024-08-17 14:13:46,915 [INFO] IPUIPlugin:80 - create IPUIPlugin
2024-08-17 14:13:46,915 [INFO] PluginManager:220 - loadIPPluginJar : add ts
2024-08-17 14:13:46,916 [INFO] IPUIPlugin:80 - create IPUIPlugin
2024-08-17 14:13:46,917 [INFO] PluginManager:220 - loadIPPluginJar : add radio
2024-08-17 14:13:46,918 [INFO] IPUIPlugin:80 - create IPUIPlugin
2024-08-17 14:13:46,918 [INFO] PluginManager:220 - loadIPPluginJar : add can
2024-08-17 14:13:46,920 [INFO] IPUIPlugin:80 - create IPUIPlugin
2024-08-17 14:13:46,920 [INFO] PluginManager:220 - loadIPPluginJar : add dma3
2024-08-17 14:13:46,921 [INFO] IPUIPlugin:80 - create IPUIPlugin
2024-08-17 14:13:46,921 [INFO] PluginManager:220 - loadIPPluginJar : add dfsdm
2024-08-17 14:13:46,921 [INFO] IPUIPlugin:80 - create IPUIPlugin
2024-08-17 14:13:46,922 [INFO] PluginManager:220 - loadIPPluginJar : add spi
2024-08-17 14:13:46,923 [INFO] IPUIPlugin:80 - create IPUIPlugin
2024-08-17 14:13:46,923 [INFO] PluginManager:220 - loadIPPluginJar : add gfxmmu
2024-08-17 14:13:46,924 [INFO] IPUIPlugin:80 - create IPUIPlugin
2024-08-17 14:13:46,924 [INFO] PluginManager:220 - loadIPPluginJar : add genericplugin
2024-08-17 14:13:46,925 [INFO] IPUIPlugin:80 - create IPUIPlugin
2024-08-17 14:13:46,925 [INFO] PluginManager:220 - loadIPPluginJar : add cryp
2024-08-17 14:13:46,927 [INFO] IPUIPlugin:80 - create IPUIPlugin
2024-08-17 14:13:46,927 [INFO] PluginManager:220 - loadIPPluginJar : add gpio
2024-08-17 14:13:46,929 [INFO] IPUIPlugin:80 - create IPUIPlugin
2024-08-17 14:13:46,929 [INFO] PluginManager:220 - loadIPPluginJar : add ddr_ctrl_phy
2024-08-17 14:13:46,930 [INFO] IPUIPlugin:80 - create IPUIPlugin
2024-08-17 14:13:46,930 [INFO] PluginManager:220 - loadIPPluginJar : add comp
2024-08-17 14:13:46,931 [INFO] IPUIPlugin:80 - create IPUIPlugin
2024-08-17 14:13:46,931 [INFO] PluginManager:220 - loadIPPluginJar : add tracer_emb
2024-08-17 14:13:46,932 [INFO] IPUIPlugin:80 - create IPUIPlugin
2024-08-17 14:13:46,932 [INFO] PluginManager:220 - loadIPPluginJar : add openamp
2024-08-17 14:13:46,935 [INFO] IPUIPlugin:80 - create IPUIPlugin
2024-08-17 14:13:46,935 [INFO] PluginManager:220 - loadIPPluginJar : add stm32_wpan
2024-08-17 14:13:46,938 [INFO] IPUIPlugin:80 - create IPUIPlugin
2024-08-17 14:13:46,939 [INFO] PluginManager:220 - loadIPPluginJar : add plateformsettings
2024-08-17 14:13:46,941 [INFO] IPUIPlugin:80 - create IPUIPlugin
2024-08-17 14:13:46,941 [INFO] PluginManager:220 - loadIPPluginJar : add ipddr
2024-08-17 14:13:46,942 [INFO] IPUIPlugin:80 - create IPUIPlugin
2024-08-17 14:13:46,942 [INFO] PluginManager:220 - loadIPPluginJar : add usart
2024-08-17 14:13:46,943 [INFO] IPUIPlugin:80 - create IPUIPlugin
2024-08-17 14:13:46,943 [INFO] PluginManager:220 - loadIPPluginJar : add ltdc
2024-08-17 14:13:46,944 [INFO] IPUIPlugin:80 - create IPUIPlugin
2024-08-17 14:13:46,944 [INFO] PluginManager:220 - loadIPPluginJar : add nvic
2024-08-17 14:13:46,945 [INFO] IPUIPlugin:80 - create IPUIPlugin
2024-08-17 14:13:46,945 [INFO] PluginManager:220 - loadIPPluginJar : add fatfs
2024-08-17 14:13:46,948 [INFO] IPUIPlugin:80 - create IPUIPlugin
2024-08-17 14:13:46,948 [INFO] PluginManager:220 - loadIPPluginJar : add linkedlist
2024-08-17 14:13:46,951 [INFO] IPUIPlugin:80 - create IPUIPlugin
2024-08-17 14:13:46,951 [INFO] PluginManager:220 - loadIPPluginJar : add dma
2024-08-17 14:13:46,952 [INFO] IPUIPlugin:80 - create IPUIPlugin
2024-08-17 14:13:46,952 [INFO] PluginManager:220 - loadIPPluginJar : add fmc
2024-08-17 14:13:46,953 [INFO] IPUIPlugin:80 - create IPUIPlugin
2024-08-17 14:13:46,953 [INFO] PluginManager:220 - loadIPPluginJar : add i2s
2024-08-17 14:13:46,954 [INFO] IPUIPlugin:80 - create IPUIPlugin
2024-08-17 14:13:46,954 [INFO] PluginManager:220 - loadIPPluginJar : add ucpd
2024-08-17 14:13:46,955 [INFO] IPUIPlugin:80 - create IPUIPlugin
2024-08-17 14:13:46,955 [INFO] PluginManager:220 - loadIPPluginJar : add lorawan
2024-08-17 14:13:46,956 [INFO] IPUIPlugin:80 - create IPUIPlugin
2024-08-17 14:13:46,956 [INFO] PluginManager:220 - loadIPPluginJar : add opamp
2024-08-17 14:13:46,957 [INFO] IPUIPlugin:80 - create IPUIPlugin
2024-08-17 14:13:46,957 [INFO] PluginManager:220 - loadIPPluginJar : add i3c
2024-08-17 14:13:46,958 [INFO] IPUIPlugin:80 - create IPUIPlugin
2024-08-17 14:13:46,959 [INFO] PluginManager:220 - loadIPPluginJar : add touchsensing
2024-08-17 14:13:46,960 [INFO] IPUIPlugin:80 - create IPUIPlugin
2024-08-17 14:13:46,960 [INFO] PluginManager:220 - loadIPPluginJar : add i2c
2024-08-17 14:13:46,962 [INFO] IPUIPlugin:80 - create IPUIPlugin
2024-08-17 14:13:46,962 [INFO] PluginManager:220 - loadIPPluginJar : add resmgrutility
2024-08-17 14:13:46,963 [INFO] IPUIPlugin:80 - create IPUIPlugin
2024-08-17 14:13:46,963 [INFO] PluginManager:220 - loadIPPluginJar : add sai
2024-08-17 14:13:46,964 [INFO] IPUIPlugin:80 - create IPUIPlugin
2024-08-17 14:13:46,964 [INFO] PluginManager:220 - loadIPPluginJar : add usbx
2024-08-17 14:13:47,069 [INFO] CADModel:165 - CPN selected for project level
2024-08-17 14:13:47,069 [INFO] CADModel:114 - Register for checkConnection events
2024-08-17 14:13:47,070 [FATAL] Updater:334 - Updater called before beeing initialized
2024-08-17 14:13:47,070 [ERROR] CADModel:125 - Updater not yet initialized, retry later 
2024-08-17 14:13:47,222 [INFO] CADModel:165 - CPN selected for project level
2024-08-17 14:13:47,222 [INFO] CADModel:114 - Register for checkConnection events
2024-08-17 14:13:47,222 [FATAL] Updater:334 - Updater called before beeing initialized
2024-08-17 14:13:47,222 [ERROR] CADModel:125 - Updater not yet initialized, retry later 
2024-08-17 14:13:47,224 [FATAL] Updater:334 - Updater called before beeing initialized
2024-08-17 14:13:47,344 [FATAL] Updater:334 - Updater called before beeing initialized
2024-08-17 14:13:47,347 [INFO] DbMcusAds:53 - JSON generation date=Thu May 16 16:22:00 ICT 2024 (1715851320667)
2024-08-17 14:13:47,347 [FATAL] Updater:334 - Updater called before beeing initialized
2024-08-17 14:13:47,395 [WARN] DetailPanel:346 - Failed to get advertising image, set to default
2024-08-17 14:13:47,448 [FATAL] Updater:334 - Updater called before beeing initialized
2024-08-17 14:13:47,449 [FATAL] Updater:334 - Updater called before beeing initialized
2024-08-17 14:13:47,449 [FATAL] Updater:334 - Updater called before beeing initialized
2024-08-17 14:13:47,449 [WARN] DetailPanel:346 - Failed to get advertising image, set to default
2024-08-17 14:13:47,450 [FATAL] Updater:334 - Updater called before beeing initialized
2024-08-17 14:13:47,496 [ERROR] Updater:1164 - MainUpdater not yet initialized. External WinMGr cannot be set.
2024-08-17 14:13:47,500 [INFO] Updater:1100 - Updater Version found : 6.12.0
2024-08-17 14:13:47,509 [INFO] ApplicationProperties:184 - Using Application install path: /Applications/STM32CubeIDE.app/Contents/Eclipse/plugins/com.st.stm32cube.common.mx_6.12.0.202406281431
2024-08-17 14:13:49,418 [INFO] ThirdPartyUpdaterWithRetryManager:70 - Updater plugin not ready yet. [2/15]
2024-08-17 14:13:51,688 [INFO] RetryExec:97 - I/O exception (java.net.NoRouteToHostException) caught when processing request to {s}->https://sw-center.st.com:443: No route to host
2024-08-17 14:13:51,689 [INFO] RetryExec:113 - Retrying request to {s}->https://sw-center.st.com:443
2024-08-17 14:13:51,691 [INFO] RetryExec:97 - I/O exception (java.net.SocketException) caught when processing request to {s}->https://sw-center.st.com:443: Network is unreachable
2024-08-17 14:13:51,692 [INFO] RetryExec:113 - Retrying request to {s}->https://sw-center.st.com:443
2024-08-17 14:13:51,693 [INFO] RetryExec:97 - I/O exception (java.net.SocketException) caught when processing request to {s}->https://sw-center.st.com:443: Network is unreachable
2024-08-17 14:13:51,693 [INFO] RetryExec:113 - Retrying request to {s}->https://sw-center.st.com:443
2024-08-17 14:13:51,715 [INFO] MainUpdater:2873 - connection check result : 22
2024-08-17 14:13:51,716 [INFO] MainUpdater:290 - Updater Check For Update Now.
2024-08-17 14:13:51,716 [INFO] MicroXplorer:498 - Change Database Version : DB.6.0.120
2024-08-17 14:13:51,725 [INFO] McuFinderGlobals:63 - Set McuFinder mode to 2 (CubeIDE integrated)
2024-08-17 14:13:51,728 [INFO] UserAuth:417 - Internet connection configuration mode: 2
2024-08-17 14:13:51,747 [INFO] UserAuth:417 - Internet connection configuration mode: 2
2024-08-17 14:13:51,793 [ERROR] ConfigurationRetriever:142 - IOException on connection: Read timed out
2024-08-17 14:13:51,797 [ERROR] ConfigurationRetriever:142 - IOException on connection: Network is unreachable
2024-08-17 14:13:52,009 [INFO] CheckServerUpdateThread:120 - End of CheckServer Thread
2024-08-17 14:13:52,556 [WARN] PackLoader:240 - Cannot read IP mode file for STMicroelectronics.FP-SNS-MOTENVWB1.1.4.0
2024-08-17 14:13:52,575 [WARN] PackLoader:240 - Cannot read IP mode file for STMicroelectronics.FP-SNS-FLIGHT1.5.0.2
2024-08-17 14:13:52,598 [WARN] PackLoader:240 - Cannot read IP mode file for STMicroelectronics.X-CUBE-DISPLAY.3.0.0
2024-08-17 14:13:52,624 [WARN] PackLoader:240 - Cannot read IP mode file for STMicroelectronics.X-CUBE-BLE1.7.0.0
2024-08-17 14:13:52,651 [WARN] PackLoader:240 - Cannot read IP mode file for STMicroelectronics.X-CUBE-BLEMGR.3.1.0
2024-08-17 14:13:52,671 [WARN] PackLoader:240 - Cannot read IP mode file for STMicroelectronics.FP-SNS-SMARTAG2.1.2.0
2024-08-17 14:13:52,681 [WARN] PackLoader:240 - Cannot read IP mode file for STMicroelectronics.FP-SNS-MOTENV1.5.0.0
2024-08-17 14:13:52,692 [WARN] PackLoader:240 - Cannot read IP mode file for STMicroelectronics.X-CUBE-BLE2.3.3.0
2024-08-17 14:13:52,702 [WARN] PackLoader:240 - Cannot read IP mode file for STMicroelectronics.FP-ATR-SIGFOX1.3.2.0
2024-08-17 14:13:52,709 [WARN] PackLoader:240 - Cannot read IP mode file for STMicroelectronics.X-CUBE-EEPRMA1.5.1.0
2024-08-17 14:13:52,724 [WARN] PackLoader:240 - Cannot read IP mode file for STMicroelectronics.X-CUBE-GNSS1.6.0.0
2024-08-17 14:13:52,731 [WARN] PackLoader:240 - Cannot read IP mode file for STMicroelectronics.X-CUBE-FREERTOS.1.2.0
2024-08-17 14:13:52,736 [WARN] PackLoader:240 - Cannot read IP mode file for STMicroelectronics.X-CUBE-AI.9.0.0
2024-08-17 14:13:52,749 [WARN] PackLoader:240 - Cannot read IP mode file for STMicroelectronics.X-CUBE-ALS.1.0.2
2024-08-17 14:13:52,754 [WARN] PackLoader:240 - Cannot read IP mode file for STMicroelectronics.FP-ATR-ASTRA1.2.0.0
2024-08-17 14:13:52,757 [INFO] ThirdParty:978 - Integrity check success = true
2024-08-17 14:13:52,757 [INFO] IntegrityCheckThread:100 - exiting critical section [integrity check]
2024-08-17 14:13:52,757 [INFO] IntegrityCheckThread:103 - End integrity checks thread
2024-08-17 14:14:15,257 [INFO] McuFinderGlobals:63 - Set McuFinder mode to 2 (CubeIDE integrated)
2024-08-17 14:14:16,295 [INFO] MainUpdater:2873 - connection check result : 10
2024-08-17 14:14:18,634 [INFO] ApiDb:581 - Connected to CubeFinder SQLite database (/Users/kitton/.stmcufinder/plugins/mcufinder/mcu/cube-finder-db.db)
2024-08-17 14:14:18,673 [INFO] ApiDb:668 - CubeFinder database Data Model version=2.1
2024-08-17 14:14:18,673 [INFO] ApiDb:669 - CubeFinder database Configuration version=3.0.39
2024-08-17 14:14:18,674 [INFO] ApiDb:670 - CubeFinder database generation date=2024-06-20 (1718880634)
2024-08-17 14:14:18,674 [INFO] ApiDb:671 - CubeFinder database FW Pack versions=[FP-ATR-ASTRA1_V2.0.0, FP-SNS-FLIGHT1_V5.0.2, FP-SNS-MOTENV1_V5.0.0, FP-SNS-MOTENVWB1_V1.4.0, FP-SNS-SMARTAG2_V1.2.0, STM32Cube_FW_C0_V1.2.0, STM32Cube_FW_F4_V1.28.0, STM32Cube_FW_F7_V1.17.2, STM32Cube_FW_G0_V1.6.2, STM32Cube_FW_G4_V1.6.0, STM32Cube_FW_H5_V1.3.0, STM32Cube_FW_H7RS_V1.1.0, STM32Cube_FW_H7_V1.11.2, STM32Cube_FW_L0_V1.12.2, STM32Cube_FW_L5_V1.5.1, STM32Cube_FW_U0_V1.1.0, STM32Cube_FW_U5_V1.6.0, STM32Cube_FW_WB0_V1.0.0, STM32Cube_FW_WBA_V1.4.0, STM32Cube_FW_WB_V1.20.0, STM32Cube_FW_WL_V1.3.0, X-CUBE-ALGOBUILD_V1.4.0, X-CUBE-ALS_V1.0.2, X-CUBE-AZRTOS-F4_V1.1.0, X-CUBE-AZRTOS-F7_V1.1.0, X-CUBE-AZRTOS-G0_V1.1.0, X-CUBE-AZRTOS-G4_V2.0.0, X-CUBE-AZRTOS-H7RS_V1.0.0, X-CUBE-AZRTOS-H7_V3.2.0, X-CUBE-AZRTOS-L4_V2.0.0, X-CUBE-AZRTOS-L5_V1.1.0, X-CUBE-AZRTOS-WB_V2.0.0, X-CUBE-AZRTOS-WL_V2.0.0, X-CUBE-BLE1_V7.0.0, X-CUBE-BLE2_V3.3.0, X-CUBE-BLEMGR_V3.1.0, X-CUBE-EEPRMA1_V5.1.0, X-CUBE-FREERTOS_V1.2.0, X-CUBE-GNSS1_V6.0.0, X-CUBE-MEMS1_V10.0.0, X-CUBE-NFC4_V3.0.0, X-CUBE-NFC7_V1.0.1, X-CUBE-SFXS2LP1_V4.0.0, X-CUBE-SUBG2_V5.0.0, X-CUBE-TOF1_V3.4.1]
2024-08-17 14:14:18,768 [INFO] DbBoardsSqlite:226 - include board P-NUCLEO-WB55-NUCLEO as a kit item of type 'Nucleo-64'
2024-08-17 14:14:18,769 [INFO] DbBoardsSqlite:226 - include board P-NUCLEO-WB55-USBDONGLE as a kit item of type 'Nucleo USB Dongle'
2024-08-17 14:14:18,770 [INFO] DbBoardsSqlite:226 - include board STEVAL-IDP005V1 as a kit item of type 'Evaluation Board'
2024-08-17 14:14:18,771 [INFO] DbBoardsSqlite:226 - include board STEVAL-IDP005V2 as a kit item of type 'Evaluation Board'
2024-08-17 14:14:18,854 [INFO] ApiDb:240 - Found 646 in-development CPN: [B-G473E-ZEST1S, B-WB1M-WPAN1, B-WL5M-SUBG1, NUCLEO-C031C6, NUCLEO-C071RB, NUCLEO-H503RB, NUCLEO-H533RE, NUCLEO-H563ZI, NUCLEO-H7S3L8, NUCLEO-U031R8, NUCLEO-U083RC, NUCLEO-U545RE-Q, NUCLEO-U5A5ZJ-Q, NUCLEO-WB05KZ, NUCLEO-WB07CC, NUCLEO-WB09KE, NUCLEO-WBA52CG, NUCLEO-WBA55CG, STEVAL-PROTEUS1, STEVAL-SMARTAG2, STEVAL-STWINBX1, STM320518-EVAL, STM32C0116-DK, STM32C011D6Y3TR, STM32C011D6Y6TR, STM32C011F4P3, STM32C011F4P6, STM32C011F4U3, STM32C011F4U6TR, STM32C011F6P3, STM32C011F6P6, STM32C011F6U3, STM32C011F6U6TR, STM32C011J4M3, STM32C011J4M6, STM32C011J6M3, STM32C011J6M6, STM32C0316-DK, STM32C031C4T3, STM32C031C4T6, STM32C031C4U3, STM32C031C4U6, STM32C031C6T3, STM32C031C6T6, STM32C031C6U3, STM32C031C6U6, STM32C031F4P3, STM32C031F4P6, STM32C031F6P3, STM32C031F6P6, STM32C031G4U3, STM32C031G4U6, STM32C031G6U3, STM32C031G6U6, STM32C031K4T3, STM32C031K4T6, STM32C031K4U3, STM32C031K4U6, STM32C031K6T3, STM32C031K6T6, STM32C031K6U3, STM32C031K6U6, STM32C071C8T6, STM32C071C8T6N, STM32C071C8U6, STM32C071C8U6N, STM32C071CBT6, STM32C071CBT6N, STM32C071CBU6, STM32C071CBU6N, STM32C071F8P6, STM32C071F8P6N, STM32C071FBP6, STM32C071FBP6N, STM32C071FBY6TR, STM32C071G8U6, STM32C071G8U6N, STM32C071GBU6, STM32C071GBU6N, STM32C071K8T6, STM32C071K8T6N, STM32C071K8U6, STM32C071K8U6N, STM32C071KBT6, STM32C071KBT6N, STM32C071KBU6, STM32C071KBU6N, STM32C071R8T6, STM32C071R8T6N, STM32C071RBI6N, STM32C071RBT6, STM32C071RBT6N, STM32G071K8TXN, STM32G071K8UXN, STM32G081GBU6N, STM32G081KBT6N, STM32G081KBUXN, STM32G0B1CCT6N, STM32G0B1KCT6, STM32G0B1NEY6TR, STM32G0B1RCT6N, STM32G0C1CCT6, STM32G0C1CCT6N, STM32G0C1CCU6N, STM32G0C1CET6N, STM32G0C1CEU6N, STM32G0C1KCT6, STM32G0C1NEY6TR, STM32G0C1RCI6N, STM32G0C1RCT6N, STM32G0C1REI6N, STM32G0C1RET6N, STM32G0C1VCI6, STM32G0C1VEI6, STM32G411C6T3, STM32G411C6T6, STM32G411C6U3, STM32G411C6U6, STM32G411C8T3, STM32G411C8T6, STM32G411C8U3, STM32G411C8U6, STM32G411CBT3, STM32G411CBT6, STM32G411CBU3, STM32G411CBU6, STM32G411K6T3, STM32G411K6T6, STM32G411K6U3, STM32G411K6U6, STM32G411K8T3, STM32G411K8T6, STM32G411K8U3, STM32G411K8U6, STM32G411KBT3, STM32G411KBT6, STM32G411KBU3, STM32G411KBU6, STM32G411M6T3, STM32G411M6T6, STM32G411M8T3, STM32G411M8T6, STM32G411MBT3, STM32G411MBT6, STM32G411R6T3, STM32G411R6T6, STM32G411R8T3, STM32G411R8T6, STM32G411RBT3, STM32G411RBT6, STM32G414CBT3, STM32G414CBT6, STM32G414CBU3, STM32G414CBU6, STM32G414CCT3, STM32G414CCT6, STM32G414CCU3, STM32G414CCU6, STM32G414MBT3, STM32G414MBT6, STM32G414MCT3, STM32G414MCT6, STM32G414RBT3, STM32G414RBT6, STM32G414RCT3, STM32G414RCT6, STM32G414VBT3, STM32G414VBT6, STM32G414VCT3, STM32G414VCT6, STM32G431CBT3Z, STM32G431RBT3Z, STM32G471CCT6, STM32G471CCU6, STM32G471CET3, STM32G471CET6, STM32G471CEU3, STM32G471CEU6, STM32G471MCT6, STM32G471MET3, STM32G471MET6, STM32G471MEY6TR, STM32G471QCT6, STM32G471QET3, STM32G471RCT6, STM32G471RET3, STM32G471RET6, STM32G471VCH6, STM32G471VCI6, STM32G471VCT6, STM32G471VEH3, STM32G471VEH6, STM32G471VEI3, STM32G471VEI6, STM32G471VET3, STM32G471VET6, STM32G473QET3Z, STM32G473RET3Z, STM32G474CCT6, STM32G491RET3Z, STM32H503CBT6, STM32H503CBU6, STM32H503EBY6TR, STM32H503KBU6, STM32H503RBT6, STM32H523CCT6, STM32H523CCU6, STM32H523CET6, STM32H523CEU6, STM32H523HEY6TR, STM32H523RCT6, STM32H523RET6, STM32H523VCI6, STM32H523VCT6, STM32H523VEI6, STM32H523VET6, STM32H523ZCJ6, STM32H523ZCT6, STM32H523ZEJ6, STM32H523ZET6, STM32H533CET6, STM32H533CEU6, STM32H533HEY6TR, STM32H533RET6, STM32H533VEI6, STM32H533VET6, STM32H533ZEJ6, STM32H533ZET6, STM32H562AGI6, STM32H562AII6, STM32H562IGK6, STM32H562IGT6, STM32H562IIK6, STM32H562IIT6, STM32H562RGT6, STM32H562RGV6, STM32H562RIT6, STM32H562RIV6, STM32H562VGT6, STM32H562VIT6, STM32H562ZGT6, STM32H562ZIT6, STM32H563AGI6, STM32H563AII3Q, STM32H563AII6, STM32H563IGK6, STM32H563IGT6, STM32H563IIK3Q, STM32H563IIK6, STM32H563IIT3Q, STM32H563IIT6, STM32H563MIY3QTR, STM32H563RGT6, STM32H563RGV6, STM32H563RIT6, STM32H563RIV6, STM32H563VGT6, STM32H563VIT3Q, STM32H563VIT6, STM32H563ZGT6, STM32H563ZIT3Q, STM32H563ZIT6, STM32H573AII3Q, STM32H573AII6, STM32H573I-DK, STM32H573IIK3Q, STM32H573IIK6, STM32H573IIT3Q, STM32H573IIT6, STM32H573MIY3QTR, STM32H573RIT6, STM32H573RIV6, STM32H573VIT3Q, STM32H573VIT6, STM32H573ZIT3Q, STM32H573ZIT6, STM32H7R3A8I6, STM32H7R3I8K6, STM32H7R3I8T6, STM32H7R3L8H6, STM32H7R3L8H6H, STM32H7R3R8V6, STM32H7R3V8H6, STM32H7R3V8T6, STM32H7R3V8Y6TR, STM32H7R3Z8J6, STM32H7R3Z8T6, STM32H7R7A8I6, STM32H7R7I8K6, STM32H7R7I8T6, STM32H7R7L8H6, STM32H7R7L8H6H, STM32H7R7Z8J6, STM32H7S3A8I6, STM32H7S3I8K6, STM32H7S3I8T6, STM32H7S3L8H6, STM32H7S3L8H6H, STM32H7S3R8V6, STM32H7S3V8H6, STM32H7S3V8T6, STM32H7S3V8Y6TR, STM32H7S3Z8J6, STM32H7S3Z8T6, STM32H7S78-DK, STM32H7S7A8I6, STM32H7S7I8K6, STM32H7S7I8T6, STM32H7S7L8H6, STM32H7S7L8H6H, STM32H7S7Z8J6, STM32L4R5QGI6STR, STM32MP131AAE3, STM32MP131AAF3, STM32MP131AAG3, STM32MP131CAE3, STM32MP131CAF3, STM32MP131CAG3, STM32MP131DAE7, STM32MP131DAF7, STM32MP131DAG7, STM32MP131FAE7, STM32MP131FAF7, STM32MP131FAG7, STM32MP133AAE3, STM32MP133AAF3, STM32MP133AAG3, STM32MP133CAE3, STM32MP133CAF3, STM32MP133CAG3, STM32MP133DAE7, STM32MP133DAF7, STM32MP133DAG7, STM32MP133FAE7, STM32MP133FAF7, STM32MP133FAG7, STM32MP135AAE3, STM32MP135AAF3, STM32MP135AAG3, STM32MP135CAE3, STM32MP135CAF3, STM32MP135CAG3, STM32MP135DAE7, STM32MP135DAF7, STM32MP135DAG7, STM32MP135F-DK, STM32MP135FAE7, STM32MP135FAF7, STM32MP135FAF7T, STM32MP135FAF7U, STM32MP135FAG7, STM32MP251AAI3, STM32MP251AAK3, STM32MP251AAL3, STM32MP251CAI3, STM32MP251CAK3, STM32MP251CAL3, STM32MP251DAI3, STM32MP251DAK3, STM32MP251DAL3, STM32MP251FAI3, STM32MP251FAK3, STM32MP251FAL3, STM32MP253AAI3, STM32MP253AAK3, STM32MP253AAL3, STM32MP253CAI3, STM32MP253CAK3, STM32MP253CAL3, STM32MP253DAI3, STM32MP253DAK3, STM32MP253DAL3, STM32MP253FAI3, STM32MP253FAK3, STM32MP253FAL3, STM32MP255AAI3, STM32MP255AAK3, STM32MP255AAL3, STM32MP255CAI3, STM32MP255CAK3, STM32MP255CAL3, STM32MP255DAI3, STM32MP255DAK3, STM32MP255DAL3, STM32MP255FAI3, STM32MP255FAK3, STM32MP255FAL3, STM32MP257AAI3, STM32MP257AAK3, STM32MP257AAL3, STM32MP257CAI3, STM32MP257CAK3, STM32MP257CAL3, STM32MP257DAI3, STM32MP257DAK3, STM32MP257DAL3, STM32MP257F-DK, STM32MP257F-EV1, STM32MP257FAI3, STM32MP257FAK3, STM32MP257FAL3, STM32U031C6T6, STM32U031C6U6, STM32U031C8T6, STM32U031C8U6, STM32U031F4P6, STM32U031F6P6, STM32U031F8P6, STM32U031G6Y6TR, STM32U031G8Y6TR, STM32U031K4U6, STM32U031K6U6, STM32U031K8U6, STM32U031R6I6, STM32U031R6T6, STM32U031R8I6, STM32U031R8T6, STM32U073C8T6, STM32U073C8U6, STM32U073CBT6, STM32U073CBU6, STM32U073CCT6, STM32U073CCU6, STM32U073H8Y6TR, STM32U073HBY6TR, STM32U073HCY6TR, STM32U073K8U6, STM32U073KBU6, STM32U073KCU6, STM32U073M8I6, STM32U073M8T6, STM32U073MBI6, STM32U073MBT6, STM32U073MCI6, STM32U073MCT6, STM32U073R8I6, STM32U073R8T6, STM32U073RBI6, STM32U073RBT6, STM32U073RCI6, STM32U073RCT6, STM32U083C-DK, STM32U083CCT6, STM32U083CCU6, STM32U083HCY6TR, STM32U083KCU6, STM32U083MCI6, STM32U083MCT6, STM32U083RCI6, STM32U083RCT6, STM32U535CBT6, STM32U535CBT6Q, STM32U535CBU6, STM32U535CBU6Q, STM32U535CCT6, STM32U535CCT6Q, STM32U535CCU6, STM32U535CCU6Q, STM32U535CET6, STM32U535CET6Q, STM32U535CEU6, STM32U535CEU6Q, STM32U535JEY6QTR, STM32U535NCY6QTR, STM32U535NEY6QTR, STM32U535RBI6, STM32U535RBI6Q, STM32U535RBT6, STM32U535RBT6Q, STM32U535RCI6, STM32U535RCI6Q, STM32U535RCT6, STM32U535RCT6Q, STM32U535REI6, STM32U535REI6Q, STM32U535RET6, STM32U535RET6Q, STM32U535VCI6, STM32U535VCI6Q, STM32U535VCT6, STM32U535VCT6Q, STM32U535VEI6, STM32U535VEI6Q, STM32U535VET6, STM32U535VET6Q, STM32U545CET6, STM32U545CET6Q, STM32U545CEU6, STM32U545CEU6Q, STM32U545JEY6QTR, STM32U545NEY6QTR, STM32U545REI6, STM32U545REI6Q, STM32U545RET6, STM32U545RET6Q, STM32U545VEI6, STM32U545VEI6Q, STM32U545VET6, STM32U545VET6Q, STM32U595AIH6, STM32U595AIH6Q, STM32U595AJH6, STM32U595AJH6Q, STM32U595QII6, STM32U595QII6Q, STM32U595QJI6, STM32U595QJI6Q, STM32U595RIT6, STM32U595RIT6Q, STM32U595RJT6, STM32U595RJT6Q, STM32U595VIT6, STM32U595VIT6Q, STM32U595VJT6, STM32U595VJT6Q, STM32U595ZIT6, STM32U595ZIT6Q, STM32U595ZIY6QTR, STM32U595ZJT6, STM32U595ZJT6Q, STM32U595ZJY6QTR, STM32U599BJY6QTR, STM32U599NIH6Q, STM32U599NJH6Q, STM32U599VIT6Q, STM32U599VJT6, STM32U599VJT6Q, STM32U599ZIT6Q, STM32U599ZIY6QTR, STM32U599ZJT6Q, STM32U599ZJY6QTR, STM32U5A5AJH6, STM32U5A5AJH6Q, STM32U5A5QII3Q , STM32U5A5QJI6, STM32U5A5QJI6Q, STM32U5A5RJT6, STM32U5A5RJT6Q, STM32U5A5VJT6, STM32U5A5VJT6Q, STM32U5A5ZJT6, STM32U5A5ZJT6Q, STM32U5A5ZJY6QTR, STM32U5A9BJY6QTR, STM32U5A9J-DK, STM32U5A9NJH6Q, STM32U5A9VJT6Q, STM32U5A9ZJT6Q, STM32U5A9ZJY6QTR, STM32U5F7VIT6, STM32U5F7VIT6Q, STM32U5F7VJT6, STM32U5F7VJT6Q, STM32U5F9BJY6QTR, STM32U5F9NJH6Q, STM32U5F9VIT6Q, STM32U5F9VJT6Q, STM32U5F9ZIJ6QTR, STM32U5F9ZIT6Q, STM32U5F9ZJJ6QTR, STM32U5F9ZJT6Q, STM32U5G7VJT6, STM32U5G7VJT6Q, STM32U5G9BJY6QTR, STM32U5G9J-DK1, STM32U5G9J-DK2, STM32U5G9NJH6Q, STM32U5G9VJT6Q, STM32U5G9ZJJ6QTR, STM32U5G9ZJT6Q, STM32WB05KZV6TR, STM32WB05KZV7TR, STM32WB05TZF6TR, STM32WB05TZF7TR, STM32WB06CCF6TR, STM32WB06CCF7TR, STM32WB06CCV6TR, STM32WB06CCV7TR, STM32WB06KCV6TR, STM32WB06KCV7TR, STM32WB07CCF6TR, STM32WB07CCF7TR, STM32WB07CCV6TR, STM32WB07CCV7TR, STM32WB07KCV6TR, STM32WB07KCV7TR, STM32WB09KEV6TR, STM32WB09KEV7TR, STM32WB09TEF6TR, STM32WB09TEF7TR, STM32WB1MMCH6, STM32WBA50KGU6, STM32WBA50KGU6TR, STM32WBA52CEU6, STM32WBA52CEU6TR, STM32WBA52CEU7, STM32WBA52CEU7TR, STM32WBA52CGU6, STM32WBA52CGU6TR, STM32WBA52CGU6U, STM32WBA52CGU7, STM32WBA52CGU7TR, STM32WBA52KEU6, STM32WBA52KEU6TR, STM32WBA52KGU6, STM32WBA52KGU6TR, STM32WBA54CEU6, STM32WBA54CEU6TR, STM32WBA54CEU7, STM32WBA54CEU7TR, STM32WBA54CGU6, STM32WBA54CGU6TR, STM32WBA54CGU7, STM32WBA54CGU7TR, STM32WBA54KEU6, STM32WBA54KEU6TR, STM32WBA54KEU7, STM32WBA54KEU7TR, STM32WBA54KGU6, STM32WBA54KGU6TR, STM32WBA54KGU7, STM32WBA54KGU7TR, STM32WBA55CEU6, STM32WBA55CEU6TR, STM32WBA55CEU7, STM32WBA55CEU7TR, STM32WBA55CGU6, STM32WBA55CGU6TR, STM32WBA55CGU6U, STM32WBA55CGU7, STM32WBA55CGU7TR, STM32WBA55G-DK1, STM32WBA55HEF6, STM32WBA55HEF7, STM32WBA55HGF6, STM32WBA55HGF7, STM32WBA55UEI6, STM32WBA55UEI6TR, STM32WBA55UEI7, STM32WBA55UEI7TR, STM32WBA55UGI6, STM32WBA55UGI6TR, STM32WBA55UGI7, STM32WBA55UGI7TR, STM32WL5MOCH6, STM32WL5MOCH6TR]
2024-08-17 14:14:19,026 [INFO] BoardInfo:889 - No configuration file found for board P-NUCLEO-WB55
2024-08-17 14:14:19,035 [INFO] DbBoards:161 - Kit is not supported: P-NUCLEO-WB55
2024-08-17 14:14:19,040 [INFO] BoardInfo:889 - No configuration file found for board STEVAL-BFA001V1B
2024-08-17 14:14:19,040 [INFO] DbBoards:161 - Kit is not supported: STEVAL-BFA001V1B
2024-08-17 14:14:19,041 [INFO] BoardInfo:889 - No configuration file found for board STEVAL-BFA001V2B
2024-08-17 14:14:19,041 [INFO] DbBoards:161 - Kit is not supported: STEVAL-BFA001V2B
2024-08-17 14:14:19,175 [INFO] DbBoards:168 - Found 201 boards, 198 are supported
2024-08-17 14:14:19,182 [INFO] DbBoards:169 - Found 201 boards, 25 of them is supported for  Bsp
2024-08-17 14:14:19,195 [INFO] ApiDb:668 - CubeFinder database Data Model version=2.1
2024-08-17 14:14:19,195 [INFO] ApiDb:669 - CubeFinder database Configuration version=3.0.39
2024-08-17 14:14:19,197 [INFO] ApiDb:670 - CubeFinder database generation date=2024-06-20 (1718880634)
2024-08-17 14:14:19,199 [INFO] ApiDb:671 - CubeFinder database FW Pack versions=[FP-ATR-ASTRA1_V2.0.0, FP-SNS-FLIGHT1_V5.0.2, FP-SNS-MOTENV1_V5.0.0, FP-SNS-MOTENVWB1_V1.4.0, FP-SNS-SMARTAG2_V1.2.0, STM32Cube_FW_C0_V1.2.0, STM32Cube_FW_F4_V1.28.0, STM32Cube_FW_F7_V1.17.2, STM32Cube_FW_G0_V1.6.2, STM32Cube_FW_G4_V1.6.0, STM32Cube_FW_H5_V1.3.0, STM32Cube_FW_H7RS_V1.1.0, STM32Cube_FW_H7_V1.11.2, STM32Cube_FW_L0_V1.12.2, STM32Cube_FW_L5_V1.5.1, STM32Cube_FW_U0_V1.1.0, STM32Cube_FW_U5_V1.6.0, STM32Cube_FW_WB0_V1.0.0, STM32Cube_FW_WBA_V1.4.0, STM32Cube_FW_WB_V1.20.0, STM32Cube_FW_WL_V1.3.0, X-CUBE-ALGOBUILD_V1.4.0, X-CUBE-ALS_V1.0.2, X-CUBE-AZRTOS-F4_V1.1.0, X-CUBE-AZRTOS-F7_V1.1.0, X-CUBE-AZRTOS-G0_V1.1.0, X-CUBE-AZRTOS-G4_V2.0.0, X-CUBE-AZRTOS-H7RS_V1.0.0, X-CUBE-AZRTOS-H7_V3.2.0, X-CUBE-AZRTOS-L4_V2.0.0, X-CUBE-AZRTOS-L5_V1.1.0, X-CUBE-AZRTOS-WB_V2.0.0, X-CUBE-AZRTOS-WL_V2.0.0, X-CUBE-BLE1_V7.0.0, X-CUBE-BLE2_V3.3.0, X-CUBE-BLEMGR_V3.1.0, X-CUBE-EEPRMA1_V5.1.0, X-CUBE-FREERTOS_V1.2.0, X-CUBE-GNSS1_V6.0.0, X-CUBE-MEMS1_V10.0.0, X-CUBE-NFC4_V3.0.0, X-CUBE-NFC7_V1.0.1, X-CUBE-SFXS2LP1_V4.0.0, X-CUBE-SUBG2_V5.0.0, X-CUBE-TOF1_V3.4.1]
2024-08-17 14:14:20,397 [INFO] ApiDb:240 - Found 646 in-development CPN: [B-G473E-ZEST1S, B-WB1M-WPAN1, B-WL5M-SUBG1, NUCLEO-C031C6, NUCLEO-C071RB, NUCLEO-H503RB, NUCLEO-H533RE, NUCLEO-H563ZI, NUCLEO-H7S3L8, NUCLEO-U031R8, NUCLEO-U083RC, NUCLEO-U545RE-Q, NUCLEO-U5A5ZJ-Q, NUCLEO-WB05KZ, NUCLEO-WB07CC, NUCLEO-WB09KE, NUCLEO-WBA52CG, NUCLEO-WBA55CG, STEVAL-PROTEUS1, STEVAL-SMARTAG2, STEVAL-STWINBX1, STM320518-EVAL, STM32C0116-DK, STM32C011D6Y3TR, STM32C011D6Y6TR, STM32C011F4P3, STM32C011F4P6, STM32C011F4U3, STM32C011F4U6TR, STM32C011F6P3, STM32C011F6P6, STM32C011F6U3, STM32C011F6U6TR, STM32C011J4M3, STM32C011J4M6, STM32C011J6M3, STM32C011J6M6, STM32C0316-DK, STM32C031C4T3, STM32C031C4T6, STM32C031C4U3, STM32C031C4U6, STM32C031C6T3, STM32C031C6T6, STM32C031C6U3, STM32C031C6U6, STM32C031F4P3, STM32C031F4P6, STM32C031F6P3, STM32C031F6P6, STM32C031G4U3, STM32C031G4U6, STM32C031G6U3, STM32C031G6U6, STM32C031K4T3, STM32C031K4T6, STM32C031K4U3, STM32C031K4U6, STM32C031K6T3, STM32C031K6T6, STM32C031K6U3, STM32C031K6U6, STM32C071C8T6, STM32C071C8T6N, STM32C071C8U6, STM32C071C8U6N, STM32C071CBT6, STM32C071CBT6N, STM32C071CBU6, STM32C071CBU6N, STM32C071F8P6, STM32C071F8P6N, STM32C071FBP6, STM32C071FBP6N, STM32C071FBY6TR, STM32C071G8U6, STM32C071G8U6N, STM32C071GBU6, STM32C071GBU6N, STM32C071K8T6, STM32C071K8T6N, STM32C071K8U6, STM32C071K8U6N, STM32C071KBT6, STM32C071KBT6N, STM32C071KBU6, STM32C071KBU6N, STM32C071R8T6, STM32C071R8T6N, STM32C071RBI6N, STM32C071RBT6, STM32C071RBT6N, STM32G071K8TXN, STM32G071K8UXN, STM32G081GBU6N, STM32G081KBT6N, STM32G081KBUXN, STM32G0B1CCT6N, STM32G0B1KCT6, STM32G0B1NEY6TR, STM32G0B1RCT6N, STM32G0C1CCT6, STM32G0C1CCT6N, STM32G0C1CCU6N, STM32G0C1CET6N, STM32G0C1CEU6N, STM32G0C1KCT6, STM32G0C1NEY6TR, STM32G0C1RCI6N, STM32G0C1RCT6N, STM32G0C1REI6N, STM32G0C1RET6N, STM32G0C1VCI6, STM32G0C1VEI6, STM32G411C6T3, STM32G411C6T6, STM32G411C6U3, STM32G411C6U6, STM32G411C8T3, STM32G411C8T6, STM32G411C8U3, STM32G411C8U6, STM32G411CBT3, STM32G411CBT6, STM32G411CBU3, STM32G411CBU6, STM32G411K6T3, STM32G411K6T6, STM32G411K6U3, STM32G411K6U6, STM32G411K8T3, STM32G411K8T6, STM32G411K8U3, STM32G411K8U6, STM32G411KBT3, STM32G411KBT6, STM32G411KBU3, STM32G411KBU6, STM32G411M6T3, STM32G411M6T6, STM32G411M8T3, STM32G411M8T6, STM32G411MBT3, STM32G411MBT6, STM32G411R6T3, STM32G411R6T6, STM32G411R8T3, STM32G411R8T6, STM32G411RBT3, STM32G411RBT6, STM32G414CBT3, STM32G414CBT6, STM32G414CBU3, STM32G414CBU6, STM32G414CCT3, STM32G414CCT6, STM32G414CCU3, STM32G414CCU6, STM32G414MBT3, STM32G414MBT6, STM32G414MCT3, STM32G414MCT6, STM32G414RBT3, STM32G414RBT6, STM32G414RCT3, STM32G414RCT6, STM32G414VBT3, STM32G414VBT6, STM32G414VCT3, STM32G414VCT6, STM32G431CBT3Z, STM32G431RBT3Z, STM32G471CCT6, STM32G471CCU6, STM32G471CET3, STM32G471CET6, STM32G471CEU3, STM32G471CEU6, STM32G471MCT6, STM32G471MET3, STM32G471MET6, STM32G471MEY6TR, STM32G471QCT6, STM32G471QET3, STM32G471RCT6, STM32G471RET3, STM32G471RET6, STM32G471VCH6, STM32G471VCI6, STM32G471VCT6, STM32G471VEH3, STM32G471VEH6, STM32G471VEI3, STM32G471VEI6, STM32G471VET3, STM32G471VET6, STM32G473QET3Z, STM32G473RET3Z, STM32G474CCT6, STM32G491RET3Z, STM32H503CBT6, STM32H503CBU6, STM32H503EBY6TR, STM32H503KBU6, STM32H503RBT6, STM32H523CCT6, STM32H523CCU6, STM32H523CET6, STM32H523CEU6, STM32H523HEY6TR, STM32H523RCT6, STM32H523RET6, STM32H523VCI6, STM32H523VCT6, STM32H523VEI6, STM32H523VET6, STM32H523ZCJ6, STM32H523ZCT6, STM32H523ZEJ6, STM32H523ZET6, STM32H533CET6, STM32H533CEU6, STM32H533HEY6TR, STM32H533RET6, STM32H533VEI6, STM32H533VET6, STM32H533ZEJ6, STM32H533ZET6, STM32H562AGI6, STM32H562AII6, STM32H562IGK6, STM32H562IGT6, STM32H562IIK6, STM32H562IIT6, STM32H562RGT6, STM32H562RGV6, STM32H562RIT6, STM32H562RIV6, STM32H562VGT6, STM32H562VIT6, STM32H562ZGT6, STM32H562ZIT6, STM32H563AGI6, STM32H563AII3Q, STM32H563AII6, STM32H563IGK6, STM32H563IGT6, STM32H563IIK3Q, STM32H563IIK6, STM32H563IIT3Q, STM32H563IIT6, STM32H563MIY3QTR, STM32H563RGT6, STM32H563RGV6, STM32H563RIT6, STM32H563RIV6, STM32H563VGT6, STM32H563VIT3Q, STM32H563VIT6, STM32H563ZGT6, STM32H563ZIT3Q, STM32H563ZIT6, STM32H573AII3Q, STM32H573AII6, STM32H573I-DK, STM32H573IIK3Q, STM32H573IIK6, STM32H573IIT3Q, STM32H573IIT6, STM32H573MIY3QTR, STM32H573RIT6, STM32H573RIV6, STM32H573VIT3Q, STM32H573VIT6, STM32H573ZIT3Q, STM32H573ZIT6, STM32H7R3A8I6, STM32H7R3I8K6, STM32H7R3I8T6, STM32H7R3L8H6, STM32H7R3L8H6H, STM32H7R3R8V6, STM32H7R3V8H6, STM32H7R3V8T6, STM32H7R3V8Y6TR, STM32H7R3Z8J6, STM32H7R3Z8T6, STM32H7R7A8I6, STM32H7R7I8K6, STM32H7R7I8T6, STM32H7R7L8H6, STM32H7R7L8H6H, STM32H7R7Z8J6, STM32H7S3A8I6, STM32H7S3I8K6, STM32H7S3I8T6, STM32H7S3L8H6, STM32H7S3L8H6H, STM32H7S3R8V6, STM32H7S3V8H6, STM32H7S3V8T6, STM32H7S3V8Y6TR, STM32H7S3Z8J6, STM32H7S3Z8T6, STM32H7S78-DK, STM32H7S7A8I6, STM32H7S7I8K6, STM32H7S7I8T6, STM32H7S7L8H6, STM32H7S7L8H6H, STM32H7S7Z8J6, STM32L4R5QGI6STR, STM32MP131AAE3, STM32MP131AAF3, STM32MP131AAG3, STM32MP131CAE3, STM32MP131CAF3, STM32MP131CAG3, STM32MP131DAE7, STM32MP131DAF7, STM32MP131DAG7, STM32MP131FAE7, STM32MP131FAF7, STM32MP131FAG7, STM32MP133AAE3, STM32MP133AAF3, STM32MP133AAG3, STM32MP133CAE3, STM32MP133CAF3, STM32MP133CAG3, STM32MP133DAE7, STM32MP133DAF7, STM32MP133DAG7, STM32MP133FAE7, STM32MP133FAF7, STM32MP133FAG7, STM32MP135AAE3, STM32MP135AAF3, STM32MP135AAG3, STM32MP135CAE3, STM32MP135CAF3, STM32MP135CAG3, STM32MP135DAE7, STM32MP135DAF7, STM32MP135DAG7, STM32MP135F-DK, STM32MP135FAE7, STM32MP135FAF7, STM32MP135FAF7T, STM32MP135FAF7U, STM32MP135FAG7, STM32MP251AAI3, STM32MP251AAK3, STM32MP251AAL3, STM32MP251CAI3, STM32MP251CAK3, STM32MP251CAL3, STM32MP251DAI3, STM32MP251DAK3, STM32MP251DAL3, STM32MP251FAI3, STM32MP251FAK3, STM32MP251FAL3, STM32MP253AAI3, STM32MP253AAK3, STM32MP253AAL3, STM32MP253CAI3, STM32MP253CAK3, STM32MP253CAL3, STM32MP253DAI3, STM32MP253DAK3, STM32MP253DAL3, STM32MP253FAI3, STM32MP253FAK3, STM32MP253FAL3, STM32MP255AAI3, STM32MP255AAK3, STM32MP255AAL3, STM32MP255CAI3, STM32MP255CAK3, STM32MP255CAL3, STM32MP255DAI3, STM32MP255DAK3, STM32MP255DAL3, STM32MP255FAI3, STM32MP255FAK3, STM32MP255FAL3, STM32MP257AAI3, STM32MP257AAK3, STM32MP257AAL3, STM32MP257CAI3, STM32MP257CAK3, STM32MP257CAL3, STM32MP257DAI3, STM32MP257DAK3, STM32MP257DAL3, STM32MP257F-DK, STM32MP257F-EV1, STM32MP257FAI3, STM32MP257FAK3, STM32MP257FAL3, STM32U031C6T6, STM32U031C6U6, STM32U031C8T6, STM32U031C8U6, STM32U031F4P6, STM32U031F6P6, STM32U031F8P6, STM32U031G6Y6TR, STM32U031G8Y6TR, STM32U031K4U6, STM32U031K6U6, STM32U031K8U6, STM32U031R6I6, STM32U031R6T6, STM32U031R8I6, STM32U031R8T6, STM32U073C8T6, STM32U073C8U6, STM32U073CBT6, STM32U073CBU6, STM32U073CCT6, STM32U073CCU6, STM32U073H8Y6TR, STM32U073HBY6TR, STM32U073HCY6TR, STM32U073K8U6, STM32U073KBU6, STM32U073KCU6, STM32U073M8I6, STM32U073M8T6, STM32U073MBI6, STM32U073MBT6, STM32U073MCI6, STM32U073MCT6, STM32U073R8I6, STM32U073R8T6, STM32U073RBI6, STM32U073RBT6, STM32U073RCI6, STM32U073RCT6, STM32U083C-DK, STM32U083CCT6, STM32U083CCU6, STM32U083HCY6TR, STM32U083KCU6, STM32U083MCI6, STM32U083MCT6, STM32U083RCI6, STM32U083RCT6, STM32U535CBT6, STM32U535CBT6Q, STM32U535CBU6, STM32U535CBU6Q, STM32U535CCT6, STM32U535CCT6Q, STM32U535CCU6, STM32U535CCU6Q, STM32U535CET6, STM32U535CET6Q, STM32U535CEU6, STM32U535CEU6Q, STM32U535JEY6QTR, STM32U535NCY6QTR, STM32U535NEY6QTR, STM32U535RBI6, STM32U535RBI6Q, STM32U535RBT6, STM32U535RBT6Q, STM32U535RCI6, STM32U535RCI6Q, STM32U535RCT6, STM32U535RCT6Q, STM32U535REI6, STM32U535REI6Q, STM32U535RET6, STM32U535RET6Q, STM32U535VCI6, STM32U535VCI6Q, STM32U535VCT6, STM32U535VCT6Q, STM32U535VEI6, STM32U535VEI6Q, STM32U535VET6, STM32U535VET6Q, STM32U545CET6, STM32U545CET6Q, STM32U545CEU6, STM32U545CEU6Q, STM32U545JEY6QTR, STM32U545NEY6QTR, STM32U545REI6, STM32U545REI6Q, STM32U545RET6, STM32U545RET6Q, STM32U545VEI6, STM32U545VEI6Q, STM32U545VET6, STM32U545VET6Q, STM32U595AIH6, STM32U595AIH6Q, STM32U595AJH6, STM32U595AJH6Q, STM32U595QII6, STM32U595QII6Q, STM32U595QJI6, STM32U595QJI6Q, STM32U595RIT6, STM32U595RIT6Q, STM32U595RJT6, STM32U595RJT6Q, STM32U595VIT6, STM32U595VIT6Q, STM32U595VJT6, STM32U595VJT6Q, STM32U595ZIT6, STM32U595ZIT6Q, STM32U595ZIY6QTR, STM32U595ZJT6, STM32U595ZJT6Q, STM32U595ZJY6QTR, STM32U599BJY6QTR, STM32U599NIH6Q, STM32U599NJH6Q, STM32U599VIT6Q, STM32U599VJT6, STM32U599VJT6Q, STM32U599ZIT6Q, STM32U599ZIY6QTR, STM32U599ZJT6Q, STM32U599ZJY6QTR, STM32U5A5AJH6, STM32U5A5AJH6Q, STM32U5A5QII3Q , STM32U5A5QJI6, STM32U5A5QJI6Q, STM32U5A5RJT6, STM32U5A5RJT6Q, STM32U5A5VJT6, STM32U5A5VJT6Q, STM32U5A5ZJT6, STM32U5A5ZJT6Q, STM32U5A5ZJY6QTR, STM32U5A9BJY6QTR, STM32U5A9J-DK, STM32U5A9NJH6Q, STM32U5A9VJT6Q, STM32U5A9ZJT6Q, STM32U5A9ZJY6QTR, STM32U5F7VIT6, STM32U5F7VIT6Q, STM32U5F7VJT6, STM32U5F7VJT6Q, STM32U5F9BJY6QTR, STM32U5F9NJH6Q, STM32U5F9VIT6Q, STM32U5F9VJT6Q, STM32U5F9ZIJ6QTR, STM32U5F9ZIT6Q, STM32U5F9ZJJ6QTR, STM32U5F9ZJT6Q, STM32U5G7VJT6, STM32U5G7VJT6Q, STM32U5G9BJY6QTR, STM32U5G9J-DK1, STM32U5G9J-DK2, STM32U5G9NJH6Q, STM32U5G9VJT6Q, STM32U5G9ZJJ6QTR, STM32U5G9ZJT6Q, STM32WB05KZV6TR, STM32WB05KZV7TR, STM32WB05TZF6TR, STM32WB05TZF7TR, STM32WB06CCF6TR, STM32WB06CCF7TR, STM32WB06CCV6TR, STM32WB06CCV7TR, STM32WB06KCV6TR, STM32WB06KCV7TR, STM32WB07CCF6TR, STM32WB07CCF7TR, STM32WB07CCV6TR, STM32WB07CCV7TR, STM32WB07KCV6TR, STM32WB07KCV7TR, STM32WB09KEV6TR, STM32WB09KEV7TR, STM32WB09TEF6TR, STM32WB09TEF7TR, STM32WB1MMCH6, STM32WBA50KGU6, STM32WBA50KGU6TR, STM32WBA52CEU6, STM32WBA52CEU6TR, STM32WBA52CEU7, STM32WBA52CEU7TR, STM32WBA52CGU6, STM32WBA52CGU6TR, STM32WBA52CGU6U, STM32WBA52CGU7, STM32WBA52CGU7TR, STM32WBA52KEU6, STM32WBA52KEU6TR, STM32WBA52KGU6, STM32WBA52KGU6TR, STM32WBA54CEU6, STM32WBA54CEU6TR, STM32WBA54CEU7, STM32WBA54CEU7TR, STM32WBA54CGU6, STM32WBA54CGU6TR, STM32WBA54CGU7, STM32WBA54CGU7TR, STM32WBA54KEU6, STM32WBA54KEU6TR, STM32WBA54KEU7, STM32WBA54KEU7TR, STM32WBA54KGU6, STM32WBA54KGU6TR, STM32WBA54KGU7, STM32WBA54KGU7TR, STM32WBA55CEU6, STM32WBA55CEU6TR, STM32WBA55CEU7, STM32WBA55CEU7TR, STM32WBA55CGU6, STM32WBA55CGU6TR, STM32WBA55CGU6U, STM32WBA55CGU7, STM32WBA55CGU7TR, STM32WBA55G-DK1, STM32WBA55HEF6, STM32WBA55HEF7, STM32WBA55HGF6, STM32WBA55HGF7, STM32WBA55UEI6, STM32WBA55UEI6TR, STM32WBA55UEI7, STM32WBA55UEI7TR, STM32WBA55UGI6, STM32WBA55UGI6TR, STM32WBA55UGI7, STM32WBA55UGI7TR, STM32WL5MOCH6, STM32WL5MOCH6TR]
2024-08-17 14:14:20,405 [INFO] DbMcus:218 - Found 4251 MCUs, 4251 are supported
2024-08-17 14:14:20,406 [INFO] ApiDb:423 - Load user favorites file /Users/kitton/.stm32cubeide/favorites.mcus.txt: 0 item(s)
2024-08-17 14:14:20,407 [INFO] ApiDb:427 - User favorites MCUs=[]
2024-08-17 14:14:20,407 [INFO] DbMcus:224 - Set 0 / 0 favorites MCUs
2024-08-17 14:14:20,609 [INFO] ApiDb:414 - User favorites file not found: /Users/kitton/.stm32cubeide/favorites.boards.txt
2024-08-17 14:14:20,612 [INFO] DbBoards:198 - Set 0 / 0 favorites Boards
2024-08-17 14:14:20,613 [INFO] McuFinderGlobals:76 - Set McuFinderConnectedMode to true
2024-08-17 14:14:20,636 [INFO] MultiScanPanel:200 - Auto-refresh data requested => check proxy status ongoing
2024-08-17 14:14:20,640 [INFO] FinderPluginLoader:95 - Searching for filters in installed packs
2024-08-17 14:14:21,968 [INFO] LoadUrlFilesThread:185 - End of LoadServerUrlFiles without Thread
2024-08-17 14:14:21,990 [INFO] DetailPanel:341 - Set advertising image to /Users/kitton/STM32Cube/Repository//en.prom-stm32h7rs-mcu-finder.jpg
2024-08-17 14:14:57,145 [INFO] McuFinderGlobals:76 - Set McuFinderConnectedMode to true
2024-08-17 14:14:57,548 [INFO] ApiDb:448 - Save user favorites file /Users/kitton/.stm32cubeide/favorites.mcus.txt: 0 item(s)
2024-08-17 14:14:57,548 [INFO] ApiDb:452 - User favorites MCUs=[]
2024-08-17 14:15:05,147 [INFO] MainUpdater:2873 - connection check result : 10
2024-08-17 14:15:05,397 [INFO] McuFinderGlobals:76 - Set McuFinderConnectedMode to true
2024-08-17 14:15:05,401 [INFO] MultiScanPanel:200 - Auto-refresh data requested => check proxy status ongoing
2024-08-17 14:15:05,402 [INFO] FinderPluginLoader:95 - Searching for filters in installed packs
2024-08-17 14:15:05,951 [INFO] LoadUrlFilesThread:185 - End of LoadServerUrlFiles without Thread
2024-08-17 14:15:05,952 [INFO] DetailPanel:341 - Set advertising image to /Users/kitton/STM32Cube/Repository//en.prom-stm32h7rs-mcu-finder.jpg
2024-08-17 14:15:34,729 [INFO] McuResultTable:1403 - Mark MCU STM32F767ZIT6 as favorite
2024-08-17 14:15:50,303 [INFO] MainUpdater:2873 - connection check result : 10
2024-08-17 14:15:50,305 [INFO] MainUpdater:2873 - connection check result : 10
2024-08-17 14:16:03,667 [INFO] RulesReader:64 - Compatibility file has been processed (297 Rules)
2024-08-17 14:16:03,679 [INFO] RulesReader:64 - Compatibility file has been processed (297 Rules)
2024-08-17 14:16:03,682 [INFO] MicroXplorer:468 - Change Database Path : 
2024-08-17 14:16:03,682 [INFO] MicroXplorer:498 - Change Database Version : DB.6.0.120
2024-08-17 14:16:03,685 [WARN] ThirdParty:871 - waiting for thirdparty lock release [close project]
2024-08-17 14:16:03,685 [INFO] ThirdParty:873 - entering critical section [close project]
2024-08-17 14:16:03,688 [INFO] ThirdParty:883 - exiting critical section [close project]
2024-08-17 14:16:03,690 [INFO] PinOutPanel:1561 - setPackage(No Configuration,No Configuration)
2024-08-17 14:16:03,696 [INFO] UtilMem:75 - Begin LoadConfig() Used Memory: 810537688 Bytes (1073741824)
2024-08-17 14:16:03,697 [INFO] MicroXplorer:468 - Change Database Path : 
2024-08-17 14:16:03,697 [INFO] MicroXplorer:498 - Change Database Version : DB.6.0.120
2024-08-17 14:16:03,697 [INFO] OpenFileManager:332 - Change cursor
2024-08-17 14:16:03,738 [INFO] Mcu:2032 - Initializing MCU STM32F767ZITx STM32F767ZITx STM32F767ZIT6
2024-08-17 14:16:05,774 [INFO] Context:742 - Trying to add GPIOservice into a context  which must be forbidden
2024-08-17 14:16:06,593 [INFO] ImportTextPane:205 - (OptionalMessage_ERROR) Unable to find key (Mcu.ThirdPartyNb) in loaded IOC file
2024-08-17 14:16:06,595 [INFO] ImportTextPane:205 - (OptionalMessage_ERROR) Unable to find key (Mcu.PinsNb) in loaded IOC file
2024-08-17 14:16:06,595 [INFO] ImportTextPane:205 - (OptionalMessage_ERROR) Unable to find key (Mcu.IPNb) in loaded IOC file
2024-08-17 14:16:06,687 [WARN] ModelIntegratedComponent:63 - No mode defined for component null
2024-08-17 14:16:06,687 [WARN] ModelIntegratedComponent:63 - No mode defined for component null
2024-08-17 14:16:06,687 [WARN] ModelIntegratedComponent:63 - No mode defined for component null
2024-08-17 14:16:06,687 [WARN] ModelIntegratedComponent:63 - No mode defined for component null
2024-08-17 14:16:06,687 [WARN] ModelIntegratedComponent:63 - No mode defined for component null
2024-08-17 14:16:06,687 [WARN] ModelIntegratedComponent:63 - No mode defined for component null
2024-08-17 14:16:06,687 [WARN] ModelIntegratedComponent:63 - No mode defined for component null
2024-08-17 14:16:06,687 [WARN] ModelIntegratedComponent:63 - No mode defined for component null
2024-08-17 14:16:06,687 [WARN] ModelIntegratedComponent:63 - No mode defined for component null
2024-08-17 14:16:06,687 [WARN] ModelIntegratedComponent:63 - No mode defined for component null
2024-08-17 14:16:06,688 [WARN] ModelIntegratedComponent:63 - No mode defined for component null
2024-08-17 14:16:06,688 [WARN] ModelIntegratedComponent:63 - No mode defined for component null
2024-08-17 14:16:06,688 [WARN] ModelIntegratedComponent:63 - No mode defined for component null
2024-08-17 14:16:06,688 [WARN] ModelIntegratedComponent:63 - No mode defined for component null
2024-08-17 14:16:06,688 [WARN] ModelIntegratedComponent:63 - No mode defined for component null
2024-08-17 14:16:06,688 [WARN] ModelIntegratedComponent:63 - No mode defined for component null
2024-08-17 14:16:06,688 [WARN] ModelIntegratedComponent:63 - No mode defined for component null
2024-08-17 14:16:06,688 [WARN] ModelIntegratedComponent:63 - No mode defined for component null
2024-08-17 14:16:06,688 [WARN] ModelIntegratedComponent:63 - No mode defined for component null
2024-08-17 14:16:06,688 [WARN] ModelIntegratedComponent:63 - No mode defined for component null
2024-08-17 14:16:06,688 [WARN] ModelIntegratedComponent:63 - No mode defined for component null
2024-08-17 14:16:06,688 [WARN] ModelIntegratedComponent:63 - No mode defined for component null
2024-08-17 14:16:06,688 [WARN] ModelIntegratedComponent:63 - No mode defined for component null
2024-08-17 14:16:06,688 [WARN] ModelIntegratedComponent:63 - No mode defined for component null
2024-08-17 14:16:06,688 [WARN] ModelIntegratedComponent:63 - No mode defined for component null
2024-08-17 14:16:06,688 [WARN] ModelIntegratedComponent:63 - No mode defined for component null
2024-08-17 14:16:06,688 [WARN] ModelIntegratedComponent:63 - No mode defined for component null
2024-08-17 14:16:06,688 [WARN] ModelIntegratedComponent:63 - No mode defined for component null
2024-08-17 14:16:06,688 [WARN] ModelIntegratedComponent:63 - No mode defined for component null
2024-08-17 14:16:06,688 [WARN] ModelIntegratedComponent:63 - No mode defined for component null
2024-08-17 14:16:06,689 [WARN] ModelIntegratedComponent:63 - No mode defined for component null
2024-08-17 14:16:06,689 [WARN] ModelIntegratedComponent:63 - No mode defined for component null
2024-08-17 14:16:06,689 [WARN] ModelIntegratedComponent:63 - No mode defined for component null
2024-08-17 14:16:06,689 [WARN] ModelIntegratedComponent:63 - No mode defined for component null
2024-08-17 14:16:06,689 [WARN] ModelIntegratedComponent:63 - No mode defined for component null
2024-08-17 14:16:06,689 [WARN] ModelPack:524 - Component already loaded: STMicroelectronics:HAL Drivers:0.0.0:STMicroelectronics:Device:STMicro_Driver:XSPI:HAL::0.0.1:HAL_XSPI
2024-08-17 14:16:06,696 [INFO] RtosManager:555 - Registered RTOS mode: class=CMSIS, group=RTOS, mode=CMSIS_V1, owner=FREERTOS
2024-08-17 14:16:06,696 [INFO] RtosManager:555 - Registered RTOS mode: class=CMSIS, group=RTOS2, mode=CMSIS_V2, owner=FREERTOS
2024-08-17 14:16:06,696 [INFO] RtosManager:555 - Registered RTOS mode: class=RTOS, group=Core, mode=CMSIS_V1, owner=FREERTOS
2024-08-17 14:16:06,696 [INFO] RtosManager:555 - Registered RTOS mode: class=RTOS, group=Core, mode=CMSIS_V2, owner=FREERTOS
2024-08-17 14:16:06,697 [WARN] ModelIntegratedComponent:184 - Missing modes for component STMicroelectronics:FreeRTOS:0.0.1:STMicroelectronics:RTOS:FreeRTOS:Core:::10.2.0:
2024-08-17 14:16:06,710 [INFO] ThirdPartyModel:298 - Start build external matchings
2024-08-17 14:16:06,728 [INFO] ThirdPartyModel:316 - End build external matchings
2024-08-17 14:16:07,085 [INFO] UtilMem:75 - End LoadConfig() Used Memory: 628108856 Bytes (1073741824)
2024-08-17 14:16:07,128 [WARN] ThirdParty:833 - waiting for thirdparty lock release [change project]
2024-08-17 14:16:07,131 [INFO] ThirdParty:835 - entering critical section [change project]
2024-08-17 14:16:07,132 [INFO] ThirdParty:1030 - CMSIS Pack Vendor :STMicroelectronics USBPD 4.1
2024-08-17 14:16:07,132 [INFO] ThirdParty:1030 - CMSIS Pack Vendor :STMicroelectronics X-CUBE-DISPLAY 3.0.0
2024-08-17 14:16:07,132 [INFO] ThirdParty:1030 - CMSIS Pack Vendor :STMicroelectronics X-CUBE-GNSS1 6.0.0
2024-08-17 14:16:07,132 [INFO] ThirdParty:1030 - CMSIS Pack Vendor :STMicroelectronics USB_HOST 2.0.0
2024-08-17 14:16:07,132 [INFO] ThirdParty:1030 - CMSIS Pack Vendor :STMicroelectronics FP-SNS-MOTENVWB1 1.4.0
2024-08-17 14:16:07,132 [INFO] ThirdParty:1030 - CMSIS Pack Vendor :STMicroelectronics LIBJPEG 8.0.0
2024-08-17 14:16:07,132 [INFO] ThirdParty:1030 - CMSIS Pack Vendor :STMicroelectronics X-CUBE-BLE1 7.0.0
2024-08-17 14:16:07,132 [INFO] ThirdParty:1030 - CMSIS Pack Vendor :STMicroelectronics FP-ATR-SIGFOX1 3.2.0
2024-08-17 14:16:07,132 [INFO] ThirdParty:1030 - CMSIS Pack Vendor :STMicroelectronics USB_DEVICE 3.0.0
2024-08-17 14:16:07,132 [INFO] ThirdParty:1030 - CMSIS Pack Vendor :STMicroelectronics X-CUBE-EEPRMA1 5.1.0
2024-08-17 14:16:07,132 [INFO] ThirdParty:1030 - CMSIS Pack Vendor :STMicroelectronics HAL Drivers 0.0.0
2024-08-17 14:16:07,132 [INFO] ThirdParty:1030 - CMSIS Pack Vendor :STMicroelectronics MBEDTLS 2.16.2
2024-08-17 14:16:07,132 [INFO] ThirdParty:1030 - CMSIS Pack Vendor :STMicroelectronics X-CUBE-FREERTOS 1.2.0
2024-08-17 14:16:07,132 [INFO] ThirdParty:1030 - CMSIS Pack Vendor :STMicroelectronics X-CUBE-ALS 1.0.2
2024-08-17 14:16:07,132 [INFO] ThirdParty:1030 - CMSIS Pack Vendor :STMicroelectronics MBEDTLS 2.14.1
2024-08-17 14:16:07,132 [INFO] ThirdParty:1030 - CMSIS Pack Vendor :STMicroelectronics USB_DEVICE 2.0.0
2024-08-17 14:16:07,132 [INFO] ThirdParty:1030 - CMSIS Pack Vendor :STMicroelectronics X-CUBE-BLEMGR 3.1.0
2024-08-17 14:16:07,133 [INFO] ThirdParty:1030 - CMSIS Pack Vendor :STMicroelectronics ThreadX 1.0.0
2024-08-17 14:16:07,133 [INFO] ThirdParty:1030 - CMSIS Pack Vendor :STMicroelectronics FP-SNS-SMARTAG2 1.2.0
2024-08-17 14:16:07,133 [INFO] ThirdParty:1030 - CMSIS Pack Vendor :STMicroelectronics FreeRTOS 0.0.1
2024-08-17 14:16:07,133 [INFO] ThirdParty:1030 - CMSIS Pack Vendor :STMicroelectronics FP-SNS-MOTENV1 5.0.0
2024-08-17 14:16:07,134 [INFO] ThirdParty:1030 - CMSIS Pack Vendor :STMicroelectronics USB_DEVICE 1.0.0
2024-08-17 14:16:07,134 [INFO] ThirdParty:1030 - CMSIS Pack Vendor :STMicroelectronics STM32_WPAN 1.0.0
2024-08-17 14:16:07,134 [INFO] ThirdParty:1030 - CMSIS Pack Vendor :STMicroelectronics ThreadX 0.0.2
2024-08-17 14:16:07,134 [INFO] ThirdParty:1030 - CMSIS Pack Vendor :STMicroelectronics FP-ATR-ASTRA1 2.0.0
2024-08-17 14:16:07,134 [INFO] ThirdParty:1030 - CMSIS Pack Vendor :STMicroelectronics lwIP 2.0.3
2024-08-17 14:16:07,134 [INFO] ThirdParty:1030 - CMSIS Pack Vendor :STMicroelectronics lwIP 2.1.2
2024-08-17 14:16:07,134 [INFO] ThirdParty:1030 - CMSIS Pack Vendor :STMicroelectronics FP-SNS-FLIGHT1 5.0.2
2024-08-17 14:16:07,134 [INFO] ThirdParty:1030 - CMSIS Pack Vendor :STMicroelectronics X-CUBE-BLE2 3.3.0
2024-08-17 14:16:07,134 [INFO] ThirdParty:1030 - CMSIS Pack Vendor :STMicroelectronics USB_HOST 1.0.0
2024-08-17 14:16:07,134 [INFO] ThirdParty:1030 - CMSIS Pack Vendor :STMicroelectronics X-CUBE-AI 9.0.0
2024-08-17 14:16:07,134 [INFO] ThirdParty:1030 - CMSIS Pack Vendor :STMicroelectronics PDM2PCM 3.1.0
2024-08-17 14:16:07,134 [INFO] ThirdParty:1030 - CMSIS Pack Vendor :STMicroelectronics PDM2PCM 3.2.0
2024-08-17 14:16:07,134 [INFO] ThirdParty:1030 - CMSIS Pack Vendor :STMicroelectronics PDM2PCM 3.3.0
2024-08-17 14:16:07,137 [INFO] ThirdParty:841 - exiting critical section [change project]
2024-08-17 14:16:07,698 [INFO] PinOutPanel:1561 - setPackage(No Configuration,No Configuration)
2024-08-17 14:16:07,702 [INFO] PinOutPanel:1561 - setPackage(STM32F767ZITx,LQFP144)
2024-08-17 14:16:08,664 [INFO] UtilMem:75 - Before build in PCC Used Memory: 695950240 Bytes (1073741824)
2024-08-17 14:16:09,719 [INFO] UtilMem:75 - After build in PCC Used Memory: 623014856 Bytes (1073741824)
2024-08-17 14:16:09,815 [INFO] IPUIPlugin:80 - create IPUIPlugin
2024-08-17 14:16:09,819 [INFO] IPUIPlugin:80 - create IPUIPlugin
2024-08-17 14:16:09,819 [INFO] IPUIPlugin:80 - create IPUIPlugin
2024-08-17 14:16:09,822 [INFO] IPUIPlugin:80 - create IPUIPlugin
2024-08-17 14:16:09,823 [INFO] IPUIPlugin:80 - create IPUIPlugin
2024-08-17 14:16:09,823 [INFO] IPUIPlugin:80 - create IPUIPlugin
2024-08-17 14:16:09,824 [INFO] IPUIPlugin:80 - create IPUIPlugin
2024-08-17 14:16:09,824 [INFO] IPUIPlugin:80 - create IPUIPlugin
2024-08-17 14:16:09,824 [INFO] IPUIPlugin:80 - create IPUIPlugin
2024-08-17 14:16:09,827 [INFO] IPUIPlugin:80 - create IPUIPlugin
2024-08-17 14:16:09,827 [INFO] IPUIPlugin:80 - create IPUIPlugin
2024-08-17 14:16:09,827 [INFO] IPUIPlugin:80 - create IPUIPlugin
2024-08-17 14:16:09,830 [INFO] IPUIPlugin:80 - create IPUIPlugin
2024-08-17 14:16:09,831 [INFO] IPUIPlugin:80 - create IPUIPlugin
2024-08-17 14:16:09,833 [INFO] IPUIPlugin:80 - create IPUIPlugin
2024-08-17 14:16:09,834 [INFO] IPUIPlugin:80 - create IPUIPlugin
2024-08-17 14:16:09,835 [INFO] IPUIPlugin:80 - create IPUIPlugin
2024-08-17 14:16:09,835 [INFO] IPUIPlugin:80 - create IPUIPlugin
2024-08-17 14:16:09,835 [INFO] IPUIPlugin:80 - create IPUIPlugin
2024-08-17 14:16:09,835 [INFO] IPUIPlugin:80 - create IPUIPlugin
2024-08-17 14:16:09,835 [INFO] IPUIPlugin:80 - create IPUIPlugin
2024-08-17 14:16:09,835 [INFO] IPUIPlugin:80 - create IPUIPlugin
2024-08-17 14:16:09,836 [INFO] IPUIPlugin:80 - create IPUIPlugin
2024-08-17 14:16:09,836 [INFO] IPUIPlugin:80 - create IPUIPlugin
2024-08-17 14:16:09,836 [INFO] IPUIPlugin:80 - create IPUIPlugin
2024-08-17 14:16:09,836 [INFO] IPUIPlugin:80 - create IPUIPlugin
2024-08-17 14:16:09,836 [INFO] IPUIPlugin:80 - create IPUIPlugin
2024-08-17 14:16:09,836 [INFO] IPUIPlugin:80 - create IPUIPlugin
2024-08-17 14:16:09,836 [INFO] IPUIPlugin:80 - create IPUIPlugin
2024-08-17 14:16:09,837 [INFO] IPUIPlugin:80 - create IPUIPlugin
2024-08-17 14:16:09,837 [INFO] IPUIPlugin:80 - create IPUIPlugin
2024-08-17 14:16:09,837 [INFO] IPUIPlugin:80 - create IPUIPlugin
2024-08-17 14:16:09,837 [INFO] IPUIPlugin:80 - create IPUIPlugin
2024-08-17 14:16:09,837 [INFO] IPUIPlugin:80 - create IPUIPlugin
2024-08-17 14:16:09,837 [INFO] IPUIPlugin:80 - create IPUIPlugin
2024-08-17 14:16:09,837 [INFO] IPUIPlugin:80 - create IPUIPlugin
2024-08-17 14:16:09,837 [INFO] IPUIPlugin:80 - create IPUIPlugin
2024-08-17 14:16:09,840 [INFO] IPUIPlugin:80 - create IPUIPlugin
2024-08-17 14:16:09,840 [INFO] IPUIPlugin:80 - create IPUIPlugin
2024-08-17 14:16:09,840 [INFO] IPUIPlugin:80 - create IPUIPlugin
2024-08-17 14:16:09,840 [INFO] IPUIPlugin:80 - create IPUIPlugin
2024-08-17 14:16:09,840 [INFO] IPUIPlugin:80 - create IPUIPlugin
2024-08-17 14:16:09,840 [INFO] IPUIPlugin:80 - create IPUIPlugin
2024-08-17 14:16:09,841 [INFO] IPUIPlugin:80 - create IPUIPlugin
2024-08-17 14:16:09,841 [INFO] IPUIPlugin:80 - create IPUIPlugin
2024-08-17 14:16:09,841 [INFO] IPUIPlugin:80 - create IPUIPlugin
2024-08-17 14:16:09,841 [INFO] IPUIPlugin:80 - create IPUIPlugin
2024-08-17 14:16:09,841 [INFO] IPUIPlugin:80 - create IPUIPlugin
2024-08-17 14:16:09,841 [INFO] IPUIPlugin:80 - create IPUIPlugin
2024-08-17 14:16:09,841 [INFO] IPUIPlugin:80 - create IPUIPlugin
2024-08-17 14:16:09,841 [INFO] IPUIPlugin:80 - create IPUIPlugin
2024-08-17 14:16:09,842 [INFO] IPUIPlugin:80 - create IPUIPlugin
2024-08-17 14:16:09,842 [INFO] IPUIPlugin:80 - create IPUIPlugin
2024-08-17 14:16:09,842 [INFO] IPUIPlugin:80 - create IPUIPlugin
2024-08-17 14:16:09,842 [INFO] IPUIPlugin:80 - create IPUIPlugin
2024-08-17 14:16:09,842 [INFO] IPUIPlugin:80 - create IPUIPlugin
2024-08-17 14:16:09,842 [INFO] IPUIPlugin:80 - create IPUIPlugin
2024-08-17 14:16:09,842 [INFO] IPUIPlugin:80 - create IPUIPlugin
2024-08-17 14:16:09,842 [INFO] IPUIPlugin:80 - create IPUIPlugin
2024-08-17 14:16:09,842 [INFO] IPUIPlugin:80 - create IPUIPlugin
2024-08-17 14:16:09,842 [INFO] IPUIPlugin:80 - create IPUIPlugin
2024-08-17 14:16:09,842 [INFO] IPUIPlugin:80 - create IPUIPlugin
2024-08-17 14:16:09,842 [INFO] IPUIPlugin:80 - create IPUIPlugin
2024-08-17 14:16:09,842 [INFO] IPUIPlugin:80 - create IPUIPlugin
2024-08-17 14:16:09,842 [INFO] IPUIPlugin:80 - create IPUIPlugin
2024-08-17 14:16:09,842 [INFO] IPUIPlugin:80 - create IPUIPlugin
2024-08-17 14:16:09,843 [INFO] IPUIPlugin:80 - create IPUIPlugin
2024-08-17 14:16:09,843 [INFO] IPUIPlugin:80 - create IPUIPlugin
2024-08-17 14:16:09,843 [INFO] IPUIPlugin:80 - create IPUIPlugin
2024-08-17 14:16:09,843 [INFO] IPUIPlugin:80 - create IPUIPlugin
2024-08-17 14:16:09,843 [INFO] IPUIPlugin:80 - create IPUIPlugin
2024-08-17 14:16:09,844 [INFO] IPUIPlugin:80 - create IPUIPlugin
2024-08-17 14:16:09,844 [INFO] IPUIPlugin:80 - create IPUIPlugin
2024-08-17 14:16:09,844 [INFO] IPUIPlugin:80 - create IPUIPlugin
2024-08-17 14:16:09,844 [INFO] IPUIPlugin:80 - create IPUIPlugin
2024-08-17 14:16:09,845 [INFO] IPUIPlugin:80 - create IPUIPlugin
2024-08-17 14:16:09,845 [INFO] IPUIPlugin:80 - create IPUIPlugin
2024-08-17 14:16:09,845 [INFO] IPUIPlugin:80 - create IPUIPlugin
2024-08-17 14:16:09,846 [INFO] IPUIPlugin:80 - create IPUIPlugin
2024-08-17 14:16:09,894 [INFO] ApiDbMcu:508 - Load IP Config File for PDM2PCM
2024-08-17 14:16:10,176 [INFO] CADModel:165 - CPN selected for project levelSTM32F767ZIT6
2024-08-17 14:16:10,177 [INFO] CADModel:114 - Register for checkConnection events
2024-08-17 14:16:10,223 [INFO] OpenFileManager:363 - Restore cursor
2024-08-17 14:16:10,987 [INFO] UtilMem:75 - End SaveConfig() Used Memory: 874633400 Bytes (1073741824)
2024-08-17 14:16:11,091 [INFO] UtilMem:75 - End SaveConfig() Used Memory: 905564344 Bytes (1073741824)
2024-08-17 14:16:11,689 [INFO] BlockDiagram:2766 - set Specific Code input for plugin: RCC
2024-08-17 14:16:11,691 [INFO] BlockDiagram:2766 - set Specific Code input for plugin: NVIC
2024-08-17 14:16:11,691 [INFO] BlockDiagram:2766 - set Specific Code input for plugin: CORTEX_M7
2024-08-17 14:16:11,692 [INFO] CodeGenerator:807 - code generatio: config db path: /Applications/STM32CubeIDE.app/Contents/Eclipse/plugins/com.st.stm32cube.common.mx_6.12.0.202406281431//db/
2024-08-17 14:16:11,841 [INFO] CodeEngine:255 - oldGeneratedFile, /Users/kitton/STM32CubeIDE/MAD_LAB/Special_Lab01/MXTmpFiles/license.tmp_save
2024-08-17 14:16:12,295 [INFO] CodeEngine:279 - Generated code: /Users/kitton/STM32CubeIDE/MAD_LAB/Special_Lab01/MXTmpFiles/license.tmp
2024-08-17 14:16:12,444 [INFO] CodeEngine:255 - oldGeneratedFile, /Users/kitton/STM32CubeIDE/MAD_LAB/Special_Lab01/MXTmpFiles/cortex.tmp_save
2024-08-17 14:16:12,636 [INFO] CodeEngine:279 - Generated code: /Users/kitton/STM32CubeIDE/MAD_LAB/Special_Lab01/MXTmpFiles/cortex.tmp
2024-08-17 14:16:12,643 [INFO] CodeEngine:255 - oldGeneratedFile, /Users/kitton/STM32CubeIDE/MAD_LAB/Special_Lab01/Core/Src/stm32f7xx_it.c_save
2024-08-17 14:16:12,802 [INFO] CodeEngine:279 - Generated code: /Users/kitton/STM32CubeIDE/MAD_LAB/Special_Lab01/Core/Src/stm32f7xx_it.c
2024-08-17 14:16:12,803 [INFO] CodeEngine:255 - oldGeneratedFile, /Users/kitton/STM32CubeIDE/MAD_LAB/Special_Lab01/Core/Inc/stm32f7xx_it.h_save
2024-08-17 14:16:12,866 [INFO] CodeEngine:279 - Generated code: /Users/kitton/STM32CubeIDE/MAD_LAB/Special_Lab01/Core/Inc/stm32f7xx_it.h
2024-08-17 14:16:12,889 [INFO] CodeEngine:255 - oldGeneratedFile, /Users/kitton/STM32CubeIDE/MAD_LAB/Special_Lab01/Core/Src/stm32f7xx_hal_msp.c_save
2024-08-17 14:16:13,022 [INFO] CodeEngine:279 - Generated code: /Users/kitton/STM32CubeIDE/MAD_LAB/Special_Lab01/Core/Src/stm32f7xx_hal_msp.c
2024-08-17 14:16:13,027 [INFO] CodeEngine:255 - oldGeneratedFile, /Users/kitton/STM32CubeIDE/MAD_LAB/Special_Lab01/MXTmpFiles/system.tmp_save
2024-08-17 14:16:13,111 [INFO] CodeEngine:279 - Generated code: /Users/kitton/STM32CubeIDE/MAD_LAB/Special_Lab01/MXTmpFiles/system.tmp
2024-08-17 14:16:13,128 [INFO] CodeEngine:311 - oldGeneratedFile, /Users/kitton/STM32CubeIDE/MAD_LAB/Special_Lab01/Core/Inc/stm32f7xx_hal_conf.h_save
2024-08-17 14:16:13,207 [INFO] CodeEngine:335 - Generated code: /Users/kitton/STM32CubeIDE/MAD_LAB/Special_Lab01/Core/Inc/stm32f7xx_hal_conf.h
2024-08-17 14:16:13,328 [INFO] CodeEngine:255 - oldGeneratedFile, /Users/kitton/STM32CubeIDE/MAD_LAB/Special_Lab01/Core/Inc/main.h_save
2024-08-17 14:16:13,443 [INFO] CodeEngine:279 - Generated code: /Users/kitton/STM32CubeIDE/MAD_LAB/Special_Lab01/Core/Inc/main.h
2024-08-17 14:16:13,445 [INFO] CodeEngine:255 - oldGeneratedFile, /Users/kitton/STM32CubeIDE/MAD_LAB/Special_Lab01/Core/Src/main.c_save
2024-08-17 14:16:13,614 [INFO] CodeEngine:279 - Generated code: /Users/kitton/STM32CubeIDE/MAD_LAB/Special_Lab01/Core/Src/main.c
2024-08-17 14:16:13,796 [INFO] ProjectBuilder:3249 - Time for Copy HAL[1] : 43mS.
2024-08-17 14:16:13,799 [INFO] ProjectBuilder:4828 - Project Generator version: 4.4.0-B60
2024-08-17 14:16:13,875 [INFO] ConfigFileManager:1531 - The Die is : DIE451
2024-08-17 14:16:13,887 [INFO] ApiDbMcu:508 - Load IP Config File for FATFS
2024-08-17 14:16:13,895 [INFO] ApiDbMcu:508 - Load IP Config File for FREERTOS
2024-08-17 14:16:13,901 [INFO] ApiDbMcu:508 - Load IP Config File for LIBJPEG
2024-08-17 14:16:13,909 [INFO] ApiDbMcu:508 - Load IP Config File for LWIP
2024-08-17 14:16:13,931 [INFO] ApiDbMcu:508 - Load IP Config File for MBEDTLS
2024-08-17 14:16:13,949 [INFO] ApiDbMcu:508 - Load IP Config File for USB_DEVICE
2024-08-17 14:16:13,960 [INFO] ApiDbMcu:508 - Load IP Config File for USB_HOST
2024-08-17 14:16:14,399 [INFO] LogOutputStream:77 - [STDOUT_REDIRECT] 
2024-08-17 14:16:17,277 [INFO] ProjectBuilder:5097 - Time for Generating toolchain IDE Files: 3468mS.
2024-08-17 14:16:17,283 [INFO] ProjectBuilder:3107 - Time for Copy CMSIS : 3mS.
2024-08-17 14:16:17,286 [INFO] ProjectBuilder:3107 - Time for Copy CMSIS : 0mS.
2024-08-17 14:16:18,296 [INFO] McuFinderGlobals:76 - Set McuFinderConnectedMode to true
2024-08-17 14:16:18,306 [INFO] ApiDb:448 - Save user favorites file /Users/kitton/.stm32cubeide/favorites.mcus.txt: 1 item(s)
2024-08-17 14:16:18,308 [INFO] ApiDb:452 - User favorites MCUs=[STM32F767ZIT6]
2024-08-17 14:18:49,297 [INFO] MainUpdater:2873 - connection check result : 10
2024-08-17 14:18:49,299 [INFO] MainUpdater:2873 - connection check result : 10
2024-08-17 14:18:49,616 [INFO] MicroXplorer:468 - Change Database Path : 
2024-08-17 14:18:49,616 [INFO] MicroXplorer:498 - Change Database Version : DB.6.0.120
2024-08-17 14:18:49,670 [ERROR] ProjectManagerView:394 - 
java.lang.NullPointerException: Cannot invoke "javax.swing.JTextField.getText()" because the return value of "java.util.List.get(int)" is null
	at com.st.microxplorer.plugins.projectmanager.gui.ProjectChoiceTab$10.caretUpdate(ProjectChoiceTab.java:2622) ~[filemanager.jar:?]
	at javax.swing.text.JTextComponent.fireCaretUpdate(JTextComponent.java:412) ~[?:?]
	at javax.swing.text.JTextComponent$MutableCaretEvent.fire(JTextComponent.java:4491) ~[?:?]
	at javax.swing.text.JTextComponent$MutableCaretEvent.stateChanged(JTextComponent.java:4513) ~[?:?]
	at javax.swing.text.DefaultCaret.fireStateChanged(DefaultCaret.java:842) ~[?:?]
	at javax.swing.text.DefaultCaret.changeCaretPosition(DefaultCaret.java:1313) ~[?:?]
	at javax.swing.text.DefaultCaret.handleSetDot(DefaultCaret.java:1212) ~[?:?]
	at javax.swing.text.DefaultCaret.setDot(DefaultCaret.java:1193) ~[?:?]
	at javax.swing.text.DefaultCaret$Handler.insertUpdate(DefaultCaret.java:1789) ~[?:?]
	at javax.swing.text.AbstractDocument.fireInsertUpdate(AbstractDocument.java:226) ~[?:?]
	at javax.swing.text.AbstractDocument.handleInsertString(AbstractDocument.java:780) ~[?:?]
	at javax.swing.text.AbstractDocument.insertString(AbstractDocument.java:739) ~[?:?]
	at javax.swing.text.PlainDocument.insertString(PlainDocument.java:131) ~[?:?]
	at javax.swing.text.AbstractDocument.replace(AbstractDocument.java:698) ~[?:?]
	at javax.swing.text.JTextComponent.setText(JTextComponent.java:1729) ~[?:?]
	at com.st.microxplorer.plugins.projectmanager.gui.ProjectChoiceTab.createHeapStackFields(ProjectChoiceTab.java:972) ~[filemanager.jar:?]
	at com.st.microxplorer.plugins.projectmanager.gui.ProjectChoiceTab.buildLinkSettingsPanel(ProjectChoiceTab.java:3597) ~[filemanager.jar:?]
	at com.st.microxplorer.plugins.projectmanager.gui.ProjectChoiceTab.defineWindowsFields(ProjectChoiceTab.java:1940) ~[filemanager.jar:?]
	at com.st.microxplorer.plugins.projectmanager.gui.ProjectChoiceTab.updateSettings(ProjectChoiceTab.java:550) ~[filemanager.jar:?]
	at com.st.microxplorer.plugins.projectmanager.gui.ProjectSettingsPanel.UpdateDialog(ProjectSettingsPanel.java:245) ~[filemanager.jar:?]
	at com.st.microxplorer.plugins.projectmanager.ProjectManagerView.propertyChange(ProjectManagerView.java:391) ~[filemanager.jar:?]
	at java.beans.PropertyChangeSupport.fire(PropertyChangeSupport.java:343) ~[?:?]
	at java.beans.PropertyChangeSupport.firePropertyChange(PropertyChangeSupport.java:335) ~[?:?]
	at java.beans.PropertyChangeSupport.firePropertyChange(PropertyChangeSupport.java:268) ~[?:?]
	at com.st.microxplorer.util.MXPropertyChangeSupport.firePropertyChange(MXPropertyChangeSupport.java:54) ~[STM32CubeMX.jar:?]
	at com.st.microxplorer.mxsystem.MxSystem.closeConfig(MxSystem.java:900) ~[STM32CubeMX.jar:?]
	at com.st.microxplorer.maingui.MainPanel.closeConfig(MainPanel.java:781) ~[STM32CubeMX.jar:?]
	at com.st.microxplorer.plugins.filemanager.engine.OpenFileManager.loadConfigurationFile(OpenFileManager.java:265) ~[filemanager.jar:?]
	at com.st.microxplorer.plugins.filemanager.engine.MainFileManager.userLoadConfig(MainFileManager.java:352) ~[filemanager.jar:?]
	at com.st.microxplorer.plugins.filemanager.engine.MainFileManager.userLoadConfig(MainFileManager.java:330) ~[filemanager.jar:?]
	at com.st.microxplorer.plugins.filemanager.FileManagerView.getSpecificTask(FileManagerView.java:246) ~[filemanager.jar:?]
	at com.st.stm32cube.common.mx.editor.CubeMxEditor.getMxTabbedPaneInstance(CubeMxEditor.java:1198) ~[com.st.stm32cube.common.mx_6.12.0.202406281431/:?]
	at com.st.stm32cube.common.mx.editor.CubeMxEditor$12$1.createSwingComponent(CubeMxEditor.java:1068) ~[com.st.stm32cube.common.mx_6.12.0.202406281431/:?]
	at com.st.stm32cube.common.mx.oss.core.awtswtbridge.EmbeddedSwingComposite.doComponentCreation(EmbeddedSwingComposite.java:492) ~[com.st.stm32cube.common.mx.oss_6.12.0.202406281431/:?]
	at com.st.stm32cube.common.mx.oss.core.awtswtbridge.EmbeddedSwingComposite$4.run(EmbeddedSwingComposite.java:291) ~[com.st.stm32cube.common.mx.oss_6.12.0.202406281431/:?]
	at com.st.stm32cube.common.mx.oss.core.awtswtbridge.AwtEnvironment$2.run(AwtEnvironment.java:166) ~[com.st.stm32cube.common.mx.oss_6.12.0.202406281431/:?]
	at java.awt.event.InvocationEvent.dispatch(InvocationEvent.java:318) ~[?:?]
	at java.awt.EventQueue.dispatchEventImpl(EventQueue.java:773) ~[?:?]
	at java.awt.EventQueue$4.run(EventQueue.java:720) ~[?:?]
	at java.awt.EventQueue$4.run(EventQueue.java:714) ~[?:?]
	at java.security.AccessController.doPrivileged(AccessController.java:399) ~[?:?]
	at java.security.ProtectionDomain$JavaSecurityAccessImpl.doIntersectionPrivilege(ProtectionDomain.java:86) ~[?:?]
	at java.awt.EventQueue.dispatchEvent(EventQueue.java:742) ~[?:?]
	at java.awt.EventDispatchThread.pumpOneEventForFilters(EventDispatchThread.java:203) ~[?:?]
	at java.awt.EventDispatchThread.pumpEventsForFilter(EventDispatchThread.java:124) ~[?:?]
	at java.awt.EventDispatchThread.pumpEventsForHierarchy(EventDispatchThread.java:113) ~[?:?]
	at java.awt.EventDispatchThread.pumpEvents(EventDispatchThread.java:109) ~[?:?]
	at java.awt.EventDispatchThread.pumpEvents(EventDispatchThread.java:101) ~[?:?]
	at java.awt.EventDispatchThread.run(EventDispatchThread.java:90) ~[?:?]
2024-08-17 14:18:49,679 [WARN] ThirdParty:871 - waiting for thirdparty lock release [close project]
2024-08-17 14:18:49,679 [INFO] ThirdParty:873 - entering critical section [close project]
2024-08-17 14:18:49,680 [INFO] ThirdParty:883 - exiting critical section [close project]
2024-08-17 14:18:49,693 [INFO] PinOutPanel:1561 - setPackage(No Configuration,No Configuration)
2024-08-17 14:18:49,745 [WARN] IpParametersView:151 - Warning: This peripheral hasn't parameters
2024-08-17 14:18:49,782 [WARN] MainPanel:284 - <html><b><center>Warning: This peripheral has no parameters to be configured<br></b></html>
2024-08-17 14:18:49,794 [INFO] UtilMem:75 - Begin LoadConfig() Used Memory: 660808424 Bytes (1073741824)
2024-08-17 14:18:49,796 [INFO] MicroXplorer:468 - Change Database Path : 
2024-08-17 14:18:49,797 [INFO] MicroXplorer:498 - Change Database Version : DB.6.0.120
2024-08-17 14:18:49,798 [INFO] OpenFileManager:332 - Change cursor
2024-08-17 14:18:49,834 [INFO] RulesReader:64 - Compatibility file has been processed (297 Rules)
2024-08-17 14:18:49,841 [INFO] Mcu:2032 - Initializing MCU STM32F767ZITx STM32F767ZITx STM32F767ZIT6
2024-08-17 14:18:51,446 [INFO] Context:742 - Trying to add GPIOservice into a context  which must be forbidden
2024-08-17 14:18:52,087 [WARN] ModelIntegratedComponent:63 - No mode defined for component null
2024-08-17 14:18:52,090 [WARN] ModelIntegratedComponent:63 - No mode defined for component null
2024-08-17 14:18:52,091 [WARN] ModelIntegratedComponent:63 - No mode defined for component null
2024-08-17 14:18:52,091 [WARN] ModelIntegratedComponent:63 - No mode defined for component null
2024-08-17 14:18:52,091 [WARN] ModelIntegratedComponent:63 - No mode defined for component null
2024-08-17 14:18:52,091 [WARN] ModelIntegratedComponent:63 - No mode defined for component null
2024-08-17 14:18:52,091 [WARN] ModelIntegratedComponent:63 - No mode defined for component null
2024-08-17 14:18:52,092 [WARN] ModelIntegratedComponent:63 - No mode defined for component null
2024-08-17 14:18:52,092 [WARN] ModelIntegratedComponent:63 - No mode defined for component null
2024-08-17 14:18:52,092 [WARN] ModelIntegratedComponent:63 - No mode defined for component null
2024-08-17 14:18:52,092 [WARN] ModelIntegratedComponent:63 - No mode defined for component null
2024-08-17 14:18:52,092 [WARN] ModelIntegratedComponent:63 - No mode defined for component null
2024-08-17 14:18:52,092 [WARN] ModelIntegratedComponent:63 - No mode defined for component null
2024-08-17 14:18:52,092 [WARN] ModelIntegratedComponent:63 - No mode defined for component null
2024-08-17 14:18:52,092 [WARN] ModelIntegratedComponent:63 - No mode defined for component null
2024-08-17 14:18:52,092 [WARN] ModelIntegratedComponent:63 - No mode defined for component null
2024-08-17 14:18:52,092 [WARN] ModelIntegratedComponent:63 - No mode defined for component null
2024-08-17 14:18:52,092 [WARN] ModelIntegratedComponent:63 - No mode defined for component null
2024-08-17 14:18:52,092 [WARN] ModelIntegratedComponent:63 - No mode defined for component null
2024-08-17 14:18:52,093 [WARN] ModelIntegratedComponent:63 - No mode defined for component null
2024-08-17 14:18:52,093 [WARN] ModelIntegratedComponent:63 - No mode defined for component null
2024-08-17 14:18:52,093 [WARN] ModelIntegratedComponent:63 - No mode defined for component null
2024-08-17 14:18:52,093 [WARN] ModelIntegratedComponent:63 - No mode defined for component null
2024-08-17 14:18:52,093 [WARN] ModelIntegratedComponent:63 - No mode defined for component null
2024-08-17 14:18:52,093 [WARN] ModelIntegratedComponent:63 - No mode defined for component null
2024-08-17 14:18:52,093 [WARN] ModelIntegratedComponent:63 - No mode defined for component null
2024-08-17 14:18:52,093 [WARN] ModelIntegratedComponent:63 - No mode defined for component null
2024-08-17 14:18:52,093 [WARN] ModelIntegratedComponent:63 - No mode defined for component null
2024-08-17 14:18:52,093 [WARN] ModelIntegratedComponent:63 - No mode defined for component null
2024-08-17 14:18:52,093 [WARN] ModelIntegratedComponent:63 - No mode defined for component null
2024-08-17 14:18:52,093 [WARN] ModelIntegratedComponent:63 - No mode defined for component null
2024-08-17 14:18:52,093 [WARN] ModelIntegratedComponent:63 - No mode defined for component null
2024-08-17 14:18:52,093 [WARN] ModelIntegratedComponent:63 - No mode defined for component null
2024-08-17 14:18:52,093 [WARN] ModelIntegratedComponent:63 - No mode defined for component null
2024-08-17 14:18:52,093 [WARN] ModelIntegratedComponent:63 - No mode defined for component null
2024-08-17 14:18:52,094 [WARN] ModelPack:524 - Component already loaded: STMicroelectronics:HAL Drivers:0.0.0:STMicroelectronics:Device:STMicro_Driver:XSPI:HAL::0.0.1:HAL_XSPI
2024-08-17 14:18:52,100 [INFO] RtosManager:555 - Registered RTOS mode: class=CMSIS, group=RTOS, mode=CMSIS_V1, owner=FREERTOS
2024-08-17 14:18:52,100 [INFO] RtosManager:555 - Registered RTOS mode: class=CMSIS, group=RTOS2, mode=CMSIS_V2, owner=FREERTOS
2024-08-17 14:18:52,100 [INFO] RtosManager:555 - Registered RTOS mode: class=RTOS, group=Core, mode=CMSIS_V1, owner=FREERTOS
2024-08-17 14:18:52,100 [INFO] RtosManager:555 - Registered RTOS mode: class=RTOS, group=Core, mode=CMSIS_V2, owner=FREERTOS
2024-08-17 14:18:52,100 [WARN] ModelIntegratedComponent:184 - Missing modes for component STMicroelectronics:FreeRTOS:0.0.1:STMicroelectronics:RTOS:FreeRTOS:Core:::10.2.0:
2024-08-17 14:18:52,109 [INFO] ThirdPartyModel:298 - Start build external matchings
2024-08-17 14:18:52,118 [INFO] ThirdPartyModel:316 - End build external matchings
2024-08-17 14:18:52,436 [INFO] UtilMem:75 - End LoadConfig() Used Memory: 870700448 Bytes (1073741824)
2024-08-17 14:18:52,484 [WARN] ThirdParty:833 - waiting for thirdparty lock release [change project]
2024-08-17 14:18:52,486 [INFO] ThirdParty:835 - entering critical section [change project]
2024-08-17 14:18:52,486 [INFO] ThirdParty:1030 - CMSIS Pack Vendor :STMicroelectronics USBPD 4.1
2024-08-17 14:18:52,486 [INFO] ThirdParty:1030 - CMSIS Pack Vendor :STMicroelectronics X-CUBE-DISPLAY 3.0.0
2024-08-17 14:18:52,486 [INFO] ThirdParty:1030 - CMSIS Pack Vendor :STMicroelectronics X-CUBE-GNSS1 6.0.0
2024-08-17 14:18:52,486 [INFO] ThirdParty:1030 - CMSIS Pack Vendor :STMicroelectronics USB_HOST 2.0.0
2024-08-17 14:18:52,486 [INFO] ThirdParty:1030 - CMSIS Pack Vendor :STMicroelectronics FP-SNS-MOTENVWB1 1.4.0
2024-08-17 14:18:52,486 [INFO] ThirdParty:1030 - CMSIS Pack Vendor :STMicroelectronics LIBJPEG 8.0.0
2024-08-17 14:18:52,486 [INFO] ThirdParty:1030 - CMSIS Pack Vendor :STMicroelectronics X-CUBE-BLE1 7.0.0
2024-08-17 14:18:52,486 [INFO] ThirdParty:1030 - CMSIS Pack Vendor :STMicroelectronics FP-ATR-SIGFOX1 3.2.0
2024-08-17 14:18:52,486 [INFO] ThirdParty:1030 - CMSIS Pack Vendor :STMicroelectronics USB_DEVICE 3.0.0
2024-08-17 14:18:52,486 [INFO] ThirdParty:1030 - CMSIS Pack Vendor :STMicroelectronics X-CUBE-EEPRMA1 5.1.0
2024-08-17 14:18:52,486 [INFO] ThirdParty:1030 - CMSIS Pack Vendor :STMicroelectronics HAL Drivers 0.0.0
2024-08-17 14:18:52,486 [INFO] ThirdParty:1030 - CMSIS Pack Vendor :STMicroelectronics MBEDTLS 2.16.2
2024-08-17 14:18:52,486 [INFO] ThirdParty:1030 - CMSIS Pack Vendor :STMicroelectronics X-CUBE-FREERTOS 1.2.0
2024-08-17 14:18:52,486 [INFO] ThirdParty:1030 - CMSIS Pack Vendor :STMicroelectronics X-CUBE-ALS 1.0.2
2024-08-17 14:18:52,486 [INFO] ThirdParty:1030 - CMSIS Pack Vendor :STMicroelectronics MBEDTLS 2.14.1
2024-08-17 14:18:52,486 [INFO] ThirdParty:1030 - CMSIS Pack Vendor :STMicroelectronics USB_DEVICE 2.0.0
2024-08-17 14:18:52,486 [INFO] ThirdParty:1030 - CMSIS Pack Vendor :STMicroelectronics X-CUBE-BLEMGR 3.1.0
2024-08-17 14:18:52,486 [INFO] ThirdParty:1030 - CMSIS Pack Vendor :STMicroelectronics ThreadX 1.0.0
2024-08-17 14:18:52,486 [INFO] ThirdParty:1030 - CMSIS Pack Vendor :STMicroelectronics FP-SNS-SMARTAG2 1.2.0
2024-08-17 14:18:52,486 [INFO] ThirdParty:1030 - CMSIS Pack Vendor :STMicroelectronics FreeRTOS 0.0.1
2024-08-17 14:18:52,486 [INFO] ThirdParty:1030 - CMSIS Pack Vendor :STMicroelectronics FP-SNS-MOTENV1 5.0.0
2024-08-17 14:18:52,486 [INFO] ThirdParty:1030 - CMSIS Pack Vendor :STMicroelectronics USB_DEVICE 1.0.0
2024-08-17 14:18:52,486 [INFO] ThirdParty:1030 - CMSIS Pack Vendor :STMicroelectronics STM32_WPAN 1.0.0
2024-08-17 14:18:52,486 [INFO] ThirdParty:1030 - CMSIS Pack Vendor :STMicroelectronics ThreadX 0.0.2
2024-08-17 14:18:52,486 [INFO] ThirdParty:1030 - CMSIS Pack Vendor :STMicroelectronics FP-ATR-ASTRA1 2.0.0
2024-08-17 14:18:52,486 [INFO] ThirdParty:1030 - CMSIS Pack Vendor :STMicroelectronics lwIP 2.0.3
2024-08-17 14:18:52,486 [INFO] ThirdParty:1030 - CMSIS Pack Vendor :STMicroelectronics lwIP 2.1.2
2024-08-17 14:18:52,486 [INFO] ThirdParty:1030 - CMSIS Pack Vendor :STMicroelectronics FP-SNS-FLIGHT1 5.0.2
2024-08-17 14:18:52,486 [INFO] ThirdParty:1030 - CMSIS Pack Vendor :STMicroelectronics X-CUBE-BLE2 3.3.0
2024-08-17 14:18:52,486 [INFO] ThirdParty:1030 - CMSIS Pack Vendor :STMicroelectronics USB_HOST 1.0.0
2024-08-17 14:18:52,486 [INFO] ThirdParty:1030 - CMSIS Pack Vendor :STMicroelectronics X-CUBE-AI 9.0.0
2024-08-17 14:18:52,486 [INFO] ThirdParty:1030 - CMSIS Pack Vendor :STMicroelectronics PDM2PCM 3.1.0
2024-08-17 14:18:52,486 [INFO] ThirdParty:1030 - CMSIS Pack Vendor :STMicroelectronics PDM2PCM 3.2.0
2024-08-17 14:18:52,486 [INFO] ThirdParty:1030 - CMSIS Pack Vendor :STMicroelectronics PDM2PCM 3.3.0
2024-08-17 14:18:52,487 [INFO] ThirdParty:841 - exiting critical section [change project]
2024-08-17 14:18:52,970 [INFO] PinOutPanel:1561 - setPackage(No Configuration,No Configuration)
2024-08-17 14:18:52,975 [INFO] PinOutPanel:1561 - setPackage(STM32F767ZITx,LQFP144)
2024-08-17 14:18:53,442 [INFO] UtilMem:75 - Before build in PCC Used Memory: 906710248 Bytes (1073741824)
2024-08-17 14:18:53,793 [INFO] UtilMem:75 - After build in PCC Used Memory: 957160640 Bytes (1073741824)
2024-08-17 14:18:53,842 [INFO] IPUIPlugin:80 - create IPUIPlugin
2024-08-17 14:18:53,842 [INFO] IPUIPlugin:80 - create IPUIPlugin
2024-08-17 14:18:53,842 [INFO] IPUIPlugin:80 - create IPUIPlugin
2024-08-17 14:18:53,842 [INFO] IPUIPlugin:80 - create IPUIPlugin
2024-08-17 14:18:53,842 [INFO] IPUIPlugin:80 - create IPUIPlugin
2024-08-17 14:18:53,842 [INFO] IPUIPlugin:80 - create IPUIPlugin
2024-08-17 14:18:53,843 [INFO] IPUIPlugin:80 - create IPUIPlugin
2024-08-17 14:18:53,843 [INFO] IPUIPlugin:80 - create IPUIPlugin
2024-08-17 14:18:53,843 [INFO] IPUIPlugin:80 - create IPUIPlugin
2024-08-17 14:18:53,843 [INFO] IPUIPlugin:80 - create IPUIPlugin
2024-08-17 14:18:53,843 [INFO] IPUIPlugin:80 - create IPUIPlugin
2024-08-17 14:18:53,843 [INFO] IPUIPlugin:80 - create IPUIPlugin
2024-08-17 14:18:53,843 [INFO] IPUIPlugin:80 - create IPUIPlugin
2024-08-17 14:18:53,844 [INFO] IPUIPlugin:80 - create IPUIPlugin
2024-08-17 14:18:53,844 [INFO] IPUIPlugin:80 - create IPUIPlugin
2024-08-17 14:18:53,844 [INFO] IPUIPlugin:80 - create IPUIPlugin
2024-08-17 14:18:53,844 [INFO] IPUIPlugin:80 - create IPUIPlugin
2024-08-17 14:18:53,845 [INFO] IPUIPlugin:80 - create IPUIPlugin
2024-08-17 14:18:53,845 [INFO] IPUIPlugin:80 - create IPUIPlugin
2024-08-17 14:18:53,845 [INFO] IPUIPlugin:80 - create IPUIPlugin
2024-08-17 14:18:53,845 [INFO] IPUIPlugin:80 - create IPUIPlugin
2024-08-17 14:18:53,845 [INFO] IPUIPlugin:80 - create IPUIPlugin
2024-08-17 14:18:53,845 [INFO] IPUIPlugin:80 - create IPUIPlugin
2024-08-17 14:18:53,845 [INFO] IPUIPlugin:80 - create IPUIPlugin
2024-08-17 14:18:53,846 [INFO] IPUIPlugin:80 - create IPUIPlugin
2024-08-17 14:18:53,846 [INFO] IPUIPlugin:80 - create IPUIPlugin
2024-08-17 14:18:53,846 [INFO] IPUIPlugin:80 - create IPUIPlugin
2024-08-17 14:18:53,846 [INFO] IPUIPlugin:80 - create IPUIPlugin
2024-08-17 14:18:53,846 [INFO] IPUIPlugin:80 - create IPUIPlugin
2024-08-17 14:18:53,846 [INFO] IPUIPlugin:80 - create IPUIPlugin
2024-08-17 14:18:53,846 [INFO] IPUIPlugin:80 - create IPUIPlugin
2024-08-17 14:18:53,847 [INFO] IPUIPlugin:80 - create IPUIPlugin
2024-08-17 14:18:53,847 [INFO] IPUIPlugin:80 - create IPUIPlugin
2024-08-17 14:18:53,848 [INFO] IPUIPlugin:80 - create IPUIPlugin
2024-08-17 14:18:53,848 [INFO] IPUIPlugin:80 - create IPUIPlugin
2024-08-17 14:18:53,848 [INFO] IPUIPlugin:80 - create IPUIPlugin
2024-08-17 14:18:53,848 [INFO] IPUIPlugin:80 - create IPUIPlugin
2024-08-17 14:18:53,849 [INFO] IPUIPlugin:80 - create IPUIPlugin
2024-08-17 14:18:53,849 [INFO] IPUIPlugin:80 - create IPUIPlugin
2024-08-17 14:18:53,849 [INFO] IPUIPlugin:80 - create IPUIPlugin
2024-08-17 14:18:53,850 [INFO] IPUIPlugin:80 - create IPUIPlugin
2024-08-17 14:18:53,850 [INFO] IPUIPlugin:80 - create IPUIPlugin
2024-08-17 14:18:53,850 [INFO] IPUIPlugin:80 - create IPUIPlugin
2024-08-17 14:18:53,851 [INFO] IPUIPlugin:80 - create IPUIPlugin
2024-08-17 14:18:53,851 [INFO] IPUIPlugin:80 - create IPUIPlugin
2024-08-17 14:18:53,851 [INFO] IPUIPlugin:80 - create IPUIPlugin
2024-08-17 14:18:53,851 [INFO] IPUIPlugin:80 - create IPUIPlugin
2024-08-17 14:18:53,851 [INFO] IPUIPlugin:80 - create IPUIPlugin
2024-08-17 14:18:53,851 [INFO] IPUIPlugin:80 - create IPUIPlugin
2024-08-17 14:18:53,851 [INFO] IPUIPlugin:80 - create IPUIPlugin
2024-08-17 14:18:53,851 [INFO] IPUIPlugin:80 - create IPUIPlugin
2024-08-17 14:18:53,852 [INFO] IPUIPlugin:80 - create IPUIPlugin
2024-08-17 14:18:53,852 [INFO] IPUIPlugin:80 - create IPUIPlugin
2024-08-17 14:18:53,852 [INFO] IPUIPlugin:80 - create IPUIPlugin
2024-08-17 14:18:53,852 [INFO] IPUIPlugin:80 - create IPUIPlugin
2024-08-17 14:18:53,852 [INFO] IPUIPlugin:80 - create IPUIPlugin
2024-08-17 14:18:53,852 [INFO] IPUIPlugin:80 - create IPUIPlugin
2024-08-17 14:18:53,852 [INFO] IPUIPlugin:80 - create IPUIPlugin
2024-08-17 14:18:53,852 [INFO] IPUIPlugin:80 - create IPUIPlugin
2024-08-17 14:18:53,853 [INFO] IPUIPlugin:80 - create IPUIPlugin
2024-08-17 14:18:53,853 [INFO] IPUIPlugin:80 - create IPUIPlugin
2024-08-17 14:18:53,853 [INFO] IPUIPlugin:80 - create IPUIPlugin
2024-08-17 14:18:53,853 [INFO] IPUIPlugin:80 - create IPUIPlugin
2024-08-17 14:18:53,853 [INFO] IPUIPlugin:80 - create IPUIPlugin
2024-08-17 14:18:53,853 [INFO] IPUIPlugin:80 - create IPUIPlugin
2024-08-17 14:18:53,853 [INFO] IPUIPlugin:80 - create IPUIPlugin
2024-08-17 14:18:53,853 [INFO] IPUIPlugin:80 - create IPUIPlugin
2024-08-17 14:18:53,853 [INFO] IPUIPlugin:80 - create IPUIPlugin
2024-08-17 14:18:53,853 [INFO] IPUIPlugin:80 - create IPUIPlugin
2024-08-17 14:18:53,853 [INFO] IPUIPlugin:80 - create IPUIPlugin
2024-08-17 14:18:53,854 [INFO] IPUIPlugin:80 - create IPUIPlugin
2024-08-17 14:18:53,854 [INFO] IPUIPlugin:80 - create IPUIPlugin
2024-08-17 14:18:53,854 [INFO] IPUIPlugin:80 - create IPUIPlugin
2024-08-17 14:18:53,854 [INFO] IPUIPlugin:80 - create IPUIPlugin
2024-08-17 14:18:53,854 [INFO] IPUIPlugin:80 - create IPUIPlugin
2024-08-17 14:18:53,855 [INFO] IPUIPlugin:80 - create IPUIPlugin
2024-08-17 14:18:53,855 [INFO] IPUIPlugin:80 - create IPUIPlugin
2024-08-17 14:18:53,855 [INFO] IPUIPlugin:80 - create IPUIPlugin
2024-08-17 14:18:53,855 [INFO] IPUIPlugin:80 - create IPUIPlugin
2024-08-17 14:18:53,864 [INFO] ApiDbMcu:508 - Load IP Config File for PDM2PCM
2024-08-17 14:18:53,968 [INFO] CADModel:165 - CPN selected for project levelSTM32F767ZIT6
2024-08-17 14:18:53,968 [INFO] CADModel:114 - Register for checkConnection events
2024-08-17 14:18:54,013 [INFO] OpenFileManager:363 - Restore cursor
2024-08-17 14:39:49,926 [INFO] MainUpdater:2873 - connection check result : 10
2024-08-17 14:39:49,929 [INFO] MainUpdater:2873 - connection check result : 10
2024-08-17 14:39:50,104 [INFO] MicroXplorer:468 - Change Database Path : 
2024-08-17 14:39:50,104 [INFO] MicroXplorer:498 - Change Database Version : DB.6.0.120
2024-08-17 14:39:50,147 [ERROR] ProjectManagerView:394 - 
java.lang.NullPointerException: Cannot invoke "javax.swing.JTextField.getText()" because the return value of "java.util.List.get(int)" is null
	at com.st.microxplorer.plugins.projectmanager.gui.ProjectChoiceTab$10.caretUpdate(ProjectChoiceTab.java:2622) ~[filemanager.jar:?]
	at javax.swing.text.JTextComponent.fireCaretUpdate(JTextComponent.java:412) ~[?:?]
	at javax.swing.text.JTextComponent$MutableCaretEvent.fire(JTextComponent.java:4491) ~[?:?]
	at javax.swing.text.JTextComponent$MutableCaretEvent.stateChanged(JTextComponent.java:4513) ~[?:?]
	at javax.swing.text.DefaultCaret.fireStateChanged(DefaultCaret.java:842) ~[?:?]
	at javax.swing.text.DefaultCaret.changeCaretPosition(DefaultCaret.java:1313) ~[?:?]
	at javax.swing.text.DefaultCaret.handleSetDot(DefaultCaret.java:1212) ~[?:?]
	at javax.swing.text.DefaultCaret.setDot(DefaultCaret.java:1193) ~[?:?]
	at javax.swing.text.DefaultCaret$Handler.insertUpdate(DefaultCaret.java:1789) ~[?:?]
	at javax.swing.text.AbstractDocument.fireInsertUpdate(AbstractDocument.java:226) ~[?:?]
	at javax.swing.text.AbstractDocument.handleInsertString(AbstractDocument.java:780) ~[?:?]
	at javax.swing.text.AbstractDocument.insertString(AbstractDocument.java:739) ~[?:?]
	at javax.swing.text.PlainDocument.insertString(PlainDocument.java:131) ~[?:?]
	at javax.swing.text.AbstractDocument.replace(AbstractDocument.java:698) ~[?:?]
	at javax.swing.text.JTextComponent.setText(JTextComponent.java:1729) ~[?:?]
	at com.st.microxplorer.plugins.projectmanager.gui.ProjectChoiceTab.createHeapStackFields(ProjectChoiceTab.java:972) ~[filemanager.jar:?]
	at com.st.microxplorer.plugins.projectmanager.gui.ProjectChoiceTab.buildLinkSettingsPanel(ProjectChoiceTab.java:3597) ~[filemanager.jar:?]
	at com.st.microxplorer.plugins.projectmanager.gui.ProjectChoiceTab.defineWindowsFields(ProjectChoiceTab.java:1940) ~[filemanager.jar:?]
	at com.st.microxplorer.plugins.projectmanager.gui.ProjectChoiceTab.updateSettings(ProjectChoiceTab.java:550) ~[filemanager.jar:?]
	at com.st.microxplorer.plugins.projectmanager.gui.ProjectSettingsPanel.UpdateDialog(ProjectSettingsPanel.java:245) ~[filemanager.jar:?]
	at com.st.microxplorer.plugins.projectmanager.ProjectManagerView.propertyChange(ProjectManagerView.java:391) ~[filemanager.jar:?]
	at java.beans.PropertyChangeSupport.fire(PropertyChangeSupport.java:343) ~[?:?]
	at java.beans.PropertyChangeSupport.firePropertyChange(PropertyChangeSupport.java:335) ~[?:?]
	at java.beans.PropertyChangeSupport.firePropertyChange(PropertyChangeSupport.java:268) ~[?:?]
	at com.st.microxplorer.util.MXPropertyChangeSupport.firePropertyChange(MXPropertyChangeSupport.java:54) ~[STM32CubeMX.jar:?]
	at com.st.microxplorer.mxsystem.MxSystem.closeConfig(MxSystem.java:900) ~[STM32CubeMX.jar:?]
	at com.st.microxplorer.maingui.MainPanel.closeConfig(MainPanel.java:781) ~[STM32CubeMX.jar:?]
	at com.st.microxplorer.plugins.filemanager.engine.OpenFileManager.loadConfigurationFile(OpenFileManager.java:265) ~[filemanager.jar:?]
	at com.st.microxplorer.plugins.filemanager.engine.MainFileManager.userLoadConfig(MainFileManager.java:352) ~[filemanager.jar:?]
	at com.st.microxplorer.plugins.filemanager.engine.MainFileManager.userLoadConfig(MainFileManager.java:330) ~[filemanager.jar:?]
	at com.st.microxplorer.plugins.filemanager.FileManagerView.getSpecificTask(FileManagerView.java:246) ~[filemanager.jar:?]
	at com.st.stm32cube.common.mx.editor.CubeMxEditor.getMxTabbedPaneInstance(CubeMxEditor.java:1198) ~[com.st.stm32cube.common.mx_6.12.0.202406281431/:?]
	at com.st.stm32cube.common.mx.editor.CubeMxEditor$12$1.createSwingComponent(CubeMxEditor.java:1068) ~[com.st.stm32cube.common.mx_6.12.0.202406281431/:?]
	at com.st.stm32cube.common.mx.oss.core.awtswtbridge.EmbeddedSwingComposite.doComponentCreation(EmbeddedSwingComposite.java:492) ~[com.st.stm32cube.common.mx.oss_6.12.0.202406281431/:?]
	at com.st.stm32cube.common.mx.oss.core.awtswtbridge.EmbeddedSwingComposite$4.run(EmbeddedSwingComposite.java:291) ~[com.st.stm32cube.common.mx.oss_6.12.0.202406281431/:?]
	at com.st.stm32cube.common.mx.oss.core.awtswtbridge.AwtEnvironment$2.run(AwtEnvironment.java:166) ~[com.st.stm32cube.common.mx.oss_6.12.0.202406281431/:?]
	at java.awt.event.InvocationEvent.dispatch(InvocationEvent.java:318) ~[?:?]
	at java.awt.EventQueue.dispatchEventImpl(EventQueue.java:773) ~[?:?]
	at java.awt.EventQueue$4.run(EventQueue.java:720) ~[?:?]
	at java.awt.EventQueue$4.run(EventQueue.java:714) ~[?:?]
	at java.security.AccessController.doPrivileged(AccessController.java:399) ~[?:?]
	at java.security.ProtectionDomain$JavaSecurityAccessImpl.doIntersectionPrivilege(ProtectionDomain.java:86) ~[?:?]
	at java.awt.EventQueue.dispatchEvent(EventQueue.java:742) ~[?:?]
	at java.awt.EventDispatchThread.pumpOneEventForFilters(EventDispatchThread.java:203) ~[?:?]
	at java.awt.EventDispatchThread.pumpEventsForFilter(EventDispatchThread.java:124) ~[?:?]
	at java.awt.EventDispatchThread.pumpEventsForHierarchy(EventDispatchThread.java:113) ~[?:?]
	at java.awt.EventDispatchThread.pumpEvents(EventDispatchThread.java:109) ~[?:?]
	at java.awt.EventDispatchThread.pumpEvents(EventDispatchThread.java:101) ~[?:?]
	at java.awt.EventDispatchThread.run(EventDispatchThread.java:90) ~[?:?]
2024-08-17 14:39:50,149 [WARN] ThirdParty:871 - waiting for thirdparty lock release [close project]
2024-08-17 14:39:50,149 [INFO] ThirdParty:873 - entering critical section [close project]
2024-08-17 14:39:50,149 [INFO] ThirdParty:883 - exiting critical section [close project]
2024-08-17 14:39:50,153 [INFO] PinOutPanel:1561 - setPackage(No Configuration,No Configuration)
2024-08-17 14:39:50,177 [WARN] IpParametersView:151 - Warning: This peripheral hasn't parameters
2024-08-17 14:39:50,199 [WARN] MainPanel:284 - <html><b><center>Warning: This peripheral has no parameters to be configured<br></b></html>
2024-08-17 14:39:50,203 [INFO] UtilMem:75 - Begin LoadConfig() Used Memory: 931011984 Bytes (1073741824)
2024-08-17 14:39:50,203 [INFO] MicroXplorer:468 - Change Database Path : 
2024-08-17 14:39:50,203 [INFO] MicroXplorer:498 - Change Database Version : DB.6.0.120
2024-08-17 14:39:50,203 [INFO] OpenFileManager:332 - Change cursor
2024-08-17 14:39:50,215 [INFO] Mcu:2032 - Initializing MCU STM32F767ZITx STM32F767ZITx STM32F767ZIT6
2024-08-17 14:39:51,589 [INFO] Context:742 - Trying to add GPIOservice into a context  which must be forbidden
2024-08-17 14:39:52,057 [WARN] ModelIntegratedComponent:63 - No mode defined for component null
2024-08-17 14:39:52,057 [WARN] ModelIntegratedComponent:63 - No mode defined for component null
2024-08-17 14:39:52,057 [WARN] ModelIntegratedComponent:63 - No mode defined for component null
2024-08-17 14:39:52,057 [WARN] ModelIntegratedComponent:63 - No mode defined for component null
2024-08-17 14:39:52,057 [WARN] ModelIntegratedComponent:63 - No mode defined for component null
2024-08-17 14:39:52,057 [WARN] ModelIntegratedComponent:63 - No mode defined for component null
2024-08-17 14:39:52,057 [WARN] ModelIntegratedComponent:63 - No mode defined for component null
2024-08-17 14:39:52,057 [WARN] ModelIntegratedComponent:63 - No mode defined for component null
2024-08-17 14:39:52,057 [WARN] ModelIntegratedComponent:63 - No mode defined for component null
2024-08-17 14:39:52,057 [WARN] ModelIntegratedComponent:63 - No mode defined for component null
2024-08-17 14:39:52,057 [WARN] ModelIntegratedComponent:63 - No mode defined for component null
2024-08-17 14:39:52,057 [WARN] ModelIntegratedComponent:63 - No mode defined for component null
2024-08-17 14:39:52,057 [WARN] ModelIntegratedComponent:63 - No mode defined for component null
2024-08-17 14:39:52,057 [WARN] ModelIntegratedComponent:63 - No mode defined for component null
2024-08-17 14:39:52,057 [WARN] ModelIntegratedComponent:63 - No mode defined for component null
2024-08-17 14:39:52,057 [WARN] ModelIntegratedComponent:63 - No mode defined for component null
2024-08-17 14:39:52,057 [WARN] ModelIntegratedComponent:63 - No mode defined for component null
2024-08-17 14:39:52,058 [WARN] ModelIntegratedComponent:63 - No mode defined for component null
2024-08-17 14:39:52,058 [WARN] ModelIntegratedComponent:63 - No mode defined for component null
2024-08-17 14:39:52,058 [WARN] ModelIntegratedComponent:63 - No mode defined for component null
2024-08-17 14:39:52,058 [WARN] ModelIntegratedComponent:63 - No mode defined for component null
2024-08-17 14:39:52,058 [WARN] ModelIntegratedComponent:63 - No mode defined for component null
2024-08-17 14:39:52,058 [WARN] ModelIntegratedComponent:63 - No mode defined for component null
2024-08-17 14:39:52,058 [WARN] ModelIntegratedComponent:63 - No mode defined for component null
2024-08-17 14:39:52,058 [WARN] ModelIntegratedComponent:63 - No mode defined for component null
2024-08-17 14:39:52,058 [WARN] ModelIntegratedComponent:63 - No mode defined for component null
2024-08-17 14:39:52,058 [WARN] ModelIntegratedComponent:63 - No mode defined for component null
2024-08-17 14:39:52,058 [WARN] ModelIntegratedComponent:63 - No mode defined for component null
2024-08-17 14:39:52,058 [WARN] ModelIntegratedComponent:63 - No mode defined for component null
2024-08-17 14:39:52,058 [WARN] ModelIntegratedComponent:63 - No mode defined for component null
2024-08-17 14:39:52,058 [WARN] ModelIntegratedComponent:63 - No mode defined for component null
2024-08-17 14:39:52,058 [WARN] ModelIntegratedComponent:63 - No mode defined for component null
2024-08-17 14:39:52,058 [WARN] ModelIntegratedComponent:63 - No mode defined for component null
2024-08-17 14:39:52,058 [WARN] ModelIntegratedComponent:63 - No mode defined for component null
2024-08-17 14:39:52,058 [WARN] ModelIntegratedComponent:63 - No mode defined for component null
2024-08-17 14:39:52,058 [WARN] ModelPack:524 - Component already loaded: STMicroelectronics:HAL Drivers:0.0.0:STMicroelectronics:Device:STMicro_Driver:XSPI:HAL::0.0.1:HAL_XSPI
2024-08-17 14:39:52,061 [INFO] RtosManager:555 - Registered RTOS mode: class=CMSIS, group=RTOS, mode=CMSIS_V1, owner=FREERTOS
2024-08-17 14:39:52,062 [INFO] RtosManager:555 - Registered RTOS mode: class=CMSIS, group=RTOS2, mode=CMSIS_V2, owner=FREERTOS
2024-08-17 14:39:52,062 [INFO] RtosManager:555 - Registered RTOS mode: class=RTOS, group=Core, mode=CMSIS_V1, owner=FREERTOS
2024-08-17 14:39:52,062 [INFO] RtosManager:555 - Registered RTOS mode: class=RTOS, group=Core, mode=CMSIS_V2, owner=FREERTOS
2024-08-17 14:39:52,062 [WARN] ModelIntegratedComponent:184 - Missing modes for component STMicroelectronics:FreeRTOS:0.0.1:STMicroelectronics:RTOS:FreeRTOS:Core:::10.2.0:
2024-08-17 14:39:52,064 [INFO] ThirdPartyModel:298 - Start build external matchings
2024-08-17 14:39:52,068 [INFO] ThirdPartyModel:316 - End build external matchings
2024-08-17 14:39:52,301 [INFO] UtilMem:75 - End LoadConfig() Used Memory: 488994520 Bytes (1073741824)
2024-08-17 14:39:52,420 [WARN] ThirdParty:833 - waiting for thirdparty lock release [change project]
2024-08-17 14:39:52,422 [INFO] ThirdParty:835 - entering critical section [change project]
2024-08-17 14:39:52,422 [INFO] ThirdParty:1030 - CMSIS Pack Vendor :STMicroelectronics USBPD 4.1
2024-08-17 14:39:52,422 [INFO] ThirdParty:1030 - CMSIS Pack Vendor :STMicroelectronics X-CUBE-DISPLAY 3.0.0
2024-08-17 14:39:52,422 [INFO] ThirdParty:1030 - CMSIS Pack Vendor :STMicroelectronics X-CUBE-GNSS1 6.0.0
2024-08-17 14:39:52,422 [INFO] ThirdParty:1030 - CMSIS Pack Vendor :STMicroelectronics USB_HOST 2.0.0
2024-08-17 14:39:52,422 [INFO] ThirdParty:1030 - CMSIS Pack Vendor :STMicroelectronics FP-SNS-MOTENVWB1 1.4.0
2024-08-17 14:39:52,422 [INFO] ThirdParty:1030 - CMSIS Pack Vendor :STMicroelectronics LIBJPEG 8.0.0
2024-08-17 14:39:52,422 [INFO] ThirdParty:1030 - CMSIS Pack Vendor :STMicroelectronics X-CUBE-BLE1 7.0.0
2024-08-17 14:39:52,422 [INFO] ThirdParty:1030 - CMSIS Pack Vendor :STMicroelectronics FP-ATR-SIGFOX1 3.2.0
2024-08-17 14:39:52,422 [INFO] ThirdParty:1030 - CMSIS Pack Vendor :STMicroelectronics USB_DEVICE 3.0.0
2024-08-17 14:39:52,422 [INFO] ThirdParty:1030 - CMSIS Pack Vendor :STMicroelectronics X-CUBE-EEPRMA1 5.1.0
2024-08-17 14:39:52,422 [INFO] ThirdParty:1030 - CMSIS Pack Vendor :STMicroelectronics HAL Drivers 0.0.0
2024-08-17 14:39:52,422 [INFO] ThirdParty:1030 - CMSIS Pack Vendor :STMicroelectronics MBEDTLS 2.16.2
2024-08-17 14:39:52,422 [INFO] ThirdParty:1030 - CMSIS Pack Vendor :STMicroelectronics X-CUBE-FREERTOS 1.2.0
2024-08-17 14:39:52,422 [INFO] ThirdParty:1030 - CMSIS Pack Vendor :STMicroelectronics X-CUBE-ALS 1.0.2
2024-08-17 14:39:52,422 [INFO] ThirdParty:1030 - CMSIS Pack Vendor :STMicroelectronics MBEDTLS 2.14.1
2024-08-17 14:39:52,422 [INFO] ThirdParty:1030 - CMSIS Pack Vendor :STMicroelectronics USB_DEVICE 2.0.0
2024-08-17 14:39:52,422 [INFO] ThirdParty:1030 - CMSIS Pack Vendor :STMicroelectronics X-CUBE-BLEMGR 3.1.0
2024-08-17 14:39:52,422 [INFO] ThirdParty:1030 - CMSIS Pack Vendor :STMicroelectronics ThreadX 1.0.0
2024-08-17 14:39:52,422 [INFO] ThirdParty:1030 - CMSIS Pack Vendor :STMicroelectronics FP-SNS-SMARTAG2 1.2.0
2024-08-17 14:39:52,422 [INFO] ThirdParty:1030 - CMSIS Pack Vendor :STMicroelectronics FreeRTOS 0.0.1
2024-08-17 14:39:52,422 [INFO] ThirdParty:1030 - CMSIS Pack Vendor :STMicroelectronics FP-SNS-MOTENV1 5.0.0
2024-08-17 14:39:52,422 [INFO] ThirdParty:1030 - CMSIS Pack Vendor :STMicroelectronics USB_DEVICE 1.0.0
2024-08-17 14:39:52,422 [INFO] ThirdParty:1030 - CMSIS Pack Vendor :STMicroelectronics STM32_WPAN 1.0.0
2024-08-17 14:39:52,422 [INFO] ThirdParty:1030 - CMSIS Pack Vendor :STMicroelectronics ThreadX 0.0.2
2024-08-17 14:39:52,422 [INFO] ThirdParty:1030 - CMSIS Pack Vendor :STMicroelectronics FP-ATR-ASTRA1 2.0.0
2024-08-17 14:39:52,422 [INFO] ThirdParty:1030 - CMSIS Pack Vendor :STMicroelectronics lwIP 2.0.3
2024-08-17 14:39:52,422 [INFO] ThirdParty:1030 - CMSIS Pack Vendor :STMicroelectronics lwIP 2.1.2
2024-08-17 14:39:52,422 [INFO] ThirdParty:1030 - CMSIS Pack Vendor :STMicroelectronics FP-SNS-FLIGHT1 5.0.2
2024-08-17 14:39:52,422 [INFO] ThirdParty:1030 - CMSIS Pack Vendor :STMicroelectronics X-CUBE-BLE2 3.3.0
2024-08-17 14:39:52,422 [INFO] ThirdParty:1030 - CMSIS Pack Vendor :STMicroelectronics USB_HOST 1.0.0
2024-08-17 14:39:52,423 [INFO] ThirdParty:1030 - CMSIS Pack Vendor :STMicroelectronics X-CUBE-AI 9.0.0
2024-08-17 14:39:52,423 [INFO] ThirdParty:1030 - CMSIS Pack Vendor :STMicroelectronics PDM2PCM 3.1.0
2024-08-17 14:39:52,423 [INFO] ThirdParty:1030 - CMSIS Pack Vendor :STMicroelectronics PDM2PCM 3.2.0
2024-08-17 14:39:52,424 [INFO] ThirdParty:1030 - CMSIS Pack Vendor :STMicroelectronics PDM2PCM 3.3.0
2024-08-17 14:39:52,427 [INFO] ThirdParty:841 - exiting critical section [change project]
2024-08-17 14:39:52,714 [INFO] PinOutPanel:1561 - setPackage(No Configuration,No Configuration)
2024-08-17 14:39:52,716 [INFO] PinOutPanel:1561 - setPackage(STM32F767ZITx,LQFP144)
2024-08-17 14:39:53,021 [INFO] UtilMem:75 - Before build in PCC Used Memory: 818247384 Bytes (1073741824)
2024-08-17 14:39:53,198 [INFO] UtilMem:75 - After build in PCC Used Memory: 868579032 Bytes (1073741824)
2024-08-17 14:39:53,217 [INFO] IPUIPlugin:80 - create IPUIPlugin
2024-08-17 14:39:53,218 [INFO] IPUIPlugin:80 - create IPUIPlugin
2024-08-17 14:39:53,218 [INFO] IPUIPlugin:80 - create IPUIPlugin
2024-08-17 14:39:53,218 [INFO] IPUIPlugin:80 - create IPUIPlugin
2024-08-17 14:39:53,218 [INFO] IPUIPlugin:80 - create IPUIPlugin
2024-08-17 14:39:53,218 [INFO] IPUIPlugin:80 - create IPUIPlugin
2024-08-17 14:39:53,218 [INFO] IPUIPlugin:80 - create IPUIPlugin
2024-08-17 14:39:53,218 [INFO] IPUIPlugin:80 - create IPUIPlugin
2024-08-17 14:39:53,218 [INFO] IPUIPlugin:80 - create IPUIPlugin
2024-08-17 14:39:53,218 [INFO] IPUIPlugin:80 - create IPUIPlugin
2024-08-17 14:39:53,218 [INFO] IPUIPlugin:80 - create IPUIPlugin
2024-08-17 14:39:53,219 [INFO] IPUIPlugin:80 - create IPUIPlugin
2024-08-17 14:39:53,219 [INFO] IPUIPlugin:80 - create IPUIPlugin
2024-08-17 14:39:53,219 [INFO] IPUIPlugin:80 - create IPUIPlugin
2024-08-17 14:39:53,219 [INFO] IPUIPlugin:80 - create IPUIPlugin
2024-08-17 14:39:53,219 [INFO] IPUIPlugin:80 - create IPUIPlugin
2024-08-17 14:39:53,219 [INFO] IPUIPlugin:80 - create IPUIPlugin
2024-08-17 14:39:53,219 [INFO] IPUIPlugin:80 - create IPUIPlugin
2024-08-17 14:39:53,219 [INFO] IPUIPlugin:80 - create IPUIPlugin
2024-08-17 14:39:53,220 [INFO] IPUIPlugin:80 - create IPUIPlugin
2024-08-17 14:39:53,220 [INFO] IPUIPlugin:80 - create IPUIPlugin
2024-08-17 14:39:53,220 [INFO] IPUIPlugin:80 - create IPUIPlugin
2024-08-17 14:39:53,220 [INFO] IPUIPlugin:80 - create IPUIPlugin
2024-08-17 14:39:53,220 [INFO] IPUIPlugin:80 - create IPUIPlugin
2024-08-17 14:39:53,220 [INFO] IPUIPlugin:80 - create IPUIPlugin
2024-08-17 14:39:53,221 [INFO] IPUIPlugin:80 - create IPUIPlugin
2024-08-17 14:39:53,221 [INFO] IPUIPlugin:80 - create IPUIPlugin
2024-08-17 14:39:53,221 [INFO] IPUIPlugin:80 - create IPUIPlugin
2024-08-17 14:39:53,221 [INFO] IPUIPlugin:80 - create IPUIPlugin
2024-08-17 14:39:53,221 [INFO] IPUIPlugin:80 - create IPUIPlugin
2024-08-17 14:39:53,221 [INFO] IPUIPlugin:80 - create IPUIPlugin
2024-08-17 14:39:53,222 [INFO] IPUIPlugin:80 - create IPUIPlugin
2024-08-17 14:39:53,222 [INFO] IPUIPlugin:80 - create IPUIPlugin
2024-08-17 14:39:53,222 [INFO] IPUIPlugin:80 - create IPUIPlugin
2024-08-17 14:39:53,222 [INFO] IPUIPlugin:80 - create IPUIPlugin
2024-08-17 14:39:53,222 [INFO] IPUIPlugin:80 - create IPUIPlugin
2024-08-17 14:39:53,222 [INFO] IPUIPlugin:80 - create IPUIPlugin
2024-08-17 14:39:53,223 [INFO] IPUIPlugin:80 - create IPUIPlugin
2024-08-17 14:39:53,223 [INFO] IPUIPlugin:80 - create IPUIPlugin
2024-08-17 14:39:53,223 [INFO] IPUIPlugin:80 - create IPUIPlugin
2024-08-17 14:39:53,224 [INFO] IPUIPlugin:80 - create IPUIPlugin
2024-08-17 14:39:53,224 [INFO] IPUIPlugin:80 - create IPUIPlugin
2024-08-17 14:39:53,224 [INFO] IPUIPlugin:80 - create IPUIPlugin
2024-08-17 14:39:53,224 [INFO] IPUIPlugin:80 - create IPUIPlugin
2024-08-17 14:39:53,224 [INFO] IPUIPlugin:80 - create IPUIPlugin
2024-08-17 14:39:53,224 [INFO] IPUIPlugin:80 - create IPUIPlugin
2024-08-17 14:39:53,224 [INFO] IPUIPlugin:80 - create IPUIPlugin
2024-08-17 14:39:53,224 [INFO] IPUIPlugin:80 - create IPUIPlugin
2024-08-17 14:39:53,225 [INFO] IPUIPlugin:80 - create IPUIPlugin
2024-08-17 14:39:53,225 [INFO] IPUIPlugin:80 - create IPUIPlugin
2024-08-17 14:39:53,225 [INFO] IPUIPlugin:80 - create IPUIPlugin
2024-08-17 14:39:53,225 [INFO] IPUIPlugin:80 - create IPUIPlugin
2024-08-17 14:39:53,225 [INFO] IPUIPlugin:80 - create IPUIPlugin
2024-08-17 14:39:53,225 [INFO] IPUIPlugin:80 - create IPUIPlugin
2024-08-17 14:39:53,225 [INFO] IPUIPlugin:80 - create IPUIPlugin
2024-08-17 14:39:53,226 [INFO] IPUIPlugin:80 - create IPUIPlugin
2024-08-17 14:39:53,226 [INFO] IPUIPlugin:80 - create IPUIPlugin
2024-08-17 14:39:53,226 [INFO] IPUIPlugin:80 - create IPUIPlugin
2024-08-17 14:39:53,226 [INFO] IPUIPlugin:80 - create IPUIPlugin
2024-08-17 14:39:53,226 [INFO] IPUIPlugin:80 - create IPUIPlugin
2024-08-17 14:39:53,226 [INFO] IPUIPlugin:80 - create IPUIPlugin
2024-08-17 14:39:53,226 [INFO] IPUIPlugin:80 - create IPUIPlugin
2024-08-17 14:39:53,226 [INFO] IPUIPlugin:80 - create IPUIPlugin
2024-08-17 14:39:53,226 [INFO] IPUIPlugin:80 - create IPUIPlugin
2024-08-17 14:39:53,226 [INFO] IPUIPlugin:80 - create IPUIPlugin
2024-08-17 14:39:53,226 [INFO] IPUIPlugin:80 - create IPUIPlugin
2024-08-17 14:39:53,227 [INFO] IPUIPlugin:80 - create IPUIPlugin
2024-08-17 14:39:53,227 [INFO] IPUIPlugin:80 - create IPUIPlugin
2024-08-17 14:39:53,227 [INFO] IPUIPlugin:80 - create IPUIPlugin
2024-08-17 14:39:53,227 [INFO] IPUIPlugin:80 - create IPUIPlugin
2024-08-17 14:39:53,228 [INFO] IPUIPlugin:80 - create IPUIPlugin
2024-08-17 14:39:53,228 [INFO] IPUIPlugin:80 - create IPUIPlugin
2024-08-17 14:39:53,228 [INFO] IPUIPlugin:80 - create IPUIPlugin
2024-08-17 14:39:53,228 [INFO] IPUIPlugin:80 - create IPUIPlugin
2024-08-17 14:39:53,228 [INFO] IPUIPlugin:80 - create IPUIPlugin
2024-08-17 14:39:53,229 [INFO] IPUIPlugin:80 - create IPUIPlugin
2024-08-17 14:39:53,229 [INFO] IPUIPlugin:80 - create IPUIPlugin
2024-08-17 14:39:53,230 [INFO] IPUIPlugin:80 - create IPUIPlugin
2024-08-17 14:39:53,230 [INFO] IPUIPlugin:80 - create IPUIPlugin
2024-08-17 14:39:53,235 [INFO] ApiDbMcu:508 - Load IP Config File for PDM2PCM
2024-08-17 14:39:53,264 [INFO] CADModel:165 - CPN selected for project levelSTM32F767ZIT6
2024-08-17 14:39:53,264 [INFO] CADModel:114 - Register for checkConnection events
2024-08-17 14:39:53,305 [INFO] OpenFileManager:363 - Restore cursor
2024-08-17 14:40:31,183 [INFO] UtilMem:75 - End SaveConfig() Used Memory: 419584296 Bytes (1048576000)
2024-08-17 14:40:31,316 [INFO] UtilMem:75 - End SaveConfig() Used Memory: 449993000 Bytes (1048576000)
2024-08-17 14:40:34,635 [INFO] UtilMem:75 - End SaveConfig() Used Memory: 507142440 Bytes (1048576000)
2024-08-17 14:40:35,119 [INFO] BlockDiagram:2766 - set Specific Code input for plugin: SYS
2024-08-17 14:40:35,122 [INFO] BlockDiagram:2766 - set Specific Code input for plugin: RCC
2024-08-17 14:40:35,122 [INFO] BlockDiagram:2766 - set Specific Code input for plugin: NVIC
2024-08-17 14:40:35,122 [INFO] BlockDiagram:2766 - set Specific Code input for plugin: USART
2024-08-17 14:40:35,122 [INFO] BlockDiagram:2766 - set Specific Code input for plugin: CORTEX_M7
2024-08-17 14:40:35,123 [INFO] BlockDiagram:2766 - set Specific Code input for plugin: GPIO
2024-08-17 14:40:35,124 [INFO] CodeGenerator:807 - code generatio: config db path: /Applications/STM32CubeIDE.app/Contents/Eclipse/plugins/com.st.stm32cube.common.mx_6.12.0.202406281431//db/
2024-08-17 14:40:35,237 [INFO] CodeEngine:255 - oldGeneratedFile, /Users/kitton/STM32CubeIDE/MAD_LAB/Special_Lab01/MXTmpFiles/license.tmp_save
2024-08-17 14:40:35,360 [INFO] CodeEngine:279 - Generated code: /Users/kitton/STM32CubeIDE/MAD_LAB/Special_Lab01/MXTmpFiles/license.tmp
2024-08-17 14:40:35,410 [INFO] CodeEngine:255 - oldGeneratedFile, /Users/kitton/STM32CubeIDE/MAD_LAB/Special_Lab01/Core/Src/gpio.c_save
2024-08-17 14:40:35,488 [INFO] CodeEngine:279 - Generated code: /Users/kitton/STM32CubeIDE/MAD_LAB/Special_Lab01/Core/Src/gpio.c
2024-08-17 14:40:35,490 [INFO] CodeEngine:255 - oldGeneratedFile, /Users/kitton/STM32CubeIDE/MAD_LAB/Special_Lab01/Core/Inc/gpio.h_save
2024-08-17 14:40:35,533 [INFO] CodeEngine:279 - Generated code: /Users/kitton/STM32CubeIDE/MAD_LAB/Special_Lab01/Core/Inc/gpio.h
2024-08-17 14:40:35,592 [INFO] CodeEngine:255 - oldGeneratedFile, /Users/kitton/STM32CubeIDE/MAD_LAB/Special_Lab01/MXTmpFiles/cortex.tmp_save
2024-08-17 14:40:35,664 [INFO] CodeEngine:279 - Generated code: /Users/kitton/STM32CubeIDE/MAD_LAB/Special_Lab01/MXTmpFiles/cortex.tmp
2024-08-17 14:40:35,667 [INFO] CodeEngine:255 - oldGeneratedFile, /Users/kitton/STM32CubeIDE/MAD_LAB/Special_Lab01/Core/Src/usart.c_save
2024-08-17 14:40:35,760 [INFO] CodeEngine:279 - Generated code: /Users/kitton/STM32CubeIDE/MAD_LAB/Special_Lab01/Core/Src/usart.c
2024-08-17 14:40:35,762 [INFO] CodeEngine:255 - oldGeneratedFile, /Users/kitton/STM32CubeIDE/MAD_LAB/Special_Lab01/Core/Inc/usart.h_save
2024-08-17 14:40:35,805 [INFO] CodeEngine:279 - Generated code: /Users/kitton/STM32CubeIDE/MAD_LAB/Special_Lab01/Core/Inc/usart.h
2024-08-17 14:40:35,812 [INFO] CodeEngine:255 - oldGeneratedFile, /Users/kitton/STM32CubeIDE/MAD_LAB/Special_Lab01/Core/Src/stm32f7xx_it.c_save
2024-08-17 14:40:35,979 [INFO] CodeEngine:279 - Generated code: /Users/kitton/STM32CubeIDE/MAD_LAB/Special_Lab01/Core/Src/stm32f7xx_it.c
2024-08-17 14:40:35,990 [INFO] CodeEngine:255 - oldGeneratedFile, /Users/kitton/STM32CubeIDE/MAD_LAB/Special_Lab01/Core/Inc/stm32f7xx_it.h_save
2024-08-17 14:40:36,040 [INFO] CodeEngine:279 - Generated code: /Users/kitton/STM32CubeIDE/MAD_LAB/Special_Lab01/Core/Inc/stm32f7xx_it.h
2024-08-17 14:40:36,052 [INFO] CodeEngine:255 - oldGeneratedFile, /Users/kitton/STM32CubeIDE/MAD_LAB/Special_Lab01/Core/Src/stm32f7xx_hal_msp.c_save
2024-08-17 14:40:36,116 [INFO] CodeEngine:279 - Generated code: /Users/kitton/STM32CubeIDE/MAD_LAB/Special_Lab01/Core/Src/stm32f7xx_hal_msp.c
2024-08-17 14:40:36,118 [INFO] CodeEngine:255 - oldGeneratedFile, /Users/kitton/STM32CubeIDE/MAD_LAB/Special_Lab01/MXTmpFiles/system.tmp_save
2024-08-17 14:40:36,157 [INFO] CodeEngine:279 - Generated code: /Users/kitton/STM32CubeIDE/MAD_LAB/Special_Lab01/MXTmpFiles/system.tmp
2024-08-17 14:40:36,166 [INFO] CodeEngine:311 - oldGeneratedFile, /Users/kitton/STM32CubeIDE/MAD_LAB/Special_Lab01/Core/Inc/stm32f7xx_hal_conf.h_save
2024-08-17 14:40:36,247 [INFO] CodeEngine:335 - Generated code: /Users/kitton/STM32CubeIDE/MAD_LAB/Special_Lab01/Core/Inc/stm32f7xx_hal_conf.h
2024-08-17 14:40:36,318 [INFO] CodeEngine:255 - oldGeneratedFile, /Users/kitton/STM32CubeIDE/MAD_LAB/Special_Lab01/Core/Inc/main.h_save
2024-08-17 14:40:36,418 [INFO] CodeEngine:279 - Generated code: /Users/kitton/STM32CubeIDE/MAD_LAB/Special_Lab01/Core/Inc/main.h
2024-08-17 14:40:36,423 [INFO] CodeEngine:255 - oldGeneratedFile, /Users/kitton/STM32CubeIDE/MAD_LAB/Special_Lab01/Core/Src/main.c_save
2024-08-17 14:40:36,501 [INFO] CodeEngine:279 - Generated code: /Users/kitton/STM32CubeIDE/MAD_LAB/Special_Lab01/Core/Src/main.c
2024-08-17 14:40:36,690 [INFO] ProjectBuilder:3249 - Time for Copy HAL[1] : 54mS.
2024-08-17 14:40:36,695 [INFO] ProjectBuilder:4828 - Project Generator version: 4.4.0-B60
2024-08-17 14:40:36,749 [INFO] ConfigFileManager:1531 - The Die is : DIE451
2024-08-17 14:40:36,755 [INFO] ApiDbMcu:508 - Load IP Config File for FATFS
2024-08-17 14:40:36,759 [INFO] ApiDbMcu:508 - Load IP Config File for FREERTOS
2024-08-17 14:40:36,760 [INFO] ApiDbMcu:508 - Load IP Config File for LIBJPEG
2024-08-17 14:40:36,764 [INFO] ApiDbMcu:508 - Load IP Config File for LWIP
2024-08-17 14:40:36,767 [INFO] ApiDbMcu:508 - Load IP Config File for MBEDTLS
2024-08-17 14:40:36,776 [INFO] ApiDbMcu:508 - Load IP Config File for USB_DEVICE
2024-08-17 14:40:36,787 [INFO] ApiDbMcu:508 - Load IP Config File for USB_HOST
2024-08-17 14:40:37,621 [INFO] ProjectBuilder:5097 - Time for Generating toolchain IDE Files: 926mS.
2024-08-17 14:40:37,622 [INFO] ProjectBuilder:3107 - Time for Copy CMSIS : 0mS.
2024-08-17 14:40:37,622 [INFO] ProjectBuilder:3107 - Time for Copy CMSIS : 0mS.
2024-08-17 15:01:44,091 [INFO] NvicIntPanel:101 - NVIC parent = com.st.microxplorer.plugins.ip.nvic.MultiNvicIntPanel[,0,0,461x241,layout=javax.swing.BoxLayout,alignmentX=0.0,alignmentY=0.0,border=,flags=9,maximumSize=,minimumSize=,preferredSize=]
2024-08-17 15:01:45,613 [INFO] NvicIntPanel:101 - NVIC parent = com.st.microxplorer.plugins.ip.nvic.MultiNvicIntPanel[,0,0,0x0,invalid,layout=javax.swing.BoxLayout,alignmentX=0.0,alignmentY=0.0,border=,flags=9,maximumSize=,minimumSize=,preferredSize=]
2024-08-17 15:02:13,216 [INFO] UtilMem:75 - End SaveConfig() Used Memory: 628752712 Bytes (1006632960)
2024-08-17 15:02:13,343 [INFO] UtilMem:75 - End SaveConfig() Used Memory: 658639176 Bytes (1006632960)
2024-08-17 15:02:15,036 [INFO] UtilMem:75 - End SaveConfig() Used Memory: 744934248 Bytes (1006632960)
2024-08-17 15:02:15,421 [INFO] BlockDiagram:2766 - set Specific Code input for plugin: SYS
2024-08-17 15:02:15,424 [INFO] BlockDiagram:2766 - set Specific Code input for plugin: RCC
2024-08-17 15:02:15,424 [INFO] BlockDiagram:2766 - set Specific Code input for plugin: NVIC
2024-08-17 15:02:15,424 [INFO] BlockDiagram:2766 - set Specific Code input for plugin: USART
2024-08-17 15:02:15,424 [INFO] BlockDiagram:2766 - set Specific Code input for plugin: CORTEX_M7
2024-08-17 15:02:15,427 [INFO] BlockDiagram:2766 - set Specific Code input for plugin: GPIO
2024-08-17 15:02:15,428 [INFO] CodeGenerator:807 - code generatio: config db path: /Applications/STM32CubeIDE.app/Contents/Eclipse/plugins/com.st.stm32cube.common.mx_6.12.0.202406281431//db/
2024-08-17 15:02:15,541 [INFO] CodeEngine:255 - oldGeneratedFile, /Users/kitton/STM32CubeIDE/MAD_LAB/Special_Lab01/MXTmpFiles/license.tmp_save
2024-08-17 15:02:15,633 [INFO] CodeEngine:279 - Generated code: /Users/kitton/STM32CubeIDE/MAD_LAB/Special_Lab01/MXTmpFiles/license.tmp
2024-08-17 15:02:15,645 [INFO] CodeEngine:255 - oldGeneratedFile, /Users/kitton/STM32CubeIDE/MAD_LAB/Special_Lab01/Core/Src/gpio.c_save
2024-08-17 15:02:15,706 [INFO] CodeEngine:279 - Generated code: /Users/kitton/STM32CubeIDE/MAD_LAB/Special_Lab01/Core/Src/gpio.c
2024-08-17 15:02:15,707 [INFO] CodeEngine:255 - oldGeneratedFile, /Users/kitton/STM32CubeIDE/MAD_LAB/Special_Lab01/Core/Inc/gpio.h_save
2024-08-17 15:02:15,747 [INFO] CodeEngine:279 - Generated code: /Users/kitton/STM32CubeIDE/MAD_LAB/Special_Lab01/Core/Inc/gpio.h
2024-08-17 15:02:15,812 [INFO] CodeEngine:255 - oldGeneratedFile, /Users/kitton/STM32CubeIDE/MAD_LAB/Special_Lab01/MXTmpFiles/cortex.tmp_save
2024-08-17 15:02:15,863 [INFO] CodeEngine:279 - Generated code: /Users/kitton/STM32CubeIDE/MAD_LAB/Special_Lab01/MXTmpFiles/cortex.tmp
2024-08-17 15:02:15,867 [INFO] CodeEngine:255 - oldGeneratedFile, /Users/kitton/STM32CubeIDE/MAD_LAB/Special_Lab01/Core/Src/usart.c_save
2024-08-17 15:02:15,941 [INFO] CodeEngine:279 - Generated code: /Users/kitton/STM32CubeIDE/MAD_LAB/Special_Lab01/Core/Src/usart.c
2024-08-17 15:02:15,943 [INFO] CodeEngine:255 - oldGeneratedFile, /Users/kitton/STM32CubeIDE/MAD_LAB/Special_Lab01/Core/Inc/usart.h_save
2024-08-17 15:02:15,984 [INFO] CodeEngine:279 - Generated code: /Users/kitton/STM32CubeIDE/MAD_LAB/Special_Lab01/Core/Inc/usart.h
2024-08-17 15:02:15,989 [INFO] CodeEngine:255 - oldGeneratedFile, /Users/kitton/STM32CubeIDE/MAD_LAB/Special_Lab01/Core/Src/stm32f7xx_it.c_save
2024-08-17 15:02:16,097 [INFO] CodeEngine:279 - Generated code: /Users/kitton/STM32CubeIDE/MAD_LAB/Special_Lab01/Core/Src/stm32f7xx_it.c
2024-08-17 15:02:16,100 [INFO] CodeEngine:255 - oldGeneratedFile, /Users/kitton/STM32CubeIDE/MAD_LAB/Special_Lab01/Core/Inc/stm32f7xx_it.h_save
2024-08-17 15:02:16,144 [INFO] CodeEngine:279 - Generated code: /Users/kitton/STM32CubeIDE/MAD_LAB/Special_Lab01/Core/Inc/stm32f7xx_it.h
2024-08-17 15:02:16,151 [INFO] CodeEngine:255 - oldGeneratedFile, /Users/kitton/STM32CubeIDE/MAD_LAB/Special_Lab01/Core/Src/stm32f7xx_hal_msp.c_save
2024-08-17 15:02:16,207 [INFO] CodeEngine:279 - Generated code: /Users/kitton/STM32CubeIDE/MAD_LAB/Special_Lab01/Core/Src/stm32f7xx_hal_msp.c
2024-08-17 15:02:16,208 [INFO] CodeEngine:255 - oldGeneratedFile, /Users/kitton/STM32CubeIDE/MAD_LAB/Special_Lab01/MXTmpFiles/system.tmp_save
2024-08-17 15:02:16,252 [INFO] CodeEngine:279 - Generated code: /Users/kitton/STM32CubeIDE/MAD_LAB/Special_Lab01/MXTmpFiles/system.tmp
2024-08-17 15:02:16,254 [INFO] CodeEngine:311 - oldGeneratedFile, /Users/kitton/STM32CubeIDE/MAD_LAB/Special_Lab01/Core/Inc/stm32f7xx_hal_conf.h_save
2024-08-17 15:02:16,301 [INFO] CodeEngine:335 - Generated code: /Users/kitton/STM32CubeIDE/MAD_LAB/Special_Lab01/Core/Inc/stm32f7xx_hal_conf.h
2024-08-17 15:02:16,313 [INFO] CodeEngine:255 - oldGeneratedFile, /Users/kitton/STM32CubeIDE/MAD_LAB/Special_Lab01/Core/Inc/main.h_save
2024-08-17 15:02:16,402 [INFO] CodeEngine:279 - Generated code: /Users/kitton/STM32CubeIDE/MAD_LAB/Special_Lab01/Core/Inc/main.h
2024-08-17 15:02:16,411 [INFO] CodeEngine:255 - oldGeneratedFile, /Users/kitton/STM32CubeIDE/MAD_LAB/Special_Lab01/Core/Src/main.c_save
2024-08-17 15:02:16,495 [INFO] CodeEngine:279 - Generated code: /Users/kitton/STM32CubeIDE/MAD_LAB/Special_Lab01/Core/Src/main.c
2024-08-17 15:02:16,685 [INFO] ProjectBuilder:3249 - Time for Copy HAL[1] : 51mS.
2024-08-17 15:02:16,688 [INFO] ProjectBuilder:4828 - Project Generator version: 4.4.0-B60
2024-08-17 15:02:16,740 [INFO] ConfigFileManager:1531 - The Die is : DIE451
2024-08-17 15:02:17,522 [INFO] ProjectBuilder:5097 - Time for Generating toolchain IDE Files: 834mS.
2024-08-17 15:02:17,522 [INFO] ProjectBuilder:3107 - Time for Copy CMSIS : 0mS.
2024-08-17 15:02:17,523 [INFO] ProjectBuilder:3107 - Time for Copy CMSIS : 0mS.
2024-08-17 15:08:52,572 [INFO] MainUpdater:2873 - connection check result : 10
2024-08-17 15:08:52,575 [INFO] MainUpdater:2873 - connection check result : 10
2024-08-17 15:08:52,812 [INFO] MicroXplorer:468 - Change Database Path : 
2024-08-17 15:08:52,813 [INFO] MicroXplorer:498 - Change Database Version : DB.6.0.120
2024-08-17 15:08:52,856 [ERROR] ProjectManagerView:394 - 
java.lang.NullPointerException: Cannot invoke "javax.swing.JTextField.getText()" because the return value of "java.util.List.get(int)" is null
	at com.st.microxplorer.plugins.projectmanager.gui.ProjectChoiceTab$10.caretUpdate(ProjectChoiceTab.java:2622) ~[filemanager.jar:?]
	at javax.swing.text.JTextComponent.fireCaretUpdate(JTextComponent.java:412) ~[?:?]
	at javax.swing.text.JTextComponent$MutableCaretEvent.fire(JTextComponent.java:4491) ~[?:?]
	at javax.swing.text.JTextComponent$MutableCaretEvent.stateChanged(JTextComponent.java:4513) ~[?:?]
	at javax.swing.text.DefaultCaret.fireStateChanged(DefaultCaret.java:842) ~[?:?]
	at javax.swing.text.DefaultCaret.changeCaretPosition(DefaultCaret.java:1313) ~[?:?]
	at javax.swing.text.DefaultCaret.handleSetDot(DefaultCaret.java:1212) ~[?:?]
	at javax.swing.text.DefaultCaret.setDot(DefaultCaret.java:1193) ~[?:?]
	at javax.swing.text.DefaultCaret$Handler.insertUpdate(DefaultCaret.java:1789) ~[?:?]
	at javax.swing.text.AbstractDocument.fireInsertUpdate(AbstractDocument.java:226) ~[?:?]
	at javax.swing.text.AbstractDocument.handleInsertString(AbstractDocument.java:780) ~[?:?]
	at javax.swing.text.AbstractDocument.insertString(AbstractDocument.java:739) ~[?:?]
	at javax.swing.text.PlainDocument.insertString(PlainDocument.java:131) ~[?:?]
	at javax.swing.text.AbstractDocument.replace(AbstractDocument.java:698) ~[?:?]
	at javax.swing.text.JTextComponent.setText(JTextComponent.java:1729) ~[?:?]
	at com.st.microxplorer.plugins.projectmanager.gui.ProjectChoiceTab.createHeapStackFields(ProjectChoiceTab.java:972) ~[filemanager.jar:?]
	at com.st.microxplorer.plugins.projectmanager.gui.ProjectChoiceTab.buildLinkSettingsPanel(ProjectChoiceTab.java:3597) ~[filemanager.jar:?]
	at com.st.microxplorer.plugins.projectmanager.gui.ProjectChoiceTab.defineWindowsFields(ProjectChoiceTab.java:1940) ~[filemanager.jar:?]
	at com.st.microxplorer.plugins.projectmanager.gui.ProjectChoiceTab.updateSettings(ProjectChoiceTab.java:550) ~[filemanager.jar:?]
	at com.st.microxplorer.plugins.projectmanager.gui.ProjectSettingsPanel.UpdateDialog(ProjectSettingsPanel.java:245) ~[filemanager.jar:?]
	at com.st.microxplorer.plugins.projectmanager.ProjectManagerView.propertyChange(ProjectManagerView.java:391) ~[filemanager.jar:?]
	at java.beans.PropertyChangeSupport.fire(PropertyChangeSupport.java:343) ~[?:?]
	at java.beans.PropertyChangeSupport.firePropertyChange(PropertyChangeSupport.java:335) ~[?:?]
	at java.beans.PropertyChangeSupport.firePropertyChange(PropertyChangeSupport.java:268) ~[?:?]
	at com.st.microxplorer.util.MXPropertyChangeSupport.firePropertyChange(MXPropertyChangeSupport.java:54) ~[STM32CubeMX.jar:?]
	at com.st.microxplorer.mxsystem.MxSystem.closeConfig(MxSystem.java:900) ~[STM32CubeMX.jar:?]
	at com.st.microxplorer.maingui.MainPanel.closeConfig(MainPanel.java:781) ~[STM32CubeMX.jar:?]
	at com.st.microxplorer.plugins.filemanager.engine.OpenFileManager.loadConfigurationFile(OpenFileManager.java:265) ~[filemanager.jar:?]
	at com.st.microxplorer.plugins.filemanager.engine.MainFileManager.userLoadConfig(MainFileManager.java:352) ~[filemanager.jar:?]
	at com.st.microxplorer.plugins.filemanager.engine.MainFileManager.userLoadConfig(MainFileManager.java:330) ~[filemanager.jar:?]
	at com.st.microxplorer.plugins.filemanager.FileManagerView.getSpecificTask(FileManagerView.java:246) ~[filemanager.jar:?]
	at com.st.stm32cube.common.mx.editor.CubeMxEditor.getMxTabbedPaneInstance(CubeMxEditor.java:1198) ~[com.st.stm32cube.common.mx_6.12.0.202406281431/:?]
	at com.st.stm32cube.common.mx.editor.CubeMxEditor$12$1.createSwingComponent(CubeMxEditor.java:1068) ~[com.st.stm32cube.common.mx_6.12.0.202406281431/:?]
	at com.st.stm32cube.common.mx.oss.core.awtswtbridge.EmbeddedSwingComposite.doComponentCreation(EmbeddedSwingComposite.java:492) ~[com.st.stm32cube.common.mx.oss_6.12.0.202406281431/:?]
	at com.st.stm32cube.common.mx.oss.core.awtswtbridge.EmbeddedSwingComposite$4.run(EmbeddedSwingComposite.java:291) ~[com.st.stm32cube.common.mx.oss_6.12.0.202406281431/:?]
	at com.st.stm32cube.common.mx.oss.core.awtswtbridge.AwtEnvironment$2.run(AwtEnvironment.java:166) ~[com.st.stm32cube.common.mx.oss_6.12.0.202406281431/:?]
	at java.awt.event.InvocationEvent.dispatch(InvocationEvent.java:318) ~[?:?]
	at java.awt.EventQueue.dispatchEventImpl(EventQueue.java:773) ~[?:?]
	at java.awt.EventQueue$4.run(EventQueue.java:720) ~[?:?]
	at java.awt.EventQueue$4.run(EventQueue.java:714) ~[?:?]
	at java.security.AccessController.doPrivileged(AccessController.java:399) ~[?:?]
	at java.security.ProtectionDomain$JavaSecurityAccessImpl.doIntersectionPrivilege(ProtectionDomain.java:86) ~[?:?]
	at java.awt.EventQueue.dispatchEvent(EventQueue.java:742) ~[?:?]
	at java.awt.EventDispatchThread.pumpOneEventForFilters(EventDispatchThread.java:203) ~[?:?]
	at java.awt.EventDispatchThread.pumpEventsForFilter(EventDispatchThread.java:124) ~[?:?]
	at java.awt.EventDispatchThread.pumpEventsForHierarchy(EventDispatchThread.java:113) ~[?:?]
	at java.awt.EventDispatchThread.pumpEvents(EventDispatchThread.java:109) ~[?:?]
	at java.awt.EventDispatchThread.pumpEvents(EventDispatchThread.java:101) ~[?:?]
	at java.awt.EventDispatchThread.run(EventDispatchThread.java:90) ~[?:?]
2024-08-17 15:08:52,859 [WARN] ThirdParty:871 - waiting for thirdparty lock release [close project]
2024-08-17 15:08:52,859 [INFO] ThirdParty:873 - entering critical section [close project]
2024-08-17 15:08:52,859 [INFO] ThirdParty:883 - exiting critical section [close project]
2024-08-17 15:08:52,864 [INFO] PinOutPanel:1561 - setPackage(No Configuration,No Configuration)
2024-08-17 15:08:52,890 [WARN] IpParametersView:151 - Warning: This peripheral hasn't parameters
2024-08-17 15:08:52,901 [WARN] MainPanel:284 - <html><b><center>Warning: This peripheral has no parameters to be configured<br></b></html>
2024-08-17 15:08:52,907 [INFO] UtilMem:75 - Begin LoadConfig() Used Memory: 585081256 Bytes (1006632960)
2024-08-17 15:08:52,909 [INFO] MicroXplorer:468 - Change Database Path : 
2024-08-17 15:08:52,910 [INFO] MicroXplorer:498 - Change Database Version : DB.6.0.120
2024-08-17 15:08:52,911 [INFO] OpenFileManager:332 - Change cursor
2024-08-17 15:08:52,934 [INFO] RulesReader:64 - Compatibility file has been processed (297 Rules)
2024-08-17 15:08:52,943 [INFO] Mcu:2032 - Initializing MCU STM32F767ZITx STM32F767ZITx STM32F767ZIT6
2024-08-17 15:08:54,015 [INFO] Context:742 - Trying to add GPIOservice into a context  which must be forbidden
2024-08-17 15:08:54,512 [WARN] ModelIntegratedComponent:63 - No mode defined for component null
2024-08-17 15:08:54,512 [WARN] ModelIntegratedComponent:63 - No mode defined for component null
2024-08-17 15:08:54,513 [WARN] ModelIntegratedComponent:63 - No mode defined for component null
2024-08-17 15:08:54,513 [WARN] ModelIntegratedComponent:63 - No mode defined for component null
2024-08-17 15:08:54,513 [WARN] ModelIntegratedComponent:63 - No mode defined for component null
2024-08-17 15:08:54,513 [WARN] ModelIntegratedComponent:63 - No mode defined for component null
2024-08-17 15:08:54,513 [WARN] ModelIntegratedComponent:63 - No mode defined for component null
2024-08-17 15:08:54,513 [WARN] ModelIntegratedComponent:63 - No mode defined for component null
2024-08-17 15:08:54,513 [WARN] ModelIntegratedComponent:63 - No mode defined for component null
2024-08-17 15:08:54,513 [WARN] ModelIntegratedComponent:63 - No mode defined for component null
2024-08-17 15:08:54,513 [WARN] ModelIntegratedComponent:63 - No mode defined for component null
2024-08-17 15:08:54,513 [WARN] ModelIntegratedComponent:63 - No mode defined for component null
2024-08-17 15:08:54,513 [WARN] ModelIntegratedComponent:63 - No mode defined for component null
2024-08-17 15:08:54,513 [WARN] ModelIntegratedComponent:63 - No mode defined for component null
2024-08-17 15:08:54,513 [WARN] ModelIntegratedComponent:63 - No mode defined for component null
2024-08-17 15:08:54,513 [WARN] ModelIntegratedComponent:63 - No mode defined for component null
2024-08-17 15:08:54,513 [WARN] ModelIntegratedComponent:63 - No mode defined for component null
2024-08-17 15:08:54,513 [WARN] ModelIntegratedComponent:63 - No mode defined for component null
2024-08-17 15:08:54,513 [WARN] ModelIntegratedComponent:63 - No mode defined for component null
2024-08-17 15:08:54,513 [WARN] ModelIntegratedComponent:63 - No mode defined for component null
2024-08-17 15:08:54,513 [WARN] ModelIntegratedComponent:63 - No mode defined for component null
2024-08-17 15:08:54,513 [WARN] ModelIntegratedComponent:63 - No mode defined for component null
2024-08-17 15:08:54,513 [WARN] ModelIntegratedComponent:63 - No mode defined for component null
2024-08-17 15:08:54,513 [WARN] ModelIntegratedComponent:63 - No mode defined for component null
2024-08-17 15:08:54,513 [WARN] ModelIntegratedComponent:63 - No mode defined for component null
2024-08-17 15:08:54,513 [WARN] ModelIntegratedComponent:63 - No mode defined for component null
2024-08-17 15:08:54,513 [WARN] ModelIntegratedComponent:63 - No mode defined for component null
2024-08-17 15:08:54,513 [WARN] ModelIntegratedComponent:63 - No mode defined for component null
2024-08-17 15:08:54,513 [WARN] ModelIntegratedComponent:63 - No mode defined for component null
2024-08-17 15:08:54,513 [WARN] ModelIntegratedComponent:63 - No mode defined for component null
2024-08-17 15:08:54,513 [WARN] ModelIntegratedComponent:63 - No mode defined for component null
2024-08-17 15:08:54,513 [WARN] ModelIntegratedComponent:63 - No mode defined for component null
2024-08-17 15:08:54,513 [WARN] ModelIntegratedComponent:63 - No mode defined for component null
2024-08-17 15:08:54,513 [WARN] ModelIntegratedComponent:63 - No mode defined for component null
2024-08-17 15:08:54,513 [WARN] ModelIntegratedComponent:63 - No mode defined for component null
2024-08-17 15:08:54,513 [WARN] ModelPack:524 - Component already loaded: STMicroelectronics:HAL Drivers:0.0.0:STMicroelectronics:Device:STMicro_Driver:XSPI:HAL::0.0.1:HAL_XSPI
2024-08-17 15:08:54,586 [INFO] RtosManager:555 - Registered RTOS mode: class=CMSIS, group=RTOS, mode=CMSIS_V1, owner=FREERTOS
2024-08-17 15:08:54,589 [INFO] RtosManager:555 - Registered RTOS mode: class=CMSIS, group=RTOS2, mode=CMSIS_V2, owner=FREERTOS
2024-08-17 15:08:54,589 [INFO] RtosManager:555 - Registered RTOS mode: class=RTOS, group=Core, mode=CMSIS_V1, owner=FREERTOS
2024-08-17 15:08:54,589 [INFO] RtosManager:555 - Registered RTOS mode: class=RTOS, group=Core, mode=CMSIS_V2, owner=FREERTOS
2024-08-17 15:08:54,589 [WARN] ModelIntegratedComponent:184 - Missing modes for component STMicroelectronics:FreeRTOS:0.0.1:STMicroelectronics:RTOS:FreeRTOS:Core:::10.2.0:
2024-08-17 15:08:54,603 [INFO] ThirdPartyModel:298 - Start build external matchings
2024-08-17 15:08:54,609 [INFO] ThirdPartyModel:316 - End build external matchings
2024-08-17 15:08:54,830 [INFO] UtilMem:75 - End LoadConfig() Used Memory: 822755024 Bytes (1006632960)
2024-08-17 15:08:54,885 [WARN] ThirdParty:833 - waiting for thirdparty lock release [change project]
2024-08-17 15:08:54,887 [INFO] ThirdParty:835 - entering critical section [change project]
2024-08-17 15:08:54,887 [INFO] ThirdParty:1030 - CMSIS Pack Vendor :STMicroelectronics USBPD 4.1
2024-08-17 15:08:54,887 [INFO] ThirdParty:1030 - CMSIS Pack Vendor :STMicroelectronics X-CUBE-DISPLAY 3.0.0
2024-08-17 15:08:54,887 [INFO] ThirdParty:1030 - CMSIS Pack Vendor :STMicroelectronics X-CUBE-GNSS1 6.0.0
2024-08-17 15:08:54,887 [INFO] ThirdParty:1030 - CMSIS Pack Vendor :STMicroelectronics USB_HOST 2.0.0
2024-08-17 15:08:54,887 [INFO] ThirdParty:1030 - CMSIS Pack Vendor :STMicroelectronics FP-SNS-MOTENVWB1 1.4.0
2024-08-17 15:08:54,888 [INFO] ThirdParty:1030 - CMSIS Pack Vendor :STMicroelectronics LIBJPEG 8.0.0
2024-08-17 15:08:54,888 [INFO] ThirdParty:1030 - CMSIS Pack Vendor :STMicroelectronics X-CUBE-BLE1 7.0.0
2024-08-17 15:08:54,888 [INFO] ThirdParty:1030 - CMSIS Pack Vendor :STMicroelectronics FP-ATR-SIGFOX1 3.2.0
2024-08-17 15:08:54,888 [INFO] ThirdParty:1030 - CMSIS Pack Vendor :STMicroelectronics USB_DEVICE 3.0.0
2024-08-17 15:08:54,888 [INFO] ThirdParty:1030 - CMSIS Pack Vendor :STMicroelectronics X-CUBE-EEPRMA1 5.1.0
2024-08-17 15:08:54,888 [INFO] ThirdParty:1030 - CMSIS Pack Vendor :STMicroelectronics HAL Drivers 0.0.0
2024-08-17 15:08:54,888 [INFO] ThirdParty:1030 - CMSIS Pack Vendor :STMicroelectronics MBEDTLS 2.16.2
2024-08-17 15:08:54,888 [INFO] ThirdParty:1030 - CMSIS Pack Vendor :STMicroelectronics X-CUBE-FREERTOS 1.2.0
2024-08-17 15:08:54,888 [INFO] ThirdParty:1030 - CMSIS Pack Vendor :STMicroelectronics X-CUBE-ALS 1.0.2
2024-08-17 15:08:54,888 [INFO] ThirdParty:1030 - CMSIS Pack Vendor :STMicroelectronics MBEDTLS 2.14.1
2024-08-17 15:08:54,888 [INFO] ThirdParty:1030 - CMSIS Pack Vendor :STMicroelectronics USB_DEVICE 2.0.0
2024-08-17 15:08:54,888 [INFO] ThirdParty:1030 - CMSIS Pack Vendor :STMicroelectronics X-CUBE-BLEMGR 3.1.0
2024-08-17 15:08:54,888 [INFO] ThirdParty:1030 - CMSIS Pack Vendor :STMicroelectronics ThreadX 1.0.0
2024-08-17 15:08:54,888 [INFO] ThirdParty:1030 - CMSIS Pack Vendor :STMicroelectronics FP-SNS-SMARTAG2 1.2.0
2024-08-17 15:08:54,888 [INFO] ThirdParty:1030 - CMSIS Pack Vendor :STMicroelectronics FreeRTOS 0.0.1
2024-08-17 15:08:54,888 [INFO] ThirdParty:1030 - CMSIS Pack Vendor :STMicroelectronics FP-SNS-MOTENV1 5.0.0
2024-08-17 15:08:54,888 [INFO] ThirdParty:1030 - CMSIS Pack Vendor :STMicroelectronics USB_DEVICE 1.0.0
2024-08-17 15:08:54,888 [INFO] ThirdParty:1030 - CMSIS Pack Vendor :STMicroelectronics STM32_WPAN 1.0.0
2024-08-17 15:08:54,888 [INFO] ThirdParty:1030 - CMSIS Pack Vendor :STMicroelectronics ThreadX 0.0.2
2024-08-17 15:08:54,888 [INFO] ThirdParty:1030 - CMSIS Pack Vendor :STMicroelectronics FP-ATR-ASTRA1 2.0.0
2024-08-17 15:08:54,888 [INFO] ThirdParty:1030 - CMSIS Pack Vendor :STMicroelectronics lwIP 2.0.3
2024-08-17 15:08:54,888 [INFO] ThirdParty:1030 - CMSIS Pack Vendor :STMicroelectronics lwIP 2.1.2
2024-08-17 15:08:54,888 [INFO] ThirdParty:1030 - CMSIS Pack Vendor :STMicroelectronics FP-SNS-FLIGHT1 5.0.2
2024-08-17 15:08:54,888 [INFO] ThirdParty:1030 - CMSIS Pack Vendor :STMicroelectronics X-CUBE-BLE2 3.3.0
2024-08-17 15:08:54,888 [INFO] ThirdParty:1030 - CMSIS Pack Vendor :STMicroelectronics USB_HOST 1.0.0
2024-08-17 15:08:54,888 [INFO] ThirdParty:1030 - CMSIS Pack Vendor :STMicroelectronics X-CUBE-AI 9.0.0
2024-08-17 15:08:54,888 [INFO] ThirdParty:1030 - CMSIS Pack Vendor :STMicroelectronics PDM2PCM 3.1.0
2024-08-17 15:08:54,888 [INFO] ThirdParty:1030 - CMSIS Pack Vendor :STMicroelectronics PDM2PCM 3.2.0
2024-08-17 15:08:54,888 [INFO] ThirdParty:1030 - CMSIS Pack Vendor :STMicroelectronics PDM2PCM 3.3.0
2024-08-17 15:08:54,888 [INFO] ThirdParty:841 - exiting critical section [change project]
2024-08-17 15:08:55,211 [INFO] PinOutPanel:1561 - setPackage(No Configuration,No Configuration)
2024-08-17 15:08:55,213 [INFO] PinOutPanel:1561 - setPackage(STM32F767ZITx,LQFP144)
2024-08-17 15:08:55,487 [INFO] UtilMem:75 - Before build in PCC Used Memory: 580404136 Bytes (1006632960)
2024-08-17 15:08:55,640 [INFO] UtilMem:75 - After build in PCC Used Memory: 630209448 Bytes (1006632960)
2024-08-17 15:08:55,659 [INFO] IPUIPlugin:80 - create IPUIPlugin
2024-08-17 15:08:55,659 [INFO] IPUIPlugin:80 - create IPUIPlugin
2024-08-17 15:08:55,659 [INFO] IPUIPlugin:80 - create IPUIPlugin
2024-08-17 15:08:55,659 [INFO] IPUIPlugin:80 - create IPUIPlugin
2024-08-17 15:08:55,659 [INFO] IPUIPlugin:80 - create IPUIPlugin
2024-08-17 15:08:55,659 [INFO] IPUIPlugin:80 - create IPUIPlugin
2024-08-17 15:08:55,659 [INFO] IPUIPlugin:80 - create IPUIPlugin
2024-08-17 15:08:55,659 [INFO] IPUIPlugin:80 - create IPUIPlugin
2024-08-17 15:08:55,660 [INFO] IPUIPlugin:80 - create IPUIPlugin
2024-08-17 15:08:55,660 [INFO] IPUIPlugin:80 - create IPUIPlugin
2024-08-17 15:08:55,660 [INFO] IPUIPlugin:80 - create IPUIPlugin
2024-08-17 15:08:55,660 [INFO] IPUIPlugin:80 - create IPUIPlugin
2024-08-17 15:08:55,660 [INFO] IPUIPlugin:80 - create IPUIPlugin
2024-08-17 15:08:55,660 [INFO] IPUIPlugin:80 - create IPUIPlugin
2024-08-17 15:08:55,660 [INFO] IPUIPlugin:80 - create IPUIPlugin
2024-08-17 15:08:55,660 [INFO] IPUIPlugin:80 - create IPUIPlugin
2024-08-17 15:08:55,660 [INFO] IPUIPlugin:80 - create IPUIPlugin
2024-08-17 15:08:55,660 [INFO] IPUIPlugin:80 - create IPUIPlugin
2024-08-17 15:08:55,660 [INFO] IPUIPlugin:80 - create IPUIPlugin
2024-08-17 15:08:55,660 [INFO] IPUIPlugin:80 - create IPUIPlugin
2024-08-17 15:08:55,661 [INFO] IPUIPlugin:80 - create IPUIPlugin
2024-08-17 15:08:55,661 [INFO] IPUIPlugin:80 - create IPUIPlugin
2024-08-17 15:08:55,661 [INFO] IPUIPlugin:80 - create IPUIPlugin
2024-08-17 15:08:55,661 [INFO] IPUIPlugin:80 - create IPUIPlugin
2024-08-17 15:08:55,661 [INFO] IPUIPlugin:80 - create IPUIPlugin
2024-08-17 15:08:55,661 [INFO] IPUIPlugin:80 - create IPUIPlugin
2024-08-17 15:08:55,661 [INFO] IPUIPlugin:80 - create IPUIPlugin
2024-08-17 15:08:55,661 [INFO] IPUIPlugin:80 - create IPUIPlugin
2024-08-17 15:08:55,661 [INFO] IPUIPlugin:80 - create IPUIPlugin
2024-08-17 15:08:55,661 [INFO] IPUIPlugin:80 - create IPUIPlugin
2024-08-17 15:08:55,662 [INFO] IPUIPlugin:80 - create IPUIPlugin
2024-08-17 15:08:55,662 [INFO] IPUIPlugin:80 - create IPUIPlugin
2024-08-17 15:08:55,662 [INFO] IPUIPlugin:80 - create IPUIPlugin
2024-08-17 15:08:55,662 [INFO] IPUIPlugin:80 - create IPUIPlugin
2024-08-17 15:08:55,662 [INFO] IPUIPlugin:80 - create IPUIPlugin
2024-08-17 15:08:55,662 [INFO] IPUIPlugin:80 - create IPUIPlugin
2024-08-17 15:08:55,662 [INFO] IPUIPlugin:80 - create IPUIPlugin
2024-08-17 15:08:55,662 [INFO] IPUIPlugin:80 - create IPUIPlugin
2024-08-17 15:08:55,665 [INFO] IPUIPlugin:80 - create IPUIPlugin
2024-08-17 15:08:55,665 [INFO] IPUIPlugin:80 - create IPUIPlugin
2024-08-17 15:08:55,665 [INFO] IPUIPlugin:80 - create IPUIPlugin
2024-08-17 15:08:55,665 [INFO] IPUIPlugin:80 - create IPUIPlugin
2024-08-17 15:08:55,665 [INFO] IPUIPlugin:80 - create IPUIPlugin
2024-08-17 15:08:55,665 [INFO] IPUIPlugin:80 - create IPUIPlugin
2024-08-17 15:08:55,665 [INFO] IPUIPlugin:80 - create IPUIPlugin
2024-08-17 15:08:55,665 [INFO] IPUIPlugin:80 - create IPUIPlugin
2024-08-17 15:08:55,666 [INFO] IPUIPlugin:80 - create IPUIPlugin
2024-08-17 15:08:55,666 [INFO] IPUIPlugin:80 - create IPUIPlugin
2024-08-17 15:08:55,666 [INFO] IPUIPlugin:80 - create IPUIPlugin
2024-08-17 15:08:55,666 [INFO] IPUIPlugin:80 - create IPUIPlugin
2024-08-17 15:08:55,666 [INFO] IPUIPlugin:80 - create IPUIPlugin
2024-08-17 15:08:55,666 [INFO] IPUIPlugin:80 - create IPUIPlugin
2024-08-17 15:08:55,666 [INFO] IPUIPlugin:80 - create IPUIPlugin
2024-08-17 15:08:55,666 [INFO] IPUIPlugin:80 - create IPUIPlugin
2024-08-17 15:08:55,666 [INFO] IPUIPlugin:80 - create IPUIPlugin
2024-08-17 15:08:55,666 [INFO] IPUIPlugin:80 - create IPUIPlugin
2024-08-17 15:08:55,666 [INFO] IPUIPlugin:80 - create IPUIPlugin
2024-08-17 15:08:55,666 [INFO] IPUIPlugin:80 - create IPUIPlugin
2024-08-17 15:08:55,666 [INFO] IPUIPlugin:80 - create IPUIPlugin
2024-08-17 15:08:55,666 [INFO] IPUIPlugin:80 - create IPUIPlugin
2024-08-17 15:08:55,666 [INFO] IPUIPlugin:80 - create IPUIPlugin
2024-08-17 15:08:55,666 [INFO] IPUIPlugin:80 - create IPUIPlugin
2024-08-17 15:08:55,666 [INFO] IPUIPlugin:80 - create IPUIPlugin
2024-08-17 15:08:55,667 [INFO] IPUIPlugin:80 - create IPUIPlugin
2024-08-17 15:08:55,667 [INFO] IPUIPlugin:80 - create IPUIPlugin
2024-08-17 15:08:55,667 [INFO] IPUIPlugin:80 - create IPUIPlugin
2024-08-17 15:08:55,667 [INFO] IPUIPlugin:80 - create IPUIPlugin
2024-08-17 15:08:55,667 [INFO] IPUIPlugin:80 - create IPUIPlugin
2024-08-17 15:08:55,667 [INFO] IPUIPlugin:80 - create IPUIPlugin
2024-08-17 15:08:55,667 [INFO] IPUIPlugin:80 - create IPUIPlugin
2024-08-17 15:08:55,667 [INFO] IPUIPlugin:80 - create IPUIPlugin
2024-08-17 15:08:55,667 [INFO] IPUIPlugin:80 - create IPUIPlugin
2024-08-17 15:08:55,668 [INFO] IPUIPlugin:80 - create IPUIPlugin
2024-08-17 15:08:55,668 [INFO] IPUIPlugin:80 - create IPUIPlugin
2024-08-17 15:08:55,668 [INFO] IPUIPlugin:80 - create IPUIPlugin
2024-08-17 15:08:55,668 [INFO] IPUIPlugin:80 - create IPUIPlugin
2024-08-17 15:08:55,668 [INFO] IPUIPlugin:80 - create IPUIPlugin
2024-08-17 15:08:55,669 [INFO] IPUIPlugin:80 - create IPUIPlugin
2024-08-17 15:08:55,669 [INFO] IPUIPlugin:80 - create IPUIPlugin
2024-08-17 15:08:55,674 [INFO] ApiDbMcu:508 - Load IP Config File for PDM2PCM
2024-08-17 15:08:55,701 [INFO] CADModel:165 - CPN selected for project levelSTM32F767ZIT6
2024-08-17 15:08:55,701 [INFO] CADModel:114 - Register for checkConnection events
2024-08-17 15:08:55,743 [INFO] OpenFileManager:363 - Restore cursor
2024-08-17 15:17:50,822 [INFO] Activator:176 - 


2024-08-17 15:17:50,823 [INFO] Activator:177 - !SESSION log4j initialized
2024-08-17 15:17:55,608 [INFO] LogOutputStream:77 - [STDOUT_REDIRECT] 
2024-08-17 15:17:56,631 [ERROR] LogOutputStream:75 - [STDERR_REDIRECT] 
2024-08-17 15:17:58,706 [INFO] LogOutputStream:77 - [STDOUT_REDIRECT] 
2024-08-17 15:18:00,374 [ERROR] LogOutputStream:75 - [STDERR_REDIRECT] [Fatal Error] :2:10: DOCTYPE is disallowed when the feature "http://apache.org/xml/features/disallow-doctype-decl" set to true.
2024-08-17 15:18:00,378 [ERROR] LogOutputStream:75 - [STDERR_REDIRECT] 
2024-08-17 15:18:00,779 [INFO] ApplicationProperties:184 - Using Application install path: /Applications/STM32CubeIDE.app/Contents/Eclipse/plugins/com.st.stm32cube.common.mx_6.12.0.202406281431
2024-08-17 15:18:00,790 [INFO] DbMcusXml:78 - Set database path to: /Applications/STM32CubeIDE.app/Contents/Eclipse/plugins/com.st.stm32cube.common.mx_6.12.0.202406281431//db//mcu/
2024-08-17 15:18:00,791 [INFO] ApiDb:274 - Set plugin database path to: /Applications/STM32CubeIDE.app/Contents/Eclipse/plugins/com.st.stm32cube.common.mx_6.12.0.202406281431//db//plugins/boardmanager/
2024-08-17 15:18:00,791 [WARN] ApiDb:259 - Overriding images path with different value:  => /Applications/STM32CubeIDE.app/Contents/Eclipse/plugins/com.st.stm32cube.common.mx_6.12.0.202406281431//db//plugins/mcufinder/images/
2024-08-17 15:18:00,797 [INFO] ApiDb:250 - Set database path to: /Users/kitton/.stmcufinder/plugins/mcufinder//mcu/
2024-08-17 15:18:00,798 [INFO] DbMcusAds:125 - Set database path to: /Users/kitton/.stmcufinder/plugins/mcufinder//mcu/
2024-08-17 15:18:00,799 [INFO] CrossReferenceDbSqlite:203 - Set database path to: /Users/kitton/.stmcufinder/plugins/mcufinder//mcu/cs/
2024-08-17 15:18:00,896 [INFO] RulesReader:64 - Compatibility file has been processed (297 Rules)
2024-08-17 15:18:00,941 [INFO] DbMcusXml:78 - Set database path to: /Applications/STM32CubeIDE.app/Contents/Eclipse/plugins/com.st.stm32cube.common.mx_6.12.0.202406281431//db//mcu/
2024-08-17 15:18:00,941 [INFO] ApiDb:274 - Set plugin database path to: /Applications/STM32CubeIDE.app/Contents/Eclipse/plugins/com.st.stm32cube.common.mx_6.12.0.202406281431//db//plugins/boardmanager/
2024-08-17 15:18:00,941 [INFO] ApiDb:261 - Set plugin images path to: /Applications/STM32CubeIDE.app/Contents/Eclipse/plugins/com.st.stm32cube.common.mx_6.12.0.202406281431//db//plugins/mcufinder/images/
2024-08-17 15:18:00,941 [WARN] DbFile:41 - Overriding database path with different value: /Users/kitton/.stmcufinder/plugins/mcufinder/ => /Users/kitton/.stmcufinder/plugins/mcufinder
2024-08-17 15:18:00,942 [INFO] ApiDb:250 - Set database path to: /Users/kitton/.stmcufinder/plugins/mcufinder//mcu/
2024-08-17 15:18:00,942 [WARN] DbFile:41 - Overriding database path with different value: /Users/kitton/.stmcufinder/plugins/mcufinder/ => /Users/kitton/.stmcufinder/plugins/mcufinder
2024-08-17 15:18:00,942 [INFO] DbMcusAds:125 - Set database path to: /Users/kitton/.stmcufinder/plugins/mcufinder//mcu/
2024-08-17 15:18:00,942 [WARN] DbFile:41 - Overriding database path with different value: /Users/kitton/.stmcufinder/plugins/mcufinder/ => /Users/kitton/.stmcufinder/plugins/mcufinder
2024-08-17 15:18:00,942 [WARN] DbFile:41 - Overriding database path with different value: /Users/kitton/.stmcufinder/plugins/mcufinder/ => /Users/kitton/.stmcufinder/plugins/mcufinder
2024-08-17 15:18:00,942 [INFO] CrossReferenceDbSqlite:203 - Set database path to: /Users/kitton/.stmcufinder/plugins/mcufinder//mcu/cs/
2024-08-17 15:18:01,013 [INFO] MainPanel:268 - HeapMemory: 314572800
2024-08-17 15:18:01,495 [INFO] DbMcusXml:78 - Set database path to: /Applications/STM32CubeIDE.app/Contents/Eclipse/plugins/com.st.stm32cube.common.mx_6.12.0.202406281431//db//mcu/
2024-08-17 15:18:01,495 [INFO] ApiDb:274 - Set plugin database path to: /Applications/STM32CubeIDE.app/Contents/Eclipse/plugins/com.st.stm32cube.common.mx_6.12.0.202406281431//db//plugins/boardmanager/
2024-08-17 15:18:01,495 [INFO] ApiDb:261 - Set plugin images path to: /Applications/STM32CubeIDE.app/Contents/Eclipse/plugins/com.st.stm32cube.common.mx_6.12.0.202406281431//db//plugins/mcufinder/images/
2024-08-17 15:18:01,496 [WARN] DbFile:41 - Overriding database path with different value: /Users/kitton/.stmcufinder/plugins/mcufinder/ => /Users/kitton/.stmcufinder/plugins/mcufinder
2024-08-17 15:18:01,496 [INFO] ApiDb:250 - Set database path to: /Users/kitton/.stmcufinder/plugins/mcufinder//mcu/
2024-08-17 15:18:01,496 [WARN] DbFile:41 - Overriding database path with different value: /Users/kitton/.stmcufinder/plugins/mcufinder/ => /Users/kitton/.stmcufinder/plugins/mcufinder
2024-08-17 15:18:01,496 [INFO] DbMcusAds:125 - Set database path to: /Users/kitton/.stmcufinder/plugins/mcufinder//mcu/
2024-08-17 15:18:01,496 [WARN] DbFile:41 - Overriding database path with different value: /Users/kitton/.stmcufinder/plugins/mcufinder/ => /Users/kitton/.stmcufinder/plugins/mcufinder
2024-08-17 15:18:01,496 [WARN] DbFile:41 - Overriding database path with different value: /Users/kitton/.stmcufinder/plugins/mcufinder/ => /Users/kitton/.stmcufinder/plugins/mcufinder
2024-08-17 15:18:01,496 [INFO] CrossReferenceDbSqlite:203 - Set database path to: /Users/kitton/.stmcufinder/plugins/mcufinder//mcu/cs/
2024-08-17 15:18:01,510 [INFO] ApplicationProperties:184 - Using Application install path: /Applications/STM32CubeIDE.app/Contents/Eclipse/plugins/com.st.stm32cube.common.mx_6.12.0.202406281431
2024-08-17 15:18:01,511 [INFO] PluginManage:196 - Search for loadable plugins [exclusion list=, ]
2024-08-17 15:18:01,512 [INFO] PluginManage:310 - Check plugin analytics
2024-08-17 15:18:01,748 [INFO] AnalyticsPlugin:253 - Accepted Software Licenses: 
2024-08-17 15:18:01,750 [INFO] AnalyticsPlugin:255 - Accepted CMSIS Pack Licenses: 
2024-08-17 15:18:01,750 [INFO] AnalyticsPlugin:257 - Accepted Firmware Licenses: FW.F7.1.17.0
2024-08-17 15:18:01,767 [INFO] PluginManage:359 - Loaded plugin analytics (category:tool,tabindex:-1)
2024-08-17 15:18:01,768 [INFO] PluginManage:310 - Check plugin cadmodel
2024-08-17 15:18:01,785 [INFO] CADModel:105 - Init CAD model plugin
2024-08-17 15:18:01,785 [INFO] PluginManage:359 - Loaded plugin cadmodel (category:power,tabindex:5)
2024-08-17 15:18:01,786 [INFO] PluginManage:310 - Check plugin clock
2024-08-17 15:18:01,795 [INFO] PluginManage:359 - Loaded plugin clock (category:base,tabindex:2)
2024-08-17 15:18:01,795 [INFO] PluginManage:310 - Check plugin ddr
2024-08-17 15:18:01,797 [INFO] PluginManage:359 - Loaded plugin ddr (category:tool,tabindex:6)
2024-08-17 15:18:01,797 [INFO] PluginManage:310 - Check plugin filemanager
2024-08-17 15:18:01,916 [INFO] PluginManage:359 - Loaded plugin filemanager (category:base,tabindex:10)
2024-08-17 15:18:01,916 [INFO] PluginManage:310 - Check plugin ipmanager
2024-08-17 15:18:01,921 [INFO] PluginManage:359 - Loaded plugin ipmanager (category:base,tabindex:5)
2024-08-17 15:18:01,921 [INFO] PluginManage:310 - Check plugin lpbam
2024-08-17 15:18:01,930 [INFO] PluginManage:359 - Loaded plugin lpbam (category:base,tabindex:0)
2024-08-17 15:18:01,930 [INFO] PluginManage:310 - Check plugin memorymap
2024-08-17 15:18:01,937 [INFO] PluginManage:359 - Loaded plugin memorymap (category:base,tabindex:4)
2024-08-17 15:18:01,937 [INFO] PluginManage:310 - Check plugin pinoutandconfiguration
2024-08-17 15:18:01,942 [INFO] PluginManage:359 - Loaded plugin pinoutandconfiguration (category:base,tabindex:1)
2024-08-17 15:18:01,942 [INFO] PluginManage:310 - Check plugin pinoutconfig
2024-08-17 15:18:02,000 [WARN] SupportedApi:132 - Cannot load RTOS API schema: s4s-elt-must-match.1: The content of 'definitions' must match (annotation?, (simpleType | complexType)?, (unique | key | keyref)*)). A problem was found starting at: attribute.
2024-08-17 15:18:02,117 [INFO] PluginManage:359 - Loaded plugin pinoutconfig (category:base,tabindex:0)
2024-08-17 15:18:02,117 [INFO] PluginManage:310 - Check plugin power
2024-08-17 15:18:02,127 [INFO] PluginManage:359 - Loaded plugin power (category:power,tabindex:4)
2024-08-17 15:18:02,127 [INFO] PluginManage:310 - Check plugin projectmanager
2024-08-17 15:18:02,149 [INFO] PluginManage:359 - Loaded plugin projectmanager (category:projectmanager,tabindex:4)
2024-08-17 15:18:02,149 [INFO] PluginManage:310 - Check plugin rif
2024-08-17 15:18:02,153 [INFO] PluginManage:359 - Loaded plugin rif (category:base,tabindex:3)
2024-08-17 15:18:02,153 [INFO] PluginManage:310 - Check plugin thirdparty
2024-08-17 15:18:02,326 [INFO] PluginManage:359 - Loaded plugin thirdparty (category:base,tabindex:-1)
2024-08-17 15:18:02,327 [INFO] PluginManage:310 - Check plugin tools
2024-08-17 15:18:02,326 [WARN] IntegrityCheckThread:84 - waiting for thirdparty lock release [integrity check]
2024-08-17 15:18:02,328 [INFO] IntegrityCheckThread:86 - entering critical section [integrity check]
2024-08-17 15:18:02,333 [INFO] ThirdPartyUpdaterWithRetryManager:70 - Updater plugin not ready yet. [1/15]
2024-08-17 15:18:02,335 [INFO] PluginManage:359 - Loaded plugin tools (category:base,tabindex:7)
2024-08-17 15:18:02,335 [INFO] PluginManage:310 - Check plugin tutovideos
2024-08-17 15:18:02,473 [INFO] PluginManage:359 - Loaded plugin tutovideos (category:base,tabindex:-1)
2024-08-17 15:18:02,474 [INFO] PluginManage:310 - Check plugin updater
2024-08-17 15:18:02,496 [INFO] PluginManage:359 - Loaded plugin updater (category:base,tabindex:12)
2024-08-17 15:18:02,496 [INFO] PluginManage:310 - Check plugin userauth
2024-08-17 15:18:02,502 [INFO] UserAuth:113 - Init User Auth plugin
2024-08-17 15:18:02,502 [INFO] PluginManage:359 - Loaded plugin userauth (category:base,tabindex:14)
2024-08-17 15:18:02,503 [INFO] PluginManage:283 - PluginManage : Loaded plugins [18]
2024-08-17 15:18:02,733 [INFO] PinOutPanel:1561 - setPackage(No Configuration,No Configuration)
2024-08-17 15:18:02,812 [INFO] CADModel:165 - CPN selected for project level
2024-08-17 15:18:02,813 [INFO] CADModel:114 - Register for checkConnection events
2024-08-17 15:18:02,825 [INFO] IPUIPlugin:80 - create IPUIPlugin
2024-08-17 15:18:02,825 [INFO] PluginManager:220 - loadIPPluginJar : add mdma
2024-08-17 15:18:02,829 [INFO] IPUIPlugin:80 - create IPUIPlugin
2024-08-17 15:18:02,829 [INFO] PluginManager:220 - loadIPPluginJar : add freertos
2024-08-17 15:18:02,831 [INFO] IPUIPlugin:80 - create IPUIPlugin
2024-08-17 15:18:02,831 [INFO] PluginManager:220 - loadIPPluginJar : add gic
2024-08-17 15:18:02,837 [INFO] IPUIPlugin:80 - create IPUIPlugin
2024-08-17 15:18:02,837 [INFO] PluginManager:220 - loadIPPluginJar : add adc
2024-08-17 15:18:02,838 [INFO] IPUIPlugin:80 - create IPUIPlugin
2024-08-17 15:18:02,838 [INFO] PluginManager:220 - loadIPPluginJar : add gtzc
2024-08-17 15:18:02,838 [INFO] IPUIPlugin:80 - create IPUIPlugin
2024-08-17 15:18:02,838 [INFO] PluginManager:220 - loadIPPluginJar : add quadspi
2024-08-17 15:18:02,839 [INFO] IPUIPlugin:80 - create IPUIPlugin
2024-08-17 15:18:02,839 [INFO] PluginManager:220 - loadIPPluginJar : add aes
2024-08-17 15:18:02,841 [INFO] IPUIPlugin:80 - create IPUIPlugin
2024-08-17 15:18:02,841 [INFO] PluginManager:220 - loadIPPluginJar : add pdm2pcm
2024-08-17 15:18:02,842 [INFO] IPUIPlugin:80 - create IPUIPlugin
2024-08-17 15:18:02,842 [INFO] PluginManager:220 - loadIPPluginJar : add hash
2024-08-17 15:18:02,843 [INFO] IPUIPlugin:80 - create IPUIPlugin
2024-08-17 15:18:02,843 [INFO] PluginManager:220 - loadIPPluginJar : add tim
2024-08-17 15:18:02,848 [INFO] IPUIPlugin:80 - create IPUIPlugin
2024-08-17 15:18:02,848 [INFO] PluginManager:220 - loadIPPluginJar : add tsc
2024-08-17 15:18:02,850 [INFO] IPUIPlugin:80 - create IPUIPlugin
2024-08-17 15:18:02,850 [INFO] PluginManager:220 - loadIPPluginJar : add extmemmanager
2024-08-17 15:18:02,851 [INFO] IPUIPlugin:80 - create IPUIPlugin
2024-08-17 15:18:02,852 [INFO] PluginManager:220 - loadIPPluginJar : add ts
2024-08-17 15:18:02,852 [INFO] IPUIPlugin:80 - create IPUIPlugin
2024-08-17 15:18:02,852 [INFO] PluginManager:220 - loadIPPluginJar : add radio
2024-08-17 15:18:02,853 [INFO] IPUIPlugin:80 - create IPUIPlugin
2024-08-17 15:18:02,853 [INFO] PluginManager:220 - loadIPPluginJar : add can
2024-08-17 15:18:02,854 [INFO] IPUIPlugin:80 - create IPUIPlugin
2024-08-17 15:18:02,854 [INFO] PluginManager:220 - loadIPPluginJar : add dma3
2024-08-17 15:18:02,856 [INFO] IPUIPlugin:80 - create IPUIPlugin
2024-08-17 15:18:02,856 [INFO] PluginManager:220 - loadIPPluginJar : add dfsdm
2024-08-17 15:18:02,856 [INFO] IPUIPlugin:80 - create IPUIPlugin
2024-08-17 15:18:02,857 [INFO] PluginManager:220 - loadIPPluginJar : add spi
2024-08-17 15:18:02,858 [INFO] IPUIPlugin:80 - create IPUIPlugin
2024-08-17 15:18:02,858 [INFO] PluginManager:220 - loadIPPluginJar : add gfxmmu
2024-08-17 15:18:02,859 [INFO] IPUIPlugin:80 - create IPUIPlugin
2024-08-17 15:18:02,859 [INFO] PluginManager:220 - loadIPPluginJar : add genericplugin
2024-08-17 15:18:02,859 [INFO] IPUIPlugin:80 - create IPUIPlugin
2024-08-17 15:18:02,860 [INFO] PluginManager:220 - loadIPPluginJar : add cryp
2024-08-17 15:18:02,861 [INFO] IPUIPlugin:80 - create IPUIPlugin
2024-08-17 15:18:02,861 [INFO] PluginManager:220 - loadIPPluginJar : add gpio
2024-08-17 15:18:02,863 [INFO] IPUIPlugin:80 - create IPUIPlugin
2024-08-17 15:18:02,863 [INFO] PluginManager:220 - loadIPPluginJar : add ddr_ctrl_phy
2024-08-17 15:18:02,864 [INFO] IPUIPlugin:80 - create IPUIPlugin
2024-08-17 15:18:02,864 [INFO] PluginManager:220 - loadIPPluginJar : add comp
2024-08-17 15:18:02,865 [INFO] IPUIPlugin:80 - create IPUIPlugin
2024-08-17 15:18:02,866 [INFO] PluginManager:220 - loadIPPluginJar : add tracer_emb
2024-08-17 15:18:02,867 [INFO] IPUIPlugin:80 - create IPUIPlugin
2024-08-17 15:18:02,867 [INFO] PluginManager:220 - loadIPPluginJar : add openamp
2024-08-17 15:18:02,869 [INFO] IPUIPlugin:80 - create IPUIPlugin
2024-08-17 15:18:02,869 [INFO] PluginManager:220 - loadIPPluginJar : add stm32_wpan
2024-08-17 15:18:02,874 [INFO] IPUIPlugin:80 - create IPUIPlugin
2024-08-17 15:18:02,882 [INFO] PluginManager:220 - loadIPPluginJar : add plateformsettings
2024-08-17 15:18:02,883 [INFO] IPUIPlugin:80 - create IPUIPlugin
2024-08-17 15:18:02,883 [INFO] PluginManager:220 - loadIPPluginJar : add ipddr
2024-08-17 15:18:02,884 [INFO] IPUIPlugin:80 - create IPUIPlugin
2024-08-17 15:18:02,884 [INFO] PluginManager:220 - loadIPPluginJar : add usart
2024-08-17 15:18:02,884 [INFO] IPUIPlugin:80 - create IPUIPlugin
2024-08-17 15:18:02,884 [INFO] PluginManager:220 - loadIPPluginJar : add ltdc
2024-08-17 15:18:02,886 [INFO] IPUIPlugin:80 - create IPUIPlugin
2024-08-17 15:18:02,886 [INFO] PluginManager:220 - loadIPPluginJar : add nvic
2024-08-17 15:18:02,887 [INFO] IPUIPlugin:80 - create IPUIPlugin
2024-08-17 15:18:02,887 [INFO] PluginManager:220 - loadIPPluginJar : add fatfs
2024-08-17 15:18:02,890 [INFO] IPUIPlugin:80 - create IPUIPlugin
2024-08-17 15:18:02,890 [INFO] PluginManager:220 - loadIPPluginJar : add linkedlist
2024-08-17 15:18:02,893 [INFO] IPUIPlugin:80 - create IPUIPlugin
2024-08-17 15:18:02,893 [INFO] PluginManager:220 - loadIPPluginJar : add dma
2024-08-17 15:18:02,895 [INFO] IPUIPlugin:80 - create IPUIPlugin
2024-08-17 15:18:02,895 [INFO] PluginManager:220 - loadIPPluginJar : add fmc
2024-08-17 15:18:02,896 [INFO] IPUIPlugin:80 - create IPUIPlugin
2024-08-17 15:18:02,896 [INFO] PluginManager:220 - loadIPPluginJar : add i2s
2024-08-17 15:18:02,897 [INFO] IPUIPlugin:80 - create IPUIPlugin
2024-08-17 15:18:02,897 [INFO] PluginManager:220 - loadIPPluginJar : add ucpd
2024-08-17 15:18:02,897 [INFO] IPUIPlugin:80 - create IPUIPlugin
2024-08-17 15:18:02,897 [INFO] PluginManager:220 - loadIPPluginJar : add lorawan
2024-08-17 15:18:02,898 [INFO] IPUIPlugin:80 - create IPUIPlugin
2024-08-17 15:18:02,898 [INFO] PluginManager:220 - loadIPPluginJar : add opamp
2024-08-17 15:18:02,899 [INFO] IPUIPlugin:80 - create IPUIPlugin
2024-08-17 15:18:02,899 [INFO] PluginManager:220 - loadIPPluginJar : add i3c
2024-08-17 15:18:02,901 [INFO] IPUIPlugin:80 - create IPUIPlugin
2024-08-17 15:18:02,902 [INFO] PluginManager:220 - loadIPPluginJar : add touchsensing
2024-08-17 15:18:02,903 [INFO] IPUIPlugin:80 - create IPUIPlugin
2024-08-17 15:18:02,903 [INFO] PluginManager:220 - loadIPPluginJar : add i2c
2024-08-17 15:18:02,904 [INFO] IPUIPlugin:80 - create IPUIPlugin
2024-08-17 15:18:02,904 [INFO] PluginManager:220 - loadIPPluginJar : add resmgrutility
2024-08-17 15:18:02,905 [INFO] IPUIPlugin:80 - create IPUIPlugin
2024-08-17 15:18:02,906 [INFO] PluginManager:220 - loadIPPluginJar : add sai
2024-08-17 15:18:02,907 [INFO] IPUIPlugin:80 - create IPUIPlugin
2024-08-17 15:18:02,907 [INFO] PluginManager:220 - loadIPPluginJar : add usbx
2024-08-17 15:18:03,024 [INFO] CADModel:165 - CPN selected for project level
2024-08-17 15:18:03,024 [INFO] CADModel:114 - Register for checkConnection events
2024-08-17 15:18:03,025 [FATAL] Updater:334 - Updater called before beeing initialized
2024-08-17 15:18:03,025 [ERROR] CADModel:125 - Updater not yet initialized, retry later 
2024-08-17 15:18:03,212 [INFO] CADModel:165 - CPN selected for project level
2024-08-17 15:18:03,212 [INFO] CADModel:114 - Register for checkConnection events
2024-08-17 15:18:03,212 [FATAL] Updater:334 - Updater called before beeing initialized
2024-08-17 15:18:03,212 [ERROR] CADModel:125 - Updater not yet initialized, retry later 
2024-08-17 15:18:03,215 [FATAL] Updater:334 - Updater called before beeing initialized
2024-08-17 15:18:03,337 [FATAL] Updater:334 - Updater called before beeing initialized
2024-08-17 15:18:03,341 [INFO] DbMcusAds:53 - JSON generation date=Thu May 16 16:22:00 ICT 2024 (1715851320667)
2024-08-17 15:18:03,342 [FATAL] Updater:334 - Updater called before beeing initialized
2024-08-17 15:18:03,389 [WARN] DetailPanel:346 - Failed to get advertising image, set to default
2024-08-17 15:18:03,439 [FATAL] Updater:334 - Updater called before beeing initialized
2024-08-17 15:18:03,440 [FATAL] Updater:334 - Updater called before beeing initialized
2024-08-17 15:18:03,440 [FATAL] Updater:334 - Updater called before beeing initialized
2024-08-17 15:18:03,440 [WARN] DetailPanel:346 - Failed to get advertising image, set to default
2024-08-17 15:18:03,441 [FATAL] Updater:334 - Updater called before beeing initialized
2024-08-17 15:18:03,489 [ERROR] Updater:1164 - MainUpdater not yet initialized. External WinMGr cannot be set.
2024-08-17 15:18:03,495 [INFO] Updater:1100 - Updater Version found : 6.12.0
2024-08-17 15:18:03,504 [INFO] ApplicationProperties:184 - Using Application install path: /Applications/STM32CubeIDE.app/Contents/Eclipse/plugins/com.st.stm32cube.common.mx_6.12.0.202406281431
2024-08-17 15:18:04,792 [INFO] MainUpdater:2873 - connection check result : 10
2024-08-17 15:18:04,794 [INFO] MainUpdater:290 - Updater Check For Update Now.
2024-08-17 15:18:04,794 [INFO] MicroXplorer:498 - Change Database Version : DB.6.0.120
2024-08-17 15:18:04,803 [INFO] McuFinderGlobals:63 - Set McuFinder mode to 2 (CubeIDE integrated)
2024-08-17 15:18:04,805 [INFO] UserAuth:417 - Internet connection configuration mode: 1
2024-08-17 15:18:04,823 [INFO] JxBrowserEngine:152 - Initiate JxBrowser Engine with user profile folder
2024-08-17 15:18:05,026 [INFO] CheckServerUpdateThread:120 - End of CheckServer Thread
2024-08-17 15:18:05,491 [WARN] PackLoader:240 - Cannot read IP mode file for STMicroelectronics.FP-SNS-MOTENVWB1.1.4.0
2024-08-17 15:18:05,522 [WARN] PackLoader:240 - Cannot read IP mode file for STMicroelectronics.FP-SNS-FLIGHT1.5.0.2
2024-08-17 15:18:05,548 [WARN] PackLoader:240 - Cannot read IP mode file for STMicroelectronics.X-CUBE-DISPLAY.3.0.0
2024-08-17 15:18:05,582 [WARN] PackLoader:240 - Cannot read IP mode file for STMicroelectronics.X-CUBE-BLE1.7.0.0
2024-08-17 15:18:05,605 [WARN] PackLoader:240 - Cannot read IP mode file for STMicroelectronics.X-CUBE-BLEMGR.3.1.0
2024-08-17 15:18:05,628 [WARN] PackLoader:240 - Cannot read IP mode file for STMicroelectronics.FP-SNS-SMARTAG2.1.2.0
2024-08-17 15:18:05,636 [WARN] PackLoader:240 - Cannot read IP mode file for STMicroelectronics.FP-SNS-MOTENV1.5.0.0
2024-08-17 15:18:05,647 [WARN] PackLoader:240 - Cannot read IP mode file for STMicroelectronics.X-CUBE-BLE2.3.3.0
2024-08-17 15:18:05,653 [WARN] PackLoader:240 - Cannot read IP mode file for STMicroelectronics.FP-ATR-SIGFOX1.3.2.0
2024-08-17 15:18:05,662 [WARN] PackLoader:240 - Cannot read IP mode file for STMicroelectronics.X-CUBE-EEPRMA1.5.1.0
2024-08-17 15:18:05,678 [WARN] PackLoader:240 - Cannot read IP mode file for STMicroelectronics.X-CUBE-GNSS1.6.0.0
2024-08-17 15:18:05,686 [WARN] PackLoader:240 - Cannot read IP mode file for STMicroelectronics.X-CUBE-FREERTOS.1.2.0
2024-08-17 15:18:05,690 [WARN] PackLoader:240 - Cannot read IP mode file for STMicroelectronics.X-CUBE-AI.9.0.0
2024-08-17 15:18:05,696 [WARN] PackLoader:240 - Cannot read IP mode file for STMicroelectronics.X-CUBE-ALS.1.0.2
2024-08-17 15:18:05,699 [WARN] PackLoader:240 - Cannot read IP mode file for STMicroelectronics.FP-ATR-ASTRA1.2.0.0
2024-08-17 15:18:05,702 [INFO] ThirdParty:978 - Integrity check success = true
2024-08-17 15:18:05,702 [INFO] IntegrityCheckThread:100 - exiting critical section [integrity check]
2024-08-17 15:18:05,702 [INFO] IntegrityCheckThread:103 - End integrity checks thread
2024-08-17 15:18:09,454 [INFO] WebApp:167 - Instantiating new browser for Auth
2024-08-17 15:18:10,955 [INFO] WebApp:448 - Apply proxy settings
2024-08-17 15:18:10,962 [INFO] WebApp:493 - Chromium authenticates against Manually configured proxy
2024-08-17 15:18:10,979 [INFO] WebApp:501 - Username used for proxy authentication: 
2024-08-17 15:18:11,037 [INFO] WebApp:869 - Register for checkConnection events
2024-08-17 15:18:11,037 [INFO] WebApp:448 - Apply proxy settings
2024-08-17 15:18:11,041 [INFO] WebApp:493 - Chromium authenticates against Manually configured proxy
2024-08-17 15:18:11,041 [INFO] WebApp:501 - Username used for proxy authentication: 
2024-08-17 15:18:11,157 [INFO] WebApp:220 - Starting web application
2024-08-17 15:18:11,157 [INFO] WebApp:578 - Web application path used /Applications/STM32CubeIDE.app/Contents/Eclipse/plugins/com.st.stm32cube.common.mx_6.12.0.202406281431/db/plugins/mcufinder/reactClient1/index.html
2024-08-17 15:18:11,626 [INFO] UserAuth:417 - Internet connection configuration mode: 1
2024-08-17 15:18:11,978 [INFO] WebApp:186 - Connection restablished
2024-08-17 17:02:03,043 [INFO] McuFinderGlobals:63 - Set McuFinder mode to 2 (CubeIDE integrated)
2024-08-17 17:02:03,048 [INFO] MainUpdater:2873 - connection check result : 10
2024-08-17 17:02:03,048 [INFO] MainUpdater:2873 - connection check result : 10
2024-08-17 17:02:04,519 [INFO] RulesReader:64 - Compatibility file has been processed (297 Rules)
2024-08-17 17:02:04,532 [INFO] RulesReader:64 - Compatibility file has been processed (297 Rules)
2024-08-17 17:02:04,536 [INFO] MicroXplorer:468 - Change Database Path : 
2024-08-17 17:02:04,536 [INFO] MicroXplorer:498 - Change Database Version : DB.6.0.120
2024-08-17 17:02:04,540 [WARN] ThirdParty:871 - waiting for thirdparty lock release [close project]
2024-08-17 17:02:04,541 [INFO] ThirdParty:873 - entering critical section [close project]
2024-08-17 17:02:04,545 [INFO] ThirdParty:883 - exiting critical section [close project]
2024-08-17 17:02:04,549 [INFO] PinOutPanel:1561 - setPackage(No Configuration,No Configuration)
2024-08-17 17:02:04,557 [INFO] UtilMem:75 - Begin LoadConfig() Used Memory: 260741136 Bytes (751828992)
2024-08-17 17:02:04,558 [INFO] MicroXplorer:468 - Change Database Path : 
2024-08-17 17:02:04,559 [INFO] MicroXplorer:498 - Change Database Version : DB.6.0.120
2024-08-17 17:02:04,559 [INFO] OpenFileManager:332 - Change cursor
2024-08-17 17:02:04,616 [INFO] Mcu:2032 - Initializing MCU STM32F767ZITx STM32F767ZITx STM32F767ZIT6
2024-08-17 17:02:06,794 [INFO] Context:742 - Trying to add GPIOservice into a context  which must be forbidden
2024-08-17 17:02:07,692 [WARN] ModelIntegratedComponent:63 - No mode defined for component null
2024-08-17 17:02:07,694 [WARN] ModelIntegratedComponent:63 - No mode defined for component null
2024-08-17 17:02:07,694 [WARN] ModelIntegratedComponent:63 - No mode defined for component null
2024-08-17 17:02:07,694 [WARN] ModelIntegratedComponent:63 - No mode defined for component null
2024-08-17 17:02:07,694 [WARN] ModelIntegratedComponent:63 - No mode defined for component null
2024-08-17 17:02:07,694 [WARN] ModelIntegratedComponent:63 - No mode defined for component null
2024-08-17 17:02:07,694 [WARN] ModelIntegratedComponent:63 - No mode defined for component null
2024-08-17 17:02:07,694 [WARN] ModelIntegratedComponent:63 - No mode defined for component null
2024-08-17 17:02:07,694 [WARN] ModelIntegratedComponent:63 - No mode defined for component null
2024-08-17 17:02:07,694 [WARN] ModelIntegratedComponent:63 - No mode defined for component null
2024-08-17 17:02:07,695 [WARN] ModelIntegratedComponent:63 - No mode defined for component null
2024-08-17 17:02:07,695 [WARN] ModelIntegratedComponent:63 - No mode defined for component null
2024-08-17 17:02:07,695 [WARN] ModelIntegratedComponent:63 - No mode defined for component null
2024-08-17 17:02:07,695 [WARN] ModelIntegratedComponent:63 - No mode defined for component null
2024-08-17 17:02:07,695 [WARN] ModelIntegratedComponent:63 - No mode defined for component null
2024-08-17 17:02:07,695 [WARN] ModelIntegratedComponent:63 - No mode defined for component null
2024-08-17 17:02:07,695 [WARN] ModelIntegratedComponent:63 - No mode defined for component null
2024-08-17 17:02:07,695 [WARN] ModelIntegratedComponent:63 - No mode defined for component null
2024-08-17 17:02:07,695 [WARN] ModelIntegratedComponent:63 - No mode defined for component null
2024-08-17 17:02:07,695 [WARN] ModelIntegratedComponent:63 - No mode defined for component null
2024-08-17 17:02:07,695 [WARN] ModelIntegratedComponent:63 - No mode defined for component null
2024-08-17 17:02:07,695 [WARN] ModelIntegratedComponent:63 - No mode defined for component null
2024-08-17 17:02:07,695 [WARN] ModelIntegratedComponent:63 - No mode defined for component null
2024-08-17 17:02:07,695 [WARN] ModelIntegratedComponent:63 - No mode defined for component null
2024-08-17 17:02:07,696 [WARN] ModelIntegratedComponent:63 - No mode defined for component null
2024-08-17 17:02:07,696 [WARN] ModelIntegratedComponent:63 - No mode defined for component null
2024-08-17 17:02:07,696 [WARN] ModelIntegratedComponent:63 - No mode defined for component null
2024-08-17 17:02:07,696 [WARN] ModelIntegratedComponent:63 - No mode defined for component null
2024-08-17 17:02:07,696 [WARN] ModelIntegratedComponent:63 - No mode defined for component null
2024-08-17 17:02:07,696 [WARN] ModelIntegratedComponent:63 - No mode defined for component null
2024-08-17 17:02:07,696 [WARN] ModelIntegratedComponent:63 - No mode defined for component null
2024-08-17 17:02:07,696 [WARN] ModelIntegratedComponent:63 - No mode defined for component null
2024-08-17 17:02:07,696 [WARN] ModelIntegratedComponent:63 - No mode defined for component null
2024-08-17 17:02:07,696 [WARN] ModelIntegratedComponent:63 - No mode defined for component null
2024-08-17 17:02:07,696 [WARN] ModelIntegratedComponent:63 - No mode defined for component null
2024-08-17 17:02:07,696 [WARN] ModelPack:524 - Component already loaded: STMicroelectronics:HAL Drivers:0.0.0:STMicroelectronics:Device:STMicro_Driver:XSPI:HAL::0.0.1:HAL_XSPI
2024-08-17 17:02:07,705 [INFO] RtosManager:555 - Registered RTOS mode: class=CMSIS, group=RTOS, mode=CMSIS_V1, owner=FREERTOS
2024-08-17 17:02:07,705 [INFO] RtosManager:555 - Registered RTOS mode: class=CMSIS, group=RTOS2, mode=CMSIS_V2, owner=FREERTOS
2024-08-17 17:02:07,705 [INFO] RtosManager:555 - Registered RTOS mode: class=RTOS, group=Core, mode=CMSIS_V1, owner=FREERTOS
2024-08-17 17:02:07,705 [INFO] RtosManager:555 - Registered RTOS mode: class=RTOS, group=Core, mode=CMSIS_V2, owner=FREERTOS
2024-08-17 17:02:07,705 [WARN] ModelIntegratedComponent:184 - Missing modes for component STMicroelectronics:FreeRTOS:0.0.1:STMicroelectronics:RTOS:FreeRTOS:Core:::10.2.0:
2024-08-17 17:02:07,730 [INFO] ThirdPartyModel:298 - Start build external matchings
2024-08-17 17:02:07,751 [INFO] ThirdPartyModel:316 - End build external matchings
2024-08-17 17:02:08,704 [INFO] ApiDb:581 - Connected to CubeFinder SQLite database (/Users/kitton/.stmcufinder/plugins/mcufinder/mcu/cube-finder-db.db)
2024-08-17 17:02:08,739 [INFO] ApiDb:668 - CubeFinder database Data Model version=2.1
2024-08-17 17:02:08,739 [INFO] ApiDb:669 - CubeFinder database Configuration version=3.0.39
2024-08-17 17:02:08,747 [INFO] ApiDb:670 - CubeFinder database generation date=2024-06-20 (1718880634)
2024-08-17 17:02:08,747 [INFO] ApiDb:671 - CubeFinder database FW Pack versions=[FP-ATR-ASTRA1_V2.0.0, FP-SNS-FLIGHT1_V5.0.2, FP-SNS-MOTENV1_V5.0.0, FP-SNS-MOTENVWB1_V1.4.0, FP-SNS-SMARTAG2_V1.2.0, STM32Cube_FW_C0_V1.2.0, STM32Cube_FW_F4_V1.28.0, STM32Cube_FW_F7_V1.17.2, STM32Cube_FW_G0_V1.6.2, STM32Cube_FW_G4_V1.6.0, STM32Cube_FW_H5_V1.3.0, STM32Cube_FW_H7RS_V1.1.0, STM32Cube_FW_H7_V1.11.2, STM32Cube_FW_L0_V1.12.2, STM32Cube_FW_L5_V1.5.1, STM32Cube_FW_U0_V1.1.0, STM32Cube_FW_U5_V1.6.0, STM32Cube_FW_WB0_V1.0.0, STM32Cube_FW_WBA_V1.4.0, STM32Cube_FW_WB_V1.20.0, STM32Cube_FW_WL_V1.3.0, X-CUBE-ALGOBUILD_V1.4.0, X-CUBE-ALS_V1.0.2, X-CUBE-AZRTOS-F4_V1.1.0, X-CUBE-AZRTOS-F7_V1.1.0, X-CUBE-AZRTOS-G0_V1.1.0, X-CUBE-AZRTOS-G4_V2.0.0, X-CUBE-AZRTOS-H7RS_V1.0.0, X-CUBE-AZRTOS-H7_V3.2.0, X-CUBE-AZRTOS-L4_V2.0.0, X-CUBE-AZRTOS-L5_V1.1.0, X-CUBE-AZRTOS-WB_V2.0.0, X-CUBE-AZRTOS-WL_V2.0.0, X-CUBE-BLE1_V7.0.0, X-CUBE-BLE2_V3.3.0, X-CUBE-BLEMGR_V3.1.0, X-CUBE-EEPRMA1_V5.1.0, X-CUBE-FREERTOS_V1.2.0, X-CUBE-GNSS1_V6.0.0, X-CUBE-MEMS1_V10.0.0, X-CUBE-NFC4_V3.0.0, X-CUBE-NFC7_V1.0.1, X-CUBE-SFXS2LP1_V4.0.0, X-CUBE-SUBG2_V5.0.0, X-CUBE-TOF1_V3.4.1]
2024-08-17 17:02:08,819 [INFO] DbBoardsSqlite:226 - include board P-NUCLEO-WB55-NUCLEO as a kit item of type 'Nucleo-64'
2024-08-17 17:02:08,820 [INFO] DbBoardsSqlite:226 - include board P-NUCLEO-WB55-USBDONGLE as a kit item of type 'Nucleo USB Dongle'
2024-08-17 17:02:08,821 [INFO] DbBoardsSqlite:226 - include board STEVAL-IDP005V1 as a kit item of type 'Evaluation Board'
2024-08-17 17:02:08,821 [INFO] DbBoardsSqlite:226 - include board STEVAL-IDP005V2 as a kit item of type 'Evaluation Board'
2024-08-17 17:02:08,898 [INFO] ApiDb:240 - Found 646 in-development CPN: [B-G473E-ZEST1S, B-WB1M-WPAN1, B-WL5M-SUBG1, NUCLEO-C031C6, NUCLEO-C071RB, NUCLEO-H503RB, NUCLEO-H533RE, NUCLEO-H563ZI, NUCLEO-H7S3L8, NUCLEO-U031R8, NUCLEO-U083RC, NUCLEO-U545RE-Q, NUCLEO-U5A5ZJ-Q, NUCLEO-WB05KZ, NUCLEO-WB07CC, NUCLEO-WB09KE, NUCLEO-WBA52CG, NUCLEO-WBA55CG, STEVAL-PROTEUS1, STEVAL-SMARTAG2, STEVAL-STWINBX1, STM320518-EVAL, STM32C0116-DK, STM32C011D6Y3TR, STM32C011D6Y6TR, STM32C011F4P3, STM32C011F4P6, STM32C011F4U3, STM32C011F4U6TR, STM32C011F6P3, STM32C011F6P6, STM32C011F6U3, STM32C011F6U6TR, STM32C011J4M3, STM32C011J4M6, STM32C011J6M3, STM32C011J6M6, STM32C0316-DK, STM32C031C4T3, STM32C031C4T6, STM32C031C4U3, STM32C031C4U6, STM32C031C6T3, STM32C031C6T6, STM32C031C6U3, STM32C031C6U6, STM32C031F4P3, STM32C031F4P6, STM32C031F6P3, STM32C031F6P6, STM32C031G4U3, STM32C031G4U6, STM32C031G6U3, STM32C031G6U6, STM32C031K4T3, STM32C031K4T6, STM32C031K4U3, STM32C031K4U6, STM32C031K6T3, STM32C031K6T6, STM32C031K6U3, STM32C031K6U6, STM32C071C8T6, STM32C071C8T6N, STM32C071C8U6, STM32C071C8U6N, STM32C071CBT6, STM32C071CBT6N, STM32C071CBU6, STM32C071CBU6N, STM32C071F8P6, STM32C071F8P6N, STM32C071FBP6, STM32C071FBP6N, STM32C071FBY6TR, STM32C071G8U6, STM32C071G8U6N, STM32C071GBU6, STM32C071GBU6N, STM32C071K8T6, STM32C071K8T6N, STM32C071K8U6, STM32C071K8U6N, STM32C071KBT6, STM32C071KBT6N, STM32C071KBU6, STM32C071KBU6N, STM32C071R8T6, STM32C071R8T6N, STM32C071RBI6N, STM32C071RBT6, STM32C071RBT6N, STM32G071K8TXN, STM32G071K8UXN, STM32G081GBU6N, STM32G081KBT6N, STM32G081KBUXN, STM32G0B1CCT6N, STM32G0B1KCT6, STM32G0B1NEY6TR, STM32G0B1RCT6N, STM32G0C1CCT6, STM32G0C1CCT6N, STM32G0C1CCU6N, STM32G0C1CET6N, STM32G0C1CEU6N, STM32G0C1KCT6, STM32G0C1NEY6TR, STM32G0C1RCI6N, STM32G0C1RCT6N, STM32G0C1REI6N, STM32G0C1RET6N, STM32G0C1VCI6, STM32G0C1VEI6, STM32G411C6T3, STM32G411C6T6, STM32G411C6U3, STM32G411C6U6, STM32G411C8T3, STM32G411C8T6, STM32G411C8U3, STM32G411C8U6, STM32G411CBT3, STM32G411CBT6, STM32G411CBU3, STM32G411CBU6, STM32G411K6T3, STM32G411K6T6, STM32G411K6U3, STM32G411K6U6, STM32G411K8T3, STM32G411K8T6, STM32G411K8U3, STM32G411K8U6, STM32G411KBT3, STM32G411KBT6, STM32G411KBU3, STM32G411KBU6, STM32G411M6T3, STM32G411M6T6, STM32G411M8T3, STM32G411M8T6, STM32G411MBT3, STM32G411MBT6, STM32G411R6T3, STM32G411R6T6, STM32G411R8T3, STM32G411R8T6, STM32G411RBT3, STM32G411RBT6, STM32G414CBT3, STM32G414CBT6, STM32G414CBU3, STM32G414CBU6, STM32G414CCT3, STM32G414CCT6, STM32G414CCU3, STM32G414CCU6, STM32G414MBT3, STM32G414MBT6, STM32G414MCT3, STM32G414MCT6, STM32G414RBT3, STM32G414RBT6, STM32G414RCT3, STM32G414RCT6, STM32G414VBT3, STM32G414VBT6, STM32G414VCT3, STM32G414VCT6, STM32G431CBT3Z, STM32G431RBT3Z, STM32G471CCT6, STM32G471CCU6, STM32G471CET3, STM32G471CET6, STM32G471CEU3, STM32G471CEU6, STM32G471MCT6, STM32G471MET3, STM32G471MET6, STM32G471MEY6TR, STM32G471QCT6, STM32G471QET3, STM32G471RCT6, STM32G471RET3, STM32G471RET6, STM32G471VCH6, STM32G471VCI6, STM32G471VCT6, STM32G471VEH3, STM32G471VEH6, STM32G471VEI3, STM32G471VEI6, STM32G471VET3, STM32G471VET6, STM32G473QET3Z, STM32G473RET3Z, STM32G474CCT6, STM32G491RET3Z, STM32H503CBT6, STM32H503CBU6, STM32H503EBY6TR, STM32H503KBU6, STM32H503RBT6, STM32H523CCT6, STM32H523CCU6, STM32H523CET6, STM32H523CEU6, STM32H523HEY6TR, STM32H523RCT6, STM32H523RET6, STM32H523VCI6, STM32H523VCT6, STM32H523VEI6, STM32H523VET6, STM32H523ZCJ6, STM32H523ZCT6, STM32H523ZEJ6, STM32H523ZET6, STM32H533CET6, STM32H533CEU6, STM32H533HEY6TR, STM32H533RET6, STM32H533VEI6, STM32H533VET6, STM32H533ZEJ6, STM32H533ZET6, STM32H562AGI6, STM32H562AII6, STM32H562IGK6, STM32H562IGT6, STM32H562IIK6, STM32H562IIT6, STM32H562RGT6, STM32H562RGV6, STM32H562RIT6, STM32H562RIV6, STM32H562VGT6, STM32H562VIT6, STM32H562ZGT6, STM32H562ZIT6, STM32H563AGI6, STM32H563AII3Q, STM32H563AII6, STM32H563IGK6, STM32H563IGT6, STM32H563IIK3Q, STM32H563IIK6, STM32H563IIT3Q, STM32H563IIT6, STM32H563MIY3QTR, STM32H563RGT6, STM32H563RGV6, STM32H563RIT6, STM32H563RIV6, STM32H563VGT6, STM32H563VIT3Q, STM32H563VIT6, STM32H563ZGT6, STM32H563ZIT3Q, STM32H563ZIT6, STM32H573AII3Q, STM32H573AII6, STM32H573I-DK, STM32H573IIK3Q, STM32H573IIK6, STM32H573IIT3Q, STM32H573IIT6, STM32H573MIY3QTR, STM32H573RIT6, STM32H573RIV6, STM32H573VIT3Q, STM32H573VIT6, STM32H573ZIT3Q, STM32H573ZIT6, STM32H7R3A8I6, STM32H7R3I8K6, STM32H7R3I8T6, STM32H7R3L8H6, STM32H7R3L8H6H, STM32H7R3R8V6, STM32H7R3V8H6, STM32H7R3V8T6, STM32H7R3V8Y6TR, STM32H7R3Z8J6, STM32H7R3Z8T6, STM32H7R7A8I6, STM32H7R7I8K6, STM32H7R7I8T6, STM32H7R7L8H6, STM32H7R7L8H6H, STM32H7R7Z8J6, STM32H7S3A8I6, STM32H7S3I8K6, STM32H7S3I8T6, STM32H7S3L8H6, STM32H7S3L8H6H, STM32H7S3R8V6, STM32H7S3V8H6, STM32H7S3V8T6, STM32H7S3V8Y6TR, STM32H7S3Z8J6, STM32H7S3Z8T6, STM32H7S78-DK, STM32H7S7A8I6, STM32H7S7I8K6, STM32H7S7I8T6, STM32H7S7L8H6, STM32H7S7L8H6H, STM32H7S7Z8J6, STM32L4R5QGI6STR, STM32MP131AAE3, STM32MP131AAF3, STM32MP131AAG3, STM32MP131CAE3, STM32MP131CAF3, STM32MP131CAG3, STM32MP131DAE7, STM32MP131DAF7, STM32MP131DAG7, STM32MP131FAE7, STM32MP131FAF7, STM32MP131FAG7, STM32MP133AAE3, STM32MP133AAF3, STM32MP133AAG3, STM32MP133CAE3, STM32MP133CAF3, STM32MP133CAG3, STM32MP133DAE7, STM32MP133DAF7, STM32MP133DAG7, STM32MP133FAE7, STM32MP133FAF7, STM32MP133FAG7, STM32MP135AAE3, STM32MP135AAF3, STM32MP135AAG3, STM32MP135CAE3, STM32MP135CAF3, STM32MP135CAG3, STM32MP135DAE7, STM32MP135DAF7, STM32MP135DAG7, STM32MP135F-DK, STM32MP135FAE7, STM32MP135FAF7, STM32MP135FAF7T, STM32MP135FAF7U, STM32MP135FAG7, STM32MP251AAI3, STM32MP251AAK3, STM32MP251AAL3, STM32MP251CAI3, STM32MP251CAK3, STM32MP251CAL3, STM32MP251DAI3, STM32MP251DAK3, STM32MP251DAL3, STM32MP251FAI3, STM32MP251FAK3, STM32MP251FAL3, STM32MP253AAI3, STM32MP253AAK3, STM32MP253AAL3, STM32MP253CAI3, STM32MP253CAK3, STM32MP253CAL3, STM32MP253DAI3, STM32MP253DAK3, STM32MP253DAL3, STM32MP253FAI3, STM32MP253FAK3, STM32MP253FAL3, STM32MP255AAI3, STM32MP255AAK3, STM32MP255AAL3, STM32MP255CAI3, STM32MP255CAK3, STM32MP255CAL3, STM32MP255DAI3, STM32MP255DAK3, STM32MP255DAL3, STM32MP255FAI3, STM32MP255FAK3, STM32MP255FAL3, STM32MP257AAI3, STM32MP257AAK3, STM32MP257AAL3, STM32MP257CAI3, STM32MP257CAK3, STM32MP257CAL3, STM32MP257DAI3, STM32MP257DAK3, STM32MP257DAL3, STM32MP257F-DK, STM32MP257F-EV1, STM32MP257FAI3, STM32MP257FAK3, STM32MP257FAL3, STM32U031C6T6, STM32U031C6U6, STM32U031C8T6, STM32U031C8U6, STM32U031F4P6, STM32U031F6P6, STM32U031F8P6, STM32U031G6Y6TR, STM32U031G8Y6TR, STM32U031K4U6, STM32U031K6U6, STM32U031K8U6, STM32U031R6I6, STM32U031R6T6, STM32U031R8I6, STM32U031R8T6, STM32U073C8T6, STM32U073C8U6, STM32U073CBT6, STM32U073CBU6, STM32U073CCT6, STM32U073CCU6, STM32U073H8Y6TR, STM32U073HBY6TR, STM32U073HCY6TR, STM32U073K8U6, STM32U073KBU6, STM32U073KCU6, STM32U073M8I6, STM32U073M8T6, STM32U073MBI6, STM32U073MBT6, STM32U073MCI6, STM32U073MCT6, STM32U073R8I6, STM32U073R8T6, STM32U073RBI6, STM32U073RBT6, STM32U073RCI6, STM32U073RCT6, STM32U083C-DK, STM32U083CCT6, STM32U083CCU6, STM32U083HCY6TR, STM32U083KCU6, STM32U083MCI6, STM32U083MCT6, STM32U083RCI6, STM32U083RCT6, STM32U535CBT6, STM32U535CBT6Q, STM32U535CBU6, STM32U535CBU6Q, STM32U535CCT6, STM32U535CCT6Q, STM32U535CCU6, STM32U535CCU6Q, STM32U535CET6, STM32U535CET6Q, STM32U535CEU6, STM32U535CEU6Q, STM32U535JEY6QTR, STM32U535NCY6QTR, STM32U535NEY6QTR, STM32U535RBI6, STM32U535RBI6Q, STM32U535RBT6, STM32U535RBT6Q, STM32U535RCI6, STM32U535RCI6Q, STM32U535RCT6, STM32U535RCT6Q, STM32U535REI6, STM32U535REI6Q, STM32U535RET6, STM32U535RET6Q, STM32U535VCI6, STM32U535VCI6Q, STM32U535VCT6, STM32U535VCT6Q, STM32U535VEI6, STM32U535VEI6Q, STM32U535VET6, STM32U535VET6Q, STM32U545CET6, STM32U545CET6Q, STM32U545CEU6, STM32U545CEU6Q, STM32U545JEY6QTR, STM32U545NEY6QTR, STM32U545REI6, STM32U545REI6Q, STM32U545RET6, STM32U545RET6Q, STM32U545VEI6, STM32U545VEI6Q, STM32U545VET6, STM32U545VET6Q, STM32U595AIH6, STM32U595AIH6Q, STM32U595AJH6, STM32U595AJH6Q, STM32U595QII6, STM32U595QII6Q, STM32U595QJI6, STM32U595QJI6Q, STM32U595RIT6, STM32U595RIT6Q, STM32U595RJT6, STM32U595RJT6Q, STM32U595VIT6, STM32U595VIT6Q, STM32U595VJT6, STM32U595VJT6Q, STM32U595ZIT6, STM32U595ZIT6Q, STM32U595ZIY6QTR, STM32U595ZJT6, STM32U595ZJT6Q, STM32U595ZJY6QTR, STM32U599BJY6QTR, STM32U599NIH6Q, STM32U599NJH6Q, STM32U599VIT6Q, STM32U599VJT6, STM32U599VJT6Q, STM32U599ZIT6Q, STM32U599ZIY6QTR, STM32U599ZJT6Q, STM32U599ZJY6QTR, STM32U5A5AJH6, STM32U5A5AJH6Q, STM32U5A5QII3Q , STM32U5A5QJI6, STM32U5A5QJI6Q, STM32U5A5RJT6, STM32U5A5RJT6Q, STM32U5A5VJT6, STM32U5A5VJT6Q, STM32U5A5ZJT6, STM32U5A5ZJT6Q, STM32U5A5ZJY6QTR, STM32U5A9BJY6QTR, STM32U5A9J-DK, STM32U5A9NJH6Q, STM32U5A9VJT6Q, STM32U5A9ZJT6Q, STM32U5A9ZJY6QTR, STM32U5F7VIT6, STM32U5F7VIT6Q, STM32U5F7VJT6, STM32U5F7VJT6Q, STM32U5F9BJY6QTR, STM32U5F9NJH6Q, STM32U5F9VIT6Q, STM32U5F9VJT6Q, STM32U5F9ZIJ6QTR, STM32U5F9ZIT6Q, STM32U5F9ZJJ6QTR, STM32U5F9ZJT6Q, STM32U5G7VJT6, STM32U5G7VJT6Q, STM32U5G9BJY6QTR, STM32U5G9J-DK1, STM32U5G9J-DK2, STM32U5G9NJH6Q, STM32U5G9VJT6Q, STM32U5G9ZJJ6QTR, STM32U5G9ZJT6Q, STM32WB05KZV6TR, STM32WB05KZV7TR, STM32WB05TZF6TR, STM32WB05TZF7TR, STM32WB06CCF6TR, STM32WB06CCF7TR, STM32WB06CCV6TR, STM32WB06CCV7TR, STM32WB06KCV6TR, STM32WB06KCV7TR, STM32WB07CCF6TR, STM32WB07CCF7TR, STM32WB07CCV6TR, STM32WB07CCV7TR, STM32WB07KCV6TR, STM32WB07KCV7TR, STM32WB09KEV6TR, STM32WB09KEV7TR, STM32WB09TEF6TR, STM32WB09TEF7TR, STM32WB1MMCH6, STM32WBA50KGU6, STM32WBA50KGU6TR, STM32WBA52CEU6, STM32WBA52CEU6TR, STM32WBA52CEU7, STM32WBA52CEU7TR, STM32WBA52CGU6, STM32WBA52CGU6TR, STM32WBA52CGU6U, STM32WBA52CGU7, STM32WBA52CGU7TR, STM32WBA52KEU6, STM32WBA52KEU6TR, STM32WBA52KGU6, STM32WBA52KGU6TR, STM32WBA54CEU6, STM32WBA54CEU6TR, STM32WBA54CEU7, STM32WBA54CEU7TR, STM32WBA54CGU6, STM32WBA54CGU6TR, STM32WBA54CGU7, STM32WBA54CGU7TR, STM32WBA54KEU6, STM32WBA54KEU6TR, STM32WBA54KEU7, STM32WBA54KEU7TR, STM32WBA54KGU6, STM32WBA54KGU6TR, STM32WBA54KGU7, STM32WBA54KGU7TR, STM32WBA55CEU6, STM32WBA55CEU6TR, STM32WBA55CEU7, STM32WBA55CEU7TR, STM32WBA55CGU6, STM32WBA55CGU6TR, STM32WBA55CGU6U, STM32WBA55CGU7, STM32WBA55CGU7TR, STM32WBA55G-DK1, STM32WBA55HEF6, STM32WBA55HEF7, STM32WBA55HGF6, STM32WBA55HGF7, STM32WBA55UEI6, STM32WBA55UEI6TR, STM32WBA55UEI7, STM32WBA55UEI7TR, STM32WBA55UGI6, STM32WBA55UGI6TR, STM32WBA55UGI7, STM32WBA55UGI7TR, STM32WL5MOCH6, STM32WL5MOCH6TR]
2024-08-17 17:02:08,978 [INFO] BoardInfo:889 - No configuration file found for board P-NUCLEO-WB55
2024-08-17 17:02:08,979 [INFO] DbBoards:161 - Kit is not supported: P-NUCLEO-WB55
2024-08-17 17:02:08,982 [INFO] BoardInfo:889 - No configuration file found for board STEVAL-BFA001V1B
2024-08-17 17:02:08,982 [INFO] DbBoards:161 - Kit is not supported: STEVAL-BFA001V1B
2024-08-17 17:02:08,982 [INFO] BoardInfo:889 - No configuration file found for board STEVAL-BFA001V2B
2024-08-17 17:02:08,983 [INFO] DbBoards:161 - Kit is not supported: STEVAL-BFA001V2B
2024-08-17 17:02:09,064 [INFO] DbBoards:168 - Found 201 boards, 198 are supported
2024-08-17 17:02:09,064 [INFO] DbBoards:169 - Found 201 boards, 25 of them is supported for  Bsp
2024-08-17 17:02:09,067 [INFO] ApiDb:668 - CubeFinder database Data Model version=2.1
2024-08-17 17:02:09,067 [INFO] ApiDb:669 - CubeFinder database Configuration version=3.0.39
2024-08-17 17:02:09,067 [INFO] ApiDb:670 - CubeFinder database generation date=2024-06-20 (1718880634)
2024-08-17 17:02:09,067 [INFO] ApiDb:671 - CubeFinder database FW Pack versions=[FP-ATR-ASTRA1_V2.0.0, FP-SNS-FLIGHT1_V5.0.2, FP-SNS-MOTENV1_V5.0.0, FP-SNS-MOTENVWB1_V1.4.0, FP-SNS-SMARTAG2_V1.2.0, STM32Cube_FW_C0_V1.2.0, STM32Cube_FW_F4_V1.28.0, STM32Cube_FW_F7_V1.17.2, STM32Cube_FW_G0_V1.6.2, STM32Cube_FW_G4_V1.6.0, STM32Cube_FW_H5_V1.3.0, STM32Cube_FW_H7RS_V1.1.0, STM32Cube_FW_H7_V1.11.2, STM32Cube_FW_L0_V1.12.2, STM32Cube_FW_L5_V1.5.1, STM32Cube_FW_U0_V1.1.0, STM32Cube_FW_U5_V1.6.0, STM32Cube_FW_WB0_V1.0.0, STM32Cube_FW_WBA_V1.4.0, STM32Cube_FW_WB_V1.20.0, STM32Cube_FW_WL_V1.3.0, X-CUBE-ALGOBUILD_V1.4.0, X-CUBE-ALS_V1.0.2, X-CUBE-AZRTOS-F4_V1.1.0, X-CUBE-AZRTOS-F7_V1.1.0, X-CUBE-AZRTOS-G0_V1.1.0, X-CUBE-AZRTOS-G4_V2.0.0, X-CUBE-AZRTOS-H7RS_V1.0.0, X-CUBE-AZRTOS-H7_V3.2.0, X-CUBE-AZRTOS-L4_V2.0.0, X-CUBE-AZRTOS-L5_V1.1.0, X-CUBE-AZRTOS-WB_V2.0.0, X-CUBE-AZRTOS-WL_V2.0.0, X-CUBE-BLE1_V7.0.0, X-CUBE-BLE2_V3.3.0, X-CUBE-BLEMGR_V3.1.0, X-CUBE-EEPRMA1_V5.1.0, X-CUBE-FREERTOS_V1.2.0, X-CUBE-GNSS1_V6.0.0, X-CUBE-MEMS1_V10.0.0, X-CUBE-NFC4_V3.0.0, X-CUBE-NFC7_V1.0.1, X-CUBE-SFXS2LP1_V4.0.0, X-CUBE-SUBG2_V5.0.0, X-CUBE-TOF1_V3.4.1]
2024-08-17 17:02:10,104 [INFO] ApiDb:240 - Found 646 in-development CPN: [B-G473E-ZEST1S, B-WB1M-WPAN1, B-WL5M-SUBG1, NUCLEO-C031C6, NUCLEO-C071RB, NUCLEO-H503RB, NUCLEO-H533RE, NUCLEO-H563ZI, NUCLEO-H7S3L8, NUCLEO-U031R8, NUCLEO-U083RC, NUCLEO-U545RE-Q, NUCLEO-U5A5ZJ-Q, NUCLEO-WB05KZ, NUCLEO-WB07CC, NUCLEO-WB09KE, NUCLEO-WBA52CG, NUCLEO-WBA55CG, STEVAL-PROTEUS1, STEVAL-SMARTAG2, STEVAL-STWINBX1, STM320518-EVAL, STM32C0116-DK, STM32C011D6Y3TR, STM32C011D6Y6TR, STM32C011F4P3, STM32C011F4P6, STM32C011F4U3, STM32C011F4U6TR, STM32C011F6P3, STM32C011F6P6, STM32C011F6U3, STM32C011F6U6TR, STM32C011J4M3, STM32C011J4M6, STM32C011J6M3, STM32C011J6M6, STM32C0316-DK, STM32C031C4T3, STM32C031C4T6, STM32C031C4U3, STM32C031C4U6, STM32C031C6T3, STM32C031C6T6, STM32C031C6U3, STM32C031C6U6, STM32C031F4P3, STM32C031F4P6, STM32C031F6P3, STM32C031F6P6, STM32C031G4U3, STM32C031G4U6, STM32C031G6U3, STM32C031G6U6, STM32C031K4T3, STM32C031K4T6, STM32C031K4U3, STM32C031K4U6, STM32C031K6T3, STM32C031K6T6, STM32C031K6U3, STM32C031K6U6, STM32C071C8T6, STM32C071C8T6N, STM32C071C8U6, STM32C071C8U6N, STM32C071CBT6, STM32C071CBT6N, STM32C071CBU6, STM32C071CBU6N, STM32C071F8P6, STM32C071F8P6N, STM32C071FBP6, STM32C071FBP6N, STM32C071FBY6TR, STM32C071G8U6, STM32C071G8U6N, STM32C071GBU6, STM32C071GBU6N, STM32C071K8T6, STM32C071K8T6N, STM32C071K8U6, STM32C071K8U6N, STM32C071KBT6, STM32C071KBT6N, STM32C071KBU6, STM32C071KBU6N, STM32C071R8T6, STM32C071R8T6N, STM32C071RBI6N, STM32C071RBT6, STM32C071RBT6N, STM32G071K8TXN, STM32G071K8UXN, STM32G081GBU6N, STM32G081KBT6N, STM32G081KBUXN, STM32G0B1CCT6N, STM32G0B1KCT6, STM32G0B1NEY6TR, STM32G0B1RCT6N, STM32G0C1CCT6, STM32G0C1CCT6N, STM32G0C1CCU6N, STM32G0C1CET6N, STM32G0C1CEU6N, STM32G0C1KCT6, STM32G0C1NEY6TR, STM32G0C1RCI6N, STM32G0C1RCT6N, STM32G0C1REI6N, STM32G0C1RET6N, STM32G0C1VCI6, STM32G0C1VEI6, STM32G411C6T3, STM32G411C6T6, STM32G411C6U3, STM32G411C6U6, STM32G411C8T3, STM32G411C8T6, STM32G411C8U3, STM32G411C8U6, STM32G411CBT3, STM32G411CBT6, STM32G411CBU3, STM32G411CBU6, STM32G411K6T3, STM32G411K6T6, STM32G411K6U3, STM32G411K6U6, STM32G411K8T3, STM32G411K8T6, STM32G411K8U3, STM32G411K8U6, STM32G411KBT3, STM32G411KBT6, STM32G411KBU3, STM32G411KBU6, STM32G411M6T3, STM32G411M6T6, STM32G411M8T3, STM32G411M8T6, STM32G411MBT3, STM32G411MBT6, STM32G411R6T3, STM32G411R6T6, STM32G411R8T3, STM32G411R8T6, STM32G411RBT3, STM32G411RBT6, STM32G414CBT3, STM32G414CBT6, STM32G414CBU3, STM32G414CBU6, STM32G414CCT3, STM32G414CCT6, STM32G414CCU3, STM32G414CCU6, STM32G414MBT3, STM32G414MBT6, STM32G414MCT3, STM32G414MCT6, STM32G414RBT3, STM32G414RBT6, STM32G414RCT3, STM32G414RCT6, STM32G414VBT3, STM32G414VBT6, STM32G414VCT3, STM32G414VCT6, STM32G431CBT3Z, STM32G431RBT3Z, STM32G471CCT6, STM32G471CCU6, STM32G471CET3, STM32G471CET6, STM32G471CEU3, STM32G471CEU6, STM32G471MCT6, STM32G471MET3, STM32G471MET6, STM32G471MEY6TR, STM32G471QCT6, STM32G471QET3, STM32G471RCT6, STM32G471RET3, STM32G471RET6, STM32G471VCH6, STM32G471VCI6, STM32G471VCT6, STM32G471VEH3, STM32G471VEH6, STM32G471VEI3, STM32G471VEI6, STM32G471VET3, STM32G471VET6, STM32G473QET3Z, STM32G473RET3Z, STM32G474CCT6, STM32G491RET3Z, STM32H503CBT6, STM32H503CBU6, STM32H503EBY6TR, STM32H503KBU6, STM32H503RBT6, STM32H523CCT6, STM32H523CCU6, STM32H523CET6, STM32H523CEU6, STM32H523HEY6TR, STM32H523RCT6, STM32H523RET6, STM32H523VCI6, STM32H523VCT6, STM32H523VEI6, STM32H523VET6, STM32H523ZCJ6, STM32H523ZCT6, STM32H523ZEJ6, STM32H523ZET6, STM32H533CET6, STM32H533CEU6, STM32H533HEY6TR, STM32H533RET6, STM32H533VEI6, STM32H533VET6, STM32H533ZEJ6, STM32H533ZET6, STM32H562AGI6, STM32H562AII6, STM32H562IGK6, STM32H562IGT6, STM32H562IIK6, STM32H562IIT6, STM32H562RGT6, STM32H562RGV6, STM32H562RIT6, STM32H562RIV6, STM32H562VGT6, STM32H562VIT6, STM32H562ZGT6, STM32H562ZIT6, STM32H563AGI6, STM32H563AII3Q, STM32H563AII6, STM32H563IGK6, STM32H563IGT6, STM32H563IIK3Q, STM32H563IIK6, STM32H563IIT3Q, STM32H563IIT6, STM32H563MIY3QTR, STM32H563RGT6, STM32H563RGV6, STM32H563RIT6, STM32H563RIV6, STM32H563VGT6, STM32H563VIT3Q, STM32H563VIT6, STM32H563ZGT6, STM32H563ZIT3Q, STM32H563ZIT6, STM32H573AII3Q, STM32H573AII6, STM32H573I-DK, STM32H573IIK3Q, STM32H573IIK6, STM32H573IIT3Q, STM32H573IIT6, STM32H573MIY3QTR, STM32H573RIT6, STM32H573RIV6, STM32H573VIT3Q, STM32H573VIT6, STM32H573ZIT3Q, STM32H573ZIT6, STM32H7R3A8I6, STM32H7R3I8K6, STM32H7R3I8T6, STM32H7R3L8H6, STM32H7R3L8H6H, STM32H7R3R8V6, STM32H7R3V8H6, STM32H7R3V8T6, STM32H7R3V8Y6TR, STM32H7R3Z8J6, STM32H7R3Z8T6, STM32H7R7A8I6, STM32H7R7I8K6, STM32H7R7I8T6, STM32H7R7L8H6, STM32H7R7L8H6H, STM32H7R7Z8J6, STM32H7S3A8I6, STM32H7S3I8K6, STM32H7S3I8T6, STM32H7S3L8H6, STM32H7S3L8H6H, STM32H7S3R8V6, STM32H7S3V8H6, STM32H7S3V8T6, STM32H7S3V8Y6TR, STM32H7S3Z8J6, STM32H7S3Z8T6, STM32H7S78-DK, STM32H7S7A8I6, STM32H7S7I8K6, STM32H7S7I8T6, STM32H7S7L8H6, STM32H7S7L8H6H, STM32H7S7Z8J6, STM32L4R5QGI6STR, STM32MP131AAE3, STM32MP131AAF3, STM32MP131AAG3, STM32MP131CAE3, STM32MP131CAF3, STM32MP131CAG3, STM32MP131DAE7, STM32MP131DAF7, STM32MP131DAG7, STM32MP131FAE7, STM32MP131FAF7, STM32MP131FAG7, STM32MP133AAE3, STM32MP133AAF3, STM32MP133AAG3, STM32MP133CAE3, STM32MP133CAF3, STM32MP133CAG3, STM32MP133DAE7, STM32MP133DAF7, STM32MP133DAG7, STM32MP133FAE7, STM32MP133FAF7, STM32MP133FAG7, STM32MP135AAE3, STM32MP135AAF3, STM32MP135AAG3, STM32MP135CAE3, STM32MP135CAF3, STM32MP135CAG3, STM32MP135DAE7, STM32MP135DAF7, STM32MP135DAG7, STM32MP135F-DK, STM32MP135FAE7, STM32MP135FAF7, STM32MP135FAF7T, STM32MP135FAF7U, STM32MP135FAG7, STM32MP251AAI3, STM32MP251AAK3, STM32MP251AAL3, STM32MP251CAI3, STM32MP251CAK3, STM32MP251CAL3, STM32MP251DAI3, STM32MP251DAK3, STM32MP251DAL3, STM32MP251FAI3, STM32MP251FAK3, STM32MP251FAL3, STM32MP253AAI3, STM32MP253AAK3, STM32MP253AAL3, STM32MP253CAI3, STM32MP253CAK3, STM32MP253CAL3, STM32MP253DAI3, STM32MP253DAK3, STM32MP253DAL3, STM32MP253FAI3, STM32MP253FAK3, STM32MP253FAL3, STM32MP255AAI3, STM32MP255AAK3, STM32MP255AAL3, STM32MP255CAI3, STM32MP255CAK3, STM32MP255CAL3, STM32MP255DAI3, STM32MP255DAK3, STM32MP255DAL3, STM32MP255FAI3, STM32MP255FAK3, STM32MP255FAL3, STM32MP257AAI3, STM32MP257AAK3, STM32MP257AAL3, STM32MP257CAI3, STM32MP257CAK3, STM32MP257CAL3, STM32MP257DAI3, STM32MP257DAK3, STM32MP257DAL3, STM32MP257F-DK, STM32MP257F-EV1, STM32MP257FAI3, STM32MP257FAK3, STM32MP257FAL3, STM32U031C6T6, STM32U031C6U6, STM32U031C8T6, STM32U031C8U6, STM32U031F4P6, STM32U031F6P6, STM32U031F8P6, STM32U031G6Y6TR, STM32U031G8Y6TR, STM32U031K4U6, STM32U031K6U6, STM32U031K8U6, STM32U031R6I6, STM32U031R6T6, STM32U031R8I6, STM32U031R8T6, STM32U073C8T6, STM32U073C8U6, STM32U073CBT6, STM32U073CBU6, STM32U073CCT6, STM32U073CCU6, STM32U073H8Y6TR, STM32U073HBY6TR, STM32U073HCY6TR, STM32U073K8U6, STM32U073KBU6, STM32U073KCU6, STM32U073M8I6, STM32U073M8T6, STM32U073MBI6, STM32U073MBT6, STM32U073MCI6, STM32U073MCT6, STM32U073R8I6, STM32U073R8T6, STM32U073RBI6, STM32U073RBT6, STM32U073RCI6, STM32U073RCT6, STM32U083C-DK, STM32U083CCT6, STM32U083CCU6, STM32U083HCY6TR, STM32U083KCU6, STM32U083MCI6, STM32U083MCT6, STM32U083RCI6, STM32U083RCT6, STM32U535CBT6, STM32U535CBT6Q, STM32U535CBU6, STM32U535CBU6Q, STM32U535CCT6, STM32U535CCT6Q, STM32U535CCU6, STM32U535CCU6Q, STM32U535CET6, STM32U535CET6Q, STM32U535CEU6, STM32U535CEU6Q, STM32U535JEY6QTR, STM32U535NCY6QTR, STM32U535NEY6QTR, STM32U535RBI6, STM32U535RBI6Q, STM32U535RBT6, STM32U535RBT6Q, STM32U535RCI6, STM32U535RCI6Q, STM32U535RCT6, STM32U535RCT6Q, STM32U535REI6, STM32U535REI6Q, STM32U535RET6, STM32U535RET6Q, STM32U535VCI6, STM32U535VCI6Q, STM32U535VCT6, STM32U535VCT6Q, STM32U535VEI6, STM32U535VEI6Q, STM32U535VET6, STM32U535VET6Q, STM32U545CET6, STM32U545CET6Q, STM32U545CEU6, STM32U545CEU6Q, STM32U545JEY6QTR, STM32U545NEY6QTR, STM32U545REI6, STM32U545REI6Q, STM32U545RET6, STM32U545RET6Q, STM32U545VEI6, STM32U545VEI6Q, STM32U545VET6, STM32U545VET6Q, STM32U595AIH6, STM32U595AIH6Q, STM32U595AJH6, STM32U595AJH6Q, STM32U595QII6, STM32U595QII6Q, STM32U595QJI6, STM32U595QJI6Q, STM32U595RIT6, STM32U595RIT6Q, STM32U595RJT6, STM32U595RJT6Q, STM32U595VIT6, STM32U595VIT6Q, STM32U595VJT6, STM32U595VJT6Q, STM32U595ZIT6, STM32U595ZIT6Q, STM32U595ZIY6QTR, STM32U595ZJT6, STM32U595ZJT6Q, STM32U595ZJY6QTR, STM32U599BJY6QTR, STM32U599NIH6Q, STM32U599NJH6Q, STM32U599VIT6Q, STM32U599VJT6, STM32U599VJT6Q, STM32U599ZIT6Q, STM32U599ZIY6QTR, STM32U599ZJT6Q, STM32U599ZJY6QTR, STM32U5A5AJH6, STM32U5A5AJH6Q, STM32U5A5QII3Q , STM32U5A5QJI6, STM32U5A5QJI6Q, STM32U5A5RJT6, STM32U5A5RJT6Q, STM32U5A5VJT6, STM32U5A5VJT6Q, STM32U5A5ZJT6, STM32U5A5ZJT6Q, STM32U5A5ZJY6QTR, STM32U5A9BJY6QTR, STM32U5A9J-DK, STM32U5A9NJH6Q, STM32U5A9VJT6Q, STM32U5A9ZJT6Q, STM32U5A9ZJY6QTR, STM32U5F7VIT6, STM32U5F7VIT6Q, STM32U5F7VJT6, STM32U5F7VJT6Q, STM32U5F9BJY6QTR, STM32U5F9NJH6Q, STM32U5F9VIT6Q, STM32U5F9VJT6Q, STM32U5F9ZIJ6QTR, STM32U5F9ZIT6Q, STM32U5F9ZJJ6QTR, STM32U5F9ZJT6Q, STM32U5G7VJT6, STM32U5G7VJT6Q, STM32U5G9BJY6QTR, STM32U5G9J-DK1, STM32U5G9J-DK2, STM32U5G9NJH6Q, STM32U5G9VJT6Q, STM32U5G9ZJJ6QTR, STM32U5G9ZJT6Q, STM32WB05KZV6TR, STM32WB05KZV7TR, STM32WB05TZF6TR, STM32WB05TZF7TR, STM32WB06CCF6TR, STM32WB06CCF7TR, STM32WB06CCV6TR, STM32WB06CCV7TR, STM32WB06KCV6TR, STM32WB06KCV7TR, STM32WB07CCF6TR, STM32WB07CCF7TR, STM32WB07CCV6TR, STM32WB07CCV7TR, STM32WB07KCV6TR, STM32WB07KCV7TR, STM32WB09KEV6TR, STM32WB09KEV7TR, STM32WB09TEF6TR, STM32WB09TEF7TR, STM32WB1MMCH6, STM32WBA50KGU6, STM32WBA50KGU6TR, STM32WBA52CEU6, STM32WBA52CEU6TR, STM32WBA52CEU7, STM32WBA52CEU7TR, STM32WBA52CGU6, STM32WBA52CGU6TR, STM32WBA52CGU6U, STM32WBA52CGU7, STM32WBA52CGU7TR, STM32WBA52KEU6, STM32WBA52KEU6TR, STM32WBA52KGU6, STM32WBA52KGU6TR, STM32WBA54CEU6, STM32WBA54CEU6TR, STM32WBA54CEU7, STM32WBA54CEU7TR, STM32WBA54CGU6, STM32WBA54CGU6TR, STM32WBA54CGU7, STM32WBA54CGU7TR, STM32WBA54KEU6, STM32WBA54KEU6TR, STM32WBA54KEU7, STM32WBA54KEU7TR, STM32WBA54KGU6, STM32WBA54KGU6TR, STM32WBA54KGU7, STM32WBA54KGU7TR, STM32WBA55CEU6, STM32WBA55CEU6TR, STM32WBA55CEU7, STM32WBA55CEU7TR, STM32WBA55CGU6, STM32WBA55CGU6TR, STM32WBA55CGU6U, STM32WBA55CGU7, STM32WBA55CGU7TR, STM32WBA55G-DK1, STM32WBA55HEF6, STM32WBA55HEF7, STM32WBA55HGF6, STM32WBA55HGF7, STM32WBA55UEI6, STM32WBA55UEI6TR, STM32WBA55UEI7, STM32WBA55UEI7TR, STM32WBA55UGI6, STM32WBA55UGI6TR, STM32WBA55UGI7, STM32WBA55UGI7TR, STM32WL5MOCH6, STM32WL5MOCH6TR]
2024-08-17 17:02:10,114 [INFO] DbMcus:218 - Found 4251 MCUs, 4251 are supported
2024-08-17 17:02:10,116 [INFO] ApiDb:423 - Load user favorites file /Users/kitton/.stm32cubeide/favorites.mcus.txt: 1 item(s)
2024-08-17 17:02:10,116 [INFO] ApiDb:427 - User favorites MCUs=[STM32F767ZIT6]
2024-08-17 17:02:10,116 [INFO] DbMcus:224 - Set 1 / 1 favorites MCUs
2024-08-17 17:02:10,330 [INFO] ApiDb:414 - User favorites file not found: /Users/kitton/.stm32cubeide/favorites.boards.txt
2024-08-17 17:02:10,330 [INFO] DbBoards:198 - Set 0 / 0 favorites Boards
2024-08-17 17:02:10,427 [INFO] UtilMem:75 - End LoadConfig() Used Memory: 701552432 Bytes (879755264)
2024-08-17 17:02:10,571 [WARN] ThirdParty:833 - waiting for thirdparty lock release [change project]
2024-08-17 17:02:10,576 [INFO] ThirdParty:835 - entering critical section [change project]
2024-08-17 17:02:10,576 [INFO] ThirdParty:1030 - CMSIS Pack Vendor :STMicroelectronics USBPD 4.1
2024-08-17 17:02:10,576 [INFO] ThirdParty:1030 - CMSIS Pack Vendor :STMicroelectronics X-CUBE-DISPLAY 3.0.0
2024-08-17 17:02:10,576 [INFO] ThirdParty:1030 - CMSIS Pack Vendor :STMicroelectronics X-CUBE-GNSS1 6.0.0
2024-08-17 17:02:10,576 [INFO] ThirdParty:1030 - CMSIS Pack Vendor :STMicroelectronics USB_HOST 2.0.0
2024-08-17 17:02:10,576 [INFO] ThirdParty:1030 - CMSIS Pack Vendor :STMicroelectronics FP-SNS-MOTENVWB1 1.4.0
2024-08-17 17:02:10,576 [INFO] ThirdParty:1030 - CMSIS Pack Vendor :STMicroelectronics LIBJPEG 8.0.0
2024-08-17 17:02:10,576 [INFO] ThirdParty:1030 - CMSIS Pack Vendor :STMicroelectronics X-CUBE-BLE1 7.0.0
2024-08-17 17:02:10,576 [INFO] ThirdParty:1030 - CMSIS Pack Vendor :STMicroelectronics FP-ATR-SIGFOX1 3.2.0
2024-08-17 17:02:10,576 [INFO] ThirdParty:1030 - CMSIS Pack Vendor :STMicroelectronics USB_DEVICE 3.0.0
2024-08-17 17:02:10,577 [INFO] ThirdParty:1030 - CMSIS Pack Vendor :STMicroelectronics X-CUBE-EEPRMA1 5.1.0
2024-08-17 17:02:10,577 [INFO] ThirdParty:1030 - CMSIS Pack Vendor :STMicroelectronics HAL Drivers 0.0.0
2024-08-17 17:02:10,577 [INFO] ThirdParty:1030 - CMSIS Pack Vendor :STMicroelectronics MBEDTLS 2.16.2
2024-08-17 17:02:10,577 [INFO] ThirdParty:1030 - CMSIS Pack Vendor :STMicroelectronics X-CUBE-FREERTOS 1.2.0
2024-08-17 17:02:10,577 [INFO] ThirdParty:1030 - CMSIS Pack Vendor :STMicroelectronics X-CUBE-ALS 1.0.2
2024-08-17 17:02:10,577 [INFO] ThirdParty:1030 - CMSIS Pack Vendor :STMicroelectronics MBEDTLS 2.14.1
2024-08-17 17:02:10,577 [INFO] ThirdParty:1030 - CMSIS Pack Vendor :STMicroelectronics USB_DEVICE 2.0.0
2024-08-17 17:02:10,577 [INFO] ThirdParty:1030 - CMSIS Pack Vendor :STMicroelectronics X-CUBE-BLEMGR 3.1.0
2024-08-17 17:02:10,577 [INFO] ThirdParty:1030 - CMSIS Pack Vendor :STMicroelectronics ThreadX 1.0.0
2024-08-17 17:02:10,577 [INFO] ThirdParty:1030 - CMSIS Pack Vendor :STMicroelectronics FP-SNS-SMARTAG2 1.2.0
2024-08-17 17:02:10,577 [INFO] ThirdParty:1030 - CMSIS Pack Vendor :STMicroelectronics FreeRTOS 0.0.1
2024-08-17 17:02:10,577 [INFO] ThirdParty:1030 - CMSIS Pack Vendor :STMicroelectronics FP-SNS-MOTENV1 5.0.0
2024-08-17 17:02:10,577 [INFO] ThirdParty:1030 - CMSIS Pack Vendor :STMicroelectronics USB_DEVICE 1.0.0
2024-08-17 17:02:10,577 [INFO] ThirdParty:1030 - CMSIS Pack Vendor :STMicroelectronics STM32_WPAN 1.0.0
2024-08-17 17:02:10,577 [INFO] ThirdParty:1030 - CMSIS Pack Vendor :STMicroelectronics ThreadX 0.0.2
2024-08-17 17:02:10,577 [INFO] ThirdParty:1030 - CMSIS Pack Vendor :STMicroelectronics FP-ATR-ASTRA1 2.0.0
2024-08-17 17:02:10,577 [INFO] ThirdParty:1030 - CMSIS Pack Vendor :STMicroelectronics lwIP 2.0.3
2024-08-17 17:02:10,577 [INFO] ThirdParty:1030 - CMSIS Pack Vendor :STMicroelectronics lwIP 2.1.2
2024-08-17 17:02:10,577 [INFO] ThirdParty:1030 - CMSIS Pack Vendor :STMicroelectronics FP-SNS-FLIGHT1 5.0.2
2024-08-17 17:02:10,577 [INFO] ThirdParty:1030 - CMSIS Pack Vendor :STMicroelectronics X-CUBE-BLE2 3.3.0
2024-08-17 17:02:10,577 [INFO] ThirdParty:1030 - CMSIS Pack Vendor :STMicroelectronics USB_HOST 1.0.0
2024-08-17 17:02:10,577 [INFO] ThirdParty:1030 - CMSIS Pack Vendor :STMicroelectronics X-CUBE-AI 9.0.0
2024-08-17 17:02:10,577 [INFO] ThirdParty:1030 - CMSIS Pack Vendor :STMicroelectronics PDM2PCM 3.1.0
2024-08-17 17:02:10,577 [INFO] ThirdParty:1030 - CMSIS Pack Vendor :STMicroelectronics PDM2PCM 3.2.0
2024-08-17 17:02:10,577 [INFO] ThirdParty:1030 - CMSIS Pack Vendor :STMicroelectronics PDM2PCM 3.3.0
2024-08-17 17:02:10,579 [INFO] ThirdParty:841 - exiting critical section [change project]
2024-08-17 17:02:11,426 [INFO] PinOutPanel:1561 - setPackage(No Configuration,No Configuration)
2024-08-17 17:02:11,433 [INFO] PinOutPanel:1561 - setPackage(STM32F767ZITx,LQFP144)
2024-08-17 17:02:12,259 [INFO] UtilMem:75 - Before build in PCC Used Memory: 683846000 Bytes (817889280)
2024-08-17 17:02:13,347 [INFO] UtilMem:75 - After build in PCC Used Memory: 476647936 Bytes (817889280)
2024-08-17 17:02:13,401 [INFO] IPUIPlugin:80 - create IPUIPlugin
2024-08-17 17:02:13,401 [INFO] IPUIPlugin:80 - create IPUIPlugin
2024-08-17 17:02:13,401 [INFO] IPUIPlugin:80 - create IPUIPlugin
2024-08-17 17:02:13,401 [INFO] IPUIPlugin:80 - create IPUIPlugin
2024-08-17 17:02:13,402 [INFO] IPUIPlugin:80 - create IPUIPlugin
2024-08-17 17:02:13,402 [INFO] IPUIPlugin:80 - create IPUIPlugin
2024-08-17 17:02:13,402 [INFO] IPUIPlugin:80 - create IPUIPlugin
2024-08-17 17:02:13,402 [INFO] IPUIPlugin:80 - create IPUIPlugin
2024-08-17 17:02:13,402 [INFO] IPUIPlugin:80 - create IPUIPlugin
2024-08-17 17:02:13,403 [INFO] IPUIPlugin:80 - create IPUIPlugin
2024-08-17 17:02:13,403 [INFO] IPUIPlugin:80 - create IPUIPlugin
2024-08-17 17:02:13,403 [INFO] IPUIPlugin:80 - create IPUIPlugin
2024-08-17 17:02:13,403 [INFO] IPUIPlugin:80 - create IPUIPlugin
2024-08-17 17:02:13,403 [INFO] IPUIPlugin:80 - create IPUIPlugin
2024-08-17 17:02:13,403 [INFO] IPUIPlugin:80 - create IPUIPlugin
2024-08-17 17:02:13,406 [INFO] IPUIPlugin:80 - create IPUIPlugin
2024-08-17 17:02:13,406 [INFO] IPUIPlugin:80 - create IPUIPlugin
2024-08-17 17:02:13,407 [INFO] IPUIPlugin:80 - create IPUIPlugin
2024-08-17 17:02:13,407 [INFO] IPUIPlugin:80 - create IPUIPlugin
2024-08-17 17:02:13,407 [INFO] IPUIPlugin:80 - create IPUIPlugin
2024-08-17 17:02:13,407 [INFO] IPUIPlugin:80 - create IPUIPlugin
2024-08-17 17:02:13,407 [INFO] IPUIPlugin:80 - create IPUIPlugin
2024-08-17 17:02:13,407 [INFO] IPUIPlugin:80 - create IPUIPlugin
2024-08-17 17:02:13,408 [INFO] IPUIPlugin:80 - create IPUIPlugin
2024-08-17 17:02:13,408 [INFO] IPUIPlugin:80 - create IPUIPlugin
2024-08-17 17:02:13,409 [INFO] IPUIPlugin:80 - create IPUIPlugin
2024-08-17 17:02:13,409 [INFO] IPUIPlugin:80 - create IPUIPlugin
2024-08-17 17:02:13,409 [INFO] IPUIPlugin:80 - create IPUIPlugin
2024-08-17 17:02:13,409 [INFO] IPUIPlugin:80 - create IPUIPlugin
2024-08-17 17:02:13,410 [INFO] IPUIPlugin:80 - create IPUIPlugin
2024-08-17 17:02:13,410 [INFO] IPUIPlugin:80 - create IPUIPlugin
2024-08-17 17:02:13,410 [INFO] IPUIPlugin:80 - create IPUIPlugin
2024-08-17 17:02:13,410 [INFO] IPUIPlugin:80 - create IPUIPlugin
2024-08-17 17:02:13,410 [INFO] IPUIPlugin:80 - create IPUIPlugin
2024-08-17 17:02:13,410 [INFO] IPUIPlugin:80 - create IPUIPlugin
2024-08-17 17:02:13,410 [INFO] IPUIPlugin:80 - create IPUIPlugin
2024-08-17 17:02:13,410 [INFO] IPUIPlugin:80 - create IPUIPlugin
2024-08-17 17:02:13,410 [INFO] IPUIPlugin:80 - create IPUIPlugin
2024-08-17 17:02:13,411 [INFO] IPUIPlugin:80 - create IPUIPlugin
2024-08-17 17:02:13,411 [INFO] IPUIPlugin:80 - create IPUIPlugin
2024-08-17 17:02:13,411 [INFO] IPUIPlugin:80 - create IPUIPlugin
2024-08-17 17:02:13,411 [INFO] IPUIPlugin:80 - create IPUIPlugin
2024-08-17 17:02:13,411 [INFO] IPUIPlugin:80 - create IPUIPlugin
2024-08-17 17:02:13,412 [INFO] IPUIPlugin:80 - create IPUIPlugin
2024-08-17 17:02:13,412 [INFO] IPUIPlugin:80 - create IPUIPlugin
2024-08-17 17:02:13,412 [INFO] IPUIPlugin:80 - create IPUIPlugin
2024-08-17 17:02:13,412 [INFO] IPUIPlugin:80 - create IPUIPlugin
2024-08-17 17:02:13,412 [INFO] IPUIPlugin:80 - create IPUIPlugin
2024-08-17 17:02:13,412 [INFO] IPUIPlugin:80 - create IPUIPlugin
2024-08-17 17:02:13,412 [INFO] IPUIPlugin:80 - create IPUIPlugin
2024-08-17 17:02:13,412 [INFO] IPUIPlugin:80 - create IPUIPlugin
2024-08-17 17:02:13,413 [INFO] IPUIPlugin:80 - create IPUIPlugin
2024-08-17 17:02:13,413 [INFO] IPUIPlugin:80 - create IPUIPlugin
2024-08-17 17:02:13,413 [INFO] IPUIPlugin:80 - create IPUIPlugin
2024-08-17 17:02:13,413 [INFO] IPUIPlugin:80 - create IPUIPlugin
2024-08-17 17:02:13,413 [INFO] IPUIPlugin:80 - create IPUIPlugin
2024-08-17 17:02:13,413 [INFO] IPUIPlugin:80 - create IPUIPlugin
2024-08-17 17:02:13,413 [INFO] IPUIPlugin:80 - create IPUIPlugin
2024-08-17 17:02:13,413 [INFO] IPUIPlugin:80 - create IPUIPlugin
2024-08-17 17:02:13,413 [INFO] IPUIPlugin:80 - create IPUIPlugin
2024-08-17 17:02:13,413 [INFO] IPUIPlugin:80 - create IPUIPlugin
2024-08-17 17:02:13,413 [INFO] IPUIPlugin:80 - create IPUIPlugin
2024-08-17 17:02:13,413 [INFO] IPUIPlugin:80 - create IPUIPlugin
2024-08-17 17:02:13,413 [INFO] IPUIPlugin:80 - create IPUIPlugin
2024-08-17 17:02:13,413 [INFO] IPUIPlugin:80 - create IPUIPlugin
2024-08-17 17:02:13,413 [INFO] IPUIPlugin:80 - create IPUIPlugin
2024-08-17 17:02:13,413 [INFO] IPUIPlugin:80 - create IPUIPlugin
2024-08-17 17:02:13,414 [INFO] IPUIPlugin:80 - create IPUIPlugin
2024-08-17 17:02:13,414 [INFO] IPUIPlugin:80 - create IPUIPlugin
2024-08-17 17:02:13,414 [INFO] IPUIPlugin:80 - create IPUIPlugin
2024-08-17 17:02:13,414 [INFO] IPUIPlugin:80 - create IPUIPlugin
2024-08-17 17:02:13,414 [INFO] IPUIPlugin:80 - create IPUIPlugin
2024-08-17 17:02:13,414 [INFO] IPUIPlugin:80 - create IPUIPlugin
2024-08-17 17:02:13,414 [INFO] IPUIPlugin:80 - create IPUIPlugin
2024-08-17 17:02:13,415 [INFO] IPUIPlugin:80 - create IPUIPlugin
2024-08-17 17:02:13,415 [INFO] IPUIPlugin:80 - create IPUIPlugin
2024-08-17 17:02:13,415 [INFO] IPUIPlugin:80 - create IPUIPlugin
2024-08-17 17:02:13,415 [INFO] IPUIPlugin:80 - create IPUIPlugin
2024-08-17 17:02:13,416 [INFO] IPUIPlugin:80 - create IPUIPlugin
2024-08-17 17:02:13,442 [INFO] ApiDbMcu:508 - Load IP Config File for PDM2PCM
2024-08-17 17:02:13,988 [INFO] CADModel:165 - CPN selected for project levelSTM32F767ZIT6
2024-08-17 17:02:13,990 [INFO] CADModel:114 - Register for checkConnection events
2024-08-17 17:02:14,041 [INFO] OpenFileManager:363 - Restore cursor
2024-08-17 17:06:06,711 [INFO] NvicIntPanel:101 - NVIC parent = com.st.microxplorer.plugins.ip.nvic.MultiNvicIntPanel[,0,0,0x0,invalid,layout=javax.swing.BoxLayout,alignmentX=0.0,alignmentY=0.0,border=,flags=9,maximumSize=,minimumSize=,preferredSize=]
2024-08-17 17:06:12,188 [INFO] NvicIntPanel:101 - NVIC parent = com.st.microxplorer.plugins.ip.nvic.MultiNvicIntPanel[,0,0,0x0,invalid,layout=javax.swing.BoxLayout,alignmentX=0.0,alignmentY=0.0,border=,flags=9,maximumSize=,minimumSize=,preferredSize=]
2024-08-17 17:06:16,468 [INFO] UtilMem:75 - End SaveConfig() Used Memory: 609413736 Bytes (876609536)
2024-08-17 17:06:16,653 [INFO] UtilMem:75 - End SaveConfig() Used Memory: 639259024 Bytes (876609536)
2024-08-17 17:06:18,679 [INFO] UtilMem:75 - End SaveConfig() Used Memory: 271382576 Bytes (876609536)
2024-08-17 17:06:19,374 [INFO] BlockDiagram:2766 - set Specific Code input for plugin: SYS
2024-08-17 17:06:19,375 [INFO] BlockDiagram:2766 - set Specific Code input for plugin: RCC
2024-08-17 17:06:19,375 [INFO] BlockDiagram:2766 - set Specific Code input for plugin: NVIC
2024-08-17 17:06:19,375 [INFO] BlockDiagram:2766 - set Specific Code input for plugin: USART
2024-08-17 17:06:19,375 [INFO] BlockDiagram:2766 - set Specific Code input for plugin: USART
2024-08-17 17:06:19,375 [INFO] BlockDiagram:2766 - set Specific Code input for plugin: CORTEX_M7
2024-08-17 17:06:19,376 [INFO] BlockDiagram:2766 - set Specific Code input for plugin: GPIO
2024-08-17 17:06:19,377 [INFO] CodeGenerator:807 - code generatio: config db path: /Applications/STM32CubeIDE.app/Contents/Eclipse/plugins/com.st.stm32cube.common.mx_6.12.0.202406281431//db/
2024-08-17 17:06:19,513 [INFO] CodeEngine:255 - oldGeneratedFile, /Users/kitton/STM32CubeIDE/MAD_LAB/Lab04/MXTmpFiles/license.tmp_save
2024-08-17 17:06:20,027 [INFO] CodeEngine:279 - Generated code: /Users/kitton/STM32CubeIDE/MAD_LAB/Lab04/MXTmpFiles/license.tmp
2024-08-17 17:06:20,210 [INFO] CodeEngine:255 - oldGeneratedFile, /Users/kitton/STM32CubeIDE/MAD_LAB/Lab04/Core/Src/gpio.c_save
2024-08-17 17:06:20,432 [INFO] CodeEngine:279 - Generated code: /Users/kitton/STM32CubeIDE/MAD_LAB/Lab04/Core/Src/gpio.c
2024-08-17 17:06:20,444 [INFO] CodeEngine:255 - oldGeneratedFile, /Users/kitton/STM32CubeIDE/MAD_LAB/Lab04/Core/Inc/gpio.h_save
2024-08-17 17:06:20,504 [INFO] CodeEngine:279 - Generated code: /Users/kitton/STM32CubeIDE/MAD_LAB/Lab04/Core/Inc/gpio.h
2024-08-17 17:06:20,713 [INFO] CodeEngine:255 - oldGeneratedFile, /Users/kitton/STM32CubeIDE/MAD_LAB/Lab04/MXTmpFiles/cortex.tmp_save
2024-08-17 17:06:20,809 [INFO] CodeEngine:279 - Generated code: /Users/kitton/STM32CubeIDE/MAD_LAB/Lab04/MXTmpFiles/cortex.tmp
2024-08-17 17:06:20,812 [INFO] CodeEngine:255 - oldGeneratedFile, /Users/kitton/STM32CubeIDE/MAD_LAB/Lab04/Core/Src/usart.c_save
2024-08-17 17:06:20,957 [INFO] CodeEngine:279 - Generated code: /Users/kitton/STM32CubeIDE/MAD_LAB/Lab04/Core/Src/usart.c
2024-08-17 17:06:20,959 [INFO] CodeEngine:255 - oldGeneratedFile, /Users/kitton/STM32CubeIDE/MAD_LAB/Lab04/Core/Inc/usart.h_save
2024-08-17 17:06:21,024 [INFO] CodeEngine:279 - Generated code: /Users/kitton/STM32CubeIDE/MAD_LAB/Lab04/Core/Inc/usart.h
2024-08-17 17:06:21,039 [INFO] CodeEngine:255 - oldGeneratedFile, /Users/kitton/STM32CubeIDE/MAD_LAB/Lab04/Core/Src/stm32f7xx_it.c_save
2024-08-17 17:06:21,140 [INFO] CodeEngine:279 - Generated code: /Users/kitton/STM32CubeIDE/MAD_LAB/Lab04/Core/Src/stm32f7xx_it.c
2024-08-17 17:06:21,141 [INFO] CodeEngine:255 - oldGeneratedFile, /Users/kitton/STM32CubeIDE/MAD_LAB/Lab04/Core/Inc/stm32f7xx_it.h_save
2024-08-17 17:06:21,188 [INFO] CodeEngine:279 - Generated code: /Users/kitton/STM32CubeIDE/MAD_LAB/Lab04/Core/Inc/stm32f7xx_it.h
2024-08-17 17:06:21,199 [INFO] CodeEngine:255 - oldGeneratedFile, /Users/kitton/STM32CubeIDE/MAD_LAB/Lab04/Core/Src/stm32f7xx_hal_msp.c_save
2024-08-17 17:06:21,278 [INFO] CodeEngine:279 - Generated code: /Users/kitton/STM32CubeIDE/MAD_LAB/Lab04/Core/Src/stm32f7xx_hal_msp.c
2024-08-17 17:06:21,280 [INFO] CodeEngine:255 - oldGeneratedFile, /Users/kitton/STM32CubeIDE/MAD_LAB/Lab04/MXTmpFiles/system.tmp_save
2024-08-17 17:06:21,323 [INFO] CodeEngine:279 - Generated code: /Users/kitton/STM32CubeIDE/MAD_LAB/Lab04/MXTmpFiles/system.tmp
2024-08-17 17:06:21,326 [INFO] CodeEngine:311 - oldGeneratedFile, /Users/kitton/STM32CubeIDE/MAD_LAB/Lab04/Core/Inc/stm32f7xx_hal_conf.h_save
2024-08-17 17:06:21,419 [INFO] CodeEngine:335 - Generated code: /Users/kitton/STM32CubeIDE/MAD_LAB/Lab04/Core/Inc/stm32f7xx_hal_conf.h
2024-08-17 17:06:21,467 [INFO] CodeEngine:255 - oldGeneratedFile, /Users/kitton/STM32CubeIDE/MAD_LAB/Lab04/Core/Inc/main.h_save
2024-08-17 17:06:21,551 [INFO] CodeEngine:279 - Generated code: /Users/kitton/STM32CubeIDE/MAD_LAB/Lab04/Core/Inc/main.h
2024-08-17 17:06:21,553 [INFO] CodeEngine:255 - oldGeneratedFile, /Users/kitton/STM32CubeIDE/MAD_LAB/Lab04/Core/Src/main.c_save
2024-08-17 17:06:21,784 [INFO] CodeEngine:279 - Generated code: /Users/kitton/STM32CubeIDE/MAD_LAB/Lab04/Core/Src/main.c
2024-08-17 17:06:22,034 [INFO] ProjectBuilder:3249 - Time for Copy HAL[1] : 57mS.
2024-08-17 17:06:22,040 [INFO] ProjectBuilder:4828 - Project Generator version: 4.4.0-B60
2024-08-17 17:06:22,176 [INFO] ConfigFileManager:1531 - The Die is : DIE451
2024-08-17 17:06:22,187 [INFO] ApiDbMcu:508 - Load IP Config File for FATFS
2024-08-17 17:06:22,194 [INFO] ApiDbMcu:508 - Load IP Config File for FREERTOS
2024-08-17 17:06:22,200 [INFO] ApiDbMcu:508 - Load IP Config File for LIBJPEG
2024-08-17 17:06:22,206 [INFO] ApiDbMcu:508 - Load IP Config File for LWIP
2024-08-17 17:06:22,215 [INFO] ApiDbMcu:508 - Load IP Config File for MBEDTLS
2024-08-17 17:06:22,223 [INFO] ApiDbMcu:508 - Load IP Config File for USB_DEVICE
2024-08-17 17:06:22,227 [INFO] ApiDbMcu:508 - Load IP Config File for USB_HOST
2024-08-17 17:06:22,698 [INFO] LogOutputStream:77 - [STDOUT_REDIRECT] 
2024-08-17 17:06:24,226 [INFO] ProjectBuilder:5097 - Time for Generating toolchain IDE Files: 2177mS.
2024-08-17 17:06:24,236 [INFO] ProjectBuilder:3107 - Time for Copy CMSIS : 3mS.
2024-08-17 17:06:24,237 [INFO] ProjectBuilder:3107 - Time for Copy CMSIS : 0mS.
2024-08-17 17:14:07,150 [INFO] UtilMem:75 - End SaveConfig() Used Memory: 586114752 Bytes (962592768)
2024-08-17 17:14:07,330 [INFO] UtilMem:75 - End SaveConfig() Used Memory: 656347912 Bytes (962592768)
2024-08-17 17:14:09,783 [INFO] UtilMem:75 - End SaveConfig() Used Memory: 792140552 Bytes (962592768)
2024-08-17 17:14:10,171 [INFO] BlockDiagram:2766 - set Specific Code input for plugin: SYS
2024-08-17 17:14:10,172 [INFO] BlockDiagram:2766 - set Specific Code input for plugin: RCC
2024-08-17 17:14:10,172 [INFO] BlockDiagram:2766 - set Specific Code input for plugin: NVIC
2024-08-17 17:14:10,172 [INFO] BlockDiagram:2766 - set Specific Code input for plugin: USART
2024-08-17 17:14:10,172 [INFO] BlockDiagram:2766 - set Specific Code input for plugin: CORTEX_M7
2024-08-17 17:14:10,173 [INFO] BlockDiagram:2766 - set Specific Code input for plugin: GPIO
2024-08-17 17:14:10,173 [INFO] CodeGenerator:807 - code generatio: config db path: /Applications/STM32CubeIDE.app/Contents/Eclipse/plugins/com.st.stm32cube.common.mx_6.12.0.202406281431//db/
2024-08-17 17:14:10,298 [INFO] CodeEngine:255 - oldGeneratedFile, /Users/kitton/STM32CubeIDE/MAD_LAB/Lab04/MXTmpFiles/license.tmp_save
2024-08-17 17:14:10,374 [INFO] CodeEngine:279 - Generated code: /Users/kitton/STM32CubeIDE/MAD_LAB/Lab04/MXTmpFiles/license.tmp
2024-08-17 17:14:10,397 [INFO] CodeEngine:255 - oldGeneratedFile, /Users/kitton/STM32CubeIDE/MAD_LAB/Lab04/Core/Src/gpio.c_save
2024-08-17 17:14:10,461 [INFO] CodeEngine:279 - Generated code: /Users/kitton/STM32CubeIDE/MAD_LAB/Lab04/Core/Src/gpio.c
2024-08-17 17:14:10,463 [INFO] CodeEngine:255 - oldGeneratedFile, /Users/kitton/STM32CubeIDE/MAD_LAB/Lab04/Core/Inc/gpio.h_save
2024-08-17 17:14:10,512 [INFO] CodeEngine:279 - Generated code: /Users/kitton/STM32CubeIDE/MAD_LAB/Lab04/Core/Inc/gpio.h
2024-08-17 17:14:10,568 [INFO] CodeEngine:255 - oldGeneratedFile, /Users/kitton/STM32CubeIDE/MAD_LAB/Lab04/MXTmpFiles/cortex.tmp_save
2024-08-17 17:14:10,623 [INFO] CodeEngine:279 - Generated code: /Users/kitton/STM32CubeIDE/MAD_LAB/Lab04/MXTmpFiles/cortex.tmp
2024-08-17 17:14:10,628 [INFO] CodeEngine:255 - oldGeneratedFile, /Users/kitton/STM32CubeIDE/MAD_LAB/Lab04/Core/Src/usart.c_save
2024-08-17 17:14:10,705 [INFO] CodeEngine:279 - Generated code: /Users/kitton/STM32CubeIDE/MAD_LAB/Lab04/Core/Src/usart.c
2024-08-17 17:14:10,708 [INFO] CodeEngine:255 - oldGeneratedFile, /Users/kitton/STM32CubeIDE/MAD_LAB/Lab04/Core/Inc/usart.h_save
2024-08-17 17:14:10,751 [INFO] CodeEngine:279 - Generated code: /Users/kitton/STM32CubeIDE/MAD_LAB/Lab04/Core/Inc/usart.h
2024-08-17 17:14:10,755 [INFO] CodeEngine:255 - oldGeneratedFile, /Users/kitton/STM32CubeIDE/MAD_LAB/Lab04/Core/Src/stm32f7xx_it.c_save
2024-08-17 17:14:10,824 [INFO] CodeEngine:279 - Generated code: /Users/kitton/STM32CubeIDE/MAD_LAB/Lab04/Core/Src/stm32f7xx_it.c
2024-08-17 17:14:10,826 [INFO] CodeEngine:255 - oldGeneratedFile, /Users/kitton/STM32CubeIDE/MAD_LAB/Lab04/Core/Inc/stm32f7xx_it.h_save
2024-08-17 17:14:10,865 [INFO] CodeEngine:279 - Generated code: /Users/kitton/STM32CubeIDE/MAD_LAB/Lab04/Core/Inc/stm32f7xx_it.h
2024-08-17 17:14:10,870 [INFO] CodeEngine:255 - oldGeneratedFile, /Users/kitton/STM32CubeIDE/MAD_LAB/Lab04/Core/Src/stm32f7xx_hal_msp.c_save
2024-08-17 17:14:10,939 [INFO] CodeEngine:279 - Generated code: /Users/kitton/STM32CubeIDE/MAD_LAB/Lab04/Core/Src/stm32f7xx_hal_msp.c
2024-08-17 17:14:10,940 [INFO] CodeEngine:255 - oldGeneratedFile, /Users/kitton/STM32CubeIDE/MAD_LAB/Lab04/MXTmpFiles/system.tmp_save
2024-08-17 17:14:10,985 [INFO] CodeEngine:279 - Generated code: /Users/kitton/STM32CubeIDE/MAD_LAB/Lab04/MXTmpFiles/system.tmp
2024-08-17 17:14:10,989 [INFO] CodeEngine:311 - oldGeneratedFile, /Users/kitton/STM32CubeIDE/MAD_LAB/Lab04/Core/Inc/stm32f7xx_hal_conf.h_save
2024-08-17 17:14:11,040 [INFO] CodeEngine:335 - Generated code: /Users/kitton/STM32CubeIDE/MAD_LAB/Lab04/Core/Inc/stm32f7xx_hal_conf.h
2024-08-17 17:14:11,060 [INFO] CodeEngine:255 - oldGeneratedFile, /Users/kitton/STM32CubeIDE/MAD_LAB/Lab04/Core/Inc/main.h_save
2024-08-17 17:14:11,114 [INFO] CodeEngine:279 - Generated code: /Users/kitton/STM32CubeIDE/MAD_LAB/Lab04/Core/Inc/main.h
2024-08-17 17:14:11,117 [INFO] CodeEngine:255 - oldGeneratedFile, /Users/kitton/STM32CubeIDE/MAD_LAB/Lab04/Core/Src/main.c_save
2024-08-17 17:14:11,181 [INFO] CodeEngine:279 - Generated code: /Users/kitton/STM32CubeIDE/MAD_LAB/Lab04/Core/Src/main.c
2024-08-17 17:14:11,351 [INFO] ProjectBuilder:3249 - Time for Copy HAL[1] : 49mS.
2024-08-17 17:14:11,358 [INFO] ProjectBuilder:4828 - Project Generator version: 4.4.0-B60
2024-08-17 17:14:11,453 [INFO] ConfigFileManager:1531 - The Die is : DIE451
2024-08-17 17:14:12,272 [INFO] ProjectBuilder:5097 - Time for Generating toolchain IDE Files: 914mS.
2024-08-17 17:14:12,273 [INFO] ProjectBuilder:3107 - Time for Copy CMSIS : 0mS.
2024-08-17 17:14:12,274 [INFO] ProjectBuilder:3107 - Time for Copy CMSIS : 0mS.
2024-08-17 17:14:44,934 [INFO] MainUpdater:2873 - connection check result : 10
2024-08-17 17:14:44,936 [INFO] MainUpdater:2873 - connection check result : 10
2024-08-17 17:14:45,172 [INFO] MicroXplorer:468 - Change Database Path : 
2024-08-17 17:14:45,172 [INFO] MicroXplorer:498 - Change Database Version : DB.6.0.120
2024-08-17 17:14:45,210 [ERROR] ProjectManagerView:394 - 
java.lang.NullPointerException: Cannot invoke "javax.swing.JTextField.getText()" because the return value of "java.util.List.get(int)" is null
	at com.st.microxplorer.plugins.projectmanager.gui.ProjectChoiceTab$10.caretUpdate(ProjectChoiceTab.java:2622) ~[filemanager.jar:?]
	at javax.swing.text.JTextComponent.fireCaretUpdate(JTextComponent.java:412) ~[?:?]
	at javax.swing.text.JTextComponent$MutableCaretEvent.fire(JTextComponent.java:4491) ~[?:?]
	at javax.swing.text.JTextComponent$MutableCaretEvent.stateChanged(JTextComponent.java:4513) ~[?:?]
	at javax.swing.text.DefaultCaret.fireStateChanged(DefaultCaret.java:842) ~[?:?]
	at javax.swing.text.DefaultCaret.changeCaretPosition(DefaultCaret.java:1313) ~[?:?]
	at javax.swing.text.DefaultCaret.handleSetDot(DefaultCaret.java:1212) ~[?:?]
	at javax.swing.text.DefaultCaret.setDot(DefaultCaret.java:1193) ~[?:?]
	at javax.swing.text.DefaultCaret$Handler.insertUpdate(DefaultCaret.java:1789) ~[?:?]
	at javax.swing.text.AbstractDocument.fireInsertUpdate(AbstractDocument.java:226) ~[?:?]
	at javax.swing.text.AbstractDocument.handleInsertString(AbstractDocument.java:780) ~[?:?]
	at javax.swing.text.AbstractDocument.insertString(AbstractDocument.java:739) ~[?:?]
	at javax.swing.text.PlainDocument.insertString(PlainDocument.java:131) ~[?:?]
	at javax.swing.text.AbstractDocument.replace(AbstractDocument.java:698) ~[?:?]
	at javax.swing.text.JTextComponent.setText(JTextComponent.java:1729) ~[?:?]
	at com.st.microxplorer.plugins.projectmanager.gui.ProjectChoiceTab.createHeapStackFields(ProjectChoiceTab.java:972) ~[filemanager.jar:?]
	at com.st.microxplorer.plugins.projectmanager.gui.ProjectChoiceTab.buildLinkSettingsPanel(ProjectChoiceTab.java:3597) ~[filemanager.jar:?]
	at com.st.microxplorer.plugins.projectmanager.gui.ProjectChoiceTab.defineWindowsFields(ProjectChoiceTab.java:1940) ~[filemanager.jar:?]
	at com.st.microxplorer.plugins.projectmanager.gui.ProjectChoiceTab.updateSettings(ProjectChoiceTab.java:550) ~[filemanager.jar:?]
	at com.st.microxplorer.plugins.projectmanager.gui.ProjectSettingsPanel.UpdateDialog(ProjectSettingsPanel.java:245) ~[filemanager.jar:?]
	at com.st.microxplorer.plugins.projectmanager.ProjectManagerView.propertyChange(ProjectManagerView.java:391) ~[filemanager.jar:?]
	at java.beans.PropertyChangeSupport.fire(PropertyChangeSupport.java:343) ~[?:?]
	at java.beans.PropertyChangeSupport.firePropertyChange(PropertyChangeSupport.java:335) ~[?:?]
	at java.beans.PropertyChangeSupport.firePropertyChange(PropertyChangeSupport.java:268) ~[?:?]
	at com.st.microxplorer.util.MXPropertyChangeSupport.firePropertyChange(MXPropertyChangeSupport.java:54) ~[STM32CubeMX.jar:?]
	at com.st.microxplorer.mxsystem.MxSystem.closeConfig(MxSystem.java:900) ~[STM32CubeMX.jar:?]
	at com.st.microxplorer.maingui.MainPanel.closeConfig(MainPanel.java:781) ~[STM32CubeMX.jar:?]
	at com.st.microxplorer.plugins.filemanager.engine.OpenFileManager.loadConfigurationFile(OpenFileManager.java:265) ~[filemanager.jar:?]
	at com.st.microxplorer.plugins.filemanager.engine.MainFileManager.userLoadConfig(MainFileManager.java:352) ~[filemanager.jar:?]
	at com.st.microxplorer.plugins.filemanager.engine.MainFileManager.userLoadConfig(MainFileManager.java:330) ~[filemanager.jar:?]
	at com.st.microxplorer.plugins.filemanager.FileManagerView.getSpecificTask(FileManagerView.java:246) ~[filemanager.jar:?]
	at com.st.stm32cube.common.mx.editor.CubeMxEditor.getMxTabbedPaneInstance(CubeMxEditor.java:1198) ~[com.st.stm32cube.common.mx_6.12.0.202406281431/:?]
	at com.st.stm32cube.common.mx.editor.CubeMxEditor$12$1.createSwingComponent(CubeMxEditor.java:1068) ~[com.st.stm32cube.common.mx_6.12.0.202406281431/:?]
	at com.st.stm32cube.common.mx.oss.core.awtswtbridge.EmbeddedSwingComposite.doComponentCreation(EmbeddedSwingComposite.java:492) ~[com.st.stm32cube.common.mx.oss_6.12.0.202406281431/:?]
	at com.st.stm32cube.common.mx.oss.core.awtswtbridge.EmbeddedSwingComposite$4.run(EmbeddedSwingComposite.java:291) ~[com.st.stm32cube.common.mx.oss_6.12.0.202406281431/:?]
	at com.st.stm32cube.common.mx.oss.core.awtswtbridge.AwtEnvironment$2.run(AwtEnvironment.java:166) ~[com.st.stm32cube.common.mx.oss_6.12.0.202406281431/:?]
	at java.awt.event.InvocationEvent.dispatch(InvocationEvent.java:318) ~[?:?]
	at java.awt.EventQueue.dispatchEventImpl(EventQueue.java:773) ~[?:?]
	at java.awt.EventQueue$4.run(EventQueue.java:720) ~[?:?]
	at java.awt.EventQueue$4.run(EventQueue.java:714) ~[?:?]
	at java.security.AccessController.doPrivileged(AccessController.java:399) ~[?:?]
	at java.security.ProtectionDomain$JavaSecurityAccessImpl.doIntersectionPrivilege(ProtectionDomain.java:86) ~[?:?]
	at java.awt.EventQueue.dispatchEvent(EventQueue.java:742) ~[?:?]
	at java.awt.EventDispatchThread.pumpOneEventForFilters(EventDispatchThread.java:203) ~[?:?]
	at java.awt.EventDispatchThread.pumpEventsForFilter(EventDispatchThread.java:124) ~[?:?]
	at java.awt.EventDispatchThread.pumpEventsForHierarchy(EventDispatchThread.java:113) ~[?:?]
	at java.awt.EventDispatchThread.pumpEvents(EventDispatchThread.java:109) ~[?:?]
	at java.awt.EventDispatchThread.pumpEvents(EventDispatchThread.java:101) ~[?:?]
	at java.awt.EventDispatchThread.run(EventDispatchThread.java:90) ~[?:?]
2024-08-17 17:14:45,216 [WARN] ThirdParty:871 - waiting for thirdparty lock release [close project]
2024-08-17 17:14:45,216 [INFO] ThirdParty:873 - entering critical section [close project]
2024-08-17 17:14:45,216 [INFO] ThirdParty:883 - exiting critical section [close project]
2024-08-17 17:14:45,219 [INFO] PinOutPanel:1561 - setPackage(No Configuration,No Configuration)
2024-08-17 17:14:45,240 [WARN] IpParametersView:151 - Warning: This peripheral hasn't parameters
2024-08-17 17:14:45,256 [WARN] MainPanel:284 - <html><b><center>Warning: This peripheral has no parameters to be configured<br></b></html>
2024-08-17 17:14:45,266 [INFO] UtilMem:75 - Begin LoadConfig() Used Memory: 595591152 Bytes (962592768)
2024-08-17 17:14:45,266 [INFO] MicroXplorer:468 - Change Database Path : 
2024-08-17 17:14:45,266 [INFO] MicroXplorer:498 - Change Database Version : DB.6.0.120
2024-08-17 17:14:45,267 [INFO] OpenFileManager:332 - Change cursor
2024-08-17 17:14:45,289 [INFO] RulesReader:64 - Compatibility file has been processed (297 Rules)
2024-08-17 17:14:45,296 [INFO] Mcu:2032 - Initializing MCU STM32F767ZITx STM32F767ZITx STM32F767ZIT6
2024-08-17 17:14:46,489 [INFO] Context:742 - Trying to add GPIOservice into a context  which must be forbidden
2024-08-17 17:14:47,062 [WARN] ModelIntegratedComponent:63 - No mode defined for component null
2024-08-17 17:14:47,064 [WARN] ModelIntegratedComponent:63 - No mode defined for component null
2024-08-17 17:14:47,064 [WARN] ModelIntegratedComponent:63 - No mode defined for component null
2024-08-17 17:14:47,064 [WARN] ModelIntegratedComponent:63 - No mode defined for component null
2024-08-17 17:14:47,064 [WARN] ModelIntegratedComponent:63 - No mode defined for component null
2024-08-17 17:14:47,064 [WARN] ModelIntegratedComponent:63 - No mode defined for component null
2024-08-17 17:14:47,064 [WARN] ModelIntegratedComponent:63 - No mode defined for component null
2024-08-17 17:14:47,064 [WARN] ModelIntegratedComponent:63 - No mode defined for component null
2024-08-17 17:14:47,064 [WARN] ModelIntegratedComponent:63 - No mode defined for component null
2024-08-17 17:14:47,064 [WARN] ModelIntegratedComponent:63 - No mode defined for component null
2024-08-17 17:14:47,064 [WARN] ModelIntegratedComponent:63 - No mode defined for component null
2024-08-17 17:14:47,064 [WARN] ModelIntegratedComponent:63 - No mode defined for component null
2024-08-17 17:14:47,064 [WARN] ModelIntegratedComponent:63 - No mode defined for component null
2024-08-17 17:14:47,064 [WARN] ModelIntegratedComponent:63 - No mode defined for component null
2024-08-17 17:14:47,064 [WARN] ModelIntegratedComponent:63 - No mode defined for component null
2024-08-17 17:14:47,064 [WARN] ModelIntegratedComponent:63 - No mode defined for component null
2024-08-17 17:14:47,064 [WARN] ModelIntegratedComponent:63 - No mode defined for component null
2024-08-17 17:14:47,065 [WARN] ModelIntegratedComponent:63 - No mode defined for component null
2024-08-17 17:14:47,065 [WARN] ModelIntegratedComponent:63 - No mode defined for component null
2024-08-17 17:14:47,065 [WARN] ModelIntegratedComponent:63 - No mode defined for component null
2024-08-17 17:14:47,066 [WARN] ModelIntegratedComponent:63 - No mode defined for component null
2024-08-17 17:14:47,066 [WARN] ModelIntegratedComponent:63 - No mode defined for component null
2024-08-17 17:14:47,066 [WARN] ModelIntegratedComponent:63 - No mode defined for component null
2024-08-17 17:14:47,066 [WARN] ModelIntegratedComponent:63 - No mode defined for component null
2024-08-17 17:14:47,066 [WARN] ModelIntegratedComponent:63 - No mode defined for component null
2024-08-17 17:14:47,066 [WARN] ModelIntegratedComponent:63 - No mode defined for component null
2024-08-17 17:14:47,066 [WARN] ModelIntegratedComponent:63 - No mode defined for component null
2024-08-17 17:14:47,066 [WARN] ModelIntegratedComponent:63 - No mode defined for component null
2024-08-17 17:14:47,066 [WARN] ModelIntegratedComponent:63 - No mode defined for component null
2024-08-17 17:14:47,066 [WARN] ModelIntegratedComponent:63 - No mode defined for component null
2024-08-17 17:14:47,066 [WARN] ModelIntegratedComponent:63 - No mode defined for component null
2024-08-17 17:14:47,066 [WARN] ModelIntegratedComponent:63 - No mode defined for component null
2024-08-17 17:14:47,066 [WARN] ModelIntegratedComponent:63 - No mode defined for component null
2024-08-17 17:14:47,066 [WARN] ModelIntegratedComponent:63 - No mode defined for component null
2024-08-17 17:14:47,066 [WARN] ModelIntegratedComponent:63 - No mode defined for component null
2024-08-17 17:14:47,066 [WARN] ModelPack:524 - Component already loaded: STMicroelectronics:HAL Drivers:0.0.0:STMicroelectronics:Device:STMicro_Driver:XSPI:HAL::0.0.1:HAL_XSPI
2024-08-17 17:14:47,076 [INFO] RtosManager:555 - Registered RTOS mode: class=CMSIS, group=RTOS, mode=CMSIS_V1, owner=FREERTOS
2024-08-17 17:14:47,076 [INFO] RtosManager:555 - Registered RTOS mode: class=CMSIS, group=RTOS2, mode=CMSIS_V2, owner=FREERTOS
2024-08-17 17:14:47,076 [INFO] RtosManager:555 - Registered RTOS mode: class=RTOS, group=Core, mode=CMSIS_V1, owner=FREERTOS
2024-08-17 17:14:47,076 [INFO] RtosManager:555 - Registered RTOS mode: class=RTOS, group=Core, mode=CMSIS_V2, owner=FREERTOS
2024-08-17 17:14:47,076 [WARN] ModelIntegratedComponent:184 - Missing modes for component STMicroelectronics:FreeRTOS:0.0.1:STMicroelectronics:RTOS:FreeRTOS:Core:::10.2.0:
2024-08-17 17:14:47,083 [INFO] ThirdPartyModel:298 - Start build external matchings
2024-08-17 17:14:47,090 [INFO] ThirdPartyModel:316 - End build external matchings
2024-08-17 17:14:47,316 [INFO] UtilMem:75 - End LoadConfig() Used Memory: 554036472 Bytes (962592768)
2024-08-17 17:14:47,388 [WARN] ThirdParty:833 - waiting for thirdparty lock release [change project]
2024-08-17 17:14:47,390 [INFO] ThirdParty:835 - entering critical section [change project]
2024-08-17 17:14:47,390 [INFO] ThirdParty:1030 - CMSIS Pack Vendor :STMicroelectronics USBPD 4.1
2024-08-17 17:14:47,390 [INFO] ThirdParty:1030 - CMSIS Pack Vendor :STMicroelectronics X-CUBE-DISPLAY 3.0.0
2024-08-17 17:14:47,390 [INFO] ThirdParty:1030 - CMSIS Pack Vendor :STMicroelectronics X-CUBE-GNSS1 6.0.0
2024-08-17 17:14:47,390 [INFO] ThirdParty:1030 - CMSIS Pack Vendor :STMicroelectronics USB_HOST 2.0.0
2024-08-17 17:14:47,390 [INFO] ThirdParty:1030 - CMSIS Pack Vendor :STMicroelectronics FP-SNS-MOTENVWB1 1.4.0
2024-08-17 17:14:47,390 [INFO] ThirdParty:1030 - CMSIS Pack Vendor :STMicroelectronics LIBJPEG 8.0.0
2024-08-17 17:14:47,390 [INFO] ThirdParty:1030 - CMSIS Pack Vendor :STMicroelectronics X-CUBE-BLE1 7.0.0
2024-08-17 17:14:47,390 [INFO] ThirdParty:1030 - CMSIS Pack Vendor :STMicroelectronics FP-ATR-SIGFOX1 3.2.0
2024-08-17 17:14:47,390 [INFO] ThirdParty:1030 - CMSIS Pack Vendor :STMicroelectronics USB_DEVICE 3.0.0
2024-08-17 17:14:47,390 [INFO] ThirdParty:1030 - CMSIS Pack Vendor :STMicroelectronics X-CUBE-EEPRMA1 5.1.0
2024-08-17 17:14:47,390 [INFO] ThirdParty:1030 - CMSIS Pack Vendor :STMicroelectronics HAL Drivers 0.0.0
2024-08-17 17:14:47,390 [INFO] ThirdParty:1030 - CMSIS Pack Vendor :STMicroelectronics MBEDTLS 2.16.2
2024-08-17 17:14:47,391 [INFO] ThirdParty:1030 - CMSIS Pack Vendor :STMicroelectronics X-CUBE-FREERTOS 1.2.0
2024-08-17 17:14:47,391 [INFO] ThirdParty:1030 - CMSIS Pack Vendor :STMicroelectronics X-CUBE-ALS 1.0.2
2024-08-17 17:14:47,391 [INFO] ThirdParty:1030 - CMSIS Pack Vendor :STMicroelectronics MBEDTLS 2.14.1
2024-08-17 17:14:47,391 [INFO] ThirdParty:1030 - CMSIS Pack Vendor :STMicroelectronics USB_DEVICE 2.0.0
2024-08-17 17:14:47,391 [INFO] ThirdParty:1030 - CMSIS Pack Vendor :STMicroelectronics X-CUBE-BLEMGR 3.1.0
2024-08-17 17:14:47,391 [INFO] ThirdParty:1030 - CMSIS Pack Vendor :STMicroelectronics ThreadX 1.0.0
2024-08-17 17:14:47,391 [INFO] ThirdParty:1030 - CMSIS Pack Vendor :STMicroelectronics FP-SNS-SMARTAG2 1.2.0
2024-08-17 17:14:47,391 [INFO] ThirdParty:1030 - CMSIS Pack Vendor :STMicroelectronics FreeRTOS 0.0.1
2024-08-17 17:14:47,391 [INFO] ThirdParty:1030 - CMSIS Pack Vendor :STMicroelectronics FP-SNS-MOTENV1 5.0.0
2024-08-17 17:14:47,391 [INFO] ThirdParty:1030 - CMSIS Pack Vendor :STMicroelectronics USB_DEVICE 1.0.0
2024-08-17 17:14:47,391 [INFO] ThirdParty:1030 - CMSIS Pack Vendor :STMicroelectronics STM32_WPAN 1.0.0
2024-08-17 17:14:47,391 [INFO] ThirdParty:1030 - CMSIS Pack Vendor :STMicroelectronics ThreadX 0.0.2
2024-08-17 17:14:47,391 [INFO] ThirdParty:1030 - CMSIS Pack Vendor :STMicroelectronics FP-ATR-ASTRA1 2.0.0
2024-08-17 17:14:47,391 [INFO] ThirdParty:1030 - CMSIS Pack Vendor :STMicroelectronics lwIP 2.0.3
2024-08-17 17:14:47,391 [INFO] ThirdParty:1030 - CMSIS Pack Vendor :STMicroelectronics lwIP 2.1.2
2024-08-17 17:14:47,391 [INFO] ThirdParty:1030 - CMSIS Pack Vendor :STMicroelectronics FP-SNS-FLIGHT1 5.0.2
2024-08-17 17:14:47,391 [INFO] ThirdParty:1030 - CMSIS Pack Vendor :STMicroelectronics X-CUBE-BLE2 3.3.0
2024-08-17 17:14:47,391 [INFO] ThirdParty:1030 - CMSIS Pack Vendor :STMicroelectronics USB_HOST 1.0.0
2024-08-17 17:14:47,391 [INFO] ThirdParty:1030 - CMSIS Pack Vendor :STMicroelectronics X-CUBE-AI 9.0.0
2024-08-17 17:14:47,391 [INFO] ThirdParty:1030 - CMSIS Pack Vendor :STMicroelectronics PDM2PCM 3.1.0
2024-08-17 17:14:47,391 [INFO] ThirdParty:1030 - CMSIS Pack Vendor :STMicroelectronics PDM2PCM 3.2.0
2024-08-17 17:14:47,391 [INFO] ThirdParty:1030 - CMSIS Pack Vendor :STMicroelectronics PDM2PCM 3.3.0
2024-08-17 17:14:47,391 [INFO] ThirdParty:841 - exiting critical section [change project]
2024-08-17 17:14:47,737 [INFO] PinOutPanel:1561 - setPackage(No Configuration,No Configuration)
2024-08-17 17:14:47,738 [INFO] PinOutPanel:1561 - setPackage(STM32F767ZITx,LQFP144)
2024-08-17 17:14:48,040 [INFO] UtilMem:75 - Before build in PCC Used Memory: 378851144 Bytes (962592768)
2024-08-17 17:14:48,272 [INFO] UtilMem:75 - After build in PCC Used Memory: 428134216 Bytes (962592768)
2024-08-17 17:14:48,295 [INFO] IPUIPlugin:80 - create IPUIPlugin
2024-08-17 17:14:48,296 [INFO] IPUIPlugin:80 - create IPUIPlugin
2024-08-17 17:14:48,296 [INFO] IPUIPlugin:80 - create IPUIPlugin
2024-08-17 17:14:48,296 [INFO] IPUIPlugin:80 - create IPUIPlugin
2024-08-17 17:14:48,296 [INFO] IPUIPlugin:80 - create IPUIPlugin
2024-08-17 17:14:48,296 [INFO] IPUIPlugin:80 - create IPUIPlugin
2024-08-17 17:14:48,296 [INFO] IPUIPlugin:80 - create IPUIPlugin
2024-08-17 17:14:48,296 [INFO] IPUIPlugin:80 - create IPUIPlugin
2024-08-17 17:14:48,296 [INFO] IPUIPlugin:80 - create IPUIPlugin
2024-08-17 17:14:48,297 [INFO] IPUIPlugin:80 - create IPUIPlugin
2024-08-17 17:14:48,297 [INFO] IPUIPlugin:80 - create IPUIPlugin
2024-08-17 17:14:48,297 [INFO] IPUIPlugin:80 - create IPUIPlugin
2024-08-17 17:14:48,297 [INFO] IPUIPlugin:80 - create IPUIPlugin
2024-08-17 17:14:48,297 [INFO] IPUIPlugin:80 - create IPUIPlugin
2024-08-17 17:14:48,297 [INFO] IPUIPlugin:80 - create IPUIPlugin
2024-08-17 17:14:48,297 [INFO] IPUIPlugin:80 - create IPUIPlugin
2024-08-17 17:14:48,297 [INFO] IPUIPlugin:80 - create IPUIPlugin
2024-08-17 17:14:48,297 [INFO] IPUIPlugin:80 - create IPUIPlugin
2024-08-17 17:14:48,297 [INFO] IPUIPlugin:80 - create IPUIPlugin
2024-08-17 17:14:48,297 [INFO] IPUIPlugin:80 - create IPUIPlugin
2024-08-17 17:14:48,297 [INFO] IPUIPlugin:80 - create IPUIPlugin
2024-08-17 17:14:48,297 [INFO] IPUIPlugin:80 - create IPUIPlugin
2024-08-17 17:14:48,298 [INFO] IPUIPlugin:80 - create IPUIPlugin
2024-08-17 17:14:48,298 [INFO] IPUIPlugin:80 - create IPUIPlugin
2024-08-17 17:14:48,298 [INFO] IPUIPlugin:80 - create IPUIPlugin
2024-08-17 17:14:48,298 [INFO] IPUIPlugin:80 - create IPUIPlugin
2024-08-17 17:14:48,298 [INFO] IPUIPlugin:80 - create IPUIPlugin
2024-08-17 17:14:48,298 [INFO] IPUIPlugin:80 - create IPUIPlugin
2024-08-17 17:14:48,298 [INFO] IPUIPlugin:80 - create IPUIPlugin
2024-08-17 17:14:48,298 [INFO] IPUIPlugin:80 - create IPUIPlugin
2024-08-17 17:14:48,298 [INFO] IPUIPlugin:80 - create IPUIPlugin
2024-08-17 17:14:48,299 [INFO] IPUIPlugin:80 - create IPUIPlugin
2024-08-17 17:14:48,299 [INFO] IPUIPlugin:80 - create IPUIPlugin
2024-08-17 17:14:48,300 [INFO] IPUIPlugin:80 - create IPUIPlugin
2024-08-17 17:14:48,300 [INFO] IPUIPlugin:80 - create IPUIPlugin
2024-08-17 17:14:48,300 [INFO] IPUIPlugin:80 - create IPUIPlugin
2024-08-17 17:14:48,300 [INFO] IPUIPlugin:80 - create IPUIPlugin
2024-08-17 17:14:48,300 [INFO] IPUIPlugin:80 - create IPUIPlugin
2024-08-17 17:14:48,301 [INFO] IPUIPlugin:80 - create IPUIPlugin
2024-08-17 17:14:48,301 [INFO] IPUIPlugin:80 - create IPUIPlugin
2024-08-17 17:14:48,301 [INFO] IPUIPlugin:80 - create IPUIPlugin
2024-08-17 17:14:48,301 [INFO] IPUIPlugin:80 - create IPUIPlugin
2024-08-17 17:14:48,301 [INFO] IPUIPlugin:80 - create IPUIPlugin
2024-08-17 17:14:48,302 [INFO] IPUIPlugin:80 - create IPUIPlugin
2024-08-17 17:14:48,302 [INFO] IPUIPlugin:80 - create IPUIPlugin
2024-08-17 17:14:48,302 [INFO] IPUIPlugin:80 - create IPUIPlugin
2024-08-17 17:14:48,302 [INFO] IPUIPlugin:80 - create IPUIPlugin
2024-08-17 17:14:48,302 [INFO] IPUIPlugin:80 - create IPUIPlugin
2024-08-17 17:14:48,302 [INFO] IPUIPlugin:80 - create IPUIPlugin
2024-08-17 17:14:48,302 [INFO] IPUIPlugin:80 - create IPUIPlugin
2024-08-17 17:14:48,302 [INFO] IPUIPlugin:80 - create IPUIPlugin
2024-08-17 17:14:48,302 [INFO] IPUIPlugin:80 - create IPUIPlugin
2024-08-17 17:14:48,302 [INFO] IPUIPlugin:80 - create IPUIPlugin
2024-08-17 17:14:48,302 [INFO] IPUIPlugin:80 - create IPUIPlugin
2024-08-17 17:14:48,302 [INFO] IPUIPlugin:80 - create IPUIPlugin
2024-08-17 17:14:48,302 [INFO] IPUIPlugin:80 - create IPUIPlugin
2024-08-17 17:14:48,302 [INFO] IPUIPlugin:80 - create IPUIPlugin
2024-08-17 17:14:48,303 [INFO] IPUIPlugin:80 - create IPUIPlugin
2024-08-17 17:14:48,303 [INFO] IPUIPlugin:80 - create IPUIPlugin
2024-08-17 17:14:48,303 [INFO] IPUIPlugin:80 - create IPUIPlugin
2024-08-17 17:14:48,303 [INFO] IPUIPlugin:80 - create IPUIPlugin
2024-08-17 17:14:48,303 [INFO] IPUIPlugin:80 - create IPUIPlugin
2024-08-17 17:14:48,303 [INFO] IPUIPlugin:80 - create IPUIPlugin
2024-08-17 17:14:48,303 [INFO] IPUIPlugin:80 - create IPUIPlugin
2024-08-17 17:14:48,303 [INFO] IPUIPlugin:80 - create IPUIPlugin
2024-08-17 17:14:48,303 [INFO] IPUIPlugin:80 - create IPUIPlugin
2024-08-17 17:14:48,303 [INFO] IPUIPlugin:80 - create IPUIPlugin
2024-08-17 17:14:48,303 [INFO] IPUIPlugin:80 - create IPUIPlugin
2024-08-17 17:14:48,303 [INFO] IPUIPlugin:80 - create IPUIPlugin
2024-08-17 17:14:48,303 [INFO] IPUIPlugin:80 - create IPUIPlugin
2024-08-17 17:14:48,304 [INFO] IPUIPlugin:80 - create IPUIPlugin
2024-08-17 17:14:48,304 [INFO] IPUIPlugin:80 - create IPUIPlugin
2024-08-17 17:14:48,304 [INFO] IPUIPlugin:80 - create IPUIPlugin
2024-08-17 17:14:48,304 [INFO] IPUIPlugin:80 - create IPUIPlugin
2024-08-17 17:14:48,304 [INFO] IPUIPlugin:80 - create IPUIPlugin
2024-08-17 17:14:48,305 [INFO] IPUIPlugin:80 - create IPUIPlugin
2024-08-17 17:14:48,305 [INFO] IPUIPlugin:80 - create IPUIPlugin
2024-08-17 17:14:48,305 [INFO] IPUIPlugin:80 - create IPUIPlugin
2024-08-17 17:14:48,305 [INFO] IPUIPlugin:80 - create IPUIPlugin
2024-08-17 17:14:48,316 [INFO] ApiDbMcu:508 - Load IP Config File for PDM2PCM
2024-08-17 17:14:48,382 [INFO] CADModel:165 - CPN selected for project levelSTM32F767ZIT6
2024-08-17 17:14:48,382 [INFO] CADModel:114 - Register for checkConnection events
2024-08-17 17:14:48,423 [INFO] OpenFileManager:363 - Restore cursor
2024-08-17 17:15:44,090 [INFO] NvicIntPanel:101 - NVIC parent = com.st.microxplorer.plugins.ip.nvic.MultiNvicIntPanel[,0,0,0x0,invalid,layout=javax.swing.BoxLayout,alignmentX=0.0,alignmentY=0.0,border=,flags=9,maximumSize=,minimumSize=,preferredSize=]
2024-08-17 17:15:51,109 [INFO] NvicIntPanel:101 - NVIC parent = com.st.microxplorer.plugins.ip.nvic.MultiNvicIntPanel[,0,0,0x0,invalid,layout=javax.swing.BoxLayout,alignmentX=0.0,alignmentY=0.0,border=,flags=9,maximumSize=,minimumSize=,preferredSize=]
2024-08-17 17:15:57,418 [INFO] UtilMem:75 - End SaveConfig() Used Memory: 848164472 Bytes (962592768)
2024-08-17 17:15:57,678 [INFO] UtilMem:75 - End SaveConfig() Used Memory: 313393512 Bytes (962592768)
2024-08-17 17:16:00,024 [INFO] UtilMem:75 - End SaveConfig() Used Memory: 417202536 Bytes (962592768)
2024-08-17 17:16:00,125 [INFO] BlockDiagram:2766 - set Specific Code input for plugin: SYS
2024-08-17 17:16:00,125 [INFO] BlockDiagram:2766 - set Specific Code input for plugin: RCC
2024-08-17 17:16:00,125 [INFO] BlockDiagram:2766 - set Specific Code input for plugin: NVIC
2024-08-17 17:16:00,125 [INFO] BlockDiagram:2766 - set Specific Code input for plugin: USART
2024-08-17 17:16:00,126 [INFO] BlockDiagram:2766 - set Specific Code input for plugin: USART
2024-08-17 17:16:00,126 [INFO] BlockDiagram:2766 - set Specific Code input for plugin: CORTEX_M7
2024-08-17 17:16:00,126 [INFO] BlockDiagram:2766 - set Specific Code input for plugin: GPIO
2024-08-17 17:16:00,126 [INFO] CodeGenerator:807 - code generatio: config db path: /Applications/STM32CubeIDE.app/Contents/Eclipse/plugins/com.st.stm32cube.common.mx_6.12.0.202406281431//db/
2024-08-17 17:16:00,190 [INFO] CodeEngine:255 - oldGeneratedFile, /Users/kitton/STM32CubeIDE/MAD_LAB/Special_Lab01/MXTmpFiles/license.tmp_save
2024-08-17 17:16:00,244 [INFO] CodeEngine:279 - Generated code: /Users/kitton/STM32CubeIDE/MAD_LAB/Special_Lab01/MXTmpFiles/license.tmp
2024-08-17 17:16:00,285 [INFO] CodeEngine:255 - oldGeneratedFile, /Users/kitton/STM32CubeIDE/MAD_LAB/Special_Lab01/Core/Src/gpio.c_save
2024-08-17 17:16:00,340 [INFO] CodeEngine:279 - Generated code: /Users/kitton/STM32CubeIDE/MAD_LAB/Special_Lab01/Core/Src/gpio.c
2024-08-17 17:16:00,341 [INFO] CodeEngine:255 - oldGeneratedFile, /Users/kitton/STM32CubeIDE/MAD_LAB/Special_Lab01/Core/Inc/gpio.h_save
2024-08-17 17:16:00,378 [INFO] CodeEngine:279 - Generated code: /Users/kitton/STM32CubeIDE/MAD_LAB/Special_Lab01/Core/Inc/gpio.h
2024-08-17 17:16:00,483 [INFO] CodeEngine:255 - oldGeneratedFile, /Users/kitton/STM32CubeIDE/MAD_LAB/Special_Lab01/MXTmpFiles/cortex.tmp_save
2024-08-17 17:16:00,530 [INFO] CodeEngine:279 - Generated code: /Users/kitton/STM32CubeIDE/MAD_LAB/Special_Lab01/MXTmpFiles/cortex.tmp
2024-08-17 17:16:00,535 [INFO] CodeEngine:255 - oldGeneratedFile, /Users/kitton/STM32CubeIDE/MAD_LAB/Special_Lab01/Core/Src/usart.c_save
2024-08-17 17:16:00,605 [INFO] CodeEngine:279 - Generated code: /Users/kitton/STM32CubeIDE/MAD_LAB/Special_Lab01/Core/Src/usart.c
2024-08-17 17:16:00,606 [INFO] CodeEngine:255 - oldGeneratedFile, /Users/kitton/STM32CubeIDE/MAD_LAB/Special_Lab01/Core/Inc/usart.h_save
2024-08-17 17:16:00,667 [INFO] CodeEngine:279 - Generated code: /Users/kitton/STM32CubeIDE/MAD_LAB/Special_Lab01/Core/Inc/usart.h
2024-08-17 17:16:00,679 [INFO] CodeEngine:255 - oldGeneratedFile, /Users/kitton/STM32CubeIDE/MAD_LAB/Special_Lab01/Core/Src/stm32f7xx_it.c_save
2024-08-17 17:16:00,780 [INFO] CodeEngine:279 - Generated code: /Users/kitton/STM32CubeIDE/MAD_LAB/Special_Lab01/Core/Src/stm32f7xx_it.c
2024-08-17 17:16:00,785 [INFO] CodeEngine:255 - oldGeneratedFile, /Users/kitton/STM32CubeIDE/MAD_LAB/Special_Lab01/Core/Inc/stm32f7xx_it.h_save
2024-08-17 17:16:00,835 [INFO] CodeEngine:279 - Generated code: /Users/kitton/STM32CubeIDE/MAD_LAB/Special_Lab01/Core/Inc/stm32f7xx_it.h
2024-08-17 17:16:00,852 [INFO] CodeEngine:255 - oldGeneratedFile, /Users/kitton/STM32CubeIDE/MAD_LAB/Special_Lab01/Core/Src/stm32f7xx_hal_msp.c_save
2024-08-17 17:16:00,913 [INFO] CodeEngine:279 - Generated code: /Users/kitton/STM32CubeIDE/MAD_LAB/Special_Lab01/Core/Src/stm32f7xx_hal_msp.c
2024-08-17 17:16:00,916 [INFO] CodeEngine:255 - oldGeneratedFile, /Users/kitton/STM32CubeIDE/MAD_LAB/Special_Lab01/MXTmpFiles/system.tmp_save
2024-08-17 17:16:00,958 [INFO] CodeEngine:279 - Generated code: /Users/kitton/STM32CubeIDE/MAD_LAB/Special_Lab01/MXTmpFiles/system.tmp
2024-08-17 17:16:00,965 [INFO] CodeEngine:311 - oldGeneratedFile, /Users/kitton/STM32CubeIDE/MAD_LAB/Special_Lab01/Core/Inc/stm32f7xx_hal_conf.h_save
2024-08-17 17:16:01,011 [INFO] CodeEngine:335 - Generated code: /Users/kitton/STM32CubeIDE/MAD_LAB/Special_Lab01/Core/Inc/stm32f7xx_hal_conf.h
2024-08-17 17:16:01,064 [INFO] CodeEngine:255 - oldGeneratedFile, /Users/kitton/STM32CubeIDE/MAD_LAB/Special_Lab01/Core/Inc/main.h_save
2024-08-17 17:16:01,116 [INFO] CodeEngine:279 - Generated code: /Users/kitton/STM32CubeIDE/MAD_LAB/Special_Lab01/Core/Inc/main.h
2024-08-17 17:16:01,117 [INFO] CodeEngine:255 - oldGeneratedFile, /Users/kitton/STM32CubeIDE/MAD_LAB/Special_Lab01/Core/Src/main.c_save
2024-08-17 17:16:01,180 [INFO] CodeEngine:279 - Generated code: /Users/kitton/STM32CubeIDE/MAD_LAB/Special_Lab01/Core/Src/main.c
2024-08-17 17:16:01,324 [INFO] ProjectBuilder:3249 - Time for Copy HAL[1] : 31mS.
2024-08-17 17:16:01,327 [INFO] ProjectBuilder:4828 - Project Generator version: 4.4.0-B60
2024-08-17 17:16:01,372 [INFO] ConfigFileManager:1531 - The Die is : DIE451
2024-08-17 17:16:01,375 [INFO] ApiDbMcu:508 - Load IP Config File for FATFS
2024-08-17 17:16:01,380 [INFO] ApiDbMcu:508 - Load IP Config File for FREERTOS
2024-08-17 17:16:01,381 [INFO] ApiDbMcu:508 - Load IP Config File for LIBJPEG
2024-08-17 17:16:01,386 [INFO] ApiDbMcu:508 - Load IP Config File for LWIP
2024-08-17 17:16:01,392 [INFO] ApiDbMcu:508 - Load IP Config File for MBEDTLS
2024-08-17 17:16:01,401 [INFO] ApiDbMcu:508 - Load IP Config File for USB_DEVICE
2024-08-17 17:16:01,403 [INFO] ApiDbMcu:508 - Load IP Config File for USB_HOST
2024-08-17 17:16:02,060 [INFO] ProjectBuilder:5097 - Time for Generating toolchain IDE Files: 732mS.
2024-08-17 17:16:02,060 [INFO] ProjectBuilder:3107 - Time for Copy CMSIS : 0mS.
2024-08-17 17:16:02,061 [INFO] ProjectBuilder:3107 - Time for Copy CMSIS : 0mS.
2024-08-17 21:55:52,061 [INFO] WebApp:189 - Connection lost
2024-08-17 21:55:57,132 [INFO] WebApp:186 - Connection restablished
2024-08-17 21:56:17,360 [INFO] WebApp:189 - Connection lost
2024-08-17 21:56:20,588 [INFO] WebApp:186 - Connection restablished
2024-08-17 21:56:38,515 [INFO] WebApp:189 - Connection lost
2024-08-17 21:56:44,094 [INFO] WebApp:186 - Connection restablished
2024-08-17 21:57:08,262 [INFO] WebApp:189 - Connection lost
2024-08-17 21:57:14,277 [INFO] WebApp:186 - Connection restablished
2024-08-17 22:01:31,900 [INFO] WebApp:189 - Connection lost
2024-08-17 22:02:37,844 [INFO] WebApp:186 - Connection restablished
2024-08-17 22:02:58,678 [INFO] WebApp:189 - Connection lost
2024-08-17 22:03:04,448 [INFO] WebApp:186 - Connection restablished
2024-08-17 22:03:42,953 [INFO] WebApp:189 - Connection lost
2024-08-17 22:04:33,365 [INFO] WebApp:186 - Connection restablished
2024-08-17 22:04:49,278 [INFO] WebApp:189 - Connection lost
2024-08-17 22:05:00,323 [INFO] WebApp:186 - Connection restablished
2024-08-17 22:05:12,685 [INFO] WebApp:189 - Connection lost
2024-08-17 22:46:37,860 [INFO] WebApp:186 - Connection restablished
2024-08-17 23:53:09,511 [ERROR] ConfigurationRetriever:142 - IOException on connection: Connect timed out
2024-08-17 23:53:14,188 [ERROR] ConfigurationRetriever:142 - IOException on connection: Connect timed out
