2024-09-11 16:23:20,436 [INFO] Activator:176 - 


2024-09-11 16:23:20,444 [INFO] Activator:177 - !SESSION log4j initialized
2024-09-11 16:23:23,575 [INFO] LogOutputStream:77 - [STDOUT_REDIRECT] 
2024-09-11 16:23:25,138 [ERROR] LogOutputStream:75 - [STDERR_REDIRECT] 
2024-09-11 16:23:27,071 [INFO] LogOutputStream:77 - [STDOUT_REDIRECT] 
2024-09-11 16:23:28,270 [INFO] ApplicationProperties:184 - Using Application install path: /Applications/STM32CubeIDE.app/Contents/Eclipse/plugins/com.st.stm32cube.common.mx_6.12.0.202406281431
2024-09-11 16:23:28,289 [INFO] DbMcusXml:78 - Set database path to: /Applications/STM32CubeIDE.app/Contents/Eclipse/plugins/com.st.stm32cube.common.mx_6.12.0.202406281431//db//mcu/
2024-09-11 16:23:28,289 [INFO] ApiDb:274 - Set plugin database path to: /Applications/STM32CubeIDE.app/Contents/Eclipse/plugins/com.st.stm32cube.common.mx_6.12.0.202406281431//db//plugins/boardmanager/
2024-09-11 16:23:28,290 [WARN] ApiDb:259 - Overriding images path with different value:  => /Applications/STM32CubeIDE.app/Contents/Eclipse/plugins/com.st.stm32cube.common.mx_6.12.0.202406281431//db//plugins/mcufinder/images/
2024-09-11 16:23:28,298 [INFO] ApiDb:250 - Set database path to: /Users/kitton/.stmcufinder/plugins/mcufinder//mcu/
2024-09-11 16:23:28,299 [INFO] DbMcusAds:125 - Set database path to: /Users/kitton/.stmcufinder/plugins/mcufinder//mcu/
2024-09-11 16:23:28,300 [INFO] CrossReferenceDbSqlite:203 - Set database path to: /Users/kitton/.stmcufinder/plugins/mcufinder//mcu/cs/
2024-09-11 16:23:28,428 [ERROR] LogOutputStream:75 - [STDERR_REDIRECT] [Fatal Error] :2:10: DOCTYPE is disallowed when the feature "http://apache.org/xml/features/disallow-doctype-decl" set to true.
2024-09-11 16:23:28,430 [ERROR] LogOutputStream:75 - [STDERR_REDIRECT] 
2024-09-11 16:23:28,484 [INFO] RulesReader:64 - Compatibility file has been processed (297 Rules)
2024-09-11 16:23:28,529 [INFO] DbMcusXml:78 - Set database path to: /Applications/STM32CubeIDE.app/Contents/Eclipse/plugins/com.st.stm32cube.common.mx_6.12.0.202406281431//db//mcu/
2024-09-11 16:23:28,529 [INFO] ApiDb:274 - Set plugin database path to: /Applications/STM32CubeIDE.app/Contents/Eclipse/plugins/com.st.stm32cube.common.mx_6.12.0.202406281431//db//plugins/boardmanager/
2024-09-11 16:23:28,530 [INFO] ApiDb:261 - Set plugin images path to: /Applications/STM32CubeIDE.app/Contents/Eclipse/plugins/com.st.stm32cube.common.mx_6.12.0.202406281431//db//plugins/mcufinder/images/
2024-09-11 16:23:28,530 [WARN] DbFile:41 - Overriding database path with different value: /Users/kitton/.stmcufinder/plugins/mcufinder/ => /Users/kitton/.stmcufinder/plugins/mcufinder
2024-09-11 16:23:28,530 [INFO] ApiDb:250 - Set database path to: /Users/kitton/.stmcufinder/plugins/mcufinder//mcu/
2024-09-11 16:23:28,530 [WARN] DbFile:41 - Overriding database path with different value: /Users/kitton/.stmcufinder/plugins/mcufinder/ => /Users/kitton/.stmcufinder/plugins/mcufinder
2024-09-11 16:23:28,530 [INFO] DbMcusAds:125 - Set database path to: /Users/kitton/.stmcufinder/plugins/mcufinder//mcu/
2024-09-11 16:23:28,530 [WARN] DbFile:41 - Overriding database path with different value: /Users/kitton/.stmcufinder/plugins/mcufinder/ => /Users/kitton/.stmcufinder/plugins/mcufinder
2024-09-11 16:23:28,530 [WARN] DbFile:41 - Overriding database path with different value: /Users/kitton/.stmcufinder/plugins/mcufinder/ => /Users/kitton/.stmcufinder/plugins/mcufinder
2024-09-11 16:23:28,530 [INFO] CrossReferenceDbSqlite:203 - Set database path to: /Users/kitton/.stmcufinder/plugins/mcufinder//mcu/cs/
2024-09-11 16:23:28,592 [INFO] MainPanel:268 - HeapMemory: 313524224
2024-09-11 16:23:28,817 [INFO] DbMcusXml:78 - Set database path to: /Applications/STM32CubeIDE.app/Contents/Eclipse/plugins/com.st.stm32cube.common.mx_6.12.0.202406281431//db//mcu/
2024-09-11 16:23:28,818 [INFO] ApiDb:274 - Set plugin database path to: /Applications/STM32CubeIDE.app/Contents/Eclipse/plugins/com.st.stm32cube.common.mx_6.12.0.202406281431//db//plugins/boardmanager/
2024-09-11 16:23:28,818 [INFO] ApiDb:261 - Set plugin images path to: /Applications/STM32CubeIDE.app/Contents/Eclipse/plugins/com.st.stm32cube.common.mx_6.12.0.202406281431//db//plugins/mcufinder/images/
2024-09-11 16:23:28,818 [WARN] DbFile:41 - Overriding database path with different value: /Users/kitton/.stmcufinder/plugins/mcufinder/ => /Users/kitton/.stmcufinder/plugins/mcufinder
2024-09-11 16:23:28,818 [INFO] ApiDb:250 - Set database path to: /Users/kitton/.stmcufinder/plugins/mcufinder//mcu/
2024-09-11 16:23:28,818 [WARN] DbFile:41 - Overriding database path with different value: /Users/kitton/.stmcufinder/plugins/mcufinder/ => /Users/kitton/.stmcufinder/plugins/mcufinder
2024-09-11 16:23:28,818 [INFO] DbMcusAds:125 - Set database path to: /Users/kitton/.stmcufinder/plugins/mcufinder//mcu/
2024-09-11 16:23:28,818 [WARN] DbFile:41 - Overriding database path with different value: /Users/kitton/.stmcufinder/plugins/mcufinder/ => /Users/kitton/.stmcufinder/plugins/mcufinder
2024-09-11 16:23:28,818 [WARN] DbFile:41 - Overriding database path with different value: /Users/kitton/.stmcufinder/plugins/mcufinder/ => /Users/kitton/.stmcufinder/plugins/mcufinder
2024-09-11 16:23:28,818 [INFO] CrossReferenceDbSqlite:203 - Set database path to: /Users/kitton/.stmcufinder/plugins/mcufinder//mcu/cs/
2024-09-11 16:23:28,833 [INFO] ApplicationProperties:184 - Using Application install path: /Applications/STM32CubeIDE.app/Contents/Eclipse/plugins/com.st.stm32cube.common.mx_6.12.0.202406281431
2024-09-11 16:23:28,834 [INFO] PluginManage:196 - Search for loadable plugins [exclusion list=, ]
2024-09-11 16:23:28,835 [INFO] PluginManage:310 - Check plugin analytics
2024-09-11 16:23:29,004 [INFO] AnalyticsPlugin:253 - Accepted Software Licenses: 
2024-09-11 16:23:29,004 [INFO] AnalyticsPlugin:255 - Accepted CMSIS Pack Licenses: 
2024-09-11 16:23:29,004 [INFO] AnalyticsPlugin:257 - Accepted Firmware Licenses: FW.F7.1.17.0
2024-09-11 16:23:29,007 [INFO] PluginManage:359 - Loaded plugin analytics (category:tool,tabindex:-1)
2024-09-11 16:23:29,009 [INFO] PluginManage:310 - Check plugin cadmodel
2024-09-11 16:23:29,020 [INFO] CADModel:105 - Init CAD model plugin
2024-09-11 16:23:29,020 [INFO] PluginManage:359 - Loaded plugin cadmodel (category:power,tabindex:5)
2024-09-11 16:23:29,020 [INFO] PluginManage:310 - Check plugin clock
2024-09-11 16:23:29,029 [INFO] PluginManage:359 - Loaded plugin clock (category:base,tabindex:2)
2024-09-11 16:23:29,029 [INFO] PluginManage:310 - Check plugin ddr
2024-09-11 16:23:29,030 [INFO] PluginManage:359 - Loaded plugin ddr (category:tool,tabindex:6)
2024-09-11 16:23:29,031 [INFO] PluginManage:310 - Check plugin filemanager
2024-09-11 16:23:29,134 [INFO] PluginManage:359 - Loaded plugin filemanager (category:base,tabindex:10)
2024-09-11 16:23:29,134 [INFO] PluginManage:310 - Check plugin ipmanager
2024-09-11 16:23:29,138 [INFO] PluginManage:359 - Loaded plugin ipmanager (category:base,tabindex:5)
2024-09-11 16:23:29,138 [INFO] PluginManage:310 - Check plugin lpbam
2024-09-11 16:23:29,145 [INFO] PluginManage:359 - Loaded plugin lpbam (category:base,tabindex:0)
2024-09-11 16:23:29,146 [INFO] PluginManage:310 - Check plugin memorymap
2024-09-11 16:23:29,152 [INFO] PluginManage:359 - Loaded plugin memorymap (category:base,tabindex:4)
2024-09-11 16:23:29,152 [INFO] PluginManage:310 - Check plugin pinoutandconfiguration
2024-09-11 16:23:29,155 [INFO] PluginManage:359 - Loaded plugin pinoutandconfiguration (category:base,tabindex:1)
2024-09-11 16:23:29,155 [INFO] PluginManage:310 - Check plugin pinoutconfig
2024-09-11 16:23:29,215 [WARN] SupportedApi:132 - Cannot load RTOS API schema: s4s-elt-must-match.1: The content of 'definitions' must match (annotation?, (simpleType | complexType)?, (unique | key | keyref)*)). A problem was found starting at: attribute.
2024-09-11 16:23:29,405 [INFO] PluginManage:359 - Loaded plugin pinoutconfig (category:base,tabindex:0)
2024-09-11 16:23:29,406 [INFO] PluginManage:310 - Check plugin power
2024-09-11 16:23:29,425 [INFO] PluginManage:359 - Loaded plugin power (category:power,tabindex:4)
2024-09-11 16:23:29,425 [INFO] PluginManage:310 - Check plugin projectmanager
2024-09-11 16:23:29,453 [INFO] PluginManage:359 - Loaded plugin projectmanager (category:projectmanager,tabindex:4)
2024-09-11 16:23:29,453 [INFO] PluginManage:310 - Check plugin rif
2024-09-11 16:23:29,458 [INFO] PluginManage:359 - Loaded plugin rif (category:base,tabindex:3)
2024-09-11 16:23:29,458 [INFO] PluginManage:310 - Check plugin thirdparty
2024-09-11 16:23:29,622 [INFO] PluginManage:359 - Loaded plugin thirdparty (category:base,tabindex:-1)
2024-09-11 16:23:29,622 [INFO] PluginManage:310 - Check plugin tools
2024-09-11 16:23:29,622 [WARN] IntegrityCheckThread:84 - waiting for thirdparty lock release [integrity check]
2024-09-11 16:23:29,625 [INFO] IntegrityCheckThread:86 - entering critical section [integrity check]
2024-09-11 16:23:29,626 [INFO] ThirdPartyUpdaterWithRetryManager:70 - Updater plugin not ready yet. [1/15]
2024-09-11 16:23:29,626 [INFO] PluginManage:359 - Loaded plugin tools (category:base,tabindex:7)
2024-09-11 16:23:29,626 [INFO] PluginManage:310 - Check plugin tutovideos
2024-09-11 16:23:29,893 [INFO] PluginManage:359 - Loaded plugin tutovideos (category:base,tabindex:-1)
2024-09-11 16:23:29,895 [INFO] PluginManage:310 - Check plugin updater
2024-09-11 16:23:29,936 [INFO] PluginManage:359 - Loaded plugin updater (category:base,tabindex:12)
2024-09-11 16:23:29,937 [INFO] PluginManage:310 - Check plugin userauth
2024-09-11 16:23:29,950 [INFO] UserAuth:113 - Init User Auth plugin
2024-09-11 16:23:29,951 [INFO] PluginManage:359 - Loaded plugin userauth (category:base,tabindex:14)
2024-09-11 16:23:29,954 [INFO] PluginManage:283 - PluginManage : Loaded plugins [18]
2024-09-11 16:23:30,469 [INFO] PinOutPanel:1561 - setPackage(No Configuration,No Configuration)
2024-09-11 16:23:30,542 [INFO] CADModel:165 - CPN selected for project level
2024-09-11 16:23:30,542 [INFO] CADModel:114 - Register for checkConnection events
2024-09-11 16:23:30,554 [INFO] IPUIPlugin:80 - create IPUIPlugin
2024-09-11 16:23:30,554 [INFO] PluginManager:220 - loadIPPluginJar : add mdma
2024-09-11 16:23:30,558 [INFO] IPUIPlugin:80 - create IPUIPlugin
2024-09-11 16:23:30,558 [INFO] PluginManager:220 - loadIPPluginJar : add freertos
2024-09-11 16:23:30,561 [INFO] IPUIPlugin:80 - create IPUIPlugin
2024-09-11 16:23:30,561 [INFO] PluginManager:220 - loadIPPluginJar : add gic
2024-09-11 16:23:30,566 [INFO] IPUIPlugin:80 - create IPUIPlugin
2024-09-11 16:23:30,566 [INFO] PluginManager:220 - loadIPPluginJar : add adc
2024-09-11 16:23:30,567 [INFO] IPUIPlugin:80 - create IPUIPlugin
2024-09-11 16:23:30,567 [INFO] PluginManager:220 - loadIPPluginJar : add gtzc
2024-09-11 16:23:30,567 [INFO] IPUIPlugin:80 - create IPUIPlugin
2024-09-11 16:23:30,567 [INFO] PluginManager:220 - loadIPPluginJar : add quadspi
2024-09-11 16:23:30,569 [INFO] IPUIPlugin:80 - create IPUIPlugin
2024-09-11 16:23:30,569 [INFO] PluginManager:220 - loadIPPluginJar : add aes
2024-09-11 16:23:30,570 [INFO] IPUIPlugin:80 - create IPUIPlugin
2024-09-11 16:23:30,570 [INFO] PluginManager:220 - loadIPPluginJar : add pdm2pcm
2024-09-11 16:23:30,571 [INFO] IPUIPlugin:80 - create IPUIPlugin
2024-09-11 16:23:30,571 [INFO] PluginManager:220 - loadIPPluginJar : add hash
2024-09-11 16:23:30,572 [INFO] IPUIPlugin:80 - create IPUIPlugin
2024-09-11 16:23:30,572 [INFO] PluginManager:220 - loadIPPluginJar : add tim
2024-09-11 16:23:30,572 [INFO] IPUIPlugin:80 - create IPUIPlugin
2024-09-11 16:23:30,572 [INFO] PluginManager:220 - loadIPPluginJar : add tsc
2024-09-11 16:23:30,574 [INFO] IPUIPlugin:80 - create IPUIPlugin
2024-09-11 16:23:30,574 [INFO] PluginManager:220 - loadIPPluginJar : add extmemmanager
2024-09-11 16:23:30,575 [INFO] IPUIPlugin:80 - create IPUIPlugin
2024-09-11 16:23:30,575 [INFO] PluginManager:220 - loadIPPluginJar : add ts
2024-09-11 16:23:30,575 [INFO] IPUIPlugin:80 - create IPUIPlugin
2024-09-11 16:23:30,575 [INFO] PluginManager:220 - loadIPPluginJar : add radio
2024-09-11 16:23:30,576 [INFO] IPUIPlugin:80 - create IPUIPlugin
2024-09-11 16:23:30,576 [INFO] PluginManager:220 - loadIPPluginJar : add can
2024-09-11 16:23:30,578 [INFO] IPUIPlugin:80 - create IPUIPlugin
2024-09-11 16:23:30,578 [INFO] PluginManager:220 - loadIPPluginJar : add dma3
2024-09-11 16:23:30,578 [INFO] IPUIPlugin:80 - create IPUIPlugin
2024-09-11 16:23:30,579 [INFO] PluginManager:220 - loadIPPluginJar : add dfsdm
2024-09-11 16:23:30,579 [INFO] IPUIPlugin:80 - create IPUIPlugin
2024-09-11 16:23:30,579 [INFO] PluginManager:220 - loadIPPluginJar : add spi
2024-09-11 16:23:30,580 [INFO] IPUIPlugin:80 - create IPUIPlugin
2024-09-11 16:23:30,581 [INFO] PluginManager:220 - loadIPPluginJar : add gfxmmu
2024-09-11 16:23:30,581 [INFO] IPUIPlugin:80 - create IPUIPlugin
2024-09-11 16:23:30,581 [INFO] PluginManager:220 - loadIPPluginJar : add genericplugin
2024-09-11 16:23:30,582 [INFO] IPUIPlugin:80 - create IPUIPlugin
2024-09-11 16:23:30,583 [INFO] PluginManager:220 - loadIPPluginJar : add cryp
2024-09-11 16:23:30,585 [INFO] IPUIPlugin:80 - create IPUIPlugin
2024-09-11 16:23:30,585 [INFO] PluginManager:220 - loadIPPluginJar : add gpio
2024-09-11 16:23:30,587 [INFO] IPUIPlugin:80 - create IPUIPlugin
2024-09-11 16:23:30,587 [INFO] PluginManager:220 - loadIPPluginJar : add ddr_ctrl_phy
2024-09-11 16:23:30,588 [INFO] IPUIPlugin:80 - create IPUIPlugin
2024-09-11 16:23:30,589 [INFO] PluginManager:220 - loadIPPluginJar : add comp
2024-09-11 16:23:30,590 [INFO] IPUIPlugin:80 - create IPUIPlugin
2024-09-11 16:23:30,590 [INFO] PluginManager:220 - loadIPPluginJar : add tracer_emb
2024-09-11 16:23:30,591 [INFO] IPUIPlugin:80 - create IPUIPlugin
2024-09-11 16:23:30,591 [INFO] PluginManager:220 - loadIPPluginJar : add openamp
2024-09-11 16:23:30,594 [INFO] IPUIPlugin:80 - create IPUIPlugin
2024-09-11 16:23:30,594 [INFO] PluginManager:220 - loadIPPluginJar : add stm32_wpan
2024-09-11 16:23:30,597 [INFO] IPUIPlugin:80 - create IPUIPlugin
2024-09-11 16:23:30,603 [INFO] PluginManager:220 - loadIPPluginJar : add plateformsettings
2024-09-11 16:23:30,604 [INFO] IPUIPlugin:80 - create IPUIPlugin
2024-09-11 16:23:30,604 [INFO] PluginManager:220 - loadIPPluginJar : add ipddr
2024-09-11 16:23:30,605 [INFO] IPUIPlugin:80 - create IPUIPlugin
2024-09-11 16:23:30,605 [INFO] PluginManager:220 - loadIPPluginJar : add usart
2024-09-11 16:23:30,606 [INFO] IPUIPlugin:80 - create IPUIPlugin
2024-09-11 16:23:30,606 [INFO] PluginManager:220 - loadIPPluginJar : add ltdc
2024-09-11 16:23:30,608 [INFO] IPUIPlugin:80 - create IPUIPlugin
2024-09-11 16:23:30,608 [INFO] PluginManager:220 - loadIPPluginJar : add nvic
2024-09-11 16:23:30,609 [INFO] IPUIPlugin:80 - create IPUIPlugin
2024-09-11 16:23:30,609 [INFO] PluginManager:220 - loadIPPluginJar : add fatfs
2024-09-11 16:23:30,612 [INFO] IPUIPlugin:80 - create IPUIPlugin
2024-09-11 16:23:30,612 [INFO] PluginManager:220 - loadIPPluginJar : add linkedlist
2024-09-11 16:23:30,614 [INFO] IPUIPlugin:80 - create IPUIPlugin
2024-09-11 16:23:30,614 [INFO] PluginManager:220 - loadIPPluginJar : add dma
2024-09-11 16:23:30,616 [INFO] IPUIPlugin:80 - create IPUIPlugin
2024-09-11 16:23:30,616 [INFO] PluginManager:220 - loadIPPluginJar : add fmc
2024-09-11 16:23:30,616 [INFO] IPUIPlugin:80 - create IPUIPlugin
2024-09-11 16:23:30,616 [INFO] PluginManager:220 - loadIPPluginJar : add i2s
2024-09-11 16:23:30,617 [INFO] IPUIPlugin:80 - create IPUIPlugin
2024-09-11 16:23:30,617 [INFO] PluginManager:220 - loadIPPluginJar : add ucpd
2024-09-11 16:23:30,618 [INFO] IPUIPlugin:80 - create IPUIPlugin
2024-09-11 16:23:30,618 [INFO] PluginManager:220 - loadIPPluginJar : add lorawan
2024-09-11 16:23:30,619 [INFO] IPUIPlugin:80 - create IPUIPlugin
2024-09-11 16:23:30,619 [INFO] PluginManager:220 - loadIPPluginJar : add opamp
2024-09-11 16:23:30,621 [INFO] IPUIPlugin:80 - create IPUIPlugin
2024-09-11 16:23:30,621 [INFO] PluginManager:220 - loadIPPluginJar : add i3c
2024-09-11 16:23:30,622 [INFO] IPUIPlugin:80 - create IPUIPlugin
2024-09-11 16:23:30,627 [INFO] PluginManager:220 - loadIPPluginJar : add touchsensing
2024-09-11 16:23:30,629 [INFO] IPUIPlugin:80 - create IPUIPlugin
2024-09-11 16:23:30,629 [INFO] PluginManager:220 - loadIPPluginJar : add i2c
2024-09-11 16:23:30,631 [INFO] IPUIPlugin:80 - create IPUIPlugin
2024-09-11 16:23:30,631 [INFO] PluginManager:220 - loadIPPluginJar : add resmgrutility
2024-09-11 16:23:30,637 [INFO] IPUIPlugin:80 - create IPUIPlugin
2024-09-11 16:23:30,637 [INFO] PluginManager:220 - loadIPPluginJar : add sai
2024-09-11 16:23:30,639 [INFO] IPUIPlugin:80 - create IPUIPlugin
2024-09-11 16:23:30,639 [INFO] PluginManager:220 - loadIPPluginJar : add usbx
2024-09-11 16:23:30,757 [INFO] CADModel:165 - CPN selected for project level
2024-09-11 16:23:30,758 [INFO] CADModel:114 - Register for checkConnection events
2024-09-11 16:23:30,758 [FATAL] Updater:334 - Updater called before beeing initialized
2024-09-11 16:23:30,759 [ERROR] CADModel:125 - Updater not yet initialized, retry later 
2024-09-11 16:23:30,921 [INFO] CADModel:165 - CPN selected for project level
2024-09-11 16:23:30,921 [INFO] CADModel:114 - Register for checkConnection events
2024-09-11 16:23:30,921 [FATAL] Updater:334 - Updater called before beeing initialized
2024-09-11 16:23:30,922 [ERROR] CADModel:125 - Updater not yet initialized, retry later 
2024-09-11 16:23:30,923 [FATAL] Updater:334 - Updater called before beeing initialized
2024-09-11 16:23:31,056 [FATAL] Updater:334 - Updater called before beeing initialized
2024-09-11 16:23:31,059 [INFO] DbMcusAds:53 - JSON generation date=Thu May 16 16:22:00 ICT 2024 (1715851320667)
2024-09-11 16:23:31,059 [FATAL] Updater:334 - Updater called before beeing initialized
2024-09-11 16:23:31,104 [WARN] DetailPanel:346 - Failed to get advertising image, set to default
2024-09-11 16:23:31,155 [FATAL] Updater:334 - Updater called before beeing initialized
2024-09-11 16:23:31,156 [FATAL] Updater:334 - Updater called before beeing initialized
2024-09-11 16:23:31,157 [FATAL] Updater:334 - Updater called before beeing initialized
2024-09-11 16:23:31,157 [WARN] DetailPanel:346 - Failed to get advertising image, set to default
2024-09-11 16:23:31,157 [FATAL] Updater:334 - Updater called before beeing initialized
2024-09-11 16:23:31,201 [ERROR] Updater:1164 - MainUpdater not yet initialized. External WinMGr cannot be set.
2024-09-11 16:23:31,205 [INFO] Updater:1100 - Updater Version found : 6.12.0
2024-09-11 16:23:31,215 [INFO] ApplicationProperties:184 - Using Application install path: /Applications/STM32CubeIDE.app/Contents/Eclipse/plugins/com.st.stm32cube.common.mx_6.12.0.202406281431
2024-09-11 16:23:31,473 [INFO] MainUpdater:2873 - connection check result : 10
2024-09-11 16:23:31,473 [INFO] MainUpdater:290 - Updater Check For Update Now.
2024-09-11 16:23:31,474 [INFO] MicroXplorer:498 - Change Database Version : DB.6.0.120
2024-09-11 16:23:31,481 [INFO] McuFinderGlobals:63 - Set McuFinder mode to 2 (CubeIDE integrated)
2024-09-11 16:23:31,483 [INFO] UserAuth:417 - Internet connection configuration mode: 1
2024-09-11 16:23:31,495 [INFO] JxBrowserEngine:152 - Initiate JxBrowser Engine with user profile folder
2024-09-11 16:23:31,687 [INFO] CheckServerUpdateThread:120 - End of CheckServer Thread
2024-09-11 16:23:32,744 [WARN] PackLoader:240 - Cannot read IP mode file for STMicroelectronics.FP-SNS-MOTENVWB1.1.4.0
2024-09-11 16:23:32,760 [WARN] PackLoader:240 - Cannot read IP mode file for STMicroelectronics.X-CUBE-SMBUS.2.1.0
2024-09-11 16:23:32,820 [WARN] PackLoader:240 - Cannot read IP mode file for STMicroelectronics.X-CUBE-AZRTOS-F7.1.1.0
2024-09-11 16:23:33,041 [WARN] PackLoader:240 - Cannot read IP mode file for STMicroelectronics.X-CUBE-MEMS1.11.0.0
2024-09-11 16:23:33,294 [WARN] PackLoader:240 - Cannot read IP mode file for STMicroelectronics.FP-SNS-FLIGHT1.5.0.2
2024-09-11 16:23:33,317 [WARN] PackLoader:240 - Cannot read IP mode file for STMicroelectronics.X-CUBE-DISPLAY.3.0.0
2024-09-11 16:23:33,339 [WARN] PackLoader:240 - Cannot read IP mode file for STMicroelectronics.X-CUBE-BLE1.7.0.0
2024-09-11 16:23:33,354 [WARN] PackLoader:240 - Cannot read IP mode file for emotas.I-CUBE-CANOPEN.1.3.0
2024-09-11 16:23:33,380 [WARN] PackLoader:240 - Cannot read IP mode file for STMicroelectronics.X-CUBE-BLEMGR.3.1.0
2024-09-11 16:23:33,390 [WARN] PackLoader:240 - Cannot read IP mode file for STMicroelectronics.FP-SNS-SMARTAG2.1.2.0
2024-09-11 16:23:33,402 [INFO] LogOutputStream:77 - [STDOUT_REDIRECT] 1 : Invalid condition id : UX_CORESTACK_Condition cause : null
2024-09-11 16:23:33,403 [INFO] LogOutputStream:77 - [STDOUT_REDIRECT] 1 : Invalid condition id : UX_CORESTACK_Condition cause : null
2024-09-11 16:23:33,404 [INFO] LogOutputStream:77 - [STDOUT_REDIRECT] 1 : Invalid condition id : UX_CORESTACK_Condition cause : null
2024-09-11 16:23:33,404 [INFO] LogOutputStream:77 - [STDOUT_REDIRECT] 1 : Invalid condition id : UX_CORESTACK_Condition cause : null
2024-09-11 16:23:33,404 [INFO] LogOutputStream:77 - [STDOUT_REDIRECT] 1 : Invalid condition id : UX_CORESTACK_Condition cause : null
2024-09-11 16:23:33,410 [WARN] PackLoader:240 - Cannot read IP mode file for STMicroelectronics.X-CUBE-AZRTOS-WL.2.0.0
2024-09-11 16:23:33,424 [WARN] PackLoader:240 - Cannot read IP mode file for STMicroelectronics.FP-SNS-MOTENV1.5.0.0
2024-09-11 16:23:33,428 [WARN] PackLoader:240 - Cannot read IP mode file for wolfSSL.I-CUBE-wolfMQTT.1.19.0
2024-09-11 16:23:33,435 [WARN] PackLoader:240 - Cannot read IP mode file for WES.I-CUBE-Cesium.1.3.0
2024-09-11 16:23:33,439 [WARN] PackLoader:240 - Cannot read IP mode file for STMicroelectronics.X-CUBE-BLE2.3.3.0
2024-09-11 16:23:33,445 [WARN] PackLoader:240 - Cannot read IP mode file for STMicroelectronics.X-CUBE-TCPP.4.1.0
2024-09-11 16:23:33,466 [WARN] PackLoader:240 - Cannot read IP mode file for STMicroelectronics.X-CUBE-AZRTOS-G0.1.1.0
2024-09-11 16:23:33,486 [WARN] PackLoader:240 - Cannot read IP mode file for STMicroelectronics.X-CUBE-SAFEA1.1.2.2
2024-09-11 16:23:33,498 [WARN] PackLoader:240 - Cannot read IP mode file for STMicroelectronics.X-CUBE-NFC4.3.0.0
2024-09-11 16:23:33,521 [WARN] PackLoader:240 - Cannot read IP mode file for EmbeddedOffice.I-CUBE-FS-RTOS.1.0.1
2024-09-11 16:23:33,525 [ERROR] ConditionMgr:805 - Attr not supported : Dmpu
2024-09-11 16:23:33,527 [ERROR] ConditionMgr:805 - Attr not supported : Dmpu
2024-09-11 16:23:33,528 [ERROR] ConditionMgr:805 - Attr not supported : Dmpu
2024-09-11 16:23:33,529 [ERROR] ConditionMgr:805 - Attr not supported : Dmpu
2024-09-11 16:23:33,529 [ERROR] ConditionMgr:805 - Attr not supported : Dmpu
2024-09-11 16:23:33,529 [ERROR] ConditionMgr:805 - Attr not supported : Dmpu
2024-09-11 16:23:33,529 [ERROR] ConditionMgr:805 - Attr not supported : Dmpu
2024-09-11 16:23:33,529 [ERROR] ConditionMgr:805 - Attr not supported : Dmpu
2024-09-11 16:23:33,529 [ERROR] ConditionMgr:805 - Attr not supported : Dmpu
2024-09-11 16:23:33,529 [ERROR] ConditionMgr:805 - Attr not supported : Dmpu
2024-09-11 16:23:33,529 [ERROR] ConditionMgr:805 - Attr not supported : Dmpu
2024-09-11 16:23:33,529 [ERROR] ConditionMgr:805 - Attr not supported : Dmpu
2024-09-11 16:23:33,530 [ERROR] ConditionMgr:805 - Attr not supported : Dmpu
2024-09-11 16:23:33,530 [ERROR] ConditionMgr:805 - Attr not supported : Dmpu
2024-09-11 16:23:33,530 [ERROR] ConditionMgr:805 - Attr not supported : Dmpu
2024-09-11 16:23:33,530 [ERROR] ConditionMgr:805 - Attr not supported : Dmpu
2024-09-11 16:23:33,530 [ERROR] ConditionMgr:805 - Attr not supported : Dmpu
2024-09-11 16:23:33,530 [ERROR] ConditionMgr:805 - Attr not supported : Dmpu
2024-09-11 16:23:33,530 [ERROR] ConditionMgr:805 - Attr not supported : Dmpu
2024-09-11 16:23:33,530 [ERROR] ConditionMgr:805 - Attr not supported : Dmpu
2024-09-11 16:23:33,530 [ERROR] ConditionMgr:805 - Attr not supported : Dmpu
2024-09-11 16:23:33,530 [ERROR] ConditionMgr:805 - Attr not supported : Dmpu
2024-09-11 16:23:33,530 [ERROR] ConditionMgr:805 - Attr not supported : Dmpu
2024-09-11 16:23:33,530 [ERROR] ConditionMgr:805 - Attr not supported : Dmpu
2024-09-11 16:23:33,530 [ERROR] ConditionMgr:805 - Attr not supported : Dmpu
2024-09-11 16:23:33,530 [ERROR] ConditionMgr:805 - Attr not supported : Dmpu
2024-09-11 16:23:33,530 [ERROR] ConditionMgr:805 - Attr not supported : Dmpu
2024-09-11 16:23:33,530 [ERROR] ConditionMgr:805 - Attr not supported : Dmpu
2024-09-11 16:23:33,531 [ERROR] ConditionMgr:805 - Attr not supported : Dmpu
2024-09-11 16:23:33,531 [ERROR] ConditionMgr:805 - Attr not supported : Dmpu
2024-09-11 16:23:33,531 [ERROR] ConditionMgr:805 - Attr not supported : Dmpu
2024-09-11 16:23:33,531 [ERROR] ConditionMgr:805 - Attr not supported : Dmpu
2024-09-11 16:23:33,531 [ERROR] ConditionMgr:805 - Attr not supported : Dmpu
2024-09-11 16:23:33,532 [ERROR] ConditionMgr:805 - Attr not supported : Dmpu
2024-09-11 16:23:33,533 [ERROR] ConditionMgr:805 - Attr not supported : Dmpu
2024-09-11 16:23:33,534 [ERROR] ConditionMgr:805 - Attr not supported : Dmpu
2024-09-11 16:23:33,537 [ERROR] ConditionMgr:805 - Attr not supported : Dmpu
2024-09-11 16:23:33,538 [ERROR] ConditionMgr:805 - Attr not supported : Dmpu
2024-09-11 16:23:33,539 [ERROR] ConditionMgr:805 - Attr not supported : Dmpu
2024-09-11 16:23:33,540 [ERROR] ConditionMgr:805 - Attr not supported : Dmpu
2024-09-11 16:23:33,540 [ERROR] ConditionMgr:805 - Attr not supported : Dmpu
2024-09-11 16:23:33,540 [ERROR] ConditionMgr:805 - Attr not supported : Dmpu
2024-09-11 16:23:33,540 [ERROR] ConditionMgr:805 - Attr not supported : Dmpu
2024-09-11 16:23:33,540 [ERROR] ConditionMgr:805 - Attr not supported : Dmpu
2024-09-11 16:23:33,540 [ERROR] ConditionMgr:805 - Attr not supported : Dmpu
2024-09-11 16:23:33,540 [ERROR] ConditionMgr:805 - Attr not supported : Dmpu
2024-09-11 16:23:33,540 [ERROR] ConditionMgr:805 - Attr not supported : Dmpu
2024-09-11 16:23:33,540 [ERROR] ConditionMgr:805 - Attr not supported : Dmpu
2024-09-11 16:23:33,540 [ERROR] ConditionMgr:805 - Attr not supported : Dmpu
2024-09-11 16:23:33,541 [ERROR] ConditionMgr:805 - Attr not supported : Dmpu
2024-09-11 16:23:33,541 [ERROR] ConditionMgr:805 - Attr not supported : Dmpu
2024-09-11 16:23:33,541 [ERROR] ConditionMgr:805 - Attr not supported : Dmpu
2024-09-11 16:23:33,541 [ERROR] ConditionMgr:805 - Attr not supported : Dmpu
2024-09-11 16:23:33,541 [ERROR] ConditionMgr:805 - Attr not supported : Dmpu
2024-09-11 16:23:33,541 [ERROR] ConditionMgr:805 - Attr not supported : Dmpu
2024-09-11 16:23:33,541 [ERROR] ConditionMgr:805 - Attr not supported : Dmpu
2024-09-11 16:23:33,541 [ERROR] ConditionMgr:805 - Attr not supported : Dmpu
2024-09-11 16:23:33,541 [ERROR] ConditionMgr:805 - Attr not supported : Dmpu
2024-09-11 16:23:33,541 [ERROR] ConditionMgr:805 - Attr not supported : Dmpu
2024-09-11 16:23:33,542 [ERROR] ConditionMgr:805 - Attr not supported : Dmpu
2024-09-11 16:23:33,542 [ERROR] ConditionMgr:805 - Attr not supported : Dmpu
2024-09-11 16:23:33,542 [ERROR] ConditionMgr:805 - Attr not supported : Dmpu
2024-09-11 16:23:33,542 [ERROR] ConditionMgr:805 - Attr not supported : Dmpu
2024-09-11 16:23:33,542 [ERROR] ConditionMgr:805 - Attr not supported : Dmpu
2024-09-11 16:23:33,613 [WARN] PackLoader:240 - Cannot read IP mode file for RealThread.X-CUBE-RT-Thread_Nano.4.1.1
2024-09-11 16:23:33,640 [WARN] PackLoader:240 - Cannot read IP mode file for STMicroelectronics.FP-ATR-SIGFOX1.3.2.0
2024-09-11 16:23:33,645 [WARN] PackLoader:240 - Cannot read IP mode file for wolfSSL.I-CUBE-wolfSSL.5.7.2
2024-09-11 16:23:33,651 [WARN] PackLoader:240 - Cannot read IP mode file for STMicroelectronics.X-CUBE-EEPRMA1.5.1.0
2024-09-11 16:23:33,658 [WARN] PackLoader:240 - Cannot read IP mode file for ITTIA_DB.I-CUBE-ITTIADB.8.9.0
2024-09-11 16:23:33,739 [WARN] PackLoader:240 - Cannot read IP mode file for SEGGER.I-CUBE-embOS.1.3.1
2024-09-11 16:23:33,894 [WARN] PackLoader:240 - Cannot read IP mode file for STMicroelectronics.X-CUBE-ALGOBUILD.1.4.0
2024-09-11 16:23:33,905 [WARN] PackLoader:240 - Cannot read IP mode file for STMicroelectronics.X-CUBE-GNSS1.6.0.0
2024-09-11 16:23:33,925 [WARN] PackLoader:240 - Cannot read IP mode file for STMicroelectronics.X-CUBE-AZRTOS-F4.1.1.0
2024-09-11 16:23:33,935 [WARN] PackLoader:240 - Cannot read IP mode file for STMicroelectronics.X-CUBE-FREERTOS.1.2.0
2024-09-11 16:23:33,962 [WARN] PackLoader:240 - Cannot read IP mode file for STMicroelectronics.X-CUBE-AZRTOS-L5.2.0.0
2024-09-11 16:23:33,982 [WARN] PackLoader:240 - Cannot read IP mode file for STMicroelectronics.X-CUBE-NFC6.3.1.0
2024-09-11 16:23:33,996 [WARN] PackLoader:240 - Cannot read IP mode file for STMicroelectronics.X-CUBE-AI.9.0.0
2024-09-11 16:23:34,001 [WARN] PackLoader:240 - Cannot read IP mode file for STMicroelectronics.X-CUBE-NFC7.1.0.1
2024-09-11 16:23:34,027 [WARN] ConditionMgr:438 - getConditionDescription Invalid condition id : LAN8742 Phy interface Condition cause : null
2024-09-11 16:23:34,029 [WARN] PackLoader:240 - Cannot read IP mode file for STMicroelectronics.X-CUBE-AZRTOS-L4.2.0.0
2024-09-11 16:23:34,032 [WARN] ConditionMgr:1039 - genDependencies : Invalid condition id : LAN8742 Phy interface Condition cause : null
2024-09-11 16:23:34,033 [WARN] ConditionMgr:1039 - genDependencies : Invalid condition id : LAN8742 Phy interface Condition cause : null
2024-09-11 16:23:34,034 [WARN] ConditionMgr:1039 - genDependencies : Invalid condition id : LAN8742 Phy interface Condition cause : null
2024-09-11 16:23:34,048 [WARN] PackLoader:240 - Cannot read IP mode file for STMicroelectronics.X-CUBE-SFXS2LP1.4.0.0
2024-09-11 16:23:34,080 [WARN] PackLoader:240 - Cannot read IP mode file for STMicroelectronics.X-CUBE-AZRTOS-H7.3.3.0
2024-09-11 16:23:34,104 [WARN] ConditionMgr:438 - getConditionDescription Invalid condition id : UX DEVICE CLASS RTOS Condition cause : null
2024-09-11 16:23:34,105 [WARN] ConditionMgr:438 - getConditionDescription Invalid condition id : UX DEVICE CLASS RTOS Condition cause : null
2024-09-11 16:23:34,108 [WARN] PackLoader:240 - Cannot read IP mode file for STMicroelectronics.X-CUBE-AZRTOS-WB.2.0.0
2024-09-11 16:23:34,109 [WARN] ConditionMgr:1039 - genDependencies : Invalid condition id : UX DEVICE CLASS RTOS Condition cause : null
2024-09-11 16:23:34,109 [WARN] ConditionMgr:1039 - genDependencies : Invalid condition id : UX DEVICE CLASS RTOS Condition cause : null
2024-09-11 16:23:34,109 [WARN] ConditionMgr:1039 - genDependencies : Invalid condition id : UX DEVICE CLASS RTOS Condition cause : null
2024-09-11 16:23:34,110 [WARN] ConditionMgr:1039 - genDependencies : Invalid condition id : UX DEVICE CLASS RTOS Condition cause : null
2024-09-11 16:23:34,110 [WARN] ConditionMgr:1039 - genDependencies : Invalid condition id : UX DEVICE CLASS RTOS Condition cause : null
2024-09-11 16:23:34,118 [WARN] PackLoader:240 - Cannot read IP mode file for STMicroelectronics.X-CUBE-GNSS1.7.0.0
2024-09-11 16:23:34,130 [WARN] PackLoader:240 - Cannot read IP mode file for STMicroelectronics.X-CUBE-SUBG2.5.0.0
2024-09-11 16:23:34,139 [WARN] PackLoader:240 - Cannot read IP mode file for Cesanta.I-CUBE-Mongoose.7.13.0
2024-09-11 16:23:34,152 [WARN] PackLoader:240 - Cannot read IP mode file for STMicroelectronics.X-CUBE-AZRTOS-G4.2.0.0
2024-09-11 16:23:34,159 [WARN] PackLoader:240 - Cannot read IP mode file for STMicroelectronics.X-CUBE-ISPU.2.0.0
2024-09-11 16:23:34,162 [WARN] PackLoader:240 - Cannot read IP mode file for STMicroelectronics.X-CUBE-ALS.1.0.2
2024-09-11 16:23:34,169 [WARN] PackLoader:240 - Cannot read IP mode file for STMicroelectronics.X-CUBE-TOUCHGFX.4.24.0
2024-09-11 16:23:34,171 [WARN] PackLoader:240 - Cannot read IP mode file for wolfSSL.I-CUBE-wolfTPM.3.4.0
2024-09-11 16:23:34,175 [WARN] PackLoader:240 - Cannot read IP mode file for portGmbH.I-Cube-SoM-uGOAL.1.1.0
2024-09-11 16:23:34,192 [WARN] PackLoader:240 - Cannot read IP mode file for STMicroelectronics.X-CUBE-AZRTOS-H7RS.1.0.0
2024-09-11 16:23:34,197 [WARN] PackLoader:240 - Cannot read IP mode file for STMicroelectronics.FP-ATR-ASTRA1.2.0.0
2024-09-11 16:23:34,207 [WARN] PackLoader:240 - Cannot read IP mode file for STMicroelectronics.X-CUBE-TOF1.3.4.2
2024-09-11 16:23:34,236 [WARN] PackLoader:240 - Cannot read IP mode file for Infineon.AIROC-Wi-Fi-Bluetooth-STM32.1.6.1
2024-09-11 16:23:34,243 [WARN] PackLoader:240 - Cannot read IP mode file for wolfSSL.I-CUBE-wolfSSH.1.4.17
2024-09-11 16:23:34,243 [INFO] ThirdParty:978 - Integrity check success = true
2024-09-11 16:23:34,243 [INFO] IntegrityCheckThread:100 - exiting critical section [integrity check]
2024-09-11 16:23:34,244 [INFO] IntegrityCheckThread:103 - End integrity checks thread
2024-09-11 16:23:36,195 [INFO] WebApp:167 - Instantiating new browser for Auth
2024-09-11 16:23:37,648 [INFO] WebApp:448 - Apply proxy settings
2024-09-11 16:23:37,657 [INFO] WebApp:493 - Chromium authenticates against Manually configured proxy
2024-09-11 16:23:37,680 [INFO] WebApp:501 - Username used for proxy authentication: 
2024-09-11 16:23:37,743 [INFO] WebApp:869 - Register for checkConnection events
2024-09-11 16:23:37,744 [INFO] WebApp:448 - Apply proxy settings
2024-09-11 16:23:37,745 [INFO] WebApp:493 - Chromium authenticates against Manually configured proxy
2024-09-11 16:23:37,746 [INFO] WebApp:501 - Username used for proxy authentication: 
2024-09-11 16:23:37,869 [INFO] WebApp:220 - Starting web application
2024-09-11 16:23:37,869 [INFO] WebApp:578 - Web application path used /Applications/STM32CubeIDE.app/Contents/Eclipse/plugins/com.st.stm32cube.common.mx_6.12.0.202406281431/db/plugins/mcufinder/reactClient1/index.html
2024-09-11 16:23:38,394 [INFO] UserAuth:417 - Internet connection configuration mode: 1
2024-09-11 16:23:38,429 [INFO] WebApp:186 - Connection restablished
2024-09-11 16:24:12,856 [INFO] McuFinderGlobals:63 - Set McuFinder mode to 2 (CubeIDE integrated)
2024-09-11 16:24:12,860 [INFO] MainUpdater:2873 - connection check result : 10
2024-09-11 16:24:14,125 [INFO] ApiDb:581 - Connected to CubeFinder SQLite database (/Users/kitton/.stmcufinder/plugins/mcufinder/mcu/cube-finder-db.db)
2024-09-11 16:24:14,161 [INFO] ApiDb:668 - CubeFinder database Data Model version=2.1
2024-09-11 16:24:14,161 [INFO] ApiDb:669 - CubeFinder database Configuration version=3.0.39
2024-09-11 16:24:14,162 [INFO] ApiDb:670 - CubeFinder database generation date=2024-08-06 (1722941618)
2024-09-11 16:24:14,162 [INFO] ApiDb:671 - CubeFinder database FW Pack versions=[FP-ATR-ASTRA1_V2.0.0, FP-SNS-FLIGHT1_V5.0.2, FP-SNS-MOTENV1_V5.0.0, FP-SNS-MOTENVWB1_V1.4.0, FP-SNS-SMARTAG2_V1.2.0, FP-SNS-STBOX1_V2.0.0, STM32Cube_FW_C0_V1.2.0, STM32Cube_FW_F4_V1.28.0, STM32Cube_FW_F7_V1.17.2, STM32Cube_FW_G0_V1.6.2, STM32Cube_FW_G4_V1.6.0, STM32Cube_FW_H5_V1.3.0, STM32Cube_FW_H7RS_V1.1.0, STM32Cube_FW_H7_V1.11.2, STM32Cube_FW_L0_V1.12.2, STM32Cube_FW_L5_V1.5.1, STM32Cube_FW_U0_V1.1.0, STM32Cube_FW_U5_V1.6.0, STM32Cube_FW_WB0_V1.0.0, STM32Cube_FW_WBA_V1.4.1, STM32Cube_FW_WB_V1.20.0, STM32Cube_FW_WL_V1.3.0, X-CUBE-ALGOBUILD_V1.4.0, X-CUBE-ALS_V1.0.2, X-CUBE-AZRTOS-F4_V1.1.0, X-CUBE-AZRTOS-F7_V1.1.0, X-CUBE-AZRTOS-G0_V1.1.0, X-CUBE-AZRTOS-G4_V2.0.0, X-CUBE-AZRTOS-H7RS_V1.0.0, X-CUBE-AZRTOS-H7_V3.2.0, X-CUBE-AZRTOS-L4_V2.0.0, X-CUBE-AZRTOS-L5_V1.1.0, X-CUBE-AZRTOS-WB_V2.0.0, X-CUBE-AZRTOS-WL_V2.0.0, X-CUBE-BLE1_V7.0.0, X-CUBE-BLE2_V3.3.0, X-CUBE-BLEMGR_V3.1.0, X-CUBE-EEPRMA1_V5.1.0, X-CUBE-FREERTOS_V1.2.0, X-CUBE-GNSS1_V6.0.0, X-CUBE-MEMS1_V10.0.0, X-CUBE-NFC4_V3.0.0, X-CUBE-NFC7_V1.0.1, X-CUBE-SFXS2LP1_V4.0.0, X-CUBE-SUBG2_V5.0.0, X-CUBE-TOF1_V3.4.2]
2024-09-11 16:24:14,241 [INFO] DbBoardsSqlite:226 - include board P-NUCLEO-WB55-NUCLEO as a kit item of type 'Nucleo-64'
2024-09-11 16:24:14,242 [INFO] DbBoardsSqlite:226 - include board P-NUCLEO-WB55-USBDONGLE as a kit item of type 'Nucleo USB Dongle'
2024-09-11 16:24:14,244 [INFO] DbBoardsSqlite:226 - include board STEVAL-IDP005V1 as a kit item of type 'Evaluation Board'
2024-09-11 16:24:14,244 [INFO] DbBoardsSqlite:226 - include board STEVAL-IDP005V2 as a kit item of type 'Evaluation Board'
2024-09-11 16:24:14,328 [INFO] ApiDb:240 - Found 646 in-development CPN: [B-G473E-ZEST1S, B-WB1M-WPAN1, B-WL5M-SUBG1, NUCLEO-C031C6, NUCLEO-C071RB, NUCLEO-H503RB, NUCLEO-H533RE, NUCLEO-H563ZI, NUCLEO-H7S3L8, NUCLEO-U031R8, NUCLEO-U083RC, NUCLEO-U545RE-Q, NUCLEO-U5A5ZJ-Q, NUCLEO-WB05KZ, NUCLEO-WB07CC, NUCLEO-WB09KE, NUCLEO-WBA52CG, NUCLEO-WBA55CG, STEVAL-PROTEUS1, STEVAL-SMARTAG2, STEVAL-STWINBX1, STM320518-EVAL, STM32C0116-DK, STM32C011D6Y3TR, STM32C011D6Y6TR, STM32C011F4P3, STM32C011F4P6, STM32C011F4U3, STM32C011F4U6TR, STM32C011F6P3, STM32C011F6P6, STM32C011F6U3, STM32C011F6U6TR, STM32C011J4M3, STM32C011J4M6, STM32C011J6M3, STM32C011J6M6, STM32C0316-DK, STM32C031C4T3, STM32C031C4T6, STM32C031C4U3, STM32C031C4U6, STM32C031C6T3, STM32C031C6T6, STM32C031C6U3, STM32C031C6U6, STM32C031F4P3, STM32C031F4P6, STM32C031F6P3, STM32C031F6P6, STM32C031G4U3, STM32C031G4U6, STM32C031G6U3, STM32C031G6U6, STM32C031K4T3, STM32C031K4T6, STM32C031K4U3, STM32C031K4U6, STM32C031K6T3, STM32C031K6T6, STM32C031K6U3, STM32C031K6U6, STM32C071C8T6, STM32C071C8T6N, STM32C071C8U6, STM32C071C8U6N, STM32C071CBT6, STM32C071CBT6N, STM32C071CBU6, STM32C071CBU6N, STM32C071F8P6, STM32C071F8P6N, STM32C071FBP6, STM32C071FBP6N, STM32C071FBY6TR, STM32C071G8U6, STM32C071G8U6N, STM32C071GBU6, STM32C071GBU6N, STM32C071K8T6, STM32C071K8T6N, STM32C071K8U6, STM32C071K8U6N, STM32C071KBT6, STM32C071KBT6N, STM32C071KBU6, STM32C071KBU6N, STM32C071R8T6, STM32C071R8T6N, STM32C071RBI6N, STM32C071RBT6, STM32C071RBT6N, STM32G071K8TXN, STM32G071K8UXN, STM32G081GBU6N, STM32G081KBT6N, STM32G081KBUXN, STM32G0B1CCT6N, STM32G0B1KCT6, STM32G0B1NEY6TR, STM32G0B1RCT6N, STM32G0C1CCT6, STM32G0C1CCT6N, STM32G0C1CCU6N, STM32G0C1CET6N, STM32G0C1CEU6N, STM32G0C1KCT6, STM32G0C1NEY6TR, STM32G0C1RCI6N, STM32G0C1RCT6N, STM32G0C1REI6N, STM32G0C1RET6N, STM32G0C1VCI6, STM32G0C1VEI6, STM32G411C6T3, STM32G411C6T6, STM32G411C6U3, STM32G411C6U6, STM32G411C8T3, STM32G411C8T6, STM32G411C8U3, STM32G411C8U6, STM32G411CBT3, STM32G411CBT6, STM32G411CBU3, STM32G411CBU6, STM32G411K6T3, STM32G411K6T6, STM32G411K6U3, STM32G411K6U6, STM32G411K8T3, STM32G411K8T6, STM32G411K8U3, STM32G411K8U6, STM32G411KBT3, STM32G411KBT6, STM32G411KBU3, STM32G411KBU6, STM32G411M6T3, STM32G411M6T6, STM32G411M8T3, STM32G411M8T6, STM32G411MBT3, STM32G411MBT6, STM32G411R6T3, STM32G411R6T6, STM32G411R8T3, STM32G411R8T6, STM32G411RBT3, STM32G411RBT6, STM32G414CBT3, STM32G414CBT6, STM32G414CBU3, STM32G414CBU6, STM32G414CCT3, STM32G414CCT6, STM32G414CCU3, STM32G414CCU6, STM32G414MBT3, STM32G414MBT6, STM32G414MCT3, STM32G414MCT6, STM32G414RBT3, STM32G414RBT6, STM32G414RCT3, STM32G414RCT6, STM32G414VBT3, STM32G414VBT6, STM32G414VCT3, STM32G414VCT6, STM32G431CBT3Z, STM32G431RBT3Z, STM32G471CCT6, STM32G471CCU6, STM32G471CET3, STM32G471CET6, STM32G471CEU3, STM32G471CEU6, STM32G471MCT6, STM32G471MET3, STM32G471MET6, STM32G471MEY6TR, STM32G471QCT6, STM32G471QET3, STM32G471RCT6, STM32G471RET3, STM32G471RET6, STM32G471VCH6, STM32G471VCI6, STM32G471VCT6, STM32G471VEH3, STM32G471VEH6, STM32G471VEI3, STM32G471VEI6, STM32G471VET3, STM32G471VET6, STM32G473QET3Z, STM32G473RET3Z, STM32G474CCT6, STM32G491RET3Z, STM32H503CBT6, STM32H503CBU6, STM32H503EBY6TR, STM32H503KBU6, STM32H503RBT6, STM32H523CCT6, STM32H523CCU6, STM32H523CET6, STM32H523CEU6, STM32H523HEY6TR, STM32H523RCT6, STM32H523RET6, STM32H523VCI6, STM32H523VCT6, STM32H523VEI6, STM32H523VET6, STM32H523ZCJ6, STM32H523ZCT6, STM32H523ZEJ6, STM32H523ZET6, STM32H533CET6, STM32H533CEU6, STM32H533HEY6TR, STM32H533RET6, STM32H533VEI6, STM32H533VET6, STM32H533ZEJ6, STM32H533ZET6, STM32H562AGI6, STM32H562AII6, STM32H562IGK6, STM32H562IGT6, STM32H562IIK6, STM32H562IIT6, STM32H562RGT6, STM32H562RGV6, STM32H562RIT6, STM32H562RIV6, STM32H562VGT6, STM32H562VIT6, STM32H562ZGT6, STM32H562ZIT6, STM32H563AGI6, STM32H563AII3Q, STM32H563AII6, STM32H563IGK6, STM32H563IGT6, STM32H563IIK3Q, STM32H563IIK6, STM32H563IIT3Q, STM32H563IIT6, STM32H563MIY3QTR, STM32H563RGT6, STM32H563RGV6, STM32H563RIT6, STM32H563RIV6, STM32H563VGT6, STM32H563VIT3Q, STM32H563VIT6, STM32H563ZGT6, STM32H563ZIT3Q, STM32H563ZIT6, STM32H573AII3Q, STM32H573AII6, STM32H573I-DK, STM32H573IIK3Q, STM32H573IIK6, STM32H573IIT3Q, STM32H573IIT6, STM32H573MIY3QTR, STM32H573RIT6, STM32H573RIV6, STM32H573VIT3Q, STM32H573VIT6, STM32H573ZIT3Q, STM32H573ZIT6, STM32H7R3A8I6, STM32H7R3I8K6, STM32H7R3I8T6, STM32H7R3L8H6, STM32H7R3L8H6H, STM32H7R3R8V6, STM32H7R3V8H6, STM32H7R3V8T6, STM32H7R3V8Y6TR, STM32H7R3Z8J6, STM32H7R3Z8T6, STM32H7R7A8I6, STM32H7R7I8K6, STM32H7R7I8T6, STM32H7R7L8H6, STM32H7R7L8H6H, STM32H7R7Z8J6, STM32H7S3A8I6, STM32H7S3I8K6, STM32H7S3I8T6, STM32H7S3L8H6, STM32H7S3L8H6H, STM32H7S3R8V6, STM32H7S3V8H6, STM32H7S3V8T6, STM32H7S3V8Y6TR, STM32H7S3Z8J6, STM32H7S3Z8T6, STM32H7S78-DK, STM32H7S7A8I6, STM32H7S7I8K6, STM32H7S7I8T6, STM32H7S7L8H6, STM32H7S7L8H6H, STM32H7S7Z8J6, STM32L4R5QGI6STR, STM32MP131AAE3, STM32MP131AAF3, STM32MP131AAG3, STM32MP131CAE3, STM32MP131CAF3, STM32MP131CAG3, STM32MP131DAE7, STM32MP131DAF7, STM32MP131DAG7, STM32MP131FAE7, STM32MP131FAF7, STM32MP131FAG7, STM32MP133AAE3, STM32MP133AAF3, STM32MP133AAG3, STM32MP133CAE3, STM32MP133CAF3, STM32MP133CAG3, STM32MP133DAE7, STM32MP133DAF7, STM32MP133DAG7, STM32MP133FAE7, STM32MP133FAF7, STM32MP133FAG7, STM32MP135AAE3, STM32MP135AAF3, STM32MP135AAG3, STM32MP135CAE3, STM32MP135CAF3, STM32MP135CAG3, STM32MP135DAE7, STM32MP135DAF7, STM32MP135DAG7, STM32MP135F-DK, STM32MP135FAE7, STM32MP135FAF7, STM32MP135FAF7T, STM32MP135FAF7U, STM32MP135FAG7, STM32MP251AAI3, STM32MP251AAK3, STM32MP251AAL3, STM32MP251CAI3, STM32MP251CAK3, STM32MP251CAL3, STM32MP251DAI3, STM32MP251DAK3, STM32MP251DAL3, STM32MP251FAI3, STM32MP251FAK3, STM32MP251FAL3, STM32MP253AAI3, STM32MP253AAK3, STM32MP253AAL3, STM32MP253CAI3, STM32MP253CAK3, STM32MP253CAL3, STM32MP253DAI3, STM32MP253DAK3, STM32MP253DAL3, STM32MP253FAI3, STM32MP253FAK3, STM32MP253FAL3, STM32MP255AAI3, STM32MP255AAK3, STM32MP255AAL3, STM32MP255CAI3, STM32MP255CAK3, STM32MP255CAL3, STM32MP255DAI3, STM32MP255DAK3, STM32MP255DAL3, STM32MP255FAI3, STM32MP255FAK3, STM32MP255FAL3, STM32MP257AAI3, STM32MP257AAK3, STM32MP257AAL3, STM32MP257CAI3, STM32MP257CAK3, STM32MP257CAL3, STM32MP257DAI3, STM32MP257DAK3, STM32MP257DAL3, STM32MP257F-DK, STM32MP257F-EV1, STM32MP257FAI3, STM32MP257FAK3, STM32MP257FAL3, STM32U031C6T6, STM32U031C6U6, STM32U031C8T6, STM32U031C8U6, STM32U031F4P6, STM32U031F6P6, STM32U031F8P6, STM32U031G6Y6TR, STM32U031G8Y6TR, STM32U031K4U6, STM32U031K6U6, STM32U031K8U6, STM32U031R6I6, STM32U031R6T6, STM32U031R8I6, STM32U031R8T6, STM32U073C8T6, STM32U073C8U6, STM32U073CBT6, STM32U073CBU6, STM32U073CCT6, STM32U073CCU6, STM32U073H8Y6TR, STM32U073HBY6TR, STM32U073HCY6TR, STM32U073K8U6, STM32U073KBU6, STM32U073KCU6, STM32U073M8I6, STM32U073M8T6, STM32U073MBI6, STM32U073MBT6, STM32U073MCI6, STM32U073MCT6, STM32U073R8I6, STM32U073R8T6, STM32U073RBI6, STM32U073RBT6, STM32U073RCI6, STM32U073RCT6, STM32U083C-DK, STM32U083CCT6, STM32U083CCU6, STM32U083HCY6TR, STM32U083KCU6, STM32U083MCI6, STM32U083MCT6, STM32U083RCI6, STM32U083RCT6, STM32U535CBT6, STM32U535CBT6Q, STM32U535CBU6, STM32U535CBU6Q, STM32U535CCT6, STM32U535CCT6Q, STM32U535CCU6, STM32U535CCU6Q, STM32U535CET6, STM32U535CET6Q, STM32U535CEU6, STM32U535CEU6Q, STM32U535JEY6QTR, STM32U535NCY6QTR, STM32U535NEY6QTR, STM32U535RBI6, STM32U535RBI6Q, STM32U535RBT6, STM32U535RBT6Q, STM32U535RCI6, STM32U535RCI6Q, STM32U535RCT6, STM32U535RCT6Q, STM32U535REI6, STM32U535REI6Q, STM32U535RET6, STM32U535RET6Q, STM32U535VCI6, STM32U535VCI6Q, STM32U535VCT6, STM32U535VCT6Q, STM32U535VEI6, STM32U535VEI6Q, STM32U535VET6, STM32U535VET6Q, STM32U545CET6, STM32U545CET6Q, STM32U545CEU6, STM32U545CEU6Q, STM32U545JEY6QTR, STM32U545NEY6QTR, STM32U545REI6, STM32U545REI6Q, STM32U545RET6, STM32U545RET6Q, STM32U545VEI6, STM32U545VEI6Q, STM32U545VET6, STM32U545VET6Q, STM32U595AIH6, STM32U595AIH6Q, STM32U595AJH6, STM32U595AJH6Q, STM32U595QII6, STM32U595QII6Q, STM32U595QJI6, STM32U595QJI6Q, STM32U595RIT6, STM32U595RIT6Q, STM32U595RJT6, STM32U595RJT6Q, STM32U595VIT6, STM32U595VIT6Q, STM32U595VJT6, STM32U595VJT6Q, STM32U595ZIT6, STM32U595ZIT6Q, STM32U595ZIY6QTR, STM32U595ZJT6, STM32U595ZJT6Q, STM32U595ZJY6QTR, STM32U599BJY6QTR, STM32U599NIH6Q, STM32U599NJH6Q, STM32U599VIT6Q, STM32U599VJT6, STM32U599VJT6Q, STM32U599ZIT6Q, STM32U599ZIY6QTR, STM32U599ZJT6Q, STM32U599ZJY6QTR, STM32U5A5AJH6, STM32U5A5AJH6Q, STM32U5A5QII3Q , STM32U5A5QJI6, STM32U5A5QJI6Q, STM32U5A5RJT6, STM32U5A5RJT6Q, STM32U5A5VJT6, STM32U5A5VJT6Q, STM32U5A5ZJT6, STM32U5A5ZJT6Q, STM32U5A5ZJY6QTR, STM32U5A9BJY6QTR, STM32U5A9J-DK, STM32U5A9NJH6Q, STM32U5A9VJT6Q, STM32U5A9ZJT6Q, STM32U5A9ZJY6QTR, STM32U5F7VIT6, STM32U5F7VIT6Q, STM32U5F7VJT6, STM32U5F7VJT6Q, STM32U5F9BJY6QTR, STM32U5F9NJH6Q, STM32U5F9VIT6Q, STM32U5F9VJT6Q, STM32U5F9ZIJ6QTR, STM32U5F9ZIT6Q, STM32U5F9ZJJ6QTR, STM32U5F9ZJT6Q, STM32U5G7VJT6, STM32U5G7VJT6Q, STM32U5G9BJY6QTR, STM32U5G9J-DK1, STM32U5G9J-DK2, STM32U5G9NJH6Q, STM32U5G9VJT6Q, STM32U5G9ZJJ6QTR, STM32U5G9ZJT6Q, STM32WB05KZV6TR, STM32WB05KZV7TR, STM32WB05TZF6TR, STM32WB05TZF7TR, STM32WB06CCF6TR, STM32WB06CCF7TR, STM32WB06CCV6TR, STM32WB06CCV7TR, STM32WB06KCV6TR, STM32WB06KCV7TR, STM32WB07CCF6TR, STM32WB07CCF7TR, STM32WB07CCV6TR, STM32WB07CCV7TR, STM32WB07KCV6TR, STM32WB07KCV7TR, STM32WB09KEV6TR, STM32WB09KEV7TR, STM32WB09TEF6TR, STM32WB09TEF7TR, STM32WB1MMCH6, STM32WBA50KGU6, STM32WBA50KGU6TR, STM32WBA52CEU6, STM32WBA52CEU6TR, STM32WBA52CEU7, STM32WBA52CEU7TR, STM32WBA52CGU6, STM32WBA52CGU6TR, STM32WBA52CGU6U, STM32WBA52CGU7, STM32WBA52CGU7TR, STM32WBA52KEU6, STM32WBA52KEU6TR, STM32WBA52KGU6, STM32WBA52KGU6TR, STM32WBA54CEU6, STM32WBA54CEU6TR, STM32WBA54CEU7, STM32WBA54CEU7TR, STM32WBA54CGU6, STM32WBA54CGU6TR, STM32WBA54CGU7, STM32WBA54CGU7TR, STM32WBA54KEU6, STM32WBA54KEU6TR, STM32WBA54KEU7, STM32WBA54KEU7TR, STM32WBA54KGU6, STM32WBA54KGU6TR, STM32WBA54KGU7, STM32WBA54KGU7TR, STM32WBA55CEU6, STM32WBA55CEU6TR, STM32WBA55CEU7, STM32WBA55CEU7TR, STM32WBA55CGU6, STM32WBA55CGU6TR, STM32WBA55CGU6U, STM32WBA55CGU7, STM32WBA55CGU7TR, STM32WBA55G-DK1, STM32WBA55HEF6, STM32WBA55HEF7, STM32WBA55HGF6, STM32WBA55HGF7, STM32WBA55UEI6, STM32WBA55UEI6TR, STM32WBA55UEI7, STM32WBA55UEI7TR, STM32WBA55UGI6, STM32WBA55UGI6TR, STM32WBA55UGI7, STM32WBA55UGI7TR, STM32WL5MOCH6, STM32WL5MOCH6TR]
2024-09-11 16:24:14,423 [INFO] BoardInfo:889 - No configuration file found for board P-NUCLEO-WB55
2024-09-11 16:24:14,424 [INFO] DbBoards:161 - Kit is not supported: P-NUCLEO-WB55
2024-09-11 16:24:14,427 [INFO] BoardInfo:889 - No configuration file found for board STEVAL-BFA001V1B
2024-09-11 16:24:14,427 [INFO] DbBoards:161 - Kit is not supported: STEVAL-BFA001V1B
2024-09-11 16:24:14,428 [INFO] BoardInfo:889 - No configuration file found for board STEVAL-BFA001V2B
2024-09-11 16:24:14,428 [INFO] DbBoards:161 - Kit is not supported: STEVAL-BFA001V2B
2024-09-11 16:24:14,509 [INFO] DbBoards:168 - Found 201 boards, 198 are supported
2024-09-11 16:24:14,509 [INFO] DbBoards:169 - Found 201 boards, 25 of them is supported for  Bsp
2024-09-11 16:24:14,512 [INFO] ApiDb:668 - CubeFinder database Data Model version=2.1
2024-09-11 16:24:14,512 [INFO] ApiDb:669 - CubeFinder database Configuration version=3.0.39
2024-09-11 16:24:14,512 [INFO] ApiDb:670 - CubeFinder database generation date=2024-08-06 (1722941618)
2024-09-11 16:24:14,513 [INFO] ApiDb:671 - CubeFinder database FW Pack versions=[FP-ATR-ASTRA1_V2.0.0, FP-SNS-FLIGHT1_V5.0.2, FP-SNS-MOTENV1_V5.0.0, FP-SNS-MOTENVWB1_V1.4.0, FP-SNS-SMARTAG2_V1.2.0, FP-SNS-STBOX1_V2.0.0, STM32Cube_FW_C0_V1.2.0, STM32Cube_FW_F4_V1.28.0, STM32Cube_FW_F7_V1.17.2, STM32Cube_FW_G0_V1.6.2, STM32Cube_FW_G4_V1.6.0, STM32Cube_FW_H5_V1.3.0, STM32Cube_FW_H7RS_V1.1.0, STM32Cube_FW_H7_V1.11.2, STM32Cube_FW_L0_V1.12.2, STM32Cube_FW_L5_V1.5.1, STM32Cube_FW_U0_V1.1.0, STM32Cube_FW_U5_V1.6.0, STM32Cube_FW_WB0_V1.0.0, STM32Cube_FW_WBA_V1.4.1, STM32Cube_FW_WB_V1.20.0, STM32Cube_FW_WL_V1.3.0, X-CUBE-ALGOBUILD_V1.4.0, X-CUBE-ALS_V1.0.2, X-CUBE-AZRTOS-F4_V1.1.0, X-CUBE-AZRTOS-F7_V1.1.0, X-CUBE-AZRTOS-G0_V1.1.0, X-CUBE-AZRTOS-G4_V2.0.0, X-CUBE-AZRTOS-H7RS_V1.0.0, X-CUBE-AZRTOS-H7_V3.2.0, X-CUBE-AZRTOS-L4_V2.0.0, X-CUBE-AZRTOS-L5_V1.1.0, X-CUBE-AZRTOS-WB_V2.0.0, X-CUBE-AZRTOS-WL_V2.0.0, X-CUBE-BLE1_V7.0.0, X-CUBE-BLE2_V3.3.0, X-CUBE-BLEMGR_V3.1.0, X-CUBE-EEPRMA1_V5.1.0, X-CUBE-FREERTOS_V1.2.0, X-CUBE-GNSS1_V6.0.0, X-CUBE-MEMS1_V10.0.0, X-CUBE-NFC4_V3.0.0, X-CUBE-NFC7_V1.0.1, X-CUBE-SFXS2LP1_V4.0.0, X-CUBE-SUBG2_V5.0.0, X-CUBE-TOF1_V3.4.2]
2024-09-11 16:24:15,781 [INFO] ApiDb:240 - Found 646 in-development CPN: [B-G473E-ZEST1S, B-WB1M-WPAN1, B-WL5M-SUBG1, NUCLEO-C031C6, NUCLEO-C071RB, NUCLEO-H503RB, NUCLEO-H533RE, NUCLEO-H563ZI, NUCLEO-H7S3L8, NUCLEO-U031R8, NUCLEO-U083RC, NUCLEO-U545RE-Q, NUCLEO-U5A5ZJ-Q, NUCLEO-WB05KZ, NUCLEO-WB07CC, NUCLEO-WB09KE, NUCLEO-WBA52CG, NUCLEO-WBA55CG, STEVAL-PROTEUS1, STEVAL-SMARTAG2, STEVAL-STWINBX1, STM320518-EVAL, STM32C0116-DK, STM32C011D6Y3TR, STM32C011D6Y6TR, STM32C011F4P3, STM32C011F4P6, STM32C011F4U3, STM32C011F4U6TR, STM32C011F6P3, STM32C011F6P6, STM32C011F6U3, STM32C011F6U6TR, STM32C011J4M3, STM32C011J4M6, STM32C011J6M3, STM32C011J6M6, STM32C0316-DK, STM32C031C4T3, STM32C031C4T6, STM32C031C4U3, STM32C031C4U6, STM32C031C6T3, STM32C031C6T6, STM32C031C6U3, STM32C031C6U6, STM32C031F4P3, STM32C031F4P6, STM32C031F6P3, STM32C031F6P6, STM32C031G4U3, STM32C031G4U6, STM32C031G6U3, STM32C031G6U6, STM32C031K4T3, STM32C031K4T6, STM32C031K4U3, STM32C031K4U6, STM32C031K6T3, STM32C031K6T6, STM32C031K6U3, STM32C031K6U6, STM32C071C8T6, STM32C071C8T6N, STM32C071C8U6, STM32C071C8U6N, STM32C071CBT6, STM32C071CBT6N, STM32C071CBU6, STM32C071CBU6N, STM32C071F8P6, STM32C071F8P6N, STM32C071FBP6, STM32C071FBP6N, STM32C071FBY6TR, STM32C071G8U6, STM32C071G8U6N, STM32C071GBU6, STM32C071GBU6N, STM32C071K8T6, STM32C071K8T6N, STM32C071K8U6, STM32C071K8U6N, STM32C071KBT6, STM32C071KBT6N, STM32C071KBU6, STM32C071KBU6N, STM32C071R8T6, STM32C071R8T6N, STM32C071RBI6N, STM32C071RBT6, STM32C071RBT6N, STM32G071K8TXN, STM32G071K8UXN, STM32G081GBU6N, STM32G081KBT6N, STM32G081KBUXN, STM32G0B1CCT6N, STM32G0B1KCT6, STM32G0B1NEY6TR, STM32G0B1RCT6N, STM32G0C1CCT6, STM32G0C1CCT6N, STM32G0C1CCU6N, STM32G0C1CET6N, STM32G0C1CEU6N, STM32G0C1KCT6, STM32G0C1NEY6TR, STM32G0C1RCI6N, STM32G0C1RCT6N, STM32G0C1REI6N, STM32G0C1RET6N, STM32G0C1VCI6, STM32G0C1VEI6, STM32G411C6T3, STM32G411C6T6, STM32G411C6U3, STM32G411C6U6, STM32G411C8T3, STM32G411C8T6, STM32G411C8U3, STM32G411C8U6, STM32G411CBT3, STM32G411CBT6, STM32G411CBU3, STM32G411CBU6, STM32G411K6T3, STM32G411K6T6, STM32G411K6U3, STM32G411K6U6, STM32G411K8T3, STM32G411K8T6, STM32G411K8U3, STM32G411K8U6, STM32G411KBT3, STM32G411KBT6, STM32G411KBU3, STM32G411KBU6, STM32G411M6T3, STM32G411M6T6, STM32G411M8T3, STM32G411M8T6, STM32G411MBT3, STM32G411MBT6, STM32G411R6T3, STM32G411R6T6, STM32G411R8T3, STM32G411R8T6, STM32G411RBT3, STM32G411RBT6, STM32G414CBT3, STM32G414CBT6, STM32G414CBU3, STM32G414CBU6, STM32G414CCT3, STM32G414CCT6, STM32G414CCU3, STM32G414CCU6, STM32G414MBT3, STM32G414MBT6, STM32G414MCT3, STM32G414MCT6, STM32G414RBT3, STM32G414RBT6, STM32G414RCT3, STM32G414RCT6, STM32G414VBT3, STM32G414VBT6, STM32G414VCT3, STM32G414VCT6, STM32G431CBT3Z, STM32G431RBT3Z, STM32G471CCT6, STM32G471CCU6, STM32G471CET3, STM32G471CET6, STM32G471CEU3, STM32G471CEU6, STM32G471MCT6, STM32G471MET3, STM32G471MET6, STM32G471MEY6TR, STM32G471QCT6, STM32G471QET3, STM32G471RCT6, STM32G471RET3, STM32G471RET6, STM32G471VCH6, STM32G471VCI6, STM32G471VCT6, STM32G471VEH3, STM32G471VEH6, STM32G471VEI3, STM32G471VEI6, STM32G471VET3, STM32G471VET6, STM32G473QET3Z, STM32G473RET3Z, STM32G474CCT6, STM32G491RET3Z, STM32H503CBT6, STM32H503CBU6, STM32H503EBY6TR, STM32H503KBU6, STM32H503RBT6, STM32H523CCT6, STM32H523CCU6, STM32H523CET6, STM32H523CEU6, STM32H523HEY6TR, STM32H523RCT6, STM32H523RET6, STM32H523VCI6, STM32H523VCT6, STM32H523VEI6, STM32H523VET6, STM32H523ZCJ6, STM32H523ZCT6, STM32H523ZEJ6, STM32H523ZET6, STM32H533CET6, STM32H533CEU6, STM32H533HEY6TR, STM32H533RET6, STM32H533VEI6, STM32H533VET6, STM32H533ZEJ6, STM32H533ZET6, STM32H562AGI6, STM32H562AII6, STM32H562IGK6, STM32H562IGT6, STM32H562IIK6, STM32H562IIT6, STM32H562RGT6, STM32H562RGV6, STM32H562RIT6, STM32H562RIV6, STM32H562VGT6, STM32H562VIT6, STM32H562ZGT6, STM32H562ZIT6, STM32H563AGI6, STM32H563AII3Q, STM32H563AII6, STM32H563IGK6, STM32H563IGT6, STM32H563IIK3Q, STM32H563IIK6, STM32H563IIT3Q, STM32H563IIT6, STM32H563MIY3QTR, STM32H563RGT6, STM32H563RGV6, STM32H563RIT6, STM32H563RIV6, STM32H563VGT6, STM32H563VIT3Q, STM32H563VIT6, STM32H563ZGT6, STM32H563ZIT3Q, STM32H563ZIT6, STM32H573AII3Q, STM32H573AII6, STM32H573I-DK, STM32H573IIK3Q, STM32H573IIK6, STM32H573IIT3Q, STM32H573IIT6, STM32H573MIY3QTR, STM32H573RIT6, STM32H573RIV6, STM32H573VIT3Q, STM32H573VIT6, STM32H573ZIT3Q, STM32H573ZIT6, STM32H7R3A8I6, STM32H7R3I8K6, STM32H7R3I8T6, STM32H7R3L8H6, STM32H7R3L8H6H, STM32H7R3R8V6, STM32H7R3V8H6, STM32H7R3V8T6, STM32H7R3V8Y6TR, STM32H7R3Z8J6, STM32H7R3Z8T6, STM32H7R7A8I6, STM32H7R7I8K6, STM32H7R7I8T6, STM32H7R7L8H6, STM32H7R7L8H6H, STM32H7R7Z8J6, STM32H7S3A8I6, STM32H7S3I8K6, STM32H7S3I8T6, STM32H7S3L8H6, STM32H7S3L8H6H, STM32H7S3R8V6, STM32H7S3V8H6, STM32H7S3V8T6, STM32H7S3V8Y6TR, STM32H7S3Z8J6, STM32H7S3Z8T6, STM32H7S78-DK, STM32H7S7A8I6, STM32H7S7I8K6, STM32H7S7I8T6, STM32H7S7L8H6, STM32H7S7L8H6H, STM32H7S7Z8J6, STM32L4R5QGI6STR, STM32MP131AAE3, STM32MP131AAF3, STM32MP131AAG3, STM32MP131CAE3, STM32MP131CAF3, STM32MP131CAG3, STM32MP131DAE7, STM32MP131DAF7, STM32MP131DAG7, STM32MP131FAE7, STM32MP131FAF7, STM32MP131FAG7, STM32MP133AAE3, STM32MP133AAF3, STM32MP133AAG3, STM32MP133CAE3, STM32MP133CAF3, STM32MP133CAG3, STM32MP133DAE7, STM32MP133DAF7, STM32MP133DAG7, STM32MP133FAE7, STM32MP133FAF7, STM32MP133FAG7, STM32MP135AAE3, STM32MP135AAF3, STM32MP135AAG3, STM32MP135CAE3, STM32MP135CAF3, STM32MP135CAG3, STM32MP135DAE7, STM32MP135DAF7, STM32MP135DAG7, STM32MP135F-DK, STM32MP135FAE7, STM32MP135FAF7, STM32MP135FAF7T, STM32MP135FAF7U, STM32MP135FAG7, STM32MP251AAI3, STM32MP251AAK3, STM32MP251AAL3, STM32MP251CAI3, STM32MP251CAK3, STM32MP251CAL3, STM32MP251DAI3, STM32MP251DAK3, STM32MP251DAL3, STM32MP251FAI3, STM32MP251FAK3, STM32MP251FAL3, STM32MP253AAI3, STM32MP253AAK3, STM32MP253AAL3, STM32MP253CAI3, STM32MP253CAK3, STM32MP253CAL3, STM32MP253DAI3, STM32MP253DAK3, STM32MP253DAL3, STM32MP253FAI3, STM32MP253FAK3, STM32MP253FAL3, STM32MP255AAI3, STM32MP255AAK3, STM32MP255AAL3, STM32MP255CAI3, STM32MP255CAK3, STM32MP255CAL3, STM32MP255DAI3, STM32MP255DAK3, STM32MP255DAL3, STM32MP255FAI3, STM32MP255FAK3, STM32MP255FAL3, STM32MP257AAI3, STM32MP257AAK3, STM32MP257AAL3, STM32MP257CAI3, STM32MP257CAK3, STM32MP257CAL3, STM32MP257DAI3, STM32MP257DAK3, STM32MP257DAL3, STM32MP257F-DK, STM32MP257F-EV1, STM32MP257FAI3, STM32MP257FAK3, STM32MP257FAL3, STM32U031C6T6, STM32U031C6U6, STM32U031C8T6, STM32U031C8U6, STM32U031F4P6, STM32U031F6P6, STM32U031F8P6, STM32U031G6Y6TR, STM32U031G8Y6TR, STM32U031K4U6, STM32U031K6U6, STM32U031K8U6, STM32U031R6I6, STM32U031R6T6, STM32U031R8I6, STM32U031R8T6, STM32U073C8T6, STM32U073C8U6, STM32U073CBT6, STM32U073CBU6, STM32U073CCT6, STM32U073CCU6, STM32U073H8Y6TR, STM32U073HBY6TR, STM32U073HCY6TR, STM32U073K8U6, STM32U073KBU6, STM32U073KCU6, STM32U073M8I6, STM32U073M8T6, STM32U073MBI6, STM32U073MBT6, STM32U073MCI6, STM32U073MCT6, STM32U073R8I6, STM32U073R8T6, STM32U073RBI6, STM32U073RBT6, STM32U073RCI6, STM32U073RCT6, STM32U083C-DK, STM32U083CCT6, STM32U083CCU6, STM32U083HCY6TR, STM32U083KCU6, STM32U083MCI6, STM32U083MCT6, STM32U083RCI6, STM32U083RCT6, STM32U535CBT6, STM32U535CBT6Q, STM32U535CBU6, STM32U535CBU6Q, STM32U535CCT6, STM32U535CCT6Q, STM32U535CCU6, STM32U535CCU6Q, STM32U535CET6, STM32U535CET6Q, STM32U535CEU6, STM32U535CEU6Q, STM32U535JEY6QTR, STM32U535NCY6QTR, STM32U535NEY6QTR, STM32U535RBI6, STM32U535RBI6Q, STM32U535RBT6, STM32U535RBT6Q, STM32U535RCI6, STM32U535RCI6Q, STM32U535RCT6, STM32U535RCT6Q, STM32U535REI6, STM32U535REI6Q, STM32U535RET6, STM32U535RET6Q, STM32U535VCI6, STM32U535VCI6Q, STM32U535VCT6, STM32U535VCT6Q, STM32U535VEI6, STM32U535VEI6Q, STM32U535VET6, STM32U535VET6Q, STM32U545CET6, STM32U545CET6Q, STM32U545CEU6, STM32U545CEU6Q, STM32U545JEY6QTR, STM32U545NEY6QTR, STM32U545REI6, STM32U545REI6Q, STM32U545RET6, STM32U545RET6Q, STM32U545VEI6, STM32U545VEI6Q, STM32U545VET6, STM32U545VET6Q, STM32U595AIH6, STM32U595AIH6Q, STM32U595AJH6, STM32U595AJH6Q, STM32U595QII6, STM32U595QII6Q, STM32U595QJI6, STM32U595QJI6Q, STM32U595RIT6, STM32U595RIT6Q, STM32U595RJT6, STM32U595RJT6Q, STM32U595VIT6, STM32U595VIT6Q, STM32U595VJT6, STM32U595VJT6Q, STM32U595ZIT6, STM32U595ZIT6Q, STM32U595ZIY6QTR, STM32U595ZJT6, STM32U595ZJT6Q, STM32U595ZJY6QTR, STM32U599BJY6QTR, STM32U599NIH6Q, STM32U599NJH6Q, STM32U599VIT6Q, STM32U599VJT6, STM32U599VJT6Q, STM32U599ZIT6Q, STM32U599ZIY6QTR, STM32U599ZJT6Q, STM32U599ZJY6QTR, STM32U5A5AJH6, STM32U5A5AJH6Q, STM32U5A5QII3Q , STM32U5A5QJI6, STM32U5A5QJI6Q, STM32U5A5RJT6, STM32U5A5RJT6Q, STM32U5A5VJT6, STM32U5A5VJT6Q, STM32U5A5ZJT6, STM32U5A5ZJT6Q, STM32U5A5ZJY6QTR, STM32U5A9BJY6QTR, STM32U5A9J-DK, STM32U5A9NJH6Q, STM32U5A9VJT6Q, STM32U5A9ZJT6Q, STM32U5A9ZJY6QTR, STM32U5F7VIT6, STM32U5F7VIT6Q, STM32U5F7VJT6, STM32U5F7VJT6Q, STM32U5F9BJY6QTR, STM32U5F9NJH6Q, STM32U5F9VIT6Q, STM32U5F9VJT6Q, STM32U5F9ZIJ6QTR, STM32U5F9ZIT6Q, STM32U5F9ZJJ6QTR, STM32U5F9ZJT6Q, STM32U5G7VJT6, STM32U5G7VJT6Q, STM32U5G9BJY6QTR, STM32U5G9J-DK1, STM32U5G9J-DK2, STM32U5G9NJH6Q, STM32U5G9VJT6Q, STM32U5G9ZJJ6QTR, STM32U5G9ZJT6Q, STM32WB05KZV6TR, STM32WB05KZV7TR, STM32WB05TZF6TR, STM32WB05TZF7TR, STM32WB06CCF6TR, STM32WB06CCF7TR, STM32WB06CCV6TR, STM32WB06CCV7TR, STM32WB06KCV6TR, STM32WB06KCV7TR, STM32WB07CCF6TR, STM32WB07CCF7TR, STM32WB07CCV6TR, STM32WB07CCV7TR, STM32WB07KCV6TR, STM32WB07KCV7TR, STM32WB09KEV6TR, STM32WB09KEV7TR, STM32WB09TEF6TR, STM32WB09TEF7TR, STM32WB1MMCH6, STM32WBA50KGU6, STM32WBA50KGU6TR, STM32WBA52CEU6, STM32WBA52CEU6TR, STM32WBA52CEU7, STM32WBA52CEU7TR, STM32WBA52CGU6, STM32WBA52CGU6TR, STM32WBA52CGU6U, STM32WBA52CGU7, STM32WBA52CGU7TR, STM32WBA52KEU6, STM32WBA52KEU6TR, STM32WBA52KGU6, STM32WBA52KGU6TR, STM32WBA54CEU6, STM32WBA54CEU6TR, STM32WBA54CEU7, STM32WBA54CEU7TR, STM32WBA54CGU6, STM32WBA54CGU6TR, STM32WBA54CGU7, STM32WBA54CGU7TR, STM32WBA54KEU6, STM32WBA54KEU6TR, STM32WBA54KEU7, STM32WBA54KEU7TR, STM32WBA54KGU6, STM32WBA54KGU6TR, STM32WBA54KGU7, STM32WBA54KGU7TR, STM32WBA55CEU6, STM32WBA55CEU6TR, STM32WBA55CEU7, STM32WBA55CEU7TR, STM32WBA55CGU6, STM32WBA55CGU6TR, STM32WBA55CGU6U, STM32WBA55CGU7, STM32WBA55CGU7TR, STM32WBA55G-DK1, STM32WBA55HEF6, STM32WBA55HEF7, STM32WBA55HGF6, STM32WBA55HGF7, STM32WBA55UEI6, STM32WBA55UEI6TR, STM32WBA55UEI7, STM32WBA55UEI7TR, STM32WBA55UGI6, STM32WBA55UGI6TR, STM32WBA55UGI7, STM32WBA55UGI7TR, STM32WL5MOCH6, STM32WL5MOCH6TR]
2024-09-11 16:24:15,794 [INFO] DbMcus:218 - Found 4251 MCUs, 4251 are supported
2024-09-11 16:24:15,795 [INFO] ApiDb:423 - Load user favorites file /Users/kitton/.stm32cubeide/favorites.mcus.txt: 1 item(s)
2024-09-11 16:24:15,796 [INFO] ApiDb:427 - User favorites MCUs=[STM32F767ZIT6]
2024-09-11 16:24:15,796 [INFO] DbMcus:224 - Set 1 / 1 favorites MCUs
2024-09-11 16:24:16,021 [INFO] ApiDb:414 - User favorites file not found: /Users/kitton/.stm32cubeide/favorites.boards.txt
2024-09-11 16:24:16,023 [INFO] DbBoards:198 - Set 0 / 0 favorites Boards
2024-09-11 16:24:16,024 [INFO] McuFinderGlobals:76 - Set McuFinderConnectedMode to true
2024-09-11 16:24:16,046 [INFO] MultiScanPanel:200 - Auto-refresh data requested => check proxy status ongoing
2024-09-11 16:24:16,048 [INFO] FinderPluginLoader:95 - Searching for filters in installed packs
2024-09-11 16:24:17,301 [INFO] LoadUrlFilesThread:185 - End of LoadServerUrlFiles without Thread
2024-09-11 16:24:17,316 [INFO] DetailPanel:341 - Set advertising image to /Users/kitton/STM32Cube/Repository//en.prom-stm32h7rs-mcu-finder.jpg
2024-09-11 16:24:33,916 [INFO] MainUpdater:2873 - connection check result : 10
2024-09-11 16:24:33,917 [INFO] MainUpdater:2873 - connection check result : 10
2024-09-11 16:24:34,705 [INFO] RulesReader:64 - Compatibility file has been processed (297 Rules)
2024-09-11 16:24:34,718 [INFO] RulesReader:64 - Compatibility file has been processed (297 Rules)
2024-09-11 16:24:34,731 [INFO] MicroXplorer:468 - Change Database Path : 
2024-09-11 16:24:34,731 [INFO] MicroXplorer:498 - Change Database Version : DB.6.0.120
2024-09-11 16:24:34,737 [WARN] ThirdParty:871 - waiting for thirdparty lock release [close project]
2024-09-11 16:24:34,738 [INFO] ThirdParty:873 - entering critical section [close project]
2024-09-11 16:24:34,744 [INFO] ThirdParty:883 - exiting critical section [close project]
2024-09-11 16:24:34,747 [INFO] PinOutPanel:1561 - setPackage(No Configuration,No Configuration)
2024-09-11 16:24:34,764 [INFO] UtilMem:75 - Begin LoadConfig() Used Memory: 572420568 Bytes (756023296)
2024-09-11 16:24:34,767 [INFO] MicroXplorer:468 - Change Database Path : 
2024-09-11 16:24:34,767 [INFO] MicroXplorer:498 - Change Database Version : DB.6.0.120
2024-09-11 16:24:34,767 [INFO] OpenFileManager:332 - Change cursor
2024-09-11 16:24:34,852 [INFO] Mcu:2032 - Initializing MCU STM32F767ZITx STM32F767ZITx STM32F767ZIT6
2024-09-11 16:24:38,552 [INFO] Context:742 - Trying to add GPIOservice into a context  which must be forbidden
2024-09-11 16:24:40,598 [INFO] RtosManager:555 - Registered RTOS mode: class=CMSIS, group=RTOS, mode=CMSIS_V1, owner=FREERTOS
2024-09-11 16:24:40,600 [INFO] RtosManager:555 - Registered RTOS mode: class=CMSIS, group=RTOS2, mode=CMSIS_V2, owner=FREERTOS
2024-09-11 16:24:40,601 [INFO] RtosManager:555 - Registered RTOS mode: class=RTOS, group=Core, mode=CMSIS_V1, owner=FREERTOS
2024-09-11 16:24:40,601 [INFO] RtosManager:555 - Registered RTOS mode: class=RTOS, group=Core, mode=CMSIS_V2, owner=FREERTOS
2024-09-11 16:24:40,605 [WARN] ModelIntegratedComponent:184 - Missing modes for component STMicroelectronics:FreeRTOS:0.0.1:STMicroelectronics:RTOS:FreeRTOS:Core:::10.2.0:
2024-09-11 16:24:40,640 [WARN] ModelIntegratedComponent:63 - No mode defined for component null
2024-09-11 16:24:40,641 [WARN] ModelIntegratedComponent:63 - No mode defined for component null
2024-09-11 16:24:40,641 [WARN] ModelIntegratedComponent:63 - No mode defined for component null
2024-09-11 16:24:40,641 [WARN] ModelIntegratedComponent:63 - No mode defined for component null
2024-09-11 16:24:40,641 [WARN] ModelIntegratedComponent:63 - No mode defined for component null
2024-09-11 16:24:40,641 [WARN] ModelIntegratedComponent:63 - No mode defined for component null
2024-09-11 16:24:40,641 [WARN] ModelIntegratedComponent:63 - No mode defined for component null
2024-09-11 16:24:40,641 [WARN] ModelIntegratedComponent:63 - No mode defined for component null
2024-09-11 16:24:40,641 [WARN] ModelIntegratedComponent:63 - No mode defined for component null
2024-09-11 16:24:40,641 [WARN] ModelIntegratedComponent:63 - No mode defined for component null
2024-09-11 16:24:40,641 [WARN] ModelIntegratedComponent:63 - No mode defined for component null
2024-09-11 16:24:40,641 [WARN] ModelIntegratedComponent:63 - No mode defined for component null
2024-09-11 16:24:40,641 [WARN] ModelIntegratedComponent:63 - No mode defined for component null
2024-09-11 16:24:40,641 [WARN] ModelIntegratedComponent:63 - No mode defined for component null
2024-09-11 16:24:40,641 [WARN] ModelIntegratedComponent:63 - No mode defined for component null
2024-09-11 16:24:40,641 [WARN] ModelIntegratedComponent:63 - No mode defined for component null
2024-09-11 16:24:40,641 [WARN] ModelIntegratedComponent:63 - No mode defined for component null
2024-09-11 16:24:40,641 [WARN] ModelIntegratedComponent:63 - No mode defined for component null
2024-09-11 16:24:40,641 [WARN] ModelIntegratedComponent:63 - No mode defined for component null
2024-09-11 16:24:40,641 [WARN] ModelIntegratedComponent:63 - No mode defined for component null
2024-09-11 16:24:40,641 [WARN] ModelIntegratedComponent:63 - No mode defined for component null
2024-09-11 16:24:40,641 [WARN] ModelIntegratedComponent:63 - No mode defined for component null
2024-09-11 16:24:40,641 [WARN] ModelIntegratedComponent:63 - No mode defined for component null
2024-09-11 16:24:40,641 [WARN] ModelIntegratedComponent:63 - No mode defined for component null
2024-09-11 16:24:40,641 [WARN] ModelIntegratedComponent:63 - No mode defined for component null
2024-09-11 16:24:40,641 [WARN] ModelIntegratedComponent:63 - No mode defined for component null
2024-09-11 16:24:40,641 [WARN] ModelIntegratedComponent:63 - No mode defined for component null
2024-09-11 16:24:40,641 [WARN] ModelIntegratedComponent:63 - No mode defined for component null
2024-09-11 16:24:40,641 [WARN] ModelIntegratedComponent:63 - No mode defined for component null
2024-09-11 16:24:40,641 [WARN] ModelIntegratedComponent:63 - No mode defined for component null
2024-09-11 16:24:40,641 [WARN] ModelIntegratedComponent:63 - No mode defined for component null
2024-09-11 16:24:40,641 [WARN] ModelIntegratedComponent:63 - No mode defined for component null
2024-09-11 16:24:40,641 [WARN] ModelIntegratedComponent:63 - No mode defined for component null
2024-09-11 16:24:40,641 [WARN] ModelIntegratedComponent:63 - No mode defined for component null
2024-09-11 16:24:40,641 [WARN] ModelIntegratedComponent:63 - No mode defined for component null
2024-09-11 16:24:40,642 [WARN] ModelPack:524 - Component already loaded: STMicroelectronics:HAL Drivers:0.0.0:STMicroelectronics:Device:STMicro_Driver:XSPI:HAL::0.0.1:HAL_XSPI
2024-09-11 16:24:40,703 [INFO] ThirdPartyModel:298 - Start build external matchings
2024-09-11 16:24:40,970 [INFO] ThirdPartyModel:316 - End build external matchings
2024-09-11 16:24:41,064 [INFO] ImportTextPane:205 - (OptionalMessage_ERROR) IP (DMA) : Parameter (Instance) has Id (ADC1) currently not set
2024-09-11 16:24:41,066 [INFO] ImportTextPane:205 - (OptionalMessage_ERROR) IP (DMA) : Parameter (Channel) has Id (ADC1) currently not set
2024-09-11 16:24:41,066 [INFO] ImportTextPane:205 - (OptionalMessage_ERROR) IP (DMA) : Parameter (Direction) has Id (ADC1) currently not set
2024-09-11 16:24:41,066 [INFO] ImportTextPane:205 - (OptionalMessage_ERROR) IP (DMA) : Parameter (PeriphInc) has Id (ADC1) currently not set
2024-09-11 16:24:41,066 [INFO] ImportTextPane:205 - (OptionalMessage_ERROR) IP (DMA) : Parameter (MemInc) has Id (ADC1) currently not set
2024-09-11 16:24:41,067 [INFO] ImportTextPane:205 - (OptionalMessage_ERROR) IP (DMA) : Parameter (PeriphDataAlignment) has Id (ADC1) currently not set
2024-09-11 16:24:41,067 [INFO] ImportTextPane:205 - (OptionalMessage_ERROR) IP (DMA) : Parameter (MemDataAlignment) has Id (ADC1) currently not set
2024-09-11 16:24:41,067 [INFO] ImportTextPane:205 - (OptionalMessage_ERROR) IP (DMA) : Parameter (Mode) has Id (ADC1) currently not set
2024-09-11 16:24:41,067 [INFO] ImportTextPane:205 - (OptionalMessage_ERROR) IP (DMA) : Parameter (Priority) has Id (ADC1) currently not set
2024-09-11 16:24:41,067 [INFO] ImportTextPane:205 - (OptionalMessage_ERROR) IP (DMA) : Parameter (FIFOMode) has Id (ADC1) currently not set
2024-09-11 16:24:41,067 [INFO] ImportTextPane:205 - (OptionalMessage_ERROR) IP (DMA) : Parameter (FIFOThreshold) has Id (ADC1) currently not set
2024-09-11 16:24:41,067 [INFO] ImportTextPane:205 - (OptionalMessage_ERROR) IP (DMA) : Parameter (FIFOThreshold) has invalid value (null)
2024-09-11 16:24:41,067 [INFO] ImportTextPane:205 - (OptionalMessage_ERROR) IP (DMA) : Parameter (MemBurst) has Id (ADC1) currently not set
2024-09-11 16:24:41,067 [INFO] ImportTextPane:205 - (OptionalMessage_ERROR) IP (DMA) : Parameter (MemBurst) has invalid value (null)
2024-09-11 16:24:41,067 [INFO] ImportTextPane:205 - (OptionalMessage_ERROR) IP (DMA) : Parameter (PeriphBurst) has Id (ADC1) currently not set
2024-09-11 16:24:41,067 [INFO] ImportTextPane:205 - (OptionalMessage_ERROR) IP (DMA) : Parameter (PeriphBurst) has invalid value (null)
2024-09-11 16:24:41,831 [INFO] UtilMem:75 - End LoadConfig() Used Memory: 571891840 Bytes (1073741824)
2024-09-11 16:24:41,938 [WARN] ThirdParty:833 - waiting for thirdparty lock release [change project]
2024-09-11 16:24:41,942 [INFO] ThirdParty:835 - entering critical section [change project]
2024-09-11 16:24:41,942 [INFO] ThirdParty:1030 - CMSIS Pack Vendor :STMicroelectronics USBPD 4.1
2024-09-11 16:24:41,942 [INFO] ThirdParty:1030 - CMSIS Pack Vendor :STMicroelectronics X-CUBE-AZRTOS-H7 3.3.0
2024-09-11 16:24:41,942 [INFO] ThirdParty:1030 - CMSIS Pack Vendor :STMicroelectronics X-CUBE-GNSS1 6.0.0
2024-09-11 16:24:41,943 [INFO] ThirdParty:1030 - CMSIS Pack Vendor :STMicroelectronics USB_HOST 2.0.0
2024-09-11 16:24:41,943 [INFO] ThirdParty:1030 - CMSIS Pack Vendor :STMicroelectronics FP-SNS-MOTENVWB1 1.4.0
2024-09-11 16:24:41,943 [INFO] ThirdParty:1030 - CMSIS Pack Vendor :STMicroelectronics X-CUBE-AZRTOS-F4 1.1.0
2024-09-11 16:24:41,943 [INFO] ThirdParty:1030 - CMSIS Pack Vendor :STMicroelectronics LIBJPEG 8.0.0
2024-09-11 16:24:41,943 [INFO] ThirdParty:1030 - CMSIS Pack Vendor :STMicroelectronics X-CUBE-SMBUS 2.1.0
2024-09-11 16:24:41,943 [INFO] ThirdParty:1030 - CMSIS Pack Vendor :STMicroelectronics USB_DEVICE 3.0.0
2024-09-11 16:24:41,943 [INFO] ThirdParty:1030 - CMSIS Pack Vendor :STMicroelectronics X-CUBE-TCPP 4.1.0
2024-09-11 16:24:41,943 [INFO] ThirdParty:1030 - CMSIS Pack Vendor :STMicroelectronics X-CUBE-FREERTOS 1.2.0
2024-09-11 16:24:41,943 [INFO] ThirdParty:1030 - CMSIS Pack Vendor :STMicroelectronics X-CUBE-AZRTOS-WB 2.0.0
2024-09-11 16:24:41,943 [INFO] ThirdParty:1030 - CMSIS Pack Vendor :STMicroelectronics X-CUBE-GNSS1 7.0.0
2024-09-11 16:24:41,943 [INFO] ThirdParty:1030 - CMSIS Pack Vendor :STMicroelectronics X-CUBE-AZRTOS-F7 1.1.0
2024-09-11 16:24:41,943 [INFO] ThirdParty:1030 - CMSIS Pack Vendor :STMicroelectronics X-CUBE-AZRTOS-L5 2.0.0
2024-09-11 16:24:41,943 [INFO] ThirdParty:1030 - CMSIS Pack Vendor :STMicroelectronics USB_DEVICE 2.0.0
2024-09-11 16:24:41,943 [INFO] ThirdParty:1030 - CMSIS Pack Vendor :STMicroelectronics X-CUBE-NFC6 3.1.0
2024-09-11 16:24:41,943 [INFO] ThirdParty:1030 - CMSIS Pack Vendor :STMicroelectronics X-CUBE-MEMS1 11.0.0
2024-09-11 16:24:41,943 [INFO] ThirdParty:1030 - CMSIS Pack Vendor :STMicroelectronics FreeRTOS 0.0.1
2024-09-11 16:24:41,943 [INFO] ThirdParty:1030 - CMSIS Pack Vendor :STMicroelectronics X-CUBE-AZRTOS-G0 1.1.0
2024-09-11 16:24:41,943 [INFO] ThirdParty:1030 - CMSIS Pack Vendor :STMicroelectronics X-CUBE-SAFEA1 1.2.2
2024-09-11 16:24:41,943 [INFO] ThirdParty:1030 - CMSIS Pack Vendor :STMicroelectronics X-CUBE-NFC4 3.0.0
2024-09-11 16:24:41,943 [INFO] ThirdParty:1030 - CMSIS Pack Vendor :STMicroelectronics X-CUBE-SUBG2 5.0.0
2024-09-11 16:24:41,943 [INFO] ThirdParty:1030 - CMSIS Pack Vendor :STMicroelectronics STM32_WPAN 1.0.0
2024-09-11 16:24:41,943 [INFO] ThirdParty:1030 - CMSIS Pack Vendor :EmbeddedOffice I-CUBE-FS-RTOS 1.0.1
2024-09-11 16:24:41,943 [INFO] ThirdParty:1030 - CMSIS Pack Vendor :STMicroelectronics lwIP 2.0.3
2024-09-11 16:24:41,943 [INFO] ThirdParty:1030 - CMSIS Pack Vendor :STMicroelectronics FP-SNS-FLIGHT1 5.0.2
2024-09-11 16:24:41,943 [INFO] ThirdParty:1030 - CMSIS Pack Vendor :Cesanta I-CUBE-Mongoose 7.13.0
2024-09-11 16:24:41,943 [INFO] ThirdParty:1030 - CMSIS Pack Vendor :STMicroelectronics USB_HOST 1.0.0
2024-09-11 16:24:41,943 [INFO] ThirdParty:1030 - CMSIS Pack Vendor :STMicroelectronics X-CUBE-AI 9.0.0
2024-09-11 16:24:41,943 [INFO] ThirdParty:1030 - CMSIS Pack Vendor :STMicroelectronics X-CUBE-AZRTOS-G4 2.0.0
2024-09-11 16:24:41,943 [INFO] ThirdParty:1030 - CMSIS Pack Vendor :STMicroelectronics PDM2PCM 3.1.0
2024-09-11 16:24:41,943 [INFO] ThirdParty:1030 - CMSIS Pack Vendor :STMicroelectronics PDM2PCM 3.3.0
2024-09-11 16:24:41,943 [INFO] ThirdParty:1030 - CMSIS Pack Vendor :STMicroelectronics X-CUBE-DISPLAY 3.0.0
2024-09-11 16:24:41,944 [INFO] ThirdParty:1030 - CMSIS Pack Vendor :RealThread X-CUBE-RT-Thread_Nano 4.1.1
2024-09-11 16:24:41,944 [INFO] ThirdParty:1030 - CMSIS Pack Vendor :STMicroelectronics X-CUBE-BLE1 7.0.0
2024-09-11 16:24:41,944 [INFO] ThirdParty:1030 - CMSIS Pack Vendor :STMicroelectronics FP-ATR-SIGFOX1 3.2.0
2024-09-11 16:24:41,944 [INFO] ThirdParty:1030 - CMSIS Pack Vendor :wolfSSL I-CUBE-wolfSSL 5.7.2
2024-09-11 16:24:41,944 [INFO] ThirdParty:1030 - CMSIS Pack Vendor :STMicroelectronics X-CUBE-ISPU 2.0.0
2024-09-11 16:24:41,945 [INFO] ThirdParty:1030 - CMSIS Pack Vendor :STMicroelectronics X-CUBE-EEPRMA1 5.1.0
2024-09-11 16:24:41,946 [INFO] ThirdParty:1030 - CMSIS Pack Vendor :STMicroelectronics HAL Drivers 0.0.0
2024-09-11 16:24:41,947 [INFO] ThirdParty:1030 - CMSIS Pack Vendor :STMicroelectronics MBEDTLS 2.16.2
2024-09-11 16:24:41,947 [INFO] ThirdParty:1030 - CMSIS Pack Vendor :STMicroelectronics X-CUBE-ALS 1.0.2
2024-09-11 16:24:41,947 [INFO] ThirdParty:1030 - CMSIS Pack Vendor :emotas I-CUBE-CANOPEN 1.3.0
2024-09-11 16:24:41,947 [INFO] ThirdParty:1030 - CMSIS Pack Vendor :STMicroelectronics X-CUBE-NFC7 1.0.1
2024-09-11 16:24:41,947 [INFO] ThirdParty:1030 - CMSIS Pack Vendor :STMicroelectronics MBEDTLS 2.14.1
2024-09-11 16:24:41,947 [INFO] ThirdParty:1030 - CMSIS Pack Vendor :STMicroelectronics X-CUBE-TOUCHGFX 4.24.0
2024-09-11 16:24:41,947 [INFO] ThirdParty:1030 - CMSIS Pack Vendor :ITTIA_DB I-CUBE-ITTIADB 8.9.0
2024-09-11 16:24:41,947 [INFO] ThirdParty:1030 - CMSIS Pack Vendor :wolfSSL I-CUBE-wolfTPM 3.4.0
2024-09-11 16:24:41,947 [INFO] ThirdParty:1030 - CMSIS Pack Vendor :portGmbH I-Cube-SoM-uGOAL 1.1.0
2024-09-11 16:24:41,947 [INFO] ThirdParty:1030 - CMSIS Pack Vendor :STMicroelectronics X-CUBE-BLEMGR 3.1.0
2024-09-11 16:24:41,947 [INFO] ThirdParty:1030 - CMSIS Pack Vendor :STMicroelectronics ThreadX 1.0.0
2024-09-11 16:24:41,947 [INFO] ThirdParty:1030 - CMSIS Pack Vendor :STMicroelectronics FP-SNS-SMARTAG2 1.2.0
2024-09-11 16:24:41,947 [INFO] ThirdParty:1030 - CMSIS Pack Vendor :STMicroelectronics X-CUBE-AZRTOS-WL 2.0.0
2024-09-11 16:24:41,947 [INFO] ThirdParty:1030 - CMSIS Pack Vendor :SEGGER I-CUBE-embOS 1.3.1
2024-09-11 16:24:41,947 [INFO] ThirdParty:1030 - CMSIS Pack Vendor :STMicroelectronics X-CUBE-ALGOBUILD 1.4.0
2024-09-11 16:24:41,947 [INFO] ThirdParty:1030 - CMSIS Pack Vendor :STMicroelectronics FP-SNS-MOTENV1 5.0.0
2024-09-11 16:24:41,956 [INFO] ThirdParty:1030 - CMSIS Pack Vendor :STMicroelectronics USB_DEVICE 1.0.0
2024-09-11 16:24:41,964 [INFO] ThirdParty:1030 - CMSIS Pack Vendor :STMicroelectronics X-CUBE-AZRTOS-H7RS 1.0.0
2024-09-11 16:24:41,967 [INFO] ThirdParty:1030 - CMSIS Pack Vendor :wolfSSL I-CUBE-wolfMQTT 1.19.0
2024-09-11 16:24:41,968 [INFO] ThirdParty:1030 - CMSIS Pack Vendor :STMicroelectronics X-CUBE-AZRTOS-L4 2.0.0
2024-09-11 16:24:41,969 [INFO] ThirdParty:1030 - CMSIS Pack Vendor :STMicroelectronics ThreadX 0.0.2
2024-09-11 16:24:41,969 [INFO] ThirdParty:1030 - CMSIS Pack Vendor :WES I-CUBE-Cesium 1.3.0
2024-09-11 16:24:41,969 [INFO] ThirdParty:1030 - CMSIS Pack Vendor :STMicroelectronics FP-ATR-ASTRA1 2.0.0
2024-09-11 16:24:41,969 [INFO] ThirdParty:1030 - CMSIS Pack Vendor :STMicroelectronics lwIP 2.1.2
2024-09-11 16:24:41,969 [INFO] ThirdParty:1030 - CMSIS Pack Vendor :STMicroelectronics X-CUBE-SFXS2LP1 4.0.0
2024-09-11 16:24:41,969 [INFO] ThirdParty:1030 - CMSIS Pack Vendor :STMicroelectronics X-CUBE-BLE2 3.3.0
2024-09-11 16:24:41,969 [INFO] ThirdParty:1030 - CMSIS Pack Vendor :STMicroelectronics X-CUBE-TOF1 3.4.2
2024-09-11 16:24:41,969 [INFO] ThirdParty:1030 - CMSIS Pack Vendor :Infineon AIROC-Wi-Fi-Bluetooth-STM32 1.6.1
2024-09-11 16:24:41,969 [INFO] ThirdParty:1030 - CMSIS Pack Vendor :STMicroelectronics PDM2PCM 3.2.0
2024-09-11 16:24:41,969 [INFO] ThirdParty:1030 - CMSIS Pack Vendor :wolfSSL I-CUBE-wolfSSH 1.4.17
2024-09-11 16:24:41,973 [INFO] ThirdParty:841 - exiting critical section [change project]
2024-09-11 16:24:43,358 [INFO] PinOutPanel:1561 - setPackage(No Configuration,No Configuration)
2024-09-11 16:24:43,362 [INFO] PinOutPanel:1561 - setPackage(STM32F767ZITx,LQFP144)
2024-09-11 16:24:44,761 [INFO] UtilMem:75 - Before build in PCC Used Memory: 715578776 Bytes (1073741824)
2024-09-11 16:24:45,774 [INFO] UtilMem:75 - After build in PCC Used Memory: 630837144 Bytes (1073741824)
2024-09-11 16:24:45,857 [INFO] IPUIPlugin:80 - create IPUIPlugin
2024-09-11 16:24:45,857 [INFO] IPUIPlugin:80 - create IPUIPlugin
2024-09-11 16:24:45,857 [INFO] IPUIPlugin:80 - create IPUIPlugin
2024-09-11 16:24:45,858 [INFO] IPUIPlugin:80 - create IPUIPlugin
2024-09-11 16:24:45,858 [INFO] IPUIPlugin:80 - create IPUIPlugin
2024-09-11 16:24:45,858 [INFO] IPUIPlugin:80 - create IPUIPlugin
2024-09-11 16:24:45,858 [INFO] IPUIPlugin:80 - create IPUIPlugin
2024-09-11 16:24:45,858 [INFO] IPUIPlugin:80 - create IPUIPlugin
2024-09-11 16:24:45,859 [INFO] IPUIPlugin:80 - create IPUIPlugin
2024-09-11 16:24:45,859 [INFO] IPUIPlugin:80 - create IPUIPlugin
2024-09-11 16:24:45,859 [INFO] IPUIPlugin:80 - create IPUIPlugin
2024-09-11 16:24:45,859 [INFO] IPUIPlugin:80 - create IPUIPlugin
2024-09-11 16:24:45,859 [INFO] IPUIPlugin:80 - create IPUIPlugin
2024-09-11 16:24:45,859 [INFO] IPUIPlugin:80 - create IPUIPlugin
2024-09-11 16:24:45,859 [INFO] IPUIPlugin:80 - create IPUIPlugin
2024-09-11 16:24:45,859 [INFO] IPUIPlugin:80 - create IPUIPlugin
2024-09-11 16:24:45,859 [INFO] IPUIPlugin:80 - create IPUIPlugin
2024-09-11 16:24:45,863 [INFO] IPUIPlugin:80 - create IPUIPlugin
2024-09-11 16:24:45,864 [INFO] IPUIPlugin:80 - create IPUIPlugin
2024-09-11 16:24:45,864 [INFO] IPUIPlugin:80 - create IPUIPlugin
2024-09-11 16:24:45,864 [INFO] IPUIPlugin:80 - create IPUIPlugin
2024-09-11 16:24:45,864 [INFO] IPUIPlugin:80 - create IPUIPlugin
2024-09-11 16:24:45,864 [INFO] IPUIPlugin:80 - create IPUIPlugin
2024-09-11 16:24:45,864 [INFO] IPUIPlugin:80 - create IPUIPlugin
2024-09-11 16:24:45,864 [INFO] IPUIPlugin:80 - create IPUIPlugin
2024-09-11 16:24:45,864 [INFO] IPUIPlugin:80 - create IPUIPlugin
2024-09-11 16:24:45,864 [INFO] IPUIPlugin:80 - create IPUIPlugin
2024-09-11 16:24:45,865 [INFO] IPUIPlugin:80 - create IPUIPlugin
2024-09-11 16:24:45,865 [INFO] IPUIPlugin:80 - create IPUIPlugin
2024-09-11 16:24:45,865 [INFO] IPUIPlugin:80 - create IPUIPlugin
2024-09-11 16:24:45,865 [INFO] IPUIPlugin:80 - create IPUIPlugin
2024-09-11 16:24:45,865 [INFO] IPUIPlugin:80 - create IPUIPlugin
2024-09-11 16:24:45,865 [INFO] IPUIPlugin:80 - create IPUIPlugin
2024-09-11 16:24:45,865 [INFO] IPUIPlugin:80 - create IPUIPlugin
2024-09-11 16:24:45,866 [INFO] IPUIPlugin:80 - create IPUIPlugin
2024-09-11 16:24:45,866 [INFO] IPUIPlugin:80 - create IPUIPlugin
2024-09-11 16:24:45,866 [INFO] IPUIPlugin:80 - create IPUIPlugin
2024-09-11 16:24:45,866 [INFO] IPUIPlugin:80 - create IPUIPlugin
2024-09-11 16:24:45,866 [INFO] IPUIPlugin:80 - create IPUIPlugin
2024-09-11 16:24:45,866 [INFO] IPUIPlugin:80 - create IPUIPlugin
2024-09-11 16:24:45,866 [INFO] IPUIPlugin:80 - create IPUIPlugin
2024-09-11 16:24:45,867 [INFO] IPUIPlugin:80 - create IPUIPlugin
2024-09-11 16:24:45,867 [INFO] IPUIPlugin:80 - create IPUIPlugin
2024-09-11 16:24:45,867 [INFO] IPUIPlugin:80 - create IPUIPlugin
2024-09-11 16:24:45,867 [INFO] IPUIPlugin:80 - create IPUIPlugin
2024-09-11 16:24:45,867 [INFO] IPUIPlugin:80 - create IPUIPlugin
2024-09-11 16:24:45,867 [INFO] IPUIPlugin:80 - create IPUIPlugin
2024-09-11 16:24:45,867 [INFO] IPUIPlugin:80 - create IPUIPlugin
2024-09-11 16:24:45,867 [INFO] IPUIPlugin:80 - create IPUIPlugin
2024-09-11 16:24:45,868 [INFO] IPUIPlugin:80 - create IPUIPlugin
2024-09-11 16:24:45,868 [INFO] IPUIPlugin:80 - create IPUIPlugin
2024-09-11 16:24:45,868 [INFO] IPUIPlugin:80 - create IPUIPlugin
2024-09-11 16:24:45,868 [INFO] IPUIPlugin:80 - create IPUIPlugin
2024-09-11 16:24:45,868 [INFO] IPUIPlugin:80 - create IPUIPlugin
2024-09-11 16:24:45,868 [INFO] IPUIPlugin:80 - create IPUIPlugin
2024-09-11 16:24:45,868 [INFO] IPUIPlugin:80 - create IPUIPlugin
2024-09-11 16:24:45,868 [INFO] IPUIPlugin:80 - create IPUIPlugin
2024-09-11 16:24:45,868 [INFO] IPUIPlugin:80 - create IPUIPlugin
2024-09-11 16:24:45,868 [INFO] IPUIPlugin:80 - create IPUIPlugin
2024-09-11 16:24:45,868 [INFO] IPUIPlugin:80 - create IPUIPlugin
2024-09-11 16:24:45,868 [INFO] IPUIPlugin:80 - create IPUIPlugin
2024-09-11 16:24:45,868 [INFO] IPUIPlugin:80 - create IPUIPlugin
2024-09-11 16:24:45,868 [INFO] IPUIPlugin:80 - create IPUIPlugin
2024-09-11 16:24:45,868 [INFO] IPUIPlugin:80 - create IPUIPlugin
2024-09-11 16:24:45,868 [INFO] IPUIPlugin:80 - create IPUIPlugin
2024-09-11 16:24:45,869 [INFO] IPUIPlugin:80 - create IPUIPlugin
2024-09-11 16:24:45,869 [INFO] IPUIPlugin:80 - create IPUIPlugin
2024-09-11 16:24:45,869 [INFO] IPUIPlugin:80 - create IPUIPlugin
2024-09-11 16:24:45,869 [INFO] IPUIPlugin:80 - create IPUIPlugin
2024-09-11 16:24:45,869 [INFO] IPUIPlugin:80 - create IPUIPlugin
2024-09-11 16:24:45,869 [INFO] IPUIPlugin:80 - create IPUIPlugin
2024-09-11 16:24:45,870 [INFO] IPUIPlugin:80 - create IPUIPlugin
2024-09-11 16:24:45,870 [INFO] IPUIPlugin:80 - create IPUIPlugin
2024-09-11 16:24:45,870 [INFO] IPUIPlugin:80 - create IPUIPlugin
2024-09-11 16:24:45,870 [INFO] IPUIPlugin:80 - create IPUIPlugin
2024-09-11 16:24:45,870 [INFO] IPUIPlugin:80 - create IPUIPlugin
2024-09-11 16:24:45,871 [INFO] IPUIPlugin:80 - create IPUIPlugin
2024-09-11 16:24:45,871 [INFO] IPUIPlugin:80 - create IPUIPlugin
2024-09-11 16:24:45,871 [INFO] IPUIPlugin:80 - create IPUIPlugin
2024-09-11 16:24:45,921 [INFO] ApiDbMcu:508 - Load IP Config File for PDM2PCM
2024-09-11 16:24:46,737 [INFO] CADModel:165 - CPN selected for project levelSTM32F767ZIT6
2024-09-11 16:24:46,740 [INFO] CADModel:114 - Register for checkConnection events
2024-09-11 16:24:46,798 [INFO] OpenFileManager:363 - Restore cursor
2024-09-11 16:24:47,982 [INFO] UtilMem:75 - End SaveConfig() Used Memory: 622115768 Bytes (1073741824)
2024-09-11 16:24:48,122 [INFO] UtilMem:75 - End SaveConfig() Used Memory: 653050808 Bytes (1073741824)
2024-09-11 16:24:48,709 [INFO] BlockDiagram:2766 - set Specific Code input for plugin: SYS
2024-09-11 16:24:48,711 [INFO] BlockDiagram:2766 - set Specific Code input for plugin: ADC
2024-09-11 16:24:48,711 [INFO] BlockDiagram:2766 - set Specific Code input for plugin: RCC
2024-09-11 16:24:48,711 [INFO] BlockDiagram:2766 - set Specific Code input for plugin: NVIC
2024-09-11 16:24:48,711 [INFO] BlockDiagram:2766 - set Specific Code input for plugin: USART
2024-09-11 16:24:48,711 [INFO] BlockDiagram:2766 - set Specific Code input for plugin: DMA
2024-09-11 16:24:48,715 [INFO] BlockDiagram:2766 - set Specific Code input for plugin: GPIO
2024-09-11 16:24:48,716 [INFO] CodeGenerator:807 - code generatio: config db path: /Applications/STM32CubeIDE.app/Contents/Eclipse/plugins/com.st.stm32cube.common.mx_6.12.0.202406281431//db/
2024-09-11 16:24:48,915 [INFO] CodeEngine:255 - oldGeneratedFile, /Users/kitton/STM32CubeIDE/MAD_LAB/Special_Lab02/MXTmpFiles/license.tmp_save
2024-09-11 16:24:49,364 [INFO] CodeEngine:279 - Generated code: /Users/kitton/STM32CubeIDE/MAD_LAB/Special_Lab02/MXTmpFiles/license.tmp
2024-09-11 16:24:49,543 [INFO] CodeEngine:255 - oldGeneratedFile, /Users/kitton/STM32CubeIDE/MAD_LAB/Special_Lab02/Core/Src/gpio.c_save
2024-09-11 16:24:49,739 [INFO] CodeEngine:279 - Generated code: /Users/kitton/STM32CubeIDE/MAD_LAB/Special_Lab02/Core/Src/gpio.c
2024-09-11 16:24:49,742 [INFO] CodeEngine:255 - oldGeneratedFile, /Users/kitton/STM32CubeIDE/MAD_LAB/Special_Lab02/Core/Inc/gpio.h_save
2024-09-11 16:24:49,916 [INFO] CodeEngine:279 - Generated code: /Users/kitton/STM32CubeIDE/MAD_LAB/Special_Lab02/Core/Inc/gpio.h
2024-09-11 16:24:50,486 [INFO] CodeEngine:255 - oldGeneratedFile, /Users/kitton/STM32CubeIDE/MAD_LAB/Special_Lab02/Core/Src/adc.c_save
2024-09-11 16:24:50,673 [INFO] CodeEngine:279 - Generated code: /Users/kitton/STM32CubeIDE/MAD_LAB/Special_Lab02/Core/Src/adc.c
2024-09-11 16:24:50,675 [INFO] CodeEngine:255 - oldGeneratedFile, /Users/kitton/STM32CubeIDE/MAD_LAB/Special_Lab02/Core/Inc/adc.h_save
2024-09-11 16:24:50,724 [INFO] CodeEngine:279 - Generated code: /Users/kitton/STM32CubeIDE/MAD_LAB/Special_Lab02/Core/Inc/adc.h
2024-09-11 16:24:50,727 [INFO] CodeEngine:255 - oldGeneratedFile, /Users/kitton/STM32CubeIDE/MAD_LAB/Special_Lab02/MXTmpFiles/cortex.tmp_save
2024-09-11 16:24:50,770 [INFO] CodeEngine:279 - Generated code: /Users/kitton/STM32CubeIDE/MAD_LAB/Special_Lab02/MXTmpFiles/cortex.tmp
2024-09-11 16:24:50,794 [INFO] CodeEngine:255 - oldGeneratedFile, /Users/kitton/STM32CubeIDE/MAD_LAB/Special_Lab02/Core/Src/dma.c_save
2024-09-11 16:24:50,872 [INFO] CodeEngine:279 - Generated code: /Users/kitton/STM32CubeIDE/MAD_LAB/Special_Lab02/Core/Src/dma.c
2024-09-11 16:24:50,874 [INFO] CodeEngine:255 - oldGeneratedFile, /Users/kitton/STM32CubeIDE/MAD_LAB/Special_Lab02/Core/Inc/dma.h_save
2024-09-11 16:24:50,936 [INFO] CodeEngine:279 - Generated code: /Users/kitton/STM32CubeIDE/MAD_LAB/Special_Lab02/Core/Inc/dma.h
2024-09-11 16:24:50,940 [INFO] CodeEngine:255 - oldGeneratedFile, /Users/kitton/STM32CubeIDE/MAD_LAB/Special_Lab02/Core/Src/usart.c_save
2024-09-11 16:24:51,040 [INFO] CodeEngine:279 - Generated code: /Users/kitton/STM32CubeIDE/MAD_LAB/Special_Lab02/Core/Src/usart.c
2024-09-11 16:24:51,042 [INFO] CodeEngine:255 - oldGeneratedFile, /Users/kitton/STM32CubeIDE/MAD_LAB/Special_Lab02/Core/Inc/usart.h_save
2024-09-11 16:24:51,110 [INFO] CodeEngine:279 - Generated code: /Users/kitton/STM32CubeIDE/MAD_LAB/Special_Lab02/Core/Inc/usart.h
2024-09-11 16:24:51,117 [INFO] CodeEngine:255 - oldGeneratedFile, /Users/kitton/STM32CubeIDE/MAD_LAB/Special_Lab02/Core/Src/stm32f7xx_it.c_save
2024-09-11 16:24:51,199 [INFO] CodeEngine:279 - Generated code: /Users/kitton/STM32CubeIDE/MAD_LAB/Special_Lab02/Core/Src/stm32f7xx_it.c
2024-09-11 16:24:51,202 [INFO] CodeEngine:255 - oldGeneratedFile, /Users/kitton/STM32CubeIDE/MAD_LAB/Special_Lab02/Core/Inc/stm32f7xx_it.h_save
2024-09-11 16:24:51,277 [INFO] CodeEngine:279 - Generated code: /Users/kitton/STM32CubeIDE/MAD_LAB/Special_Lab02/Core/Inc/stm32f7xx_it.h
2024-09-11 16:24:51,288 [INFO] CodeEngine:255 - oldGeneratedFile, /Users/kitton/STM32CubeIDE/MAD_LAB/Special_Lab02/Core/Src/stm32f7xx_hal_msp.c_save
2024-09-11 16:24:51,354 [INFO] CodeEngine:279 - Generated code: /Users/kitton/STM32CubeIDE/MAD_LAB/Special_Lab02/Core/Src/stm32f7xx_hal_msp.c
2024-09-11 16:24:51,358 [INFO] CodeEngine:255 - oldGeneratedFile, /Users/kitton/STM32CubeIDE/MAD_LAB/Special_Lab02/MXTmpFiles/system.tmp_save
2024-09-11 16:24:51,406 [INFO] CodeEngine:279 - Generated code: /Users/kitton/STM32CubeIDE/MAD_LAB/Special_Lab02/MXTmpFiles/system.tmp
2024-09-11 16:24:51,411 [INFO] CodeEngine:311 - oldGeneratedFile, /Users/kitton/STM32CubeIDE/MAD_LAB/Special_Lab02/Core/Inc/stm32f7xx_hal_conf.h_save
2024-09-11 16:24:51,475 [INFO] CodeEngine:335 - Generated code: /Users/kitton/STM32CubeIDE/MAD_LAB/Special_Lab02/Core/Inc/stm32f7xx_hal_conf.h
2024-09-11 16:24:51,533 [INFO] CodeEngine:255 - oldGeneratedFile, /Users/kitton/STM32CubeIDE/MAD_LAB/Special_Lab02/Core/Inc/main.h_save
2024-09-11 16:24:51,609 [INFO] CodeEngine:279 - Generated code: /Users/kitton/STM32CubeIDE/MAD_LAB/Special_Lab02/Core/Inc/main.h
2024-09-11 16:24:51,611 [INFO] CodeEngine:255 - oldGeneratedFile, /Users/kitton/STM32CubeIDE/MAD_LAB/Special_Lab02/Core/Src/main.c_save
2024-09-11 16:24:51,901 [INFO] CodeEngine:279 - Generated code: /Users/kitton/STM32CubeIDE/MAD_LAB/Special_Lab02/Core/Src/main.c
2024-09-11 16:24:52,237 [INFO] ProjectBuilder:3249 - Time for Copy HAL[1] : 111mS.
2024-09-11 16:24:52,251 [INFO] ProjectBuilder:4828 - Project Generator version: 4.4.0-B60
2024-09-11 16:24:52,368 [INFO] ConfigFileManager:1531 - The Die is : DIE451
2024-09-11 16:24:52,377 [INFO] ApiDbMcu:508 - Load IP Config File for FATFS
2024-09-11 16:24:52,385 [INFO] ApiDbMcu:508 - Load IP Config File for FREERTOS
2024-09-11 16:24:52,387 [INFO] ApiDbMcu:508 - Load IP Config File for LIBJPEG
2024-09-11 16:24:52,394 [INFO] ApiDbMcu:508 - Load IP Config File for LWIP
2024-09-11 16:24:52,400 [INFO] ApiDbMcu:508 - Load IP Config File for MBEDTLS
2024-09-11 16:24:52,409 [INFO] ApiDbMcu:508 - Load IP Config File for USB_DEVICE
2024-09-11 16:24:52,421 [INFO] ApiDbMcu:508 - Load IP Config File for USB_HOST
2024-09-11 16:24:52,795 [INFO] LogOutputStream:77 - [STDOUT_REDIRECT] 
2024-09-11 16:24:54,521 [INFO] ProjectBuilder:5097 - Time for Generating toolchain IDE Files: 2259mS.
2024-09-11 16:24:54,529 [INFO] ProjectBuilder:3107 - Time for Copy CMSIS : 3mS.
2024-09-11 16:24:54,530 [INFO] ProjectBuilder:3107 - Time for Copy CMSIS : 0mS.
2024-09-11 16:24:55,638 [INFO] McuFinderGlobals:76 - Set McuFinderConnectedMode to true
2024-09-11 16:24:55,645 [INFO] ApiDb:448 - Save user favorites file /Users/kitton/.stm32cubeide/favorites.mcus.txt: 1 item(s)
2024-09-11 16:24:55,645 [INFO] ApiDb:452 - User favorites MCUs=[STM32F767ZIT6]
2024-09-11 16:25:42,039 [INFO] MainUpdater:2873 - connection check result : 10
2024-09-11 16:25:42,211 [INFO] McuFinderGlobals:76 - Set McuFinderConnectedMode to true
2024-09-11 16:25:42,213 [INFO] MultiScanPanel:200 - Auto-refresh data requested => check proxy status ongoing
2024-09-11 16:25:42,215 [INFO] FinderPluginLoader:95 - Searching for filters in installed packs
2024-09-11 16:25:42,819 [INFO] LoadUrlFilesThread:185 - End of LoadServerUrlFiles without Thread
2024-09-11 16:25:42,819 [INFO] DetailPanel:341 - Set advertising image to /Users/kitton/STM32Cube/Repository//en.prom-stm32h7rs-mcu-finder.jpg
2024-09-11 16:25:46,762 [INFO] McuResultTable:1403 - Unmark MCU STM32F767ZIT6 as favorite
2024-09-11 16:25:58,395 [INFO] MainUpdater:2873 - connection check result : 10
2024-09-11 16:25:58,396 [INFO] MainUpdater:2873 - connection check result : 10
2024-09-11 16:25:58,786 [INFO] MicroXplorer:468 - Change Database Path : 
2024-09-11 16:25:58,787 [INFO] MicroXplorer:498 - Change Database Version : DB.6.0.120
2024-09-11 16:25:58,861 [ERROR] ProjectManagerView:394 - 
java.lang.NullPointerException: Cannot invoke "javax.swing.JTextField.getText()" because the return value of "java.util.List.get(int)" is null
	at com.st.microxplorer.plugins.projectmanager.gui.ProjectChoiceTab$10.caretUpdate(ProjectChoiceTab.java:2622) ~[filemanager.jar:?]
	at javax.swing.text.JTextComponent.fireCaretUpdate(JTextComponent.java:412) ~[?:?]
	at javax.swing.text.JTextComponent$MutableCaretEvent.fire(JTextComponent.java:4491) ~[?:?]
	at javax.swing.text.JTextComponent$MutableCaretEvent.stateChanged(JTextComponent.java:4513) ~[?:?]
	at javax.swing.text.DefaultCaret.fireStateChanged(DefaultCaret.java:842) ~[?:?]
	at javax.swing.text.DefaultCaret.changeCaretPosition(DefaultCaret.java:1313) ~[?:?]
	at javax.swing.text.DefaultCaret.handleSetDot(DefaultCaret.java:1212) ~[?:?]
	at javax.swing.text.DefaultCaret.setDot(DefaultCaret.java:1193) ~[?:?]
	at javax.swing.text.DefaultCaret$Handler.insertUpdate(DefaultCaret.java:1789) ~[?:?]
	at javax.swing.text.AbstractDocument.fireInsertUpdate(AbstractDocument.java:226) ~[?:?]
	at javax.swing.text.AbstractDocument.handleInsertString(AbstractDocument.java:780) ~[?:?]
	at javax.swing.text.AbstractDocument.insertString(AbstractDocument.java:739) ~[?:?]
	at javax.swing.text.PlainDocument.insertString(PlainDocument.java:131) ~[?:?]
	at javax.swing.text.AbstractDocument.replace(AbstractDocument.java:698) ~[?:?]
	at javax.swing.text.JTextComponent.setText(JTextComponent.java:1729) ~[?:?]
	at com.st.microxplorer.plugins.projectmanager.gui.ProjectChoiceTab.createHeapStackFields(ProjectChoiceTab.java:972) ~[filemanager.jar:?]
	at com.st.microxplorer.plugins.projectmanager.gui.ProjectChoiceTab.buildLinkSettingsPanel(ProjectChoiceTab.java:3597) ~[filemanager.jar:?]
	at com.st.microxplorer.plugins.projectmanager.gui.ProjectChoiceTab.defineWindowsFields(ProjectChoiceTab.java:1940) ~[filemanager.jar:?]
	at com.st.microxplorer.plugins.projectmanager.gui.ProjectChoiceTab.updateSettings(ProjectChoiceTab.java:550) ~[filemanager.jar:?]
	at com.st.microxplorer.plugins.projectmanager.gui.ProjectSettingsPanel.UpdateDialog(ProjectSettingsPanel.java:245) ~[filemanager.jar:?]
	at com.st.microxplorer.plugins.projectmanager.ProjectManagerView.propertyChange(ProjectManagerView.java:391) ~[filemanager.jar:?]
	at java.beans.PropertyChangeSupport.fire(PropertyChangeSupport.java:343) ~[?:?]
	at java.beans.PropertyChangeSupport.firePropertyChange(PropertyChangeSupport.java:335) ~[?:?]
	at java.beans.PropertyChangeSupport.firePropertyChange(PropertyChangeSupport.java:268) ~[?:?]
	at com.st.microxplorer.util.MXPropertyChangeSupport.firePropertyChange(MXPropertyChangeSupport.java:54) ~[STM32CubeMX.jar:?]
	at com.st.microxplorer.mxsystem.MxSystem.closeConfig(MxSystem.java:900) ~[STM32CubeMX.jar:?]
	at com.st.microxplorer.maingui.MainPanel.closeConfig(MainPanel.java:781) ~[STM32CubeMX.jar:?]
	at com.st.microxplorer.plugins.filemanager.engine.OpenFileManager.loadConfigurationFile(OpenFileManager.java:265) ~[filemanager.jar:?]
	at com.st.microxplorer.plugins.filemanager.engine.MainFileManager.userLoadConfig(MainFileManager.java:352) ~[filemanager.jar:?]
	at com.st.microxplorer.plugins.filemanager.engine.MainFileManager.userLoadConfig(MainFileManager.java:330) ~[filemanager.jar:?]
	at com.st.microxplorer.plugins.filemanager.FileManagerView.getSpecificTask(FileManagerView.java:246) ~[filemanager.jar:?]
	at com.st.stm32cube.common.mx.editor.CubeMxEditor.getMxTabbedPaneInstance(CubeMxEditor.java:1198) ~[com.st.stm32cube.common.mx_6.12.0.202406281431/:?]
	at com.st.stm32cube.common.mx.editor.CubeMxEditor$12$1.createSwingComponent(CubeMxEditor.java:1068) ~[com.st.stm32cube.common.mx_6.12.0.202406281431/:?]
	at com.st.stm32cube.common.mx.oss.core.awtswtbridge.EmbeddedSwingComposite.doComponentCreation(EmbeddedSwingComposite.java:492) ~[com.st.stm32cube.common.mx.oss_6.12.0.202406281431/:?]
	at com.st.stm32cube.common.mx.oss.core.awtswtbridge.EmbeddedSwingComposite$4.run(EmbeddedSwingComposite.java:291) ~[com.st.stm32cube.common.mx.oss_6.12.0.202406281431/:?]
	at com.st.stm32cube.common.mx.oss.core.awtswtbridge.AwtEnvironment$2.run(AwtEnvironment.java:166) ~[com.st.stm32cube.common.mx.oss_6.12.0.202406281431/:?]
	at java.awt.event.InvocationEvent.dispatch(InvocationEvent.java:318) ~[?:?]
	at java.awt.EventQueue.dispatchEventImpl(EventQueue.java:773) ~[?:?]
	at java.awt.EventQueue$4.run(EventQueue.java:720) ~[?:?]
	at java.awt.EventQueue$4.run(EventQueue.java:714) ~[?:?]
	at java.security.AccessController.doPrivileged(AccessController.java:399) ~[?:?]
	at java.security.ProtectionDomain$JavaSecurityAccessImpl.doIntersectionPrivilege(ProtectionDomain.java:86) ~[?:?]
	at java.awt.EventQueue.dispatchEvent(EventQueue.java:742) ~[?:?]
	at java.awt.EventDispatchThread.pumpOneEventForFilters(EventDispatchThread.java:203) ~[?:?]
	at java.awt.EventDispatchThread.pumpEventsForFilter(EventDispatchThread.java:124) ~[?:?]
	at java.awt.EventDispatchThread.pumpEventsForHierarchy(EventDispatchThread.java:113) ~[?:?]
	at java.awt.EventDispatchThread.pumpEvents(EventDispatchThread.java:109) ~[?:?]
	at java.awt.EventDispatchThread.pumpEvents(EventDispatchThread.java:101) ~[?:?]
	at java.awt.EventDispatchThread.run(EventDispatchThread.java:90) ~[?:?]
2024-09-11 16:25:58,869 [WARN] ThirdParty:871 - waiting for thirdparty lock release [close project]
2024-09-11 16:25:58,869 [INFO] ThirdParty:873 - entering critical section [close project]
2024-09-11 16:25:58,870 [INFO] ThirdParty:883 - exiting critical section [close project]
2024-09-11 16:25:58,873 [INFO] PinOutPanel:1561 - setPackage(No Configuration,No Configuration)
2024-09-11 16:25:58,919 [WARN] IpParametersView:151 - Warning: This peripheral hasn't parameters
2024-09-11 16:25:58,961 [WARN] MainPanel:284 - <html><b><center>Warning: This peripheral has no parameters to be configured<br></b></html>
2024-09-11 16:25:58,972 [INFO] UtilMem:75 - Begin LoadConfig() Used Memory: 651649256 Bytes (1073741824)
2024-09-11 16:25:58,973 [INFO] MicroXplorer:468 - Change Database Path : 
2024-09-11 16:25:58,973 [INFO] MicroXplorer:498 - Change Database Version : DB.6.0.120
2024-09-11 16:25:58,973 [INFO] OpenFileManager:332 - Change cursor
2024-09-11 16:25:59,019 [INFO] RulesReader:64 - Compatibility file has been processed (297 Rules)
2024-09-11 16:25:59,031 [INFO] Mcu:2032 - Initializing MCU STM32F767ZITx STM32F767ZITx STM32F767ZIT6
2024-09-11 16:26:02,107 [INFO] Context:742 - Trying to add GPIOservice into a context  which must be forbidden
2024-09-11 16:26:03,148 [INFO] RtosManager:555 - Registered RTOS mode: class=CMSIS, group=RTOS, mode=CMSIS_V1, owner=FREERTOS
2024-09-11 16:26:03,150 [INFO] RtosManager:555 - Registered RTOS mode: class=CMSIS, group=RTOS2, mode=CMSIS_V2, owner=FREERTOS
2024-09-11 16:26:03,150 [INFO] RtosManager:555 - Registered RTOS mode: class=RTOS, group=Core, mode=CMSIS_V1, owner=FREERTOS
2024-09-11 16:26:03,150 [INFO] RtosManager:555 - Registered RTOS mode: class=RTOS, group=Core, mode=CMSIS_V2, owner=FREERTOS
2024-09-11 16:26:03,151 [WARN] ModelIntegratedComponent:184 - Missing modes for component STMicroelectronics:FreeRTOS:0.0.1:STMicroelectronics:RTOS:FreeRTOS:Core:::10.2.0:
2024-09-11 16:26:03,161 [WARN] ModelIntegratedComponent:63 - No mode defined for component null
2024-09-11 16:26:03,162 [WARN] ModelIntegratedComponent:63 - No mode defined for component null
2024-09-11 16:26:03,162 [WARN] ModelIntegratedComponent:63 - No mode defined for component null
2024-09-11 16:26:03,162 [WARN] ModelIntegratedComponent:63 - No mode defined for component null
2024-09-11 16:26:03,162 [WARN] ModelIntegratedComponent:63 - No mode defined for component null
2024-09-11 16:26:03,162 [WARN] ModelIntegratedComponent:63 - No mode defined for component null
2024-09-11 16:26:03,162 [WARN] ModelIntegratedComponent:63 - No mode defined for component null
2024-09-11 16:26:03,162 [WARN] ModelIntegratedComponent:63 - No mode defined for component null
2024-09-11 16:26:03,162 [WARN] ModelIntegratedComponent:63 - No mode defined for component null
2024-09-11 16:26:03,162 [WARN] ModelIntegratedComponent:63 - No mode defined for component null
2024-09-11 16:26:03,162 [WARN] ModelIntegratedComponent:63 - No mode defined for component null
2024-09-11 16:26:03,162 [WARN] ModelIntegratedComponent:63 - No mode defined for component null
2024-09-11 16:26:03,162 [WARN] ModelIntegratedComponent:63 - No mode defined for component null
2024-09-11 16:26:03,162 [WARN] ModelIntegratedComponent:63 - No mode defined for component null
2024-09-11 16:26:03,162 [WARN] ModelIntegratedComponent:63 - No mode defined for component null
2024-09-11 16:26:03,162 [WARN] ModelIntegratedComponent:63 - No mode defined for component null
2024-09-11 16:26:03,162 [WARN] ModelIntegratedComponent:63 - No mode defined for component null
2024-09-11 16:26:03,162 [WARN] ModelIntegratedComponent:63 - No mode defined for component null
2024-09-11 16:26:03,162 [WARN] ModelIntegratedComponent:63 - No mode defined for component null
2024-09-11 16:26:03,162 [WARN] ModelIntegratedComponent:63 - No mode defined for component null
2024-09-11 16:26:03,162 [WARN] ModelIntegratedComponent:63 - No mode defined for component null
2024-09-11 16:26:03,162 [WARN] ModelIntegratedComponent:63 - No mode defined for component null
2024-09-11 16:26:03,162 [WARN] ModelIntegratedComponent:63 - No mode defined for component null
2024-09-11 16:26:03,162 [WARN] ModelIntegratedComponent:63 - No mode defined for component null
2024-09-11 16:26:03,162 [WARN] ModelIntegratedComponent:63 - No mode defined for component null
2024-09-11 16:26:03,162 [WARN] ModelIntegratedComponent:63 - No mode defined for component null
2024-09-11 16:26:03,162 [WARN] ModelIntegratedComponent:63 - No mode defined for component null
2024-09-11 16:26:03,162 [WARN] ModelIntegratedComponent:63 - No mode defined for component null
2024-09-11 16:26:03,162 [WARN] ModelIntegratedComponent:63 - No mode defined for component null
2024-09-11 16:26:03,162 [WARN] ModelIntegratedComponent:63 - No mode defined for component null
2024-09-11 16:26:03,163 [WARN] ModelIntegratedComponent:63 - No mode defined for component null
2024-09-11 16:26:03,163 [WARN] ModelIntegratedComponent:63 - No mode defined for component null
2024-09-11 16:26:03,163 [WARN] ModelIntegratedComponent:63 - No mode defined for component null
2024-09-11 16:26:03,163 [WARN] ModelIntegratedComponent:63 - No mode defined for component null
2024-09-11 16:26:03,163 [WARN] ModelIntegratedComponent:63 - No mode defined for component null
2024-09-11 16:26:03,163 [WARN] ModelPack:524 - Component already loaded: STMicroelectronics:HAL Drivers:0.0.0:STMicroelectronics:Device:STMicro_Driver:XSPI:HAL::0.0.1:HAL_XSPI
2024-09-11 16:26:03,205 [INFO] ThirdPartyModel:298 - Start build external matchings
2024-09-11 16:26:03,427 [INFO] ThirdPartyModel:316 - End build external matchings
2024-09-11 16:26:03,470 [INFO] ImportTextPane:205 - (OptionalMessage_ERROR) IP (DMA) : Parameter (Instance) has Id (ADC1) currently not set
2024-09-11 16:26:03,470 [INFO] ImportTextPane:205 - (OptionalMessage_ERROR) IP (DMA) : Parameter (Channel) has Id (ADC1) currently not set
2024-09-11 16:26:03,470 [INFO] ImportTextPane:205 - (OptionalMessage_ERROR) IP (DMA) : Parameter (Direction) has Id (ADC1) currently not set
2024-09-11 16:26:03,470 [INFO] ImportTextPane:205 - (OptionalMessage_ERROR) IP (DMA) : Parameter (PeriphInc) has Id (ADC1) currently not set
2024-09-11 16:26:03,470 [INFO] ImportTextPane:205 - (OptionalMessage_ERROR) IP (DMA) : Parameter (MemInc) has Id (ADC1) currently not set
2024-09-11 16:26:03,471 [INFO] ImportTextPane:205 - (OptionalMessage_ERROR) IP (DMA) : Parameter (PeriphDataAlignment) has Id (ADC1) currently not set
2024-09-11 16:26:03,471 [INFO] ImportTextPane:205 - (OptionalMessage_ERROR) IP (DMA) : Parameter (MemDataAlignment) has Id (ADC1) currently not set
2024-09-11 16:26:03,471 [INFO] ImportTextPane:205 - (OptionalMessage_ERROR) IP (DMA) : Parameter (Mode) has Id (ADC1) currently not set
2024-09-11 16:26:03,471 [INFO] ImportTextPane:205 - (OptionalMessage_ERROR) IP (DMA) : Parameter (Priority) has Id (ADC1) currently not set
2024-09-11 16:26:03,471 [INFO] ImportTextPane:205 - (OptionalMessage_ERROR) IP (DMA) : Parameter (FIFOMode) has Id (ADC1) currently not set
2024-09-11 16:26:03,471 [INFO] ImportTextPane:205 - (OptionalMessage_ERROR) IP (DMA) : Parameter (FIFOThreshold) has Id (ADC1) currently not set
2024-09-11 16:26:03,471 [INFO] ImportTextPane:205 - (OptionalMessage_ERROR) IP (DMA) : Parameter (FIFOThreshold) has invalid value (null)
2024-09-11 16:26:03,471 [INFO] ImportTextPane:205 - (OptionalMessage_ERROR) IP (DMA) : Parameter (MemBurst) has Id (ADC1) currently not set
2024-09-11 16:26:03,471 [INFO] ImportTextPane:205 - (OptionalMessage_ERROR) IP (DMA) : Parameter (MemBurst) has invalid value (null)
2024-09-11 16:26:03,471 [INFO] ImportTextPane:205 - (OptionalMessage_ERROR) IP (DMA) : Parameter (PeriphBurst) has Id (ADC1) currently not set
2024-09-11 16:26:03,471 [INFO] ImportTextPane:205 - (OptionalMessage_ERROR) IP (DMA) : Parameter (PeriphBurst) has invalid value (null)
2024-09-11 16:26:03,825 [INFO] UtilMem:75 - End LoadConfig() Used Memory: 736967336 Bytes (1073741824)
2024-09-11 16:26:03,891 [WARN] ThirdParty:833 - waiting for thirdparty lock release [change project]
2024-09-11 16:26:03,894 [INFO] ThirdParty:835 - entering critical section [change project]
2024-09-11 16:26:03,895 [INFO] ThirdParty:1030 - CMSIS Pack Vendor :STMicroelectronics USBPD 4.1
2024-09-11 16:26:03,895 [INFO] ThirdParty:1030 - CMSIS Pack Vendor :STMicroelectronics X-CUBE-AZRTOS-H7 3.3.0
2024-09-11 16:26:03,895 [INFO] ThirdParty:1030 - CMSIS Pack Vendor :STMicroelectronics X-CUBE-GNSS1 6.0.0
2024-09-11 16:26:03,895 [INFO] ThirdParty:1030 - CMSIS Pack Vendor :STMicroelectronics USB_HOST 2.0.0
2024-09-11 16:26:03,895 [INFO] ThirdParty:1030 - CMSIS Pack Vendor :STMicroelectronics FP-SNS-MOTENVWB1 1.4.0
2024-09-11 16:26:03,895 [INFO] ThirdParty:1030 - CMSIS Pack Vendor :STMicroelectronics X-CUBE-AZRTOS-F4 1.1.0
2024-09-11 16:26:03,895 [INFO] ThirdParty:1030 - CMSIS Pack Vendor :STMicroelectronics LIBJPEG 8.0.0
2024-09-11 16:26:03,895 [INFO] ThirdParty:1030 - CMSIS Pack Vendor :STMicroelectronics X-CUBE-SMBUS 2.1.0
2024-09-11 16:26:03,895 [INFO] ThirdParty:1030 - CMSIS Pack Vendor :STMicroelectronics USB_DEVICE 3.0.0
2024-09-11 16:26:03,895 [INFO] ThirdParty:1030 - CMSIS Pack Vendor :STMicroelectronics X-CUBE-TCPP 4.1.0
2024-09-11 16:26:03,895 [INFO] ThirdParty:1030 - CMSIS Pack Vendor :STMicroelectronics X-CUBE-FREERTOS 1.2.0
2024-09-11 16:26:03,895 [INFO] ThirdParty:1030 - CMSIS Pack Vendor :STMicroelectronics X-CUBE-AZRTOS-WB 2.0.0
2024-09-11 16:26:03,895 [INFO] ThirdParty:1030 - CMSIS Pack Vendor :STMicroelectronics X-CUBE-GNSS1 7.0.0
2024-09-11 16:26:03,895 [INFO] ThirdParty:1030 - CMSIS Pack Vendor :STMicroelectronics X-CUBE-AZRTOS-F7 1.1.0
2024-09-11 16:26:03,895 [INFO] ThirdParty:1030 - CMSIS Pack Vendor :STMicroelectronics X-CUBE-AZRTOS-L5 2.0.0
2024-09-11 16:26:03,895 [INFO] ThirdParty:1030 - CMSIS Pack Vendor :STMicroelectronics USB_DEVICE 2.0.0
2024-09-11 16:26:03,895 [INFO] ThirdParty:1030 - CMSIS Pack Vendor :STMicroelectronics X-CUBE-NFC6 3.1.0
2024-09-11 16:26:03,895 [INFO] ThirdParty:1030 - CMSIS Pack Vendor :STMicroelectronics X-CUBE-MEMS1 11.0.0
2024-09-11 16:26:03,895 [INFO] ThirdParty:1030 - CMSIS Pack Vendor :STMicroelectronics FreeRTOS 0.0.1
2024-09-11 16:26:03,895 [INFO] ThirdParty:1030 - CMSIS Pack Vendor :STMicroelectronics X-CUBE-AZRTOS-G0 1.1.0
2024-09-11 16:26:03,895 [INFO] ThirdParty:1030 - CMSIS Pack Vendor :STMicroelectronics X-CUBE-SAFEA1 1.2.2
2024-09-11 16:26:03,896 [INFO] ThirdParty:1030 - CMSIS Pack Vendor :STMicroelectronics X-CUBE-NFC4 3.0.0
2024-09-11 16:26:03,896 [INFO] ThirdParty:1030 - CMSIS Pack Vendor :STMicroelectronics X-CUBE-SUBG2 5.0.0
2024-09-11 16:26:03,896 [INFO] ThirdParty:1030 - CMSIS Pack Vendor :STMicroelectronics STM32_WPAN 1.0.0
2024-09-11 16:26:03,896 [INFO] ThirdParty:1030 - CMSIS Pack Vendor :EmbeddedOffice I-CUBE-FS-RTOS 1.0.1
2024-09-11 16:26:03,897 [INFO] ThirdParty:1030 - CMSIS Pack Vendor :STMicroelectronics lwIP 2.0.3
2024-09-11 16:26:03,897 [INFO] ThirdParty:1030 - CMSIS Pack Vendor :STMicroelectronics FP-SNS-FLIGHT1 5.0.2
2024-09-11 16:26:03,897 [INFO] ThirdParty:1030 - CMSIS Pack Vendor :Cesanta I-CUBE-Mongoose 7.13.0
2024-09-11 16:26:03,897 [INFO] ThirdParty:1030 - CMSIS Pack Vendor :STMicroelectronics USB_HOST 1.0.0
2024-09-11 16:26:03,897 [INFO] ThirdParty:1030 - CMSIS Pack Vendor :STMicroelectronics X-CUBE-AI 9.0.0
2024-09-11 16:26:03,897 [INFO] ThirdParty:1030 - CMSIS Pack Vendor :STMicroelectronics X-CUBE-AZRTOS-G4 2.0.0
2024-09-11 16:26:03,897 [INFO] ThirdParty:1030 - CMSIS Pack Vendor :STMicroelectronics PDM2PCM 3.1.0
2024-09-11 16:26:03,897 [INFO] ThirdParty:1030 - CMSIS Pack Vendor :STMicroelectronics PDM2PCM 3.3.0
2024-09-11 16:26:03,897 [INFO] ThirdParty:1030 - CMSIS Pack Vendor :STMicroelectronics X-CUBE-DISPLAY 3.0.0
2024-09-11 16:26:03,897 [INFO] ThirdParty:1030 - CMSIS Pack Vendor :RealThread X-CUBE-RT-Thread_Nano 4.1.1
2024-09-11 16:26:03,897 [INFO] ThirdParty:1030 - CMSIS Pack Vendor :STMicroelectronics X-CUBE-BLE1 7.0.0
2024-09-11 16:26:03,897 [INFO] ThirdParty:1030 - CMSIS Pack Vendor :STMicroelectronics FP-ATR-SIGFOX1 3.2.0
2024-09-11 16:26:03,897 [INFO] ThirdParty:1030 - CMSIS Pack Vendor :wolfSSL I-CUBE-wolfSSL 5.7.2
2024-09-11 16:26:03,897 [INFO] ThirdParty:1030 - CMSIS Pack Vendor :STMicroelectronics X-CUBE-ISPU 2.0.0
2024-09-11 16:26:03,897 [INFO] ThirdParty:1030 - CMSIS Pack Vendor :STMicroelectronics X-CUBE-EEPRMA1 5.1.0
2024-09-11 16:26:03,898 [INFO] ThirdParty:1030 - CMSIS Pack Vendor :STMicroelectronics HAL Drivers 0.0.0
2024-09-11 16:26:03,899 [INFO] ThirdParty:1030 - CMSIS Pack Vendor :STMicroelectronics MBEDTLS 2.16.2
2024-09-11 16:26:03,899 [INFO] ThirdParty:1030 - CMSIS Pack Vendor :STMicroelectronics X-CUBE-ALS 1.0.2
2024-09-11 16:26:03,899 [INFO] ThirdParty:1030 - CMSIS Pack Vendor :emotas I-CUBE-CANOPEN 1.3.0
2024-09-11 16:26:03,899 [INFO] ThirdParty:1030 - CMSIS Pack Vendor :STMicroelectronics X-CUBE-NFC7 1.0.1
2024-09-11 16:26:03,899 [INFO] ThirdParty:1030 - CMSIS Pack Vendor :STMicroelectronics MBEDTLS 2.14.1
2024-09-11 16:26:03,899 [INFO] ThirdParty:1030 - CMSIS Pack Vendor :STMicroelectronics X-CUBE-TOUCHGFX 4.24.0
2024-09-11 16:26:03,899 [INFO] ThirdParty:1030 - CMSIS Pack Vendor :ITTIA_DB I-CUBE-ITTIADB 8.9.0
2024-09-11 16:26:03,899 [INFO] ThirdParty:1030 - CMSIS Pack Vendor :wolfSSL I-CUBE-wolfTPM 3.4.0
2024-09-11 16:26:03,899 [INFO] ThirdParty:1030 - CMSIS Pack Vendor :portGmbH I-Cube-SoM-uGOAL 1.1.0
2024-09-11 16:26:03,899 [INFO] ThirdParty:1030 - CMSIS Pack Vendor :STMicroelectronics X-CUBE-BLEMGR 3.1.0
2024-09-11 16:26:03,899 [INFO] ThirdParty:1030 - CMSIS Pack Vendor :STMicroelectronics ThreadX 1.0.0
2024-09-11 16:26:03,899 [INFO] ThirdParty:1030 - CMSIS Pack Vendor :STMicroelectronics FP-SNS-SMARTAG2 1.2.0
2024-09-11 16:26:03,899 [INFO] ThirdParty:1030 - CMSIS Pack Vendor :STMicroelectronics X-CUBE-AZRTOS-WL 2.0.0
2024-09-11 16:26:03,899 [INFO] ThirdParty:1030 - CMSIS Pack Vendor :SEGGER I-CUBE-embOS 1.3.1
2024-09-11 16:26:03,899 [INFO] ThirdParty:1030 - CMSIS Pack Vendor :STMicroelectronics X-CUBE-ALGOBUILD 1.4.0
2024-09-11 16:26:03,899 [INFO] ThirdParty:1030 - CMSIS Pack Vendor :STMicroelectronics FP-SNS-MOTENV1 5.0.0
2024-09-11 16:26:03,899 [INFO] ThirdParty:1030 - CMSIS Pack Vendor :STMicroelectronics USB_DEVICE 1.0.0
2024-09-11 16:26:03,899 [INFO] ThirdParty:1030 - CMSIS Pack Vendor :STMicroelectronics X-CUBE-AZRTOS-H7RS 1.0.0
2024-09-11 16:26:03,899 [INFO] ThirdParty:1030 - CMSIS Pack Vendor :wolfSSL I-CUBE-wolfMQTT 1.19.0
2024-09-11 16:26:03,899 [INFO] ThirdParty:1030 - CMSIS Pack Vendor :STMicroelectronics X-CUBE-AZRTOS-L4 2.0.0
2024-09-11 16:26:03,899 [INFO] ThirdParty:1030 - CMSIS Pack Vendor :STMicroelectronics ThreadX 0.0.2
2024-09-11 16:26:03,899 [INFO] ThirdParty:1030 - CMSIS Pack Vendor :WES I-CUBE-Cesium 1.3.0
2024-09-11 16:26:03,899 [INFO] ThirdParty:1030 - CMSIS Pack Vendor :STMicroelectronics FP-ATR-ASTRA1 2.0.0
2024-09-11 16:26:03,899 [INFO] ThirdParty:1030 - CMSIS Pack Vendor :STMicroelectronics lwIP 2.1.2
2024-09-11 16:26:03,899 [INFO] ThirdParty:1030 - CMSIS Pack Vendor :STMicroelectronics X-CUBE-SFXS2LP1 4.0.0
2024-09-11 16:26:03,899 [INFO] ThirdParty:1030 - CMSIS Pack Vendor :STMicroelectronics X-CUBE-BLE2 3.3.0
2024-09-11 16:26:03,899 [INFO] ThirdParty:1030 - CMSIS Pack Vendor :STMicroelectronics X-CUBE-TOF1 3.4.2
2024-09-11 16:26:03,899 [INFO] ThirdParty:1030 - CMSIS Pack Vendor :Infineon AIROC-Wi-Fi-Bluetooth-STM32 1.6.1
2024-09-11 16:26:03,899 [INFO] ThirdParty:1030 - CMSIS Pack Vendor :STMicroelectronics PDM2PCM 3.2.0
2024-09-11 16:26:03,899 [INFO] ThirdParty:1030 - CMSIS Pack Vendor :wolfSSL I-CUBE-wolfSSH 1.4.17
2024-09-11 16:26:03,901 [INFO] ThirdParty:841 - exiting critical section [change project]
2024-09-11 16:26:04,291 [INFO] PinOutPanel:1561 - setPackage(No Configuration,No Configuration)
2024-09-11 16:26:04,294 [INFO] PinOutPanel:1561 - setPackage(STM32F767ZITx,LQFP144)
2024-09-11 16:26:04,852 [INFO] UtilMem:75 - Before build in PCC Used Memory: 828021744 Bytes (1073741824)
2024-09-11 16:26:05,128 [INFO] UtilMem:75 - After build in PCC Used Memory: 877827056 Bytes (1073741824)
2024-09-11 16:26:05,168 [INFO] IPUIPlugin:80 - create IPUIPlugin
2024-09-11 16:26:05,168 [INFO] IPUIPlugin:80 - create IPUIPlugin
2024-09-11 16:26:05,168 [INFO] IPUIPlugin:80 - create IPUIPlugin
2024-09-11 16:26:05,168 [INFO] IPUIPlugin:80 - create IPUIPlugin
2024-09-11 16:26:05,168 [INFO] IPUIPlugin:80 - create IPUIPlugin
2024-09-11 16:26:05,168 [INFO] IPUIPlugin:80 - create IPUIPlugin
2024-09-11 16:26:05,168 [INFO] IPUIPlugin:80 - create IPUIPlugin
2024-09-11 16:26:05,168 [INFO] IPUIPlugin:80 - create IPUIPlugin
2024-09-11 16:26:05,168 [INFO] IPUIPlugin:80 - create IPUIPlugin
2024-09-11 16:26:05,169 [INFO] IPUIPlugin:80 - create IPUIPlugin
2024-09-11 16:26:05,169 [INFO] IPUIPlugin:80 - create IPUIPlugin
2024-09-11 16:26:05,169 [INFO] IPUIPlugin:80 - create IPUIPlugin
2024-09-11 16:26:05,169 [INFO] IPUIPlugin:80 - create IPUIPlugin
2024-09-11 16:26:05,169 [INFO] IPUIPlugin:80 - create IPUIPlugin
2024-09-11 16:26:05,169 [INFO] IPUIPlugin:80 - create IPUIPlugin
2024-09-11 16:26:05,169 [INFO] IPUIPlugin:80 - create IPUIPlugin
2024-09-11 16:26:05,169 [INFO] IPUIPlugin:80 - create IPUIPlugin
2024-09-11 16:26:05,169 [INFO] IPUIPlugin:80 - create IPUIPlugin
2024-09-11 16:26:05,169 [INFO] IPUIPlugin:80 - create IPUIPlugin
2024-09-11 16:26:05,169 [INFO] IPUIPlugin:80 - create IPUIPlugin
2024-09-11 16:26:05,170 [INFO] IPUIPlugin:80 - create IPUIPlugin
2024-09-11 16:26:05,170 [INFO] IPUIPlugin:80 - create IPUIPlugin
2024-09-11 16:26:05,170 [INFO] IPUIPlugin:80 - create IPUIPlugin
2024-09-11 16:26:05,170 [INFO] IPUIPlugin:80 - create IPUIPlugin
2024-09-11 16:26:05,170 [INFO] IPUIPlugin:80 - create IPUIPlugin
2024-09-11 16:26:05,170 [INFO] IPUIPlugin:80 - create IPUIPlugin
2024-09-11 16:26:05,170 [INFO] IPUIPlugin:80 - create IPUIPlugin
2024-09-11 16:26:05,170 [INFO] IPUIPlugin:80 - create IPUIPlugin
2024-09-11 16:26:05,170 [INFO] IPUIPlugin:80 - create IPUIPlugin
2024-09-11 16:26:05,171 [INFO] IPUIPlugin:80 - create IPUIPlugin
2024-09-11 16:26:05,171 [INFO] IPUIPlugin:80 - create IPUIPlugin
2024-09-11 16:26:05,171 [INFO] IPUIPlugin:80 - create IPUIPlugin
2024-09-11 16:26:05,171 [INFO] IPUIPlugin:80 - create IPUIPlugin
2024-09-11 16:26:05,171 [INFO] IPUIPlugin:80 - create IPUIPlugin
2024-09-11 16:26:05,172 [INFO] IPUIPlugin:80 - create IPUIPlugin
2024-09-11 16:26:05,172 [INFO] IPUIPlugin:80 - create IPUIPlugin
2024-09-11 16:26:05,172 [INFO] IPUIPlugin:80 - create IPUIPlugin
2024-09-11 16:26:05,173 [INFO] IPUIPlugin:80 - create IPUIPlugin
2024-09-11 16:26:05,173 [INFO] IPUIPlugin:80 - create IPUIPlugin
2024-09-11 16:26:05,173 [INFO] IPUIPlugin:80 - create IPUIPlugin
2024-09-11 16:26:05,173 [INFO] IPUIPlugin:80 - create IPUIPlugin
2024-09-11 16:26:05,173 [INFO] IPUIPlugin:80 - create IPUIPlugin
2024-09-11 16:26:05,173 [INFO] IPUIPlugin:80 - create IPUIPlugin
2024-09-11 16:26:05,173 [INFO] IPUIPlugin:80 - create IPUIPlugin
2024-09-11 16:26:05,174 [INFO] IPUIPlugin:80 - create IPUIPlugin
2024-09-11 16:26:05,174 [INFO] IPUIPlugin:80 - create IPUIPlugin
2024-09-11 16:26:05,174 [INFO] IPUIPlugin:80 - create IPUIPlugin
2024-09-11 16:26:05,174 [INFO] IPUIPlugin:80 - create IPUIPlugin
2024-09-11 16:26:05,174 [INFO] IPUIPlugin:80 - create IPUIPlugin
2024-09-11 16:26:05,174 [INFO] IPUIPlugin:80 - create IPUIPlugin
2024-09-11 16:26:05,174 [INFO] IPUIPlugin:80 - create IPUIPlugin
2024-09-11 16:26:05,174 [INFO] IPUIPlugin:80 - create IPUIPlugin
2024-09-11 16:26:05,175 [INFO] IPUIPlugin:80 - create IPUIPlugin
2024-09-11 16:26:05,175 [INFO] IPUIPlugin:80 - create IPUIPlugin
2024-09-11 16:26:05,175 [INFO] IPUIPlugin:80 - create IPUIPlugin
2024-09-11 16:26:05,175 [INFO] IPUIPlugin:80 - create IPUIPlugin
2024-09-11 16:26:05,175 [INFO] IPUIPlugin:80 - create IPUIPlugin
2024-09-11 16:26:05,175 [INFO] IPUIPlugin:80 - create IPUIPlugin
2024-09-11 16:26:05,175 [INFO] IPUIPlugin:80 - create IPUIPlugin
2024-09-11 16:26:05,175 [INFO] IPUIPlugin:80 - create IPUIPlugin
2024-09-11 16:26:05,175 [INFO] IPUIPlugin:80 - create IPUIPlugin
2024-09-11 16:26:05,175 [INFO] IPUIPlugin:80 - create IPUIPlugin
2024-09-11 16:26:05,175 [INFO] IPUIPlugin:80 - create IPUIPlugin
2024-09-11 16:26:05,175 [INFO] IPUIPlugin:80 - create IPUIPlugin
2024-09-11 16:26:05,176 [INFO] IPUIPlugin:80 - create IPUIPlugin
2024-09-11 16:26:05,177 [INFO] IPUIPlugin:80 - create IPUIPlugin
2024-09-11 16:26:05,178 [INFO] IPUIPlugin:80 - create IPUIPlugin
2024-09-11 16:26:05,179 [INFO] IPUIPlugin:80 - create IPUIPlugin
2024-09-11 16:26:05,179 [INFO] IPUIPlugin:80 - create IPUIPlugin
2024-09-11 16:26:05,179 [INFO] IPUIPlugin:80 - create IPUIPlugin
2024-09-11 16:26:05,179 [INFO] IPUIPlugin:80 - create IPUIPlugin
2024-09-11 16:26:05,180 [INFO] IPUIPlugin:80 - create IPUIPlugin
2024-09-11 16:26:05,180 [INFO] IPUIPlugin:80 - create IPUIPlugin
2024-09-11 16:26:05,180 [INFO] IPUIPlugin:80 - create IPUIPlugin
2024-09-11 16:26:05,180 [INFO] IPUIPlugin:80 - create IPUIPlugin
2024-09-11 16:26:05,180 [INFO] IPUIPlugin:80 - create IPUIPlugin
2024-09-11 16:26:05,181 [INFO] IPUIPlugin:80 - create IPUIPlugin
2024-09-11 16:26:05,181 [INFO] IPUIPlugin:80 - create IPUIPlugin
2024-09-11 16:26:05,181 [INFO] IPUIPlugin:80 - create IPUIPlugin
2024-09-11 16:26:05,191 [INFO] ApiDbMcu:508 - Load IP Config File for PDM2PCM
2024-09-11 16:26:05,290 [INFO] CADModel:165 - CPN selected for project levelSTM32F767ZIT6
2024-09-11 16:26:05,290 [INFO] CADModel:114 - Register for checkConnection events
2024-09-11 16:26:05,334 [INFO] OpenFileManager:363 - Restore cursor
2024-09-11 16:26:06,002 [INFO] UtilMem:75 - End SaveConfig() Used Memory: 900764320 Bytes (1073741824)
2024-09-11 16:26:06,068 [INFO] UtilMem:75 - End SaveConfig() Used Memory: 931699360 Bytes (1073741824)
2024-09-11 16:26:06,209 [INFO] BlockDiagram:2766 - set Specific Code input for plugin: SYS
2024-09-11 16:26:06,210 [INFO] BlockDiagram:2766 - set Specific Code input for plugin: ADC
2024-09-11 16:26:06,210 [INFO] BlockDiagram:2766 - set Specific Code input for plugin: RCC
2024-09-11 16:26:06,210 [INFO] BlockDiagram:2766 - set Specific Code input for plugin: NVIC
2024-09-11 16:26:06,210 [INFO] BlockDiagram:2766 - set Specific Code input for plugin: USART
2024-09-11 16:26:06,210 [INFO] BlockDiagram:2766 - set Specific Code input for plugin: DMA
2024-09-11 16:26:06,210 [INFO] BlockDiagram:2766 - set Specific Code input for plugin: GPIO
2024-09-11 16:26:06,211 [INFO] CodeGenerator:807 - code generatio: config db path: /Applications/STM32CubeIDE.app/Contents/Eclipse/plugins/com.st.stm32cube.common.mx_6.12.0.202406281431//db/
2024-09-11 16:26:06,230 [INFO] Argument:325 - Argument : hdmavalue: null
2024-09-11 16:26:06,230 [INFO] Argument:327 - 	 sub Args: 
2024-09-11 16:26:06,230 [INFO] Argument:325 - Argument : Instancevalue: DMA2_Stream0
2024-09-11 16:26:06,230 [INFO] Argument:335 - Argument : Instancevalue: DMA2_Stream0
2024-09-11 16:26:06,230 [INFO] Argument:325 - Argument : Initvalue: null
2024-09-11 16:26:06,230 [INFO] Argument:327 - 	 sub Args: 
2024-09-11 16:26:06,230 [INFO] Argument:325 - Argument : Channelvalue: DMA_CHANNEL_0
2024-09-11 16:26:06,230 [INFO] Argument:335 - Argument : Channelvalue: DMA_CHANNEL_0
2024-09-11 16:26:06,230 [INFO] Argument:325 - Argument : Directionvalue: DMA_PERIPH_TO_MEMORY
2024-09-11 16:26:06,230 [INFO] Argument:335 - Argument : Directionvalue: DMA_PERIPH_TO_MEMORY
2024-09-11 16:26:06,230 [INFO] Argument:325 - Argument : PeriphIncvalue: DMA_PINC_DISABLE
2024-09-11 16:26:06,230 [INFO] Argument:335 - Argument : PeriphIncvalue: DMA_PINC_DISABLE
2024-09-11 16:26:06,230 [INFO] Argument:325 - Argument : MemIncvalue: DMA_MINC_ENABLE
2024-09-11 16:26:06,230 [INFO] Argument:335 - Argument : MemIncvalue: DMA_MINC_ENABLE
2024-09-11 16:26:06,230 [INFO] Argument:325 - Argument : PeriphDataAlignmentvalue: DMA_PDATAALIGN_WORD
2024-09-11 16:26:06,230 [INFO] Argument:335 - Argument : PeriphDataAlignmentvalue: DMA_PDATAALIGN_WORD
2024-09-11 16:26:06,230 [INFO] Argument:325 - Argument : MemDataAlignmentvalue: DMA_MDATAALIGN_WORD
2024-09-11 16:26:06,230 [INFO] Argument:335 - Argument : MemDataAlignmentvalue: DMA_MDATAALIGN_WORD
2024-09-11 16:26:06,230 [INFO] Argument:325 - Argument : Modevalue: DMA_CIRCULAR
2024-09-11 16:26:06,230 [INFO] Argument:335 - Argument : Modevalue: DMA_CIRCULAR
2024-09-11 16:26:06,230 [INFO] Argument:325 - Argument : Priorityvalue: DMA_PRIORITY_LOW
2024-09-11 16:26:06,230 [INFO] Argument:335 - Argument : Priorityvalue: DMA_PRIORITY_LOW
2024-09-11 16:26:06,230 [INFO] Argument:325 - Argument : FIFOModevalue: DMA_FIFOMODE_ENABLE
2024-09-11 16:26:06,230 [INFO] Argument:335 - Argument : FIFOModevalue: DMA_FIFOMODE_ENABLE
2024-09-11 16:26:06,230 [INFO] Argument:325 - Argument : FIFOThresholdvalue: DMA_FIFO_THRESHOLD_FULL
2024-09-11 16:26:06,230 [INFO] Argument:335 - Argument : FIFOThresholdvalue: DMA_FIFO_THRESHOLD_FULL
2024-09-11 16:26:06,230 [INFO] Argument:325 - Argument : MemBurstvalue: DMA_MBURST_SINGLE
2024-09-11 16:26:06,230 [INFO] Argument:335 - Argument : MemBurstvalue: DMA_MBURST_SINGLE
2024-09-11 16:26:06,230 [INFO] Argument:325 - Argument : PeriphBurstvalue: DMA_PBURST_SINGLE
2024-09-11 16:26:06,230 [INFO] Argument:335 - Argument : PeriphBurstvalue: DMA_PBURST_SINGLE
2024-09-11 16:26:06,230 [INFO] Argument:325 - Argument : Lockvalue: null
2024-09-11 16:26:06,230 [INFO] Argument:335 - Argument : Lockvalue: null
2024-09-11 16:26:06,230 [INFO] Argument:325 - Argument : Statevalue: null
2024-09-11 16:26:06,230 [INFO] Argument:335 - Argument : Statevalue: null
2024-09-11 16:26:06,230 [INFO] Argument:325 - Argument : Parentvalue: null
2024-09-11 16:26:06,230 [INFO] Argument:335 - Argument : Parentvalue: null
2024-09-11 16:26:06,230 [INFO] Argument:325 - Argument : XferCpltCallbackvalue: null
2024-09-11 16:26:06,230 [INFO] Argument:335 - Argument : XferCpltCallbackvalue: null
2024-09-11 16:26:06,230 [INFO] Argument:325 - Argument : XferHalfCpltCallbackvalue: null
2024-09-11 16:26:06,230 [INFO] Argument:335 - Argument : XferHalfCpltCallbackvalue: null
2024-09-11 16:26:06,231 [INFO] Argument:325 - Argument : XferM1CpltCallbackvalue: null
2024-09-11 16:26:06,231 [INFO] Argument:335 - Argument : XferM1CpltCallbackvalue: null
2024-09-11 16:26:06,231 [INFO] Argument:325 - Argument : XferErrorCallbackvalue: null
2024-09-11 16:26:06,231 [INFO] Argument:335 - Argument : XferErrorCallbackvalue: null
2024-09-11 16:26:06,231 [INFO] Argument:325 - Argument : ErrorCodevalue: null
2024-09-11 16:26:06,231 [INFO] Argument:335 - Argument : ErrorCodevalue: null
2024-09-11 16:26:06,302 [INFO] CodeEngine:255 - oldGeneratedFile, /Users/kitton/STM32CubeIDE/MAD_LAB/Special_Lab02/MXTmpFiles/license.tmp_save
2024-09-11 16:26:06,480 [INFO] CodeEngine:279 - Generated code: /Users/kitton/STM32CubeIDE/MAD_LAB/Special_Lab02/MXTmpFiles/license.tmp
2024-09-11 16:26:06,627 [INFO] CodeEngine:255 - oldGeneratedFile, /Users/kitton/STM32CubeIDE/MAD_LAB/Special_Lab02/Core/Src/gpio.c_save
2024-09-11 16:26:06,722 [INFO] CodeEngine:279 - Generated code: /Users/kitton/STM32CubeIDE/MAD_LAB/Special_Lab02/Core/Src/gpio.c
2024-09-11 16:26:06,726 [INFO] CodeEngine:255 - oldGeneratedFile, /Users/kitton/STM32CubeIDE/MAD_LAB/Special_Lab02/Core/Inc/gpio.h_save
2024-09-11 16:26:06,780 [INFO] CodeEngine:279 - Generated code: /Users/kitton/STM32CubeIDE/MAD_LAB/Special_Lab02/Core/Inc/gpio.h
2024-09-11 16:26:06,944 [INFO] CodeEngine:255 - oldGeneratedFile, /Users/kitton/STM32CubeIDE/MAD_LAB/Special_Lab02/Core/Src/adc.c_save
2024-09-11 16:26:07,035 [INFO] CodeEngine:279 - Generated code: /Users/kitton/STM32CubeIDE/MAD_LAB/Special_Lab02/Core/Src/adc.c
2024-09-11 16:26:07,039 [INFO] CodeEngine:255 - oldGeneratedFile, /Users/kitton/STM32CubeIDE/MAD_LAB/Special_Lab02/Core/Inc/adc.h_save
2024-09-11 16:26:07,088 [INFO] CodeEngine:279 - Generated code: /Users/kitton/STM32CubeIDE/MAD_LAB/Special_Lab02/Core/Inc/adc.h
2024-09-11 16:26:07,091 [INFO] CodeEngine:255 - oldGeneratedFile, /Users/kitton/STM32CubeIDE/MAD_LAB/Special_Lab02/MXTmpFiles/cortex.tmp_save
2024-09-11 16:26:07,133 [INFO] CodeEngine:279 - Generated code: /Users/kitton/STM32CubeIDE/MAD_LAB/Special_Lab02/MXTmpFiles/cortex.tmp
2024-09-11 16:26:07,151 [INFO] CodeEngine:255 - oldGeneratedFile, /Users/kitton/STM32CubeIDE/MAD_LAB/Special_Lab02/Core/Src/dma.c_save
2024-09-11 16:26:07,195 [INFO] CodeEngine:279 - Generated code: /Users/kitton/STM32CubeIDE/MAD_LAB/Special_Lab02/Core/Src/dma.c
2024-09-11 16:26:07,196 [INFO] CodeEngine:255 - oldGeneratedFile, /Users/kitton/STM32CubeIDE/MAD_LAB/Special_Lab02/Core/Inc/dma.h_save
2024-09-11 16:26:07,233 [INFO] CodeEngine:279 - Generated code: /Users/kitton/STM32CubeIDE/MAD_LAB/Special_Lab02/Core/Inc/dma.h
2024-09-11 16:26:07,235 [INFO] CodeEngine:255 - oldGeneratedFile, /Users/kitton/STM32CubeIDE/MAD_LAB/Special_Lab02/Core/Src/usart.c_save
2024-09-11 16:26:07,312 [INFO] CodeEngine:279 - Generated code: /Users/kitton/STM32CubeIDE/MAD_LAB/Special_Lab02/Core/Src/usart.c
2024-09-11 16:26:07,313 [INFO] CodeEngine:255 - oldGeneratedFile, /Users/kitton/STM32CubeIDE/MAD_LAB/Special_Lab02/Core/Inc/usart.h_save
2024-09-11 16:26:07,356 [INFO] CodeEngine:279 - Generated code: /Users/kitton/STM32CubeIDE/MAD_LAB/Special_Lab02/Core/Inc/usart.h
2024-09-11 16:26:07,360 [INFO] CodeEngine:255 - oldGeneratedFile, /Users/kitton/STM32CubeIDE/MAD_LAB/Special_Lab02/Core/Src/stm32f7xx_it.c_save
2024-09-11 16:26:07,407 [INFO] CodeEngine:279 - Generated code: /Users/kitton/STM32CubeIDE/MAD_LAB/Special_Lab02/Core/Src/stm32f7xx_it.c
2024-09-11 16:26:07,409 [INFO] CodeEngine:255 - oldGeneratedFile, /Users/kitton/STM32CubeIDE/MAD_LAB/Special_Lab02/Core/Inc/stm32f7xx_it.h_save
2024-09-11 16:26:07,449 [INFO] CodeEngine:279 - Generated code: /Users/kitton/STM32CubeIDE/MAD_LAB/Special_Lab02/Core/Inc/stm32f7xx_it.h
2024-09-11 16:26:07,453 [INFO] CodeEngine:255 - oldGeneratedFile, /Users/kitton/STM32CubeIDE/MAD_LAB/Special_Lab02/Core/Src/stm32f7xx_hal_msp.c_save
2024-09-11 16:26:07,516 [INFO] CodeEngine:279 - Generated code: /Users/kitton/STM32CubeIDE/MAD_LAB/Special_Lab02/Core/Src/stm32f7xx_hal_msp.c
2024-09-11 16:26:07,518 [INFO] CodeEngine:255 - oldGeneratedFile, /Users/kitton/STM32CubeIDE/MAD_LAB/Special_Lab02/MXTmpFiles/system.tmp_save
2024-09-11 16:26:07,558 [INFO] CodeEngine:279 - Generated code: /Users/kitton/STM32CubeIDE/MAD_LAB/Special_Lab02/MXTmpFiles/system.tmp
2024-09-11 16:26:07,564 [INFO] CodeEngine:311 - oldGeneratedFile, /Users/kitton/STM32CubeIDE/MAD_LAB/Special_Lab02/Core/Inc/stm32f7xx_hal_conf.h_save
2024-09-11 16:26:07,613 [INFO] CodeEngine:335 - Generated code: /Users/kitton/STM32CubeIDE/MAD_LAB/Special_Lab02/Core/Inc/stm32f7xx_hal_conf.h
2024-09-11 16:26:07,644 [INFO] CodeEngine:255 - oldGeneratedFile, /Users/kitton/STM32CubeIDE/MAD_LAB/Special_Lab02/Core/Inc/main.h_save
2024-09-11 16:26:07,693 [INFO] CodeEngine:279 - Generated code: /Users/kitton/STM32CubeIDE/MAD_LAB/Special_Lab02/Core/Inc/main.h
2024-09-11 16:26:07,695 [INFO] CodeEngine:255 - oldGeneratedFile, /Users/kitton/STM32CubeIDE/MAD_LAB/Special_Lab02/Core/Src/main.c_save
2024-09-11 16:26:07,768 [INFO] CodeEngine:279 - Generated code: /Users/kitton/STM32CubeIDE/MAD_LAB/Special_Lab02/Core/Src/main.c
2024-09-11 16:26:08,011 [INFO] ProjectBuilder:3249 - Time for Copy HAL[1] : 64mS.
2024-09-11 16:26:08,014 [INFO] ProjectBuilder:4828 - Project Generator version: 4.4.0-B60
2024-09-11 16:26:08,151 [INFO] ConfigFileManager:1531 - The Die is : DIE451
2024-09-11 16:26:08,159 [INFO] ApiDbMcu:508 - Load IP Config File for FATFS
2024-09-11 16:26:08,164 [INFO] ApiDbMcu:508 - Load IP Config File for FREERTOS
2024-09-11 16:26:08,172 [INFO] ApiDbMcu:508 - Load IP Config File for LIBJPEG
2024-09-11 16:26:08,186 [INFO] ApiDbMcu:508 - Load IP Config File for LWIP
2024-09-11 16:26:08,198 [INFO] ApiDbMcu:508 - Load IP Config File for MBEDTLS
2024-09-11 16:26:08,223 [INFO] ApiDbMcu:508 - Load IP Config File for USB_DEVICE
2024-09-11 16:26:08,234 [INFO] ApiDbMcu:508 - Load IP Config File for USB_HOST
2024-09-11 16:26:09,704 [INFO] ProjectBuilder:5097 - Time for Generating toolchain IDE Files: 1688mS.
2024-09-11 16:26:09,707 [INFO] ProjectBuilder:3107 - Time for Copy CMSIS : 1mS.
2024-09-11 16:26:09,709 [INFO] ProjectBuilder:3107 - Time for Copy CMSIS : 1mS.
2024-09-11 16:26:10,275 [INFO] McuFinderGlobals:76 - Set McuFinderConnectedMode to true
2024-09-11 16:26:10,283 [INFO] ApiDb:448 - Save user favorites file /Users/kitton/.stm32cubeide/favorites.mcus.txt: 0 item(s)
2024-09-11 16:26:10,283 [INFO] ApiDb:452 - User favorites MCUs=[]
2024-09-11 16:26:44,041 [INFO] MainUpdater:2873 - connection check result : 10
2024-09-11 16:26:44,157 [INFO] McuFinderGlobals:76 - Set McuFinderConnectedMode to true
2024-09-11 16:26:44,161 [INFO] MultiScanPanel:200 - Auto-refresh data requested => check proxy status ongoing
2024-09-11 16:26:44,161 [INFO] FinderPluginLoader:95 - Searching for filters in installed packs
2024-09-11 16:26:44,550 [INFO] LoadUrlFilesThread:185 - End of LoadServerUrlFiles without Thread
2024-09-11 16:26:44,550 [INFO] DetailPanel:341 - Set advertising image to /Users/kitton/STM32Cube/Repository//en.prom-stm32h7rs-mcu-finder.jpg
2024-09-11 16:27:04,960 [INFO] McuResultTable:1403 - Mark MCU STM32F767ZIT6 as favorite
2024-09-11 16:27:21,823 [INFO] MainUpdater:2873 - connection check result : 10
2024-09-11 16:27:21,825 [INFO] MainUpdater:2873 - connection check result : 10
2024-09-11 16:27:25,925 [INFO] MicroXplorer:468 - Change Database Path : 
2024-09-11 16:27:25,926 [INFO] MicroXplorer:498 - Change Database Version : DB.6.0.120
2024-09-11 16:27:25,968 [ERROR] ProjectManagerView:394 - 
java.lang.NullPointerException: Cannot invoke "javax.swing.JTextField.getText()" because the return value of "java.util.List.get(int)" is null
	at com.st.microxplorer.plugins.projectmanager.gui.ProjectChoiceTab$10.caretUpdate(ProjectChoiceTab.java:2622) ~[filemanager.jar:?]
	at javax.swing.text.JTextComponent.fireCaretUpdate(JTextComponent.java:412) ~[?:?]
	at javax.swing.text.JTextComponent$MutableCaretEvent.fire(JTextComponent.java:4491) ~[?:?]
	at javax.swing.text.JTextComponent$MutableCaretEvent.stateChanged(JTextComponent.java:4513) ~[?:?]
	at javax.swing.text.DefaultCaret.fireStateChanged(DefaultCaret.java:842) ~[?:?]
	at javax.swing.text.DefaultCaret.changeCaretPosition(DefaultCaret.java:1313) ~[?:?]
	at javax.swing.text.DefaultCaret.handleSetDot(DefaultCaret.java:1212) ~[?:?]
	at javax.swing.text.DefaultCaret.setDot(DefaultCaret.java:1193) ~[?:?]
	at javax.swing.text.DefaultCaret$Handler.insertUpdate(DefaultCaret.java:1789) ~[?:?]
	at javax.swing.text.AbstractDocument.fireInsertUpdate(AbstractDocument.java:226) ~[?:?]
	at javax.swing.text.AbstractDocument.handleInsertString(AbstractDocument.java:780) ~[?:?]
	at javax.swing.text.AbstractDocument.insertString(AbstractDocument.java:739) ~[?:?]
	at javax.swing.text.PlainDocument.insertString(PlainDocument.java:131) ~[?:?]
	at javax.swing.text.AbstractDocument.replace(AbstractDocument.java:698) ~[?:?]
	at javax.swing.text.JTextComponent.setText(JTextComponent.java:1729) ~[?:?]
	at com.st.microxplorer.plugins.projectmanager.gui.ProjectChoiceTab.createHeapStackFields(ProjectChoiceTab.java:972) ~[filemanager.jar:?]
	at com.st.microxplorer.plugins.projectmanager.gui.ProjectChoiceTab.buildLinkSettingsPanel(ProjectChoiceTab.java:3597) ~[filemanager.jar:?]
	at com.st.microxplorer.plugins.projectmanager.gui.ProjectChoiceTab.defineWindowsFields(ProjectChoiceTab.java:1940) ~[filemanager.jar:?]
	at com.st.microxplorer.plugins.projectmanager.gui.ProjectChoiceTab.updateSettings(ProjectChoiceTab.java:550) ~[filemanager.jar:?]
	at com.st.microxplorer.plugins.projectmanager.gui.ProjectSettingsPanel.UpdateDialog(ProjectSettingsPanel.java:245) ~[filemanager.jar:?]
	at com.st.microxplorer.plugins.projectmanager.ProjectManagerView.propertyChange(ProjectManagerView.java:391) ~[filemanager.jar:?]
	at java.beans.PropertyChangeSupport.fire(PropertyChangeSupport.java:343) ~[?:?]
	at java.beans.PropertyChangeSupport.firePropertyChange(PropertyChangeSupport.java:335) ~[?:?]
	at java.beans.PropertyChangeSupport.firePropertyChange(PropertyChangeSupport.java:268) ~[?:?]
	at com.st.microxplorer.util.MXPropertyChangeSupport.firePropertyChange(MXPropertyChangeSupport.java:54) ~[STM32CubeMX.jar:?]
	at com.st.microxplorer.mxsystem.MxSystem.closeConfig(MxSystem.java:900) ~[STM32CubeMX.jar:?]
	at com.st.microxplorer.maingui.MainPanel.closeConfig(MainPanel.java:781) ~[STM32CubeMX.jar:?]
	at com.st.microxplorer.plugins.filemanager.engine.OpenFileManager.loadConfigurationFile(OpenFileManager.java:265) ~[filemanager.jar:?]
	at com.st.microxplorer.plugins.filemanager.engine.MainFileManager.userLoadConfig(MainFileManager.java:352) ~[filemanager.jar:?]
	at com.st.microxplorer.plugins.filemanager.engine.MainFileManager.userLoadConfig(MainFileManager.java:330) ~[filemanager.jar:?]
	at com.st.microxplorer.plugins.filemanager.FileManagerView.getSpecificTask(FileManagerView.java:246) ~[filemanager.jar:?]
	at com.st.stm32cube.common.mx.editor.CubeMxEditor.getMxTabbedPaneInstance(CubeMxEditor.java:1198) ~[com.st.stm32cube.common.mx_6.12.0.202406281431/:?]
	at com.st.stm32cube.common.mx.editor.CubeMxEditor$12$1.createSwingComponent(CubeMxEditor.java:1068) ~[com.st.stm32cube.common.mx_6.12.0.202406281431/:?]
	at com.st.stm32cube.common.mx.oss.core.awtswtbridge.EmbeddedSwingComposite.doComponentCreation(EmbeddedSwingComposite.java:492) ~[com.st.stm32cube.common.mx.oss_6.12.0.202406281431/:?]
	at com.st.stm32cube.common.mx.oss.core.awtswtbridge.EmbeddedSwingComposite$4.run(EmbeddedSwingComposite.java:291) ~[com.st.stm32cube.common.mx.oss_6.12.0.202406281431/:?]
	at com.st.stm32cube.common.mx.oss.core.awtswtbridge.AwtEnvironment$2.run(AwtEnvironment.java:166) ~[com.st.stm32cube.common.mx.oss_6.12.0.202406281431/:?]
	at java.awt.event.InvocationEvent.dispatch(InvocationEvent.java:318) ~[?:?]
	at java.awt.EventQueue.dispatchEventImpl(EventQueue.java:773) ~[?:?]
	at java.awt.EventQueue$4.run(EventQueue.java:720) ~[?:?]
	at java.awt.EventQueue$4.run(EventQueue.java:714) ~[?:?]
	at java.security.AccessController.doPrivileged(AccessController.java:399) ~[?:?]
	at java.security.ProtectionDomain$JavaSecurityAccessImpl.doIntersectionPrivilege(ProtectionDomain.java:86) ~[?:?]
	at java.awt.EventQueue.dispatchEvent(EventQueue.java:742) ~[?:?]
	at java.awt.EventDispatchThread.pumpOneEventForFilters(EventDispatchThread.java:203) ~[?:?]
	at java.awt.EventDispatchThread.pumpEventsForFilter(EventDispatchThread.java:124) ~[?:?]
	at java.awt.EventDispatchThread.pumpEventsForHierarchy(EventDispatchThread.java:113) ~[?:?]
	at java.awt.EventDispatchThread.pumpEvents(EventDispatchThread.java:109) ~[?:?]
	at java.awt.EventDispatchThread.pumpEvents(EventDispatchThread.java:101) ~[?:?]
	at java.awt.EventDispatchThread.run(EventDispatchThread.java:90) ~[?:?]
2024-09-11 16:27:25,970 [WARN] ThirdParty:871 - waiting for thirdparty lock release [close project]
2024-09-11 16:27:25,970 [INFO] ThirdParty:873 - entering critical section [close project]
2024-09-11 16:27:25,970 [INFO] ThirdParty:883 - exiting critical section [close project]
2024-09-11 16:27:25,972 [INFO] PinOutPanel:1561 - setPackage(No Configuration,No Configuration)
2024-09-11 16:27:25,987 [WARN] IpParametersView:151 - Warning: This peripheral hasn't parameters
2024-09-11 16:27:25,998 [WARN] MainPanel:284 - <html><b><center>Warning: This peripheral has no parameters to be configured<br></b></html>
2024-09-11 16:27:26,001 [INFO] UtilMem:75 - Begin LoadConfig() Used Memory: 869059752 Bytes (1073741824)
2024-09-11 16:27:26,003 [INFO] MicroXplorer:468 - Change Database Path : 
2024-09-11 16:27:26,003 [INFO] MicroXplorer:498 - Change Database Version : DB.6.0.120
2024-09-11 16:27:26,003 [INFO] OpenFileManager:332 - Change cursor
2024-09-11 16:27:26,023 [INFO] RulesReader:64 - Compatibility file has been processed (297 Rules)
2024-09-11 16:27:26,033 [INFO] Mcu:2032 - Initializing MCU STM32F767ZITx STM32F767ZITx STM32F767ZIT6
2024-09-11 16:27:27,179 [INFO] Context:742 - Trying to add GPIOservice into a context  which must be forbidden
2024-09-11 16:27:27,595 [INFO] ImportTextPane:205 - (OptionalMessage_ERROR) Unable to find key (Mcu.ThirdPartyNb) in loaded IOC file
2024-09-11 16:27:27,595 [INFO] ImportTextPane:205 - (OptionalMessage_ERROR) Unable to find key (Mcu.PinsNb) in loaded IOC file
2024-09-11 16:27:27,595 [INFO] ImportTextPane:205 - (OptionalMessage_ERROR) Unable to find key (Mcu.IPNb) in loaded IOC file
2024-09-11 16:27:27,694 [INFO] RtosManager:555 - Registered RTOS mode: class=CMSIS, group=RTOS, mode=CMSIS_V1, owner=FREERTOS
2024-09-11 16:27:27,694 [INFO] RtosManager:555 - Registered RTOS mode: class=CMSIS, group=RTOS2, mode=CMSIS_V2, owner=FREERTOS
2024-09-11 16:27:27,694 [INFO] RtosManager:555 - Registered RTOS mode: class=RTOS, group=Core, mode=CMSIS_V1, owner=FREERTOS
2024-09-11 16:27:27,694 [INFO] RtosManager:555 - Registered RTOS mode: class=RTOS, group=Core, mode=CMSIS_V2, owner=FREERTOS
2024-09-11 16:27:27,694 [WARN] ModelIntegratedComponent:184 - Missing modes for component STMicroelectronics:FreeRTOS:0.0.1:STMicroelectronics:RTOS:FreeRTOS:Core:::10.2.0:
2024-09-11 16:27:27,700 [WARN] ModelIntegratedComponent:63 - No mode defined for component null
2024-09-11 16:27:27,700 [WARN] ModelIntegratedComponent:63 - No mode defined for component null
2024-09-11 16:27:27,700 [WARN] ModelIntegratedComponent:63 - No mode defined for component null
2024-09-11 16:27:27,700 [WARN] ModelIntegratedComponent:63 - No mode defined for component null
2024-09-11 16:27:27,700 [WARN] ModelIntegratedComponent:63 - No mode defined for component null
2024-09-11 16:27:27,700 [WARN] ModelIntegratedComponent:63 - No mode defined for component null
2024-09-11 16:27:27,700 [WARN] ModelIntegratedComponent:63 - No mode defined for component null
2024-09-11 16:27:27,700 [WARN] ModelIntegratedComponent:63 - No mode defined for component null
2024-09-11 16:27:27,700 [WARN] ModelIntegratedComponent:63 - No mode defined for component null
2024-09-11 16:27:27,700 [WARN] ModelIntegratedComponent:63 - No mode defined for component null
2024-09-11 16:27:27,700 [WARN] ModelIntegratedComponent:63 - No mode defined for component null
2024-09-11 16:27:27,700 [WARN] ModelIntegratedComponent:63 - No mode defined for component null
2024-09-11 16:27:27,700 [WARN] ModelIntegratedComponent:63 - No mode defined for component null
2024-09-11 16:27:27,700 [WARN] ModelIntegratedComponent:63 - No mode defined for component null
2024-09-11 16:27:27,700 [WARN] ModelIntegratedComponent:63 - No mode defined for component null
2024-09-11 16:27:27,700 [WARN] ModelIntegratedComponent:63 - No mode defined for component null
2024-09-11 16:27:27,700 [WARN] ModelIntegratedComponent:63 - No mode defined for component null
2024-09-11 16:27:27,700 [WARN] ModelIntegratedComponent:63 - No mode defined for component null
2024-09-11 16:27:27,700 [WARN] ModelIntegratedComponent:63 - No mode defined for component null
2024-09-11 16:27:27,700 [WARN] ModelIntegratedComponent:63 - No mode defined for component null
2024-09-11 16:27:27,700 [WARN] ModelIntegratedComponent:63 - No mode defined for component null
2024-09-11 16:27:27,700 [WARN] ModelIntegratedComponent:63 - No mode defined for component null
2024-09-11 16:27:27,700 [WARN] ModelIntegratedComponent:63 - No mode defined for component null
2024-09-11 16:27:27,700 [WARN] ModelIntegratedComponent:63 - No mode defined for component null
2024-09-11 16:27:27,700 [WARN] ModelIntegratedComponent:63 - No mode defined for component null
2024-09-11 16:27:27,700 [WARN] ModelIntegratedComponent:63 - No mode defined for component null
2024-09-11 16:27:27,700 [WARN] ModelIntegratedComponent:63 - No mode defined for component null
2024-09-11 16:27:27,700 [WARN] ModelIntegratedComponent:63 - No mode defined for component null
2024-09-11 16:27:27,700 [WARN] ModelIntegratedComponent:63 - No mode defined for component null
2024-09-11 16:27:27,700 [WARN] ModelIntegratedComponent:63 - No mode defined for component null
2024-09-11 16:27:27,700 [WARN] ModelIntegratedComponent:63 - No mode defined for component null
2024-09-11 16:27:27,700 [WARN] ModelIntegratedComponent:63 - No mode defined for component null
2024-09-11 16:27:27,700 [WARN] ModelIntegratedComponent:63 - No mode defined for component null
2024-09-11 16:27:27,700 [WARN] ModelIntegratedComponent:63 - No mode defined for component null
2024-09-11 16:27:27,700 [WARN] ModelIntegratedComponent:63 - No mode defined for component null
2024-09-11 16:27:27,700 [WARN] ModelPack:524 - Component already loaded: STMicroelectronics:HAL Drivers:0.0.0:STMicroelectronics:Device:STMicro_Driver:XSPI:HAL::0.0.1:HAL_XSPI
2024-09-11 16:27:27,710 [INFO] ThirdPartyModel:298 - Start build external matchings
2024-09-11 16:27:27,942 [INFO] ThirdPartyModel:316 - End build external matchings
2024-09-11 16:27:28,184 [INFO] UtilMem:75 - End LoadConfig() Used Memory: 859839744 Bytes (1073741824)
2024-09-11 16:27:28,208 [WARN] ThirdParty:833 - waiting for thirdparty lock release [change project]
2024-09-11 16:27:28,210 [INFO] ThirdParty:835 - entering critical section [change project]
2024-09-11 16:27:28,210 [INFO] ThirdParty:1030 - CMSIS Pack Vendor :STMicroelectronics USBPD 4.1
2024-09-11 16:27:28,210 [INFO] ThirdParty:1030 - CMSIS Pack Vendor :STMicroelectronics X-CUBE-AZRTOS-H7 3.3.0
2024-09-11 16:27:28,210 [INFO] ThirdParty:1030 - CMSIS Pack Vendor :STMicroelectronics X-CUBE-GNSS1 6.0.0
2024-09-11 16:27:28,210 [INFO] ThirdParty:1030 - CMSIS Pack Vendor :STMicroelectronics USB_HOST 2.0.0
2024-09-11 16:27:28,210 [INFO] ThirdParty:1030 - CMSIS Pack Vendor :STMicroelectronics FP-SNS-MOTENVWB1 1.4.0
2024-09-11 16:27:28,210 [INFO] ThirdParty:1030 - CMSIS Pack Vendor :STMicroelectronics X-CUBE-AZRTOS-F4 1.1.0
2024-09-11 16:27:28,210 [INFO] ThirdParty:1030 - CMSIS Pack Vendor :STMicroelectronics LIBJPEG 8.0.0
2024-09-11 16:27:28,210 [INFO] ThirdParty:1030 - CMSIS Pack Vendor :STMicroelectronics X-CUBE-SMBUS 2.1.0
2024-09-11 16:27:28,210 [INFO] ThirdParty:1030 - CMSIS Pack Vendor :STMicroelectronics USB_DEVICE 3.0.0
2024-09-11 16:27:28,210 [INFO] ThirdParty:1030 - CMSIS Pack Vendor :STMicroelectronics X-CUBE-TCPP 4.1.0
2024-09-11 16:27:28,210 [INFO] ThirdParty:1030 - CMSIS Pack Vendor :STMicroelectronics X-CUBE-FREERTOS 1.2.0
2024-09-11 16:27:28,210 [INFO] ThirdParty:1030 - CMSIS Pack Vendor :STMicroelectronics X-CUBE-AZRTOS-WB 2.0.0
2024-09-11 16:27:28,210 [INFO] ThirdParty:1030 - CMSIS Pack Vendor :STMicroelectronics X-CUBE-GNSS1 7.0.0
2024-09-11 16:27:28,210 [INFO] ThirdParty:1030 - CMSIS Pack Vendor :STMicroelectronics X-CUBE-AZRTOS-F7 1.1.0
2024-09-11 16:27:28,210 [INFO] ThirdParty:1030 - CMSIS Pack Vendor :STMicroelectronics X-CUBE-AZRTOS-L5 2.0.0
2024-09-11 16:27:28,210 [INFO] ThirdParty:1030 - CMSIS Pack Vendor :STMicroelectronics USB_DEVICE 2.0.0
2024-09-11 16:27:28,210 [INFO] ThirdParty:1030 - CMSIS Pack Vendor :STMicroelectronics X-CUBE-NFC6 3.1.0
2024-09-11 16:27:28,210 [INFO] ThirdParty:1030 - CMSIS Pack Vendor :STMicroelectronics X-CUBE-MEMS1 11.0.0
2024-09-11 16:27:28,210 [INFO] ThirdParty:1030 - CMSIS Pack Vendor :STMicroelectronics FreeRTOS 0.0.1
2024-09-11 16:27:28,210 [INFO] ThirdParty:1030 - CMSIS Pack Vendor :STMicroelectronics X-CUBE-AZRTOS-G0 1.1.0
2024-09-11 16:27:28,210 [INFO] ThirdParty:1030 - CMSIS Pack Vendor :STMicroelectronics X-CUBE-SAFEA1 1.2.2
2024-09-11 16:27:28,210 [INFO] ThirdParty:1030 - CMSIS Pack Vendor :STMicroelectronics X-CUBE-NFC4 3.0.0
2024-09-11 16:27:28,210 [INFO] ThirdParty:1030 - CMSIS Pack Vendor :STMicroelectronics X-CUBE-SUBG2 5.0.0
2024-09-11 16:27:28,210 [INFO] ThirdParty:1030 - CMSIS Pack Vendor :STMicroelectronics STM32_WPAN 1.0.0
2024-09-11 16:27:28,210 [INFO] ThirdParty:1030 - CMSIS Pack Vendor :EmbeddedOffice I-CUBE-FS-RTOS 1.0.1
2024-09-11 16:27:28,210 [INFO] ThirdParty:1030 - CMSIS Pack Vendor :STMicroelectronics lwIP 2.0.3
2024-09-11 16:27:28,210 [INFO] ThirdParty:1030 - CMSIS Pack Vendor :STMicroelectronics FP-SNS-FLIGHT1 5.0.2
2024-09-11 16:27:28,211 [INFO] ThirdParty:1030 - CMSIS Pack Vendor :Cesanta I-CUBE-Mongoose 7.13.0
2024-09-11 16:27:28,211 [INFO] ThirdParty:1030 - CMSIS Pack Vendor :STMicroelectronics USB_HOST 1.0.0
2024-09-11 16:27:28,211 [INFO] ThirdParty:1030 - CMSIS Pack Vendor :STMicroelectronics X-CUBE-AI 9.0.0
2024-09-11 16:27:28,211 [INFO] ThirdParty:1030 - CMSIS Pack Vendor :STMicroelectronics X-CUBE-AZRTOS-G4 2.0.0
2024-09-11 16:27:28,211 [INFO] ThirdParty:1030 - CMSIS Pack Vendor :STMicroelectronics PDM2PCM 3.1.0
2024-09-11 16:27:28,211 [INFO] ThirdParty:1030 - CMSIS Pack Vendor :STMicroelectronics PDM2PCM 3.3.0
2024-09-11 16:27:28,211 [INFO] ThirdParty:1030 - CMSIS Pack Vendor :STMicroelectronics X-CUBE-DISPLAY 3.0.0
2024-09-11 16:27:28,211 [INFO] ThirdParty:1030 - CMSIS Pack Vendor :RealThread X-CUBE-RT-Thread_Nano 4.1.1
2024-09-11 16:27:28,211 [INFO] ThirdParty:1030 - CMSIS Pack Vendor :STMicroelectronics X-CUBE-BLE1 7.0.0
2024-09-11 16:27:28,211 [INFO] ThirdParty:1030 - CMSIS Pack Vendor :STMicroelectronics FP-ATR-SIGFOX1 3.2.0
2024-09-11 16:27:28,211 [INFO] ThirdParty:1030 - CMSIS Pack Vendor :wolfSSL I-CUBE-wolfSSL 5.7.2
2024-09-11 16:27:28,211 [INFO] ThirdParty:1030 - CMSIS Pack Vendor :STMicroelectronics X-CUBE-ISPU 2.0.0
2024-09-11 16:27:28,211 [INFO] ThirdParty:1030 - CMSIS Pack Vendor :STMicroelectronics X-CUBE-EEPRMA1 5.1.0
2024-09-11 16:27:28,211 [INFO] ThirdParty:1030 - CMSIS Pack Vendor :STMicroelectronics HAL Drivers 0.0.0
2024-09-11 16:27:28,211 [INFO] ThirdParty:1030 - CMSIS Pack Vendor :STMicroelectronics MBEDTLS 2.16.2
2024-09-11 16:27:28,211 [INFO] ThirdParty:1030 - CMSIS Pack Vendor :STMicroelectronics X-CUBE-ALS 1.0.2
2024-09-11 16:27:28,211 [INFO] ThirdParty:1030 - CMSIS Pack Vendor :emotas I-CUBE-CANOPEN 1.3.0
2024-09-11 16:27:28,211 [INFO] ThirdParty:1030 - CMSIS Pack Vendor :STMicroelectronics X-CUBE-NFC7 1.0.1
2024-09-11 16:27:28,211 [INFO] ThirdParty:1030 - CMSIS Pack Vendor :STMicroelectronics MBEDTLS 2.14.1
2024-09-11 16:27:28,211 [INFO] ThirdParty:1030 - CMSIS Pack Vendor :STMicroelectronics X-CUBE-TOUCHGFX 4.24.0
2024-09-11 16:27:28,211 [INFO] ThirdParty:1030 - CMSIS Pack Vendor :ITTIA_DB I-CUBE-ITTIADB 8.9.0
2024-09-11 16:27:28,211 [INFO] ThirdParty:1030 - CMSIS Pack Vendor :wolfSSL I-CUBE-wolfTPM 3.4.0
2024-09-11 16:27:28,211 [INFO] ThirdParty:1030 - CMSIS Pack Vendor :portGmbH I-Cube-SoM-uGOAL 1.1.0
2024-09-11 16:27:28,211 [INFO] ThirdParty:1030 - CMSIS Pack Vendor :STMicroelectronics X-CUBE-BLEMGR 3.1.0
2024-09-11 16:27:28,211 [INFO] ThirdParty:1030 - CMSIS Pack Vendor :STMicroelectronics ThreadX 1.0.0
2024-09-11 16:27:28,211 [INFO] ThirdParty:1030 - CMSIS Pack Vendor :STMicroelectronics FP-SNS-SMARTAG2 1.2.0
2024-09-11 16:27:28,211 [INFO] ThirdParty:1030 - CMSIS Pack Vendor :STMicroelectronics X-CUBE-AZRTOS-WL 2.0.0
2024-09-11 16:27:28,211 [INFO] ThirdParty:1030 - CMSIS Pack Vendor :SEGGER I-CUBE-embOS 1.3.1
2024-09-11 16:27:28,211 [INFO] ThirdParty:1030 - CMSIS Pack Vendor :STMicroelectronics X-CUBE-ALGOBUILD 1.4.0
2024-09-11 16:27:28,211 [INFO] ThirdParty:1030 - CMSIS Pack Vendor :STMicroelectronics FP-SNS-MOTENV1 5.0.0
2024-09-11 16:27:28,211 [INFO] ThirdParty:1030 - CMSIS Pack Vendor :STMicroelectronics USB_DEVICE 1.0.0
2024-09-11 16:27:28,211 [INFO] ThirdParty:1030 - CMSIS Pack Vendor :STMicroelectronics X-CUBE-AZRTOS-H7RS 1.0.0
2024-09-11 16:27:28,211 [INFO] ThirdParty:1030 - CMSIS Pack Vendor :wolfSSL I-CUBE-wolfMQTT 1.19.0
2024-09-11 16:27:28,211 [INFO] ThirdParty:1030 - CMSIS Pack Vendor :STMicroelectronics X-CUBE-AZRTOS-L4 2.0.0
2024-09-11 16:27:28,211 [INFO] ThirdParty:1030 - CMSIS Pack Vendor :STMicroelectronics ThreadX 0.0.2
2024-09-11 16:27:28,211 [INFO] ThirdParty:1030 - CMSIS Pack Vendor :WES I-CUBE-Cesium 1.3.0
2024-09-11 16:27:28,211 [INFO] ThirdParty:1030 - CMSIS Pack Vendor :STMicroelectronics FP-ATR-ASTRA1 2.0.0
2024-09-11 16:27:28,211 [INFO] ThirdParty:1030 - CMSIS Pack Vendor :STMicroelectronics lwIP 2.1.2
2024-09-11 16:27:28,211 [INFO] ThirdParty:1030 - CMSIS Pack Vendor :STMicroelectronics X-CUBE-SFXS2LP1 4.0.0
2024-09-11 16:27:28,211 [INFO] ThirdParty:1030 - CMSIS Pack Vendor :STMicroelectronics X-CUBE-BLE2 3.3.0
2024-09-11 16:27:28,211 [INFO] ThirdParty:1030 - CMSIS Pack Vendor :STMicroelectronics X-CUBE-TOF1 3.4.2
2024-09-11 16:27:28,211 [INFO] ThirdParty:1030 - CMSIS Pack Vendor :Infineon AIROC-Wi-Fi-Bluetooth-STM32 1.6.1
2024-09-11 16:27:28,211 [INFO] ThirdParty:1030 - CMSIS Pack Vendor :STMicroelectronics PDM2PCM 3.2.0
2024-09-11 16:27:28,211 [INFO] ThirdParty:1030 - CMSIS Pack Vendor :wolfSSL I-CUBE-wolfSSH 1.4.17
2024-09-11 16:27:28,211 [INFO] ThirdParty:841 - exiting critical section [change project]
2024-09-11 16:27:28,505 [INFO] PinOutPanel:1561 - setPackage(No Configuration,No Configuration)
2024-09-11 16:27:28,507 [INFO] PinOutPanel:1561 - setPackage(STM32F767ZITx,LQFP144)
2024-09-11 16:27:28,832 [INFO] UtilMem:75 - Before build in PCC Used Memory: 754411496 Bytes (1073741824)
2024-09-11 16:27:29,212 [INFO] UtilMem:75 - After build in PCC Used Memory: 803694568 Bytes (1073741824)
2024-09-11 16:27:29,265 [INFO] IPUIPlugin:80 - create IPUIPlugin
2024-09-11 16:27:29,266 [INFO] IPUIPlugin:80 - create IPUIPlugin
2024-09-11 16:27:29,266 [INFO] IPUIPlugin:80 - create IPUIPlugin
2024-09-11 16:27:29,266 [INFO] IPUIPlugin:80 - create IPUIPlugin
2024-09-11 16:27:29,266 [INFO] IPUIPlugin:80 - create IPUIPlugin
2024-09-11 16:27:29,266 [INFO] IPUIPlugin:80 - create IPUIPlugin
2024-09-11 16:27:29,267 [INFO] IPUIPlugin:80 - create IPUIPlugin
2024-09-11 16:27:29,267 [INFO] IPUIPlugin:80 - create IPUIPlugin
2024-09-11 16:27:29,267 [INFO] IPUIPlugin:80 - create IPUIPlugin
2024-09-11 16:27:29,267 [INFO] IPUIPlugin:80 - create IPUIPlugin
2024-09-11 16:27:29,267 [INFO] IPUIPlugin:80 - create IPUIPlugin
2024-09-11 16:27:29,267 [INFO] IPUIPlugin:80 - create IPUIPlugin
2024-09-11 16:27:29,267 [INFO] IPUIPlugin:80 - create IPUIPlugin
2024-09-11 16:27:29,267 [INFO] IPUIPlugin:80 - create IPUIPlugin
2024-09-11 16:27:29,267 [INFO] IPUIPlugin:80 - create IPUIPlugin
2024-09-11 16:27:29,267 [INFO] IPUIPlugin:80 - create IPUIPlugin
2024-09-11 16:27:29,267 [INFO] IPUIPlugin:80 - create IPUIPlugin
2024-09-11 16:27:29,268 [INFO] IPUIPlugin:80 - create IPUIPlugin
2024-09-11 16:27:29,268 [INFO] IPUIPlugin:80 - create IPUIPlugin
2024-09-11 16:27:29,268 [INFO] IPUIPlugin:80 - create IPUIPlugin
2024-09-11 16:27:29,268 [INFO] IPUIPlugin:80 - create IPUIPlugin
2024-09-11 16:27:29,268 [INFO] IPUIPlugin:80 - create IPUIPlugin
2024-09-11 16:27:29,268 [INFO] IPUIPlugin:80 - create IPUIPlugin
2024-09-11 16:27:29,268 [INFO] IPUIPlugin:80 - create IPUIPlugin
2024-09-11 16:27:29,268 [INFO] IPUIPlugin:80 - create IPUIPlugin
2024-09-11 16:27:29,268 [INFO] IPUIPlugin:80 - create IPUIPlugin
2024-09-11 16:27:29,268 [INFO] IPUIPlugin:80 - create IPUIPlugin
2024-09-11 16:27:29,269 [INFO] IPUIPlugin:80 - create IPUIPlugin
2024-09-11 16:27:29,269 [INFO] IPUIPlugin:80 - create IPUIPlugin
2024-09-11 16:27:29,269 [INFO] IPUIPlugin:80 - create IPUIPlugin
2024-09-11 16:27:29,269 [INFO] IPUIPlugin:80 - create IPUIPlugin
2024-09-11 16:27:29,269 [INFO] IPUIPlugin:80 - create IPUIPlugin
2024-09-11 16:27:29,269 [INFO] IPUIPlugin:80 - create IPUIPlugin
2024-09-11 16:27:29,269 [INFO] IPUIPlugin:80 - create IPUIPlugin
2024-09-11 16:27:29,269 [INFO] IPUIPlugin:80 - create IPUIPlugin
2024-09-11 16:27:29,269 [INFO] IPUIPlugin:80 - create IPUIPlugin
2024-09-11 16:27:29,269 [INFO] IPUIPlugin:80 - create IPUIPlugin
2024-09-11 16:27:29,269 [INFO] IPUIPlugin:80 - create IPUIPlugin
2024-09-11 16:27:29,270 [INFO] IPUIPlugin:80 - create IPUIPlugin
2024-09-11 16:27:29,270 [INFO] IPUIPlugin:80 - create IPUIPlugin
2024-09-11 16:27:29,270 [INFO] IPUIPlugin:80 - create IPUIPlugin
2024-09-11 16:27:29,270 [INFO] IPUIPlugin:80 - create IPUIPlugin
2024-09-11 16:27:29,270 [INFO] IPUIPlugin:80 - create IPUIPlugin
2024-09-11 16:27:29,270 [INFO] IPUIPlugin:80 - create IPUIPlugin
2024-09-11 16:27:29,270 [INFO] IPUIPlugin:80 - create IPUIPlugin
2024-09-11 16:27:29,270 [INFO] IPUIPlugin:80 - create IPUIPlugin
2024-09-11 16:27:29,271 [INFO] IPUIPlugin:80 - create IPUIPlugin
2024-09-11 16:27:29,272 [INFO] IPUIPlugin:80 - create IPUIPlugin
2024-09-11 16:27:29,273 [INFO] IPUIPlugin:80 - create IPUIPlugin
2024-09-11 16:27:29,273 [INFO] IPUIPlugin:80 - create IPUIPlugin
2024-09-11 16:27:29,273 [INFO] IPUIPlugin:80 - create IPUIPlugin
2024-09-11 16:27:29,273 [INFO] IPUIPlugin:80 - create IPUIPlugin
2024-09-11 16:27:29,273 [INFO] IPUIPlugin:80 - create IPUIPlugin
2024-09-11 16:27:29,273 [INFO] IPUIPlugin:80 - create IPUIPlugin
2024-09-11 16:27:29,273 [INFO] IPUIPlugin:80 - create IPUIPlugin
2024-09-11 16:27:29,273 [INFO] IPUIPlugin:80 - create IPUIPlugin
2024-09-11 16:27:29,273 [INFO] IPUIPlugin:80 - create IPUIPlugin
2024-09-11 16:27:29,273 [INFO] IPUIPlugin:80 - create IPUIPlugin
2024-09-11 16:27:29,273 [INFO] IPUIPlugin:80 - create IPUIPlugin
2024-09-11 16:27:29,273 [INFO] IPUIPlugin:80 - create IPUIPlugin
2024-09-11 16:27:29,273 [INFO] IPUIPlugin:80 - create IPUIPlugin
2024-09-11 16:27:29,273 [INFO] IPUIPlugin:80 - create IPUIPlugin
2024-09-11 16:27:29,273 [INFO] IPUIPlugin:80 - create IPUIPlugin
2024-09-11 16:27:29,274 [INFO] IPUIPlugin:80 - create IPUIPlugin
2024-09-11 16:27:29,274 [INFO] IPUIPlugin:80 - create IPUIPlugin
2024-09-11 16:27:29,274 [INFO] IPUIPlugin:80 - create IPUIPlugin
2024-09-11 16:27:29,274 [INFO] IPUIPlugin:80 - create IPUIPlugin
2024-09-11 16:27:29,274 [INFO] IPUIPlugin:80 - create IPUIPlugin
2024-09-11 16:27:29,274 [INFO] IPUIPlugin:80 - create IPUIPlugin
2024-09-11 16:27:29,274 [INFO] IPUIPlugin:80 - create IPUIPlugin
2024-09-11 16:27:29,274 [INFO] IPUIPlugin:80 - create IPUIPlugin
2024-09-11 16:27:29,274 [INFO] IPUIPlugin:80 - create IPUIPlugin
2024-09-11 16:27:29,275 [INFO] IPUIPlugin:80 - create IPUIPlugin
2024-09-11 16:27:29,275 [INFO] IPUIPlugin:80 - create IPUIPlugin
2024-09-11 16:27:29,275 [INFO] IPUIPlugin:80 - create IPUIPlugin
2024-09-11 16:27:29,275 [INFO] IPUIPlugin:80 - create IPUIPlugin
2024-09-11 16:27:29,275 [INFO] IPUIPlugin:80 - create IPUIPlugin
2024-09-11 16:27:29,276 [INFO] IPUIPlugin:80 - create IPUIPlugin
2024-09-11 16:27:29,276 [INFO] IPUIPlugin:80 - create IPUIPlugin
2024-09-11 16:27:29,293 [INFO] ApiDbMcu:508 - Load IP Config File for PDM2PCM
2024-09-11 16:27:29,339 [INFO] CADModel:165 - CPN selected for project levelSTM32F767ZIT6
2024-09-11 16:27:29,339 [INFO] CADModel:114 - Register for checkConnection events
2024-09-11 16:27:29,383 [INFO] OpenFileManager:363 - Restore cursor
2024-09-11 16:27:29,974 [INFO] UtilMem:75 - End SaveConfig() Used Memory: 732843224 Bytes (1073741824)
2024-09-11 16:27:30,026 [INFO] UtilMem:75 - End SaveConfig() Used Memory: 722612128 Bytes (1073741824)
2024-09-11 16:27:30,125 [INFO] BlockDiagram:2766 - set Specific Code input for plugin: RCC
2024-09-11 16:27:30,125 [INFO] BlockDiagram:2766 - set Specific Code input for plugin: NVIC
2024-09-11 16:27:30,125 [INFO] BlockDiagram:2766 - set Specific Code input for plugin: CORTEX_M7
2024-09-11 16:27:30,126 [INFO] CodeGenerator:807 - code generatio: config db path: /Applications/STM32CubeIDE.app/Contents/Eclipse/plugins/com.st.stm32cube.common.mx_6.12.0.202406281431//db/
2024-09-11 16:27:30,193 [INFO] CodeEngine:255 - oldGeneratedFile, /Users/kitton/STM32CubeIDE/MAD_LAB/SpecialLab02/MXTmpFiles/license.tmp_save
2024-09-11 16:27:30,252 [INFO] CodeEngine:279 - Generated code: /Users/kitton/STM32CubeIDE/MAD_LAB/SpecialLab02/MXTmpFiles/license.tmp
2024-09-11 16:27:30,283 [INFO] CodeEngine:255 - oldGeneratedFile, /Users/kitton/STM32CubeIDE/MAD_LAB/SpecialLab02/MXTmpFiles/cortex.tmp_save
2024-09-11 16:27:30,332 [INFO] CodeEngine:279 - Generated code: /Users/kitton/STM32CubeIDE/MAD_LAB/SpecialLab02/MXTmpFiles/cortex.tmp
2024-09-11 16:27:30,335 [INFO] CodeEngine:255 - oldGeneratedFile, /Users/kitton/STM32CubeIDE/MAD_LAB/SpecialLab02/Core/Src/stm32f7xx_it.c_save
2024-09-11 16:27:30,383 [INFO] CodeEngine:279 - Generated code: /Users/kitton/STM32CubeIDE/MAD_LAB/SpecialLab02/Core/Src/stm32f7xx_it.c
2024-09-11 16:27:30,383 [INFO] CodeEngine:255 - oldGeneratedFile, /Users/kitton/STM32CubeIDE/MAD_LAB/SpecialLab02/Core/Inc/stm32f7xx_it.h_save
2024-09-11 16:27:30,421 [INFO] CodeEngine:279 - Generated code: /Users/kitton/STM32CubeIDE/MAD_LAB/SpecialLab02/Core/Inc/stm32f7xx_it.h
2024-09-11 16:27:30,430 [INFO] CodeEngine:255 - oldGeneratedFile, /Users/kitton/STM32CubeIDE/MAD_LAB/SpecialLab02/Core/Src/stm32f7xx_hal_msp.c_save
2024-09-11 16:27:30,486 [INFO] CodeEngine:279 - Generated code: /Users/kitton/STM32CubeIDE/MAD_LAB/SpecialLab02/Core/Src/stm32f7xx_hal_msp.c
2024-09-11 16:27:30,487 [INFO] CodeEngine:255 - oldGeneratedFile, /Users/kitton/STM32CubeIDE/MAD_LAB/SpecialLab02/MXTmpFiles/system.tmp_save
2024-09-11 16:27:30,525 [INFO] CodeEngine:279 - Generated code: /Users/kitton/STM32CubeIDE/MAD_LAB/SpecialLab02/MXTmpFiles/system.tmp
2024-09-11 16:27:30,528 [INFO] CodeEngine:311 - oldGeneratedFile, /Users/kitton/STM32CubeIDE/MAD_LAB/SpecialLab02/Core/Inc/stm32f7xx_hal_conf.h_save
2024-09-11 16:27:30,572 [INFO] CodeEngine:335 - Generated code: /Users/kitton/STM32CubeIDE/MAD_LAB/SpecialLab02/Core/Inc/stm32f7xx_hal_conf.h
2024-09-11 16:27:30,588 [INFO] CodeEngine:255 - oldGeneratedFile, /Users/kitton/STM32CubeIDE/MAD_LAB/SpecialLab02/Core/Inc/main.h_save
2024-09-11 16:27:30,630 [INFO] CodeEngine:279 - Generated code: /Users/kitton/STM32CubeIDE/MAD_LAB/SpecialLab02/Core/Inc/main.h
2024-09-11 16:27:30,631 [INFO] CodeEngine:255 - oldGeneratedFile, /Users/kitton/STM32CubeIDE/MAD_LAB/SpecialLab02/Core/Src/main.c_save
2024-09-11 16:27:30,684 [INFO] CodeEngine:279 - Generated code: /Users/kitton/STM32CubeIDE/MAD_LAB/SpecialLab02/Core/Src/main.c
2024-09-11 16:27:30,828 [INFO] ProjectBuilder:3249 - Time for Copy HAL[1] : 34mS.
2024-09-11 16:27:30,830 [INFO] ProjectBuilder:4828 - Project Generator version: 4.4.0-B60
2024-09-11 16:27:30,883 [INFO] ConfigFileManager:1531 - The Die is : DIE451
2024-09-11 16:27:30,887 [INFO] ApiDbMcu:508 - Load IP Config File for FATFS
2024-09-11 16:27:30,891 [INFO] ApiDbMcu:508 - Load IP Config File for FREERTOS
2024-09-11 16:27:30,894 [INFO] ApiDbMcu:508 - Load IP Config File for LIBJPEG
2024-09-11 16:27:30,899 [INFO] ApiDbMcu:508 - Load IP Config File for LWIP
2024-09-11 16:27:30,906 [INFO] ApiDbMcu:508 - Load IP Config File for MBEDTLS
2024-09-11 16:27:30,914 [INFO] ApiDbMcu:508 - Load IP Config File for USB_DEVICE
2024-09-11 16:27:30,918 [INFO] ApiDbMcu:508 - Load IP Config File for USB_HOST
2024-09-11 16:27:32,768 [INFO] ProjectBuilder:5097 - Time for Generating toolchain IDE Files: 1936mS.
2024-09-11 16:27:32,773 [INFO] ProjectBuilder:3107 - Time for Copy CMSIS : 0mS.
2024-09-11 16:27:32,775 [INFO] ProjectBuilder:3107 - Time for Copy CMSIS : 0mS.
2024-09-11 16:27:33,371 [INFO] McuFinderGlobals:76 - Set McuFinderConnectedMode to true
2024-09-11 16:27:33,380 [INFO] ApiDb:448 - Save user favorites file /Users/kitton/.stm32cubeide/favorites.mcus.txt: 1 item(s)
2024-09-11 16:27:33,380 [INFO] ApiDb:452 - User favorites MCUs=[STM32F767ZIT6]
2024-09-11 16:30:01,984 [INFO] ADCParametersView:116 -                Rank 1 : false
2024-09-11 16:30:02,054 [INFO] ADCParametersView:116 -                Rank 1 : false
2024-09-11 16:30:02,054 [INFO] ADCParametersView:116 -                Rank 1 : false
2024-09-11 16:30:02,055 [INFO] ADCParametersView:116 -                Rank 1 : false
2024-09-11 16:30:02,055 [INFO] ADCParametersView:116 -                Rank 1 : false
2024-09-11 16:30:02,057 [INFO] ADCParametersView:116 -                Rank 1 : false
2024-09-11 16:30:02,057 [INFO] ADCParametersView:116 -                Rank 1 : false
2024-09-11 16:30:02,057 [INFO] ADCParametersView:116 -                Rank 1 : false
2024-09-11 16:30:02,057 [INFO] ADCParametersView:116 -                Rank 1 : false
2024-09-11 16:30:02,057 [INFO] ADCParametersView:116 -                Rank 1 : false
2024-09-11 16:30:02,057 [INFO] ADCParametersView:116 -                Rank 1 : false
2024-09-11 16:30:02,057 [INFO] ADCParametersView:116 -                Rank 1 : false
2024-09-11 16:30:02,058 [INFO] ADCParametersView:116 -                Rank 1 : false
2024-09-11 16:30:02,058 [INFO] ADCParametersView:116 -                Rank 1 : false
2024-09-11 16:30:02,058 [INFO] ADCParametersView:116 -                Rank 1 : false
2024-09-11 16:30:02,070 [INFO] ADCParametersView:116 -                Rank 1 : false
2024-09-11 16:30:02,191 [INFO] NvicIntPanel:101 - NVIC parent = com.st.microxplorer.plugins.ip.nvic.MultiNvicIntPanel[,0,0,0x0,invalid,layout=javax.swing.BoxLayout,alignmentX=0.0,alignmentY=0.0,border=,flags=9,maximumSize=,minimumSize=,preferredSize=]
2024-09-11 16:30:02,376 [INFO] ADCParametersView:116 -                Rank 1 : false
2024-09-11 16:30:02,376 [INFO] ADCParametersView:116 -                Rank 1 : false
2024-09-11 16:30:02,377 [INFO] ADCParametersView:116 -                Rank 1 : false
2024-09-11 16:30:02,377 [INFO] ADCParametersView:116 -                Rank 1 : false
2024-09-11 16:30:02,377 [INFO] ADCParametersView:116 -                Rank 1 : false
2024-09-11 16:30:02,377 [INFO] ADCParametersView:116 -                Rank 1 : false
2024-09-11 16:30:02,377 [INFO] ADCParametersView:116 -                Rank 1 : false
2024-09-11 16:30:02,377 [INFO] ADCParametersView:116 -                Rank 1 : false
2024-09-11 16:30:02,378 [INFO] ADCParametersView:116 -                Rank 1 : false
2024-09-11 16:30:02,378 [INFO] ADCParametersView:116 -                Rank 1 : false
2024-09-11 16:30:02,378 [INFO] ADCParametersView:116 -                Rank 1 : false
2024-09-11 16:30:02,378 [INFO] ADCParametersView:116 -                Rank 1 : false
2024-09-11 16:30:02,378 [INFO] ADCParametersView:116 -                Rank 1 : false
2024-09-11 16:30:02,378 [INFO] ADCParametersView:116 -                Rank 1 : false
2024-09-11 16:30:02,436 [INFO] ADCParametersView:116 -                Rank 1 : false
2024-09-11 16:30:02,539 [INFO] ADCParametersView:116 -                Rank 1 : false
2024-09-11 16:30:02,541 [INFO] ADCParametersView:116 -                Rank 1 : false
2024-09-11 16:30:02,541 [INFO] ADCParametersView:116 -                Rank 1 : false
2024-09-11 16:30:02,541 [INFO] ADCParametersView:116 -                Rank 1 : false
2024-09-11 16:30:02,543 [INFO] ADCParametersView:116 -                Rank 1 : false
2024-09-11 16:30:02,543 [INFO] ADCParametersView:116 -                Rank 1 : false
2024-09-11 16:30:02,543 [INFO] ADCParametersView:116 -                Rank 1 : false
2024-09-11 16:30:02,544 [INFO] ADCParametersView:116 -                Rank 1 : false
2024-09-11 16:30:02,544 [INFO] ADCParametersView:116 -                Rank 1 : false
2024-09-11 16:30:02,544 [INFO] ADCParametersView:116 -                Rank 1 : false
2024-09-11 16:30:02,544 [INFO] ADCParametersView:116 -                Rank 1 : false
2024-09-11 16:30:02,544 [INFO] ADCParametersView:116 -                Rank 1 : false
2024-09-11 16:30:02,544 [INFO] ADCParametersView:116 -                Rank 1 : false
2024-09-11 16:30:02,544 [INFO] ADCParametersView:116 -                Rank 1 : false
2024-09-11 16:30:02,671 [INFO] ADCParametersView:116 -                Rank 1 : false
2024-09-11 16:30:07,118 [INFO] ADCParametersView:116 -                Rank 1 : false
2024-09-11 16:30:07,119 [INFO] ADCParametersView:116 -                Rank 1 : false
2024-09-11 16:30:07,119 [INFO] ADCParametersView:116 -                Rank 1 : false
2024-09-11 16:30:07,119 [INFO] ADCParametersView:116 -                Rank 1 : false
2024-09-11 16:30:07,119 [INFO] ADCParametersView:116 -                Rank 1 : false
2024-09-11 16:30:07,119 [INFO] ADCParametersView:116 -                Rank 1 : false
2024-09-11 16:30:07,120 [INFO] ADCParametersView:116 -                Rank 1 : false
2024-09-11 16:30:07,120 [INFO] ADCParametersView:116 -                Rank 1 : false
2024-09-11 16:30:07,120 [INFO] ADCParametersView:116 -                Rank 1 : false
2024-09-11 16:30:07,120 [INFO] ADCParametersView:116 -                Rank 1 : false
2024-09-11 16:30:07,120 [INFO] ADCParametersView:116 -                Rank 1 : false
2024-09-11 16:30:07,120 [INFO] ADCParametersView:116 -                Rank 1 : false
2024-09-11 16:30:07,120 [INFO] ADCParametersView:116 -                Rank 1 : false
2024-09-11 16:30:07,120 [INFO] ADCParametersView:116 -                Rank 1 : false
2024-09-11 16:30:07,159 [INFO] ADCParametersView:116 -                Rank 1 : false
2024-09-11 16:30:07,220 [INFO] ADCParametersView:116 -                Rank 1 : false
2024-09-11 16:30:07,220 [INFO] ADCParametersView:116 -                Rank 1 : false
2024-09-11 16:30:07,220 [INFO] ADCParametersView:116 -                Rank 1 : false
2024-09-11 16:30:07,220 [INFO] ADCParametersView:116 -                Rank 1 : false
2024-09-11 16:30:07,221 [INFO] ADCParametersView:116 -                Rank 1 : false
2024-09-11 16:30:07,221 [INFO] ADCParametersView:116 -                Rank 1 : false
2024-09-11 16:30:07,221 [INFO] ADCParametersView:116 -                Rank 1 : false
2024-09-11 16:30:07,221 [INFO] ADCParametersView:116 -                Rank 1 : false
2024-09-11 16:30:07,221 [INFO] ADCParametersView:116 -                Rank 1 : false
2024-09-11 16:30:07,221 [INFO] ADCParametersView:116 -                Rank 1 : false
2024-09-11 16:30:07,221 [INFO] ADCParametersView:116 -                Rank 1 : false
2024-09-11 16:30:07,221 [INFO] ADCParametersView:116 -                Rank 1 : false
2024-09-11 16:30:07,222 [INFO] ADCParametersView:116 -                Rank 1 : false
2024-09-11 16:30:07,222 [INFO] ADCParametersView:116 -                Rank 1 : false
2024-09-11 16:30:07,266 [INFO] ADCParametersView:116 -                Rank 1 : false
2024-09-11 16:30:07,596 [INFO] ADCParametersView:116 -                Rank 1 : false
2024-09-11 16:30:07,601 [INFO] ADCParametersView:116 -                Rank 1 : false
2024-09-11 16:30:07,602 [INFO] ADCParametersView:116 -                Rank 1 : false
2024-09-11 16:30:07,602 [INFO] ADCParametersView:116 -                Rank 1 : false
2024-09-11 16:30:07,602 [INFO] ADCParametersView:116 -                Rank 1 : false
2024-09-11 16:30:07,602 [INFO] ADCParametersView:116 -                Rank 1 : false
2024-09-11 16:30:07,603 [INFO] ADCParametersView:116 -                Rank 1 : false
2024-09-11 16:30:07,603 [INFO] ADCParametersView:116 -                Rank 1 : false
2024-09-11 16:30:07,603 [INFO] ADCParametersView:116 -                Rank 1 : false
2024-09-11 16:30:07,603 [INFO] ADCParametersView:116 -                Rank 1 : false
2024-09-11 16:30:07,603 [INFO] ADCParametersView:116 -                Rank 1 : false
2024-09-11 16:30:07,603 [INFO] ADCParametersView:116 -                Rank 1 : false
2024-09-11 16:30:07,603 [INFO] ADCParametersView:116 -                Rank 1 : false
2024-09-11 16:30:07,603 [INFO] ADCParametersView:116 -                Rank 1 : false
2024-09-11 16:30:07,660 [INFO] ADCParametersView:116 -                Rank 1 : false
2024-09-11 16:30:07,738 [INFO] ADCParametersView:116 -                Rank 1 : false
2024-09-11 16:30:07,739 [INFO] ADCParametersView:116 -                Rank 1 : false
2024-09-11 16:30:07,739 [INFO] ADCParametersView:116 -                Rank 1 : false
2024-09-11 16:30:07,739 [INFO] ADCParametersView:116 -                Rank 1 : false
2024-09-11 16:30:07,740 [INFO] ADCParametersView:116 -                Rank 1 : false
2024-09-11 16:30:07,740 [INFO] ADCParametersView:116 -                Rank 1 : false
2024-09-11 16:30:07,740 [INFO] ADCParametersView:116 -                Rank 1 : false
2024-09-11 16:30:07,740 [INFO] ADCParametersView:116 -                Rank 1 : false
2024-09-11 16:30:07,740 [INFO] ADCParametersView:116 -                Rank 1 : false
2024-09-11 16:30:07,740 [INFO] ADCParametersView:116 -                Rank 1 : false
2024-09-11 16:30:07,740 [INFO] ADCParametersView:116 -                Rank 1 : false
2024-09-11 16:30:07,740 [INFO] ADCParametersView:116 -                Rank 1 : false
2024-09-11 16:30:07,741 [INFO] ADCParametersView:116 -                Rank 1 : false
2024-09-11 16:30:07,741 [INFO] ADCParametersView:116 -                Rank 1 : false
2024-09-11 16:30:07,777 [INFO] ADCParametersView:116 -                Rank 1 : false
2024-09-11 16:30:08,150 [INFO] ADCParametersView:116 -                Rank 1 : false
2024-09-11 16:30:08,150 [INFO] ADCParametersView:116 -                Rank 1 : false
2024-09-11 16:30:08,151 [INFO] ADCParametersView:116 -                Rank 1 : false
2024-09-11 16:30:08,151 [INFO] ADCParametersView:116 -                Rank 1 : false
2024-09-11 16:30:08,151 [INFO] ADCParametersView:116 -                Rank 1 : false
2024-09-11 16:30:08,151 [INFO] ADCParametersView:116 -                Rank 1 : false
2024-09-11 16:30:08,151 [INFO] ADCParametersView:116 -                Rank 1 : false
2024-09-11 16:30:08,151 [INFO] ADCParametersView:116 -                Rank 1 : false
2024-09-11 16:30:08,152 [INFO] ADCParametersView:116 -                Rank 1 : false
2024-09-11 16:30:08,152 [INFO] ADCParametersView:116 -                Rank 1 : false
2024-09-11 16:30:08,152 [INFO] ADCParametersView:116 -                Rank 1 : false
2024-09-11 16:30:08,152 [INFO] ADCParametersView:116 -                Rank 1 : false
2024-09-11 16:30:08,152 [INFO] ADCParametersView:116 -                Rank 1 : false
2024-09-11 16:30:08,152 [INFO] ADCParametersView:116 -                Rank 1 : false
2024-09-11 16:30:08,277 [INFO] ADCParametersView:116 -                Rank 1 : false
2024-09-11 16:30:08,363 [INFO] ADCParametersView:116 -                Rank 1 : false
2024-09-11 16:30:08,363 [INFO] ADCParametersView:116 -                Rank 1 : false
2024-09-11 16:30:08,363 [INFO] ADCParametersView:116 -                Rank 1 : false
2024-09-11 16:30:08,363 [INFO] ADCParametersView:116 -                Rank 1 : false
2024-09-11 16:30:08,364 [INFO] ADCParametersView:116 -                Rank 1 : false
2024-09-11 16:30:08,364 [INFO] ADCParametersView:116 -                Rank 1 : false
2024-09-11 16:30:08,364 [INFO] ADCParametersView:116 -                Rank 1 : false
2024-09-11 16:30:08,364 [INFO] ADCParametersView:116 -                Rank 1 : false
2024-09-11 16:30:08,364 [INFO] ADCParametersView:116 -                Rank 1 : false
2024-09-11 16:30:08,364 [INFO] ADCParametersView:116 -                Rank 1 : false
2024-09-11 16:30:08,364 [INFO] ADCParametersView:116 -                Rank 1 : false
2024-09-11 16:30:08,364 [INFO] ADCParametersView:116 -                Rank 1 : false
2024-09-11 16:30:08,364 [INFO] ADCParametersView:116 -                Rank 1 : false
2024-09-11 16:30:08,364 [INFO] ADCParametersView:116 -                Rank 1 : false
2024-09-11 16:30:08,394 [INFO] ADCParametersView:116 -                Rank 1 : false
2024-09-11 16:30:08,605 [INFO] ADCParametersView:116 -                Rank 1 : false
2024-09-11 16:30:08,605 [INFO] ADCParametersView:116 -                Rank 1 : false
2024-09-11 16:30:08,606 [INFO] ADCParametersView:116 -                Rank 1 : false
2024-09-11 16:30:08,606 [INFO] ADCParametersView:116 -                Rank 1 : false
2024-09-11 16:30:08,606 [INFO] ADCParametersView:116 -                Rank 1 : false
2024-09-11 16:30:08,606 [INFO] ADCParametersView:116 -                Rank 1 : false
2024-09-11 16:30:08,606 [INFO] ADCParametersView:116 -                Rank 1 : false
2024-09-11 16:30:08,606 [INFO] ADCParametersView:116 -                Rank 1 : false
2024-09-11 16:30:08,606 [INFO] ADCParametersView:116 -                Rank 1 : false
2024-09-11 16:30:08,607 [INFO] ADCParametersView:116 -                Rank 1 : false
2024-09-11 16:30:08,607 [INFO] ADCParametersView:116 -                Rank 1 : false
2024-09-11 16:30:08,607 [INFO] ADCParametersView:116 -                Rank 1 : false
2024-09-11 16:30:08,607 [INFO] ADCParametersView:116 -                Rank 1 : false
2024-09-11 16:30:08,607 [INFO] ADCParametersView:116 -                Rank 1 : false
2024-09-11 16:30:08,644 [INFO] ADCParametersView:116 -                Rank 1 : false
2024-09-11 16:30:08,678 [INFO] ADCParametersView:116 -                Rank 1 : false
2024-09-11 16:30:08,678 [INFO] ADCParametersView:116 -                Rank 1 : false
2024-09-11 16:30:08,678 [INFO] ADCParametersView:116 -                Rank 1 : false
2024-09-11 16:30:08,679 [INFO] ADCParametersView:116 -                Rank 1 : false
2024-09-11 16:30:08,679 [INFO] ADCParametersView:116 -                Rank 1 : false
2024-09-11 16:30:08,679 [INFO] ADCParametersView:116 -                Rank 1 : false
2024-09-11 16:30:08,679 [INFO] ADCParametersView:116 -                Rank 1 : false
2024-09-11 16:30:08,679 [INFO] ADCParametersView:116 -                Rank 1 : false
2024-09-11 16:30:08,679 [INFO] ADCParametersView:116 -                Rank 1 : false
2024-09-11 16:30:08,679 [INFO] ADCParametersView:116 -                Rank 1 : false
2024-09-11 16:30:08,679 [INFO] ADCParametersView:116 -                Rank 1 : false
2024-09-11 16:30:08,679 [INFO] ADCParametersView:116 -                Rank 1 : false
2024-09-11 16:30:08,680 [INFO] ADCParametersView:116 -                Rank 1 : false
2024-09-11 16:30:08,680 [INFO] ADCParametersView:116 -                Rank 1 : false
2024-09-11 16:30:08,713 [INFO] ADCParametersView:116 -                Rank 1 : false
2024-09-11 16:30:09,064 [INFO] ADCParametersView:116 -                Rank 1 : false
2024-09-11 16:30:09,072 [INFO] ADCParametersView:116 -                Rank 1 : false
2024-09-11 16:30:09,072 [INFO] ADCParametersView:116 -                Rank 1 : false
2024-09-11 16:30:09,072 [INFO] ADCParametersView:116 -                Rank 1 : false
2024-09-11 16:30:09,073 [INFO] ADCParametersView:116 -                Rank 1 : false
2024-09-11 16:30:09,073 [INFO] ADCParametersView:116 -                Rank 1 : false
2024-09-11 16:30:09,073 [INFO] ADCParametersView:116 -                Rank 1 : false
2024-09-11 16:30:09,073 [INFO] ADCParametersView:116 -                Rank 1 : false
2024-09-11 16:30:09,073 [INFO] ADCParametersView:116 -                Rank 1 : false
2024-09-11 16:30:09,073 [INFO] ADCParametersView:116 -                Rank 1 : false
2024-09-11 16:30:09,073 [INFO] ADCParametersView:116 -                Rank 1 : false
2024-09-11 16:30:09,073 [INFO] ADCParametersView:116 -                Rank 1 : false
2024-09-11 16:30:09,074 [INFO] ADCParametersView:116 -                Rank 1 : false
2024-09-11 16:30:09,074 [INFO] ADCParametersView:116 -                Rank 1 : false
2024-09-11 16:30:09,156 [INFO] ADCParametersView:116 -                Rank 1 : false
2024-09-11 16:30:09,231 [INFO] ADCParametersView:116 -                Rank 1 : false
2024-09-11 16:30:09,231 [INFO] ADCParametersView:116 -                Rank 1 : false
2024-09-11 16:30:09,232 [INFO] ADCParametersView:116 -                Rank 1 : false
2024-09-11 16:30:09,232 [INFO] ADCParametersView:116 -                Rank 1 : false
2024-09-11 16:30:09,232 [INFO] ADCParametersView:116 -                Rank 1 : false
2024-09-11 16:30:09,232 [INFO] ADCParametersView:116 -                Rank 1 : false
2024-09-11 16:30:09,232 [INFO] ADCParametersView:116 -                Rank 1 : false
2024-09-11 16:30:09,232 [INFO] ADCParametersView:116 -                Rank 1 : false
2024-09-11 16:30:09,232 [INFO] ADCParametersView:116 -                Rank 1 : false
2024-09-11 16:30:09,233 [INFO] ADCParametersView:116 -                Rank 1 : false
2024-09-11 16:30:09,233 [INFO] ADCParametersView:116 -                Rank 1 : false
2024-09-11 16:30:09,233 [INFO] ADCParametersView:116 -                Rank 1 : false
2024-09-11 16:30:09,233 [INFO] ADCParametersView:116 -                Rank 1 : false
2024-09-11 16:30:09,233 [INFO] ADCParametersView:116 -                Rank 1 : false
2024-09-11 16:30:09,273 [INFO] ADCParametersView:116 -                Rank 1 : false
2024-09-11 16:30:09,470 [INFO] ADCParametersView:116 -                Rank 1 : false
2024-09-11 16:30:09,471 [INFO] ADCParametersView:116 -                Rank 1 : false
2024-09-11 16:30:09,471 [INFO] ADCParametersView:116 -                Rank 1 : false
2024-09-11 16:30:09,472 [INFO] ADCParametersView:116 -                Rank 1 : false
2024-09-11 16:30:09,472 [INFO] ADCParametersView:116 -                Rank 1 : false
2024-09-11 16:30:09,472 [INFO] ADCParametersView:116 -                Rank 1 : false
2024-09-11 16:30:09,472 [INFO] ADCParametersView:116 -                Rank 1 : false
2024-09-11 16:30:09,472 [INFO] ADCParametersView:116 -                Rank 1 : false
2024-09-11 16:30:09,472 [INFO] ADCParametersView:116 -                Rank 1 : false
2024-09-11 16:30:09,472 [INFO] ADCParametersView:116 -                Rank 1 : false
2024-09-11 16:30:09,472 [INFO] ADCParametersView:116 -                Rank 1 : false
2024-09-11 16:30:09,473 [INFO] ADCParametersView:116 -                Rank 1 : false
2024-09-11 16:30:09,473 [INFO] ADCParametersView:116 -                Rank 1 : false
2024-09-11 16:30:09,473 [INFO] ADCParametersView:116 -                Rank 1 : false
2024-09-11 16:30:09,503 [INFO] ADCParametersView:116 -                Rank 1 : false
2024-09-11 16:30:09,543 [INFO] ADCParametersView:116 -                Rank 1 : false
2024-09-11 16:30:09,543 [INFO] ADCParametersView:116 -                Rank 1 : false
2024-09-11 16:30:09,543 [INFO] ADCParametersView:116 -                Rank 1 : false
2024-09-11 16:30:09,543 [INFO] ADCParametersView:116 -                Rank 1 : false
2024-09-11 16:30:09,544 [INFO] ADCParametersView:116 -                Rank 1 : false
2024-09-11 16:30:09,544 [INFO] ADCParametersView:116 -                Rank 1 : false
2024-09-11 16:30:09,544 [INFO] ADCParametersView:116 -                Rank 1 : false
2024-09-11 16:30:09,544 [INFO] ADCParametersView:116 -                Rank 1 : false
2024-09-11 16:30:09,544 [INFO] ADCParametersView:116 -                Rank 1 : false
2024-09-11 16:30:09,544 [INFO] ADCParametersView:116 -                Rank 1 : false
2024-09-11 16:30:09,544 [INFO] ADCParametersView:116 -                Rank 1 : false
2024-09-11 16:30:09,544 [INFO] ADCParametersView:116 -                Rank 1 : false
2024-09-11 16:30:09,544 [INFO] ADCParametersView:116 -                Rank 1 : false
2024-09-11 16:30:09,544 [INFO] ADCParametersView:116 -                Rank 1 : false
2024-09-11 16:30:09,575 [INFO] ADCParametersView:116 -                Rank 1 : false
2024-09-11 16:30:10,080 [INFO] ADCParametersView:116 -                Rank 1 : false
2024-09-11 16:30:10,084 [INFO] ADCParametersView:116 -                Rank 1 : false
2024-09-11 16:30:10,085 [INFO] ADCParametersView:116 -                Rank 1 : false
2024-09-11 16:30:10,085 [INFO] ADCParametersView:116 -                Rank 1 : false
2024-09-11 16:30:10,085 [INFO] ADCParametersView:116 -                Rank 1 : false
2024-09-11 16:30:10,085 [INFO] ADCParametersView:116 -                Rank 1 : false
2024-09-11 16:30:10,085 [INFO] ADCParametersView:116 -                Rank 1 : false
2024-09-11 16:30:10,085 [INFO] ADCParametersView:116 -                Rank 1 : false
2024-09-11 16:30:10,085 [INFO] ADCParametersView:116 -                Rank 1 : false
2024-09-11 16:30:10,086 [INFO] ADCParametersView:116 -                Rank 1 : false
2024-09-11 16:30:10,086 [INFO] ADCParametersView:116 -                Rank 1 : false
2024-09-11 16:30:10,086 [INFO] ADCParametersView:116 -                Rank 1 : false
2024-09-11 16:30:10,086 [INFO] ADCParametersView:116 -                Rank 1 : false
2024-09-11 16:30:10,086 [INFO] ADCParametersView:116 -                Rank 1 : false
2024-09-11 16:30:10,141 [INFO] ADCParametersView:116 -                Rank 1 : false
2024-09-11 16:30:10,240 [INFO] ADCParametersView:116 -                Rank 1 : false
2024-09-11 16:30:10,241 [INFO] ADCParametersView:116 -                Rank 1 : false
2024-09-11 16:30:10,242 [INFO] ADCParametersView:116 -                Rank 1 : false
2024-09-11 16:30:10,242 [INFO] ADCParametersView:116 -                Rank 1 : false
2024-09-11 16:30:10,242 [INFO] ADCParametersView:116 -                Rank 1 : false
2024-09-11 16:30:10,243 [INFO] ADCParametersView:116 -                Rank 1 : false
2024-09-11 16:30:10,243 [INFO] ADCParametersView:116 -                Rank 1 : false
2024-09-11 16:30:10,243 [INFO] ADCParametersView:116 -                Rank 1 : false
2024-09-11 16:30:10,243 [INFO] ADCParametersView:116 -                Rank 1 : false
2024-09-11 16:30:10,243 [INFO] ADCParametersView:116 -                Rank 1 : false
2024-09-11 16:30:10,243 [INFO] ADCParametersView:116 -                Rank 1 : false
2024-09-11 16:30:10,243 [INFO] ADCParametersView:116 -                Rank 1 : false
2024-09-11 16:30:10,243 [INFO] ADCParametersView:116 -                Rank 1 : false
2024-09-11 16:30:10,243 [INFO] ADCParametersView:116 -                Rank 1 : false
2024-09-11 16:30:10,317 [INFO] ADCParametersView:116 -                Rank 1 : false
2024-09-11 16:30:10,546 [INFO] ADCParametersView:116 -                Rank 1 : false
2024-09-11 16:30:10,548 [INFO] ADCParametersView:116 -                Rank 1 : false
2024-09-11 16:30:10,548 [INFO] ADCParametersView:116 -                Rank 1 : false
2024-09-11 16:30:10,548 [INFO] ADCParametersView:116 -                Rank 1 : false
2024-09-11 16:30:10,548 [INFO] ADCParametersView:116 -                Rank 1 : false
2024-09-11 16:30:10,548 [INFO] ADCParametersView:116 -                Rank 1 : false
2024-09-11 16:30:10,548 [INFO] ADCParametersView:116 -                Rank 1 : false
2024-09-11 16:30:10,549 [INFO] ADCParametersView:116 -                Rank 1 : false
2024-09-11 16:30:10,549 [INFO] ADCParametersView:116 -                Rank 1 : false
2024-09-11 16:30:10,549 [INFO] ADCParametersView:116 -                Rank 1 : false
2024-09-11 16:30:10,549 [INFO] ADCParametersView:116 -                Rank 1 : false
2024-09-11 16:30:10,549 [INFO] ADCParametersView:116 -                Rank 1 : false
2024-09-11 16:30:10,549 [INFO] ADCParametersView:116 -                Rank 1 : false
2024-09-11 16:30:10,549 [INFO] ADCParametersView:116 -                Rank 1 : false
2024-09-11 16:30:10,590 [INFO] ADCParametersView:116 -                Rank 1 : false
2024-09-11 16:30:10,654 [INFO] ADCParametersView:116 -                Rank 1 : false
2024-09-11 16:30:10,654 [INFO] ADCParametersView:116 -                Rank 1 : false
2024-09-11 16:30:10,654 [INFO] ADCParametersView:116 -                Rank 1 : false
2024-09-11 16:30:10,654 [INFO] ADCParametersView:116 -                Rank 1 : false
2024-09-11 16:30:10,655 [INFO] ADCParametersView:116 -                Rank 1 : false
2024-09-11 16:30:10,655 [INFO] ADCParametersView:116 -                Rank 1 : false
2024-09-11 16:30:10,655 [INFO] ADCParametersView:116 -                Rank 1 : false
2024-09-11 16:30:10,655 [INFO] ADCParametersView:116 -                Rank 1 : false
2024-09-11 16:30:10,655 [INFO] ADCParametersView:116 -                Rank 1 : false
2024-09-11 16:30:10,655 [INFO] ADCParametersView:116 -                Rank 1 : false
2024-09-11 16:30:10,655 [INFO] ADCParametersView:116 -                Rank 1 : false
2024-09-11 16:30:10,655 [INFO] ADCParametersView:116 -                Rank 1 : false
2024-09-11 16:30:10,655 [INFO] ADCParametersView:116 -                Rank 1 : false
2024-09-11 16:30:10,655 [INFO] ADCParametersView:116 -                Rank 1 : false
2024-09-11 16:30:10,698 [INFO] ADCParametersView:116 -                Rank 1 : false
2024-09-11 16:30:11,152 [INFO] ADCParametersView:116 -                Rank 1 : false
2024-09-11 16:30:11,157 [INFO] ADCParametersView:116 -                Rank 1 : false
2024-09-11 16:30:11,158 [INFO] ADCParametersView:116 -                Rank 1 : false
2024-09-11 16:30:11,158 [INFO] ADCParametersView:116 -                Rank 1 : false
2024-09-11 16:30:11,158 [INFO] ADCParametersView:116 -                Rank 1 : false
2024-09-11 16:30:11,158 [INFO] ADCParametersView:116 -                Rank 1 : false
2024-09-11 16:30:11,158 [INFO] ADCParametersView:116 -                Rank 1 : false
2024-09-11 16:30:11,158 [INFO] ADCParametersView:116 -                Rank 1 : false
2024-09-11 16:30:11,158 [INFO] ADCParametersView:116 -                Rank 1 : false
2024-09-11 16:30:11,159 [INFO] ADCParametersView:116 -                Rank 1 : false
2024-09-11 16:30:11,159 [INFO] ADCParametersView:116 -                Rank 1 : false
2024-09-11 16:30:11,159 [INFO] ADCParametersView:116 -                Rank 1 : false
2024-09-11 16:30:11,159 [INFO] ADCParametersView:116 -                Rank 1 : false
2024-09-11 16:30:11,159 [INFO] ADCParametersView:116 -                Rank 1 : false
2024-09-11 16:30:11,203 [INFO] ADCParametersView:116 -                Rank 1 : false
2024-09-11 16:30:11,271 [INFO] ADCParametersView:116 -                Rank 1 : false
2024-09-11 16:30:11,271 [INFO] ADCParametersView:116 -                Rank 1 : false
2024-09-11 16:30:11,271 [INFO] ADCParametersView:116 -                Rank 1 : false
2024-09-11 16:30:11,271 [INFO] ADCParametersView:116 -                Rank 1 : false
2024-09-11 16:30:11,272 [INFO] ADCParametersView:116 -                Rank 1 : false
2024-09-11 16:30:11,272 [INFO] ADCParametersView:116 -                Rank 1 : false
2024-09-11 16:30:11,272 [INFO] ADCParametersView:116 -                Rank 1 : false
2024-09-11 16:30:11,272 [INFO] ADCParametersView:116 -                Rank 1 : false
2024-09-11 16:30:11,272 [INFO] ADCParametersView:116 -                Rank 1 : false
2024-09-11 16:30:11,272 [INFO] ADCParametersView:116 -                Rank 1 : false
2024-09-11 16:30:11,272 [INFO] ADCParametersView:116 -                Rank 1 : false
2024-09-11 16:30:11,272 [INFO] ADCParametersView:116 -                Rank 1 : false
2024-09-11 16:30:11,272 [INFO] ADCParametersView:116 -                Rank 1 : false
2024-09-11 16:30:11,272 [INFO] ADCParametersView:116 -                Rank 1 : false
2024-09-11 16:30:11,306 [INFO] ADCParametersView:116 -                Rank 1 : false
2024-09-11 16:30:11,476 [INFO] ADCParametersView:116 -                Rank 1 : false
2024-09-11 16:30:11,476 [INFO] ADCParametersView:116 -                Rank 1 : false
2024-09-11 16:30:11,477 [INFO] ADCParametersView:116 -                Rank 1 : false
2024-09-11 16:30:11,477 [INFO] ADCParametersView:116 -                Rank 1 : false
2024-09-11 16:30:11,477 [INFO] ADCParametersView:116 -                Rank 1 : false
2024-09-11 16:30:11,477 [INFO] ADCParametersView:116 -                Rank 1 : false
2024-09-11 16:30:11,477 [INFO] ADCParametersView:116 -                Rank 1 : false
2024-09-11 16:30:11,477 [INFO] ADCParametersView:116 -                Rank 1 : false
2024-09-11 16:30:11,477 [INFO] ADCParametersView:116 -                Rank 1 : false
2024-09-11 16:30:11,477 [INFO] ADCParametersView:116 -                Rank 1 : false
2024-09-11 16:30:11,478 [INFO] ADCParametersView:116 -                Rank 1 : false
2024-09-11 16:30:11,478 [INFO] ADCParametersView:116 -                Rank 1 : false
2024-09-11 16:30:11,478 [INFO] ADCParametersView:116 -                Rank 1 : false
2024-09-11 16:30:11,478 [INFO] ADCParametersView:116 -                Rank 1 : false
2024-09-11 16:30:11,512 [INFO] ADCParametersView:116 -                Rank 1 : false
2024-09-11 16:30:11,556 [INFO] ADCParametersView:116 -                Rank 1 : false
2024-09-11 16:30:11,556 [INFO] ADCParametersView:116 -                Rank 1 : false
2024-09-11 16:30:11,556 [INFO] ADCParametersView:116 -                Rank 1 : false
2024-09-11 16:30:11,556 [INFO] ADCParametersView:116 -                Rank 1 : false
2024-09-11 16:30:11,557 [INFO] ADCParametersView:116 -                Rank 1 : false
2024-09-11 16:30:11,557 [INFO] ADCParametersView:116 -                Rank 1 : false
2024-09-11 16:30:11,557 [INFO] ADCParametersView:116 -                Rank 1 : false
2024-09-11 16:30:11,557 [INFO] ADCParametersView:116 -                Rank 1 : false
2024-09-11 16:30:11,557 [INFO] ADCParametersView:116 -                Rank 1 : false
2024-09-11 16:30:11,557 [INFO] ADCParametersView:116 -                Rank 1 : false
2024-09-11 16:30:11,557 [INFO] ADCParametersView:116 -                Rank 1 : false
2024-09-11 16:30:11,557 [INFO] ADCParametersView:116 -                Rank 1 : false
2024-09-11 16:30:11,557 [INFO] ADCParametersView:116 -                Rank 1 : false
2024-09-11 16:30:11,557 [INFO] ADCParametersView:116 -                Rank 1 : false
2024-09-11 16:30:11,590 [INFO] ADCParametersView:116 -                Rank 1 : false
2024-09-11 16:30:12,116 [INFO] ADCParametersView:116 -                Rank 1 : false
2024-09-11 16:30:12,119 [INFO] ADCParametersView:116 -                Rank 1 : false
2024-09-11 16:30:12,120 [INFO] ADCParametersView:116 -                Rank 1 : false
2024-09-11 16:30:12,120 [INFO] ADCParametersView:116 -                Rank 1 : false
2024-09-11 16:30:12,120 [INFO] ADCParametersView:116 -                Rank 1 : false
2024-09-11 16:30:12,120 [INFO] ADCParametersView:116 -                Rank 1 : false
2024-09-11 16:30:12,120 [INFO] ADCParametersView:116 -                Rank 1 : false
2024-09-11 16:30:12,120 [INFO] ADCParametersView:116 -                Rank 1 : false
2024-09-11 16:30:12,120 [INFO] ADCParametersView:116 -                Rank 1 : false
2024-09-11 16:30:12,120 [INFO] ADCParametersView:116 -                Rank 1 : false
2024-09-11 16:30:12,121 [INFO] ADCParametersView:116 -                Rank 1 : false
2024-09-11 16:30:12,121 [INFO] ADCParametersView:116 -                Rank 1 : false
2024-09-11 16:30:12,121 [INFO] ADCParametersView:116 -                Rank 1 : false
2024-09-11 16:30:12,121 [INFO] ADCParametersView:116 -                Rank 1 : false
2024-09-11 16:30:12,169 [INFO] ADCParametersView:116 -                Rank 1 : false
2024-09-11 16:30:12,338 [INFO] ADCParametersView:116 -                Rank 1 : false
2024-09-11 16:30:12,341 [INFO] ADCParametersView:116 -                Rank 1 : false
2024-09-11 16:30:12,341 [INFO] ADCParametersView:116 -                Rank 1 : false
2024-09-11 16:30:12,341 [INFO] ADCParametersView:116 -                Rank 1 : false
2024-09-11 16:30:12,341 [INFO] ADCParametersView:116 -                Rank 1 : false
2024-09-11 16:30:12,342 [INFO] ADCParametersView:116 -                Rank 1 : false
2024-09-11 16:30:12,342 [INFO] ADCParametersView:116 -                Rank 1 : false
2024-09-11 16:30:12,342 [INFO] ADCParametersView:116 -                Rank 1 : false
2024-09-11 16:30:12,342 [INFO] ADCParametersView:116 -                Rank 1 : false
2024-09-11 16:30:12,342 [INFO] ADCParametersView:116 -                Rank 1 : false
2024-09-11 16:30:12,342 [INFO] ADCParametersView:116 -                Rank 1 : false
2024-09-11 16:30:12,342 [INFO] ADCParametersView:116 -                Rank 1 : false
2024-09-11 16:30:12,342 [INFO] ADCParametersView:116 -                Rank 1 : false
2024-09-11 16:30:12,342 [INFO] ADCParametersView:116 -                Rank 1 : false
2024-09-11 16:30:12,378 [INFO] ADCParametersView:116 -                Rank 1 : false
2024-09-11 16:30:12,573 [INFO] ADCParametersView:116 -                Rank 1 : false
2024-09-11 16:30:12,575 [INFO] ADCParametersView:116 -                Rank 1 : false
2024-09-11 16:30:12,576 [INFO] ADCParametersView:116 -                Rank 1 : false
2024-09-11 16:30:12,577 [INFO] ADCParametersView:116 -                Rank 1 : false
2024-09-11 16:30:12,577 [INFO] ADCParametersView:116 -                Rank 1 : false
2024-09-11 16:30:12,577 [INFO] ADCParametersView:116 -                Rank 1 : false
2024-09-11 16:30:12,577 [INFO] ADCParametersView:116 -                Rank 1 : false
2024-09-11 16:30:12,577 [INFO] ADCParametersView:116 -                Rank 1 : false
2024-09-11 16:30:12,577 [INFO] ADCParametersView:116 -                Rank 1 : false
2024-09-11 16:30:12,577 [INFO] ADCParametersView:116 -                Rank 1 : false
2024-09-11 16:30:12,577 [INFO] ADCParametersView:116 -                Rank 1 : false
2024-09-11 16:30:12,578 [INFO] ADCParametersView:116 -                Rank 1 : false
2024-09-11 16:30:12,578 [INFO] ADCParametersView:116 -                Rank 1 : false
2024-09-11 16:30:12,578 [INFO] ADCParametersView:116 -                Rank 1 : false
2024-09-11 16:30:12,606 [INFO] ADCParametersView:116 -                Rank 1 : false
2024-09-11 16:30:12,645 [INFO] ADCParametersView:116 -                Rank 1 : false
2024-09-11 16:30:12,646 [INFO] ADCParametersView:116 -                Rank 1 : false
2024-09-11 16:30:12,646 [INFO] ADCParametersView:116 -                Rank 1 : false
2024-09-11 16:30:12,646 [INFO] ADCParametersView:116 -                Rank 1 : false
2024-09-11 16:30:12,646 [INFO] ADCParametersView:116 -                Rank 1 : false
2024-09-11 16:30:12,646 [INFO] ADCParametersView:116 -                Rank 1 : false
2024-09-11 16:30:12,646 [INFO] ADCParametersView:116 -                Rank 1 : false
2024-09-11 16:30:12,646 [INFO] ADCParametersView:116 -                Rank 1 : false
2024-09-11 16:30:12,647 [INFO] ADCParametersView:116 -                Rank 1 : false
2024-09-11 16:30:12,647 [INFO] ADCParametersView:116 -                Rank 1 : false
2024-09-11 16:30:12,647 [INFO] ADCParametersView:116 -                Rank 1 : false
2024-09-11 16:30:12,647 [INFO] ADCParametersView:116 -                Rank 1 : false
2024-09-11 16:30:12,647 [INFO] ADCParametersView:116 -                Rank 1 : false
2024-09-11 16:30:12,647 [INFO] ADCParametersView:116 -                Rank 1 : false
2024-09-11 16:30:12,674 [INFO] ADCParametersView:116 -                Rank 1 : false
2024-09-11 16:30:13,429 [INFO] ADCParametersView:116 -                Rank 1 : false
2024-09-11 16:30:13,430 [INFO] ADCParametersView:116 -                Rank 1 : false
2024-09-11 16:30:13,430 [INFO] ADCParametersView:116 -                Rank 1 : false
2024-09-11 16:30:13,430 [INFO] ADCParametersView:116 -                Rank 1 : false
2024-09-11 16:30:13,430 [INFO] ADCParametersView:116 -                Rank 1 : false
2024-09-11 16:30:13,430 [INFO] ADCParametersView:116 -                Rank 1 : false
2024-09-11 16:30:13,431 [INFO] ADCParametersView:116 -                Rank 1 : false
2024-09-11 16:30:13,431 [INFO] ADCParametersView:116 -                Rank 1 : false
2024-09-11 16:30:13,431 [INFO] ADCParametersView:116 -                Rank 1 : false
2024-09-11 16:30:13,431 [INFO] ADCParametersView:116 -                Rank 1 : false
2024-09-11 16:30:13,431 [INFO] ADCParametersView:116 -                Rank 1 : false
2024-09-11 16:30:13,431 [INFO] ADCParametersView:116 -                Rank 1 : false
2024-09-11 16:30:13,431 [INFO] ADCParametersView:116 -                Rank 1 : false
2024-09-11 16:30:13,431 [INFO] ADCParametersView:116 -                Rank 1 : false
2024-09-11 16:30:13,576 [INFO] ADCParametersView:116 -                Rank 1 : false
2024-09-11 16:30:13,655 [INFO] ADCParametersView:116 -                Rank 1 : false
2024-09-11 16:30:13,655 [INFO] ADCParametersView:116 -                Rank 1 : false
2024-09-11 16:30:13,655 [INFO] ADCParametersView:116 -                Rank 1 : false
2024-09-11 16:30:13,655 [INFO] ADCParametersView:116 -                Rank 1 : false
2024-09-11 16:30:13,655 [INFO] ADCParametersView:116 -                Rank 1 : false
2024-09-11 16:30:13,656 [INFO] ADCParametersView:116 -                Rank 1 : false
2024-09-11 16:30:13,656 [INFO] ADCParametersView:116 -                Rank 1 : false
2024-09-11 16:30:13,656 [INFO] ADCParametersView:116 -                Rank 1 : false
2024-09-11 16:30:13,656 [INFO] ADCParametersView:116 -                Rank 1 : false
2024-09-11 16:30:13,656 [INFO] ADCParametersView:116 -                Rank 1 : false
2024-09-11 16:30:13,656 [INFO] ADCParametersView:116 -                Rank 1 : false
2024-09-11 16:30:13,656 [INFO] ADCParametersView:116 -                Rank 1 : false
2024-09-11 16:30:13,656 [INFO] ADCParametersView:116 -                Rank 1 : false
2024-09-11 16:30:13,656 [INFO] ADCParametersView:116 -                Rank 1 : false
2024-09-11 16:30:13,690 [INFO] ADCParametersView:116 -                Rank 1 : false
2024-09-11 16:30:13,875 [INFO] ADCParametersView:116 -                Rank 1 : false
2024-09-11 16:30:13,876 [INFO] ADCParametersView:116 -                Rank 1 : false
2024-09-11 16:30:13,876 [INFO] ADCParametersView:116 -                Rank 1 : false
2024-09-11 16:30:13,876 [INFO] ADCParametersView:116 -                Rank 1 : false
2024-09-11 16:30:13,876 [INFO] ADCParametersView:116 -                Rank 1 : false
2024-09-11 16:30:13,876 [INFO] ADCParametersView:116 -                Rank 1 : false
2024-09-11 16:30:13,877 [INFO] ADCParametersView:116 -                Rank 1 : false
2024-09-11 16:30:13,877 [INFO] ADCParametersView:116 -                Rank 1 : false
2024-09-11 16:30:13,877 [INFO] ADCParametersView:116 -                Rank 1 : false
2024-09-11 16:30:13,877 [INFO] ADCParametersView:116 -                Rank 1 : false
2024-09-11 16:30:13,877 [INFO] ADCParametersView:116 -                Rank 1 : false
2024-09-11 16:30:13,877 [INFO] ADCParametersView:116 -                Rank 1 : false
2024-09-11 16:30:13,877 [INFO] ADCParametersView:116 -                Rank 1 : false
2024-09-11 16:30:13,878 [INFO] ADCParametersView:116 -                Rank 1 : false
2024-09-11 16:30:13,910 [INFO] ADCParametersView:116 -                Rank 1 : false
2024-09-11 16:30:13,949 [INFO] ADCParametersView:116 -                Rank 1 : false
2024-09-11 16:30:13,949 [INFO] ADCParametersView:116 -                Rank 1 : false
2024-09-11 16:30:13,949 [INFO] ADCParametersView:116 -                Rank 1 : false
2024-09-11 16:30:13,949 [INFO] ADCParametersView:116 -                Rank 1 : false
2024-09-11 16:30:13,949 [INFO] ADCParametersView:116 -                Rank 1 : false
2024-09-11 16:30:13,949 [INFO] ADCParametersView:116 -                Rank 1 : false
2024-09-11 16:30:13,949 [INFO] ADCParametersView:116 -                Rank 1 : false
2024-09-11 16:30:13,950 [INFO] ADCParametersView:116 -                Rank 1 : false
2024-09-11 16:30:13,950 [INFO] ADCParametersView:116 -                Rank 1 : false
2024-09-11 16:30:13,950 [INFO] ADCParametersView:116 -                Rank 1 : false
2024-09-11 16:30:13,950 [INFO] ADCParametersView:116 -                Rank 1 : false
2024-09-11 16:30:13,950 [INFO] ADCParametersView:116 -                Rank 1 : false
2024-09-11 16:30:13,950 [INFO] ADCParametersView:116 -                Rank 1 : false
2024-09-11 16:30:13,950 [INFO] ADCParametersView:116 -                Rank 1 : false
2024-09-11 16:30:13,978 [INFO] ADCParametersView:116 -                Rank 1 : false
2024-09-11 16:30:24,755 [INFO] ADCParametersView:116 -                Rank 1 : false
2024-09-11 16:30:24,756 [INFO] ADCParametersView:116 -                Rank 1 : false
2024-09-11 16:30:24,756 [INFO] ADCParametersView:116 -                Rank 1 : false
2024-09-11 16:30:24,756 [INFO] ADCParametersView:116 -                Rank 1 : false
2024-09-11 16:30:24,757 [INFO] ADCParametersView:116 -                Rank 1 : false
2024-09-11 16:30:24,757 [INFO] ADCParametersView:116 -                Rank 1 : false
2024-09-11 16:30:24,757 [INFO] ADCParametersView:116 -                Rank 1 : false
2024-09-11 16:30:24,757 [INFO] ADCParametersView:116 -                Rank 1 : false
2024-09-11 16:30:24,757 [INFO] ADCParametersView:116 -                Rank 1 : false
2024-09-11 16:30:24,757 [INFO] ADCParametersView:116 -                Rank 1 : false
2024-09-11 16:30:24,757 [INFO] ADCParametersView:116 -                Rank 1 : false
2024-09-11 16:30:24,757 [INFO] ADCParametersView:116 -                Rank 1 : false
2024-09-11 16:30:24,757 [INFO] ADCParametersView:116 -                Rank 1 : false
2024-09-11 16:30:24,757 [INFO] ADCParametersView:116 -                Rank 1 : false
2024-09-11 16:30:24,799 [INFO] ADCParametersView:116 -                Rank 1 : false
2024-09-11 16:30:24,845 [INFO] ADCParametersView:116 -                Rank 1 : false
2024-09-11 16:30:24,845 [INFO] ADCParametersView:116 -                Rank 1 : false
2024-09-11 16:30:24,845 [INFO] ADCParametersView:116 -                Rank 1 : false
2024-09-11 16:30:24,845 [INFO] ADCParametersView:116 -                Rank 1 : false
2024-09-11 16:30:24,846 [INFO] ADCParametersView:116 -                Rank 1 : false
2024-09-11 16:30:24,846 [INFO] ADCParametersView:116 -                Rank 1 : false
2024-09-11 16:30:24,847 [INFO] ADCParametersView:116 -                Rank 1 : false
2024-09-11 16:30:24,847 [INFO] ADCParametersView:116 -                Rank 1 : false
2024-09-11 16:30:24,847 [INFO] ADCParametersView:116 -                Rank 1 : false
2024-09-11 16:30:24,847 [INFO] ADCParametersView:116 -                Rank 1 : false
2024-09-11 16:30:24,847 [INFO] ADCParametersView:116 -                Rank 1 : false
2024-09-11 16:30:24,847 [INFO] ADCParametersView:116 -                Rank 1 : false
2024-09-11 16:30:24,848 [INFO] ADCParametersView:116 -                Rank 1 : false
2024-09-11 16:30:24,848 [INFO] ADCParametersView:116 -                Rank 1 : false
2024-09-11 16:30:24,881 [INFO] ADCParametersView:116 -                Rank 1 : false
2024-09-11 16:30:25,121 [INFO] ADCParametersView:116 -                Rank 1 : false
2024-09-11 16:30:25,127 [INFO] ADCParametersView:116 -                Rank 1 : false
2024-09-11 16:30:25,127 [INFO] ADCParametersView:116 -                Rank 1 : false
2024-09-11 16:30:25,127 [INFO] ADCParametersView:116 -                Rank 1 : false
2024-09-11 16:30:25,127 [INFO] ADCParametersView:116 -                Rank 1 : false
2024-09-11 16:30:25,127 [INFO] ADCParametersView:116 -                Rank 1 : false
2024-09-11 16:30:25,127 [INFO] ADCParametersView:116 -                Rank 1 : false
2024-09-11 16:30:25,128 [INFO] ADCParametersView:116 -                Rank 1 : false
2024-09-11 16:30:25,128 [INFO] ADCParametersView:116 -                Rank 1 : false
2024-09-11 16:30:25,128 [INFO] ADCParametersView:116 -                Rank 1 : false
2024-09-11 16:30:25,128 [INFO] ADCParametersView:116 -                Rank 1 : false
2024-09-11 16:30:25,128 [INFO] ADCParametersView:116 -                Rank 1 : false
2024-09-11 16:30:25,128 [INFO] ADCParametersView:116 -                Rank 1 : false
2024-09-11 16:30:25,128 [INFO] ADCParametersView:116 -                Rank 1 : false
2024-09-11 16:30:25,196 [INFO] ADCParametersView:116 -                Rank 1 : false
2024-09-11 16:30:25,262 [INFO] ADCParametersView:116 -                Rank 1 : false
2024-09-11 16:30:25,262 [INFO] ADCParametersView:116 -                Rank 1 : false
2024-09-11 16:30:25,262 [INFO] ADCParametersView:116 -                Rank 1 : false
2024-09-11 16:30:25,263 [INFO] ADCParametersView:116 -                Rank 1 : false
2024-09-11 16:30:25,263 [INFO] ADCParametersView:116 -                Rank 1 : false
2024-09-11 16:30:25,263 [INFO] ADCParametersView:116 -                Rank 1 : false
2024-09-11 16:30:25,263 [INFO] ADCParametersView:116 -                Rank 1 : false
2024-09-11 16:30:25,263 [INFO] ADCParametersView:116 -                Rank 1 : false
2024-09-11 16:30:25,263 [INFO] ADCParametersView:116 -                Rank 1 : false
2024-09-11 16:30:25,263 [INFO] ADCParametersView:116 -                Rank 1 : false
2024-09-11 16:30:25,263 [INFO] ADCParametersView:116 -                Rank 1 : false
2024-09-11 16:30:25,263 [INFO] ADCParametersView:116 -                Rank 1 : false
2024-09-11 16:30:25,264 [INFO] ADCParametersView:116 -                Rank 1 : false
2024-09-11 16:30:25,264 [INFO] ADCParametersView:116 -                Rank 1 : false
2024-09-11 16:30:25,303 [INFO] ADCParametersView:116 -                Rank 1 : false
2024-09-11 16:30:25,828 [INFO] ADCParametersView:116 -                Rank 1 : false
2024-09-11 16:30:25,828 [INFO] ADCParametersView:116 -                Rank 1 : false
2024-09-11 16:30:25,829 [INFO] ADCParametersView:116 -                Rank 1 : false
2024-09-11 16:30:25,829 [INFO] ADCParametersView:116 -                Rank 1 : false
2024-09-11 16:30:25,829 [INFO] ADCParametersView:116 -                Rank 1 : false
2024-09-11 16:30:25,829 [INFO] ADCParametersView:116 -                Rank 1 : false
2024-09-11 16:30:25,829 [INFO] ADCParametersView:116 -                Rank 1 : false
2024-09-11 16:30:25,829 [INFO] ADCParametersView:116 -                Rank 1 : false
2024-09-11 16:30:25,829 [INFO] ADCParametersView:116 -                Rank 1 : false
2024-09-11 16:30:25,829 [INFO] ADCParametersView:116 -                Rank 1 : false
2024-09-11 16:30:25,830 [INFO] ADCParametersView:116 -                Rank 1 : false
2024-09-11 16:30:25,830 [INFO] ADCParametersView:116 -                Rank 1 : false
2024-09-11 16:30:25,830 [INFO] ADCParametersView:116 -                Rank 1 : false
2024-09-11 16:30:25,830 [INFO] ADCParametersView:116 -                Rank 1 : false
2024-09-11 16:30:25,860 [INFO] ADCParametersView:116 -                Rank 1 : false
2024-09-11 16:30:25,896 [INFO] ADCParametersView:116 -                Rank 1 : false
2024-09-11 16:30:25,896 [INFO] ADCParametersView:116 -                Rank 1 : false
2024-09-11 16:30:25,896 [INFO] ADCParametersView:116 -                Rank 1 : false
2024-09-11 16:30:25,896 [INFO] ADCParametersView:116 -                Rank 1 : false
2024-09-11 16:30:25,897 [INFO] ADCParametersView:116 -                Rank 1 : false
2024-09-11 16:30:25,897 [INFO] ADCParametersView:116 -                Rank 1 : false
2024-09-11 16:30:25,897 [INFO] ADCParametersView:116 -                Rank 1 : false
2024-09-11 16:30:25,897 [INFO] ADCParametersView:116 -                Rank 1 : false
2024-09-11 16:30:25,897 [INFO] ADCParametersView:116 -                Rank 1 : false
2024-09-11 16:30:25,897 [INFO] ADCParametersView:116 -                Rank 1 : false
2024-09-11 16:30:25,897 [INFO] ADCParametersView:116 -                Rank 1 : false
2024-09-11 16:30:25,897 [INFO] ADCParametersView:116 -                Rank 1 : false
2024-09-11 16:30:25,897 [INFO] ADCParametersView:116 -                Rank 1 : false
2024-09-11 16:30:25,897 [INFO] ADCParametersView:116 -                Rank 1 : false
2024-09-11 16:30:25,926 [INFO] ADCParametersView:116 -                Rank 1 : false
2024-09-11 16:30:26,064 [INFO] ADCParametersView:116 -                Rank 1 : false
2024-09-11 16:30:26,064 [INFO] ADCParametersView:116 -                Rank 1 : false
2024-09-11 16:30:26,065 [INFO] ADCParametersView:116 -                Rank 1 : false
2024-09-11 16:30:26,065 [INFO] ADCParametersView:116 -                Rank 1 : false
2024-09-11 16:30:26,065 [INFO] ADCParametersView:116 -                Rank 1 : false
2024-09-11 16:30:26,065 [INFO] ADCParametersView:116 -                Rank 1 : false
2024-09-11 16:30:26,065 [INFO] ADCParametersView:116 -                Rank 1 : false
2024-09-11 16:30:26,065 [INFO] ADCParametersView:116 -                Rank 1 : false
2024-09-11 16:30:26,065 [INFO] ADCParametersView:116 -                Rank 1 : false
2024-09-11 16:30:26,065 [INFO] ADCParametersView:116 -                Rank 1 : false
2024-09-11 16:30:26,066 [INFO] ADCParametersView:116 -                Rank 1 : false
2024-09-11 16:30:26,066 [INFO] ADCParametersView:116 -                Rank 1 : false
2024-09-11 16:30:26,066 [INFO] ADCParametersView:116 -                Rank 1 : false
2024-09-11 16:30:26,066 [INFO] ADCParametersView:116 -                Rank 1 : false
2024-09-11 16:30:26,099 [INFO] ADCParametersView:116 -                Rank 1 : false
2024-09-11 16:30:26,151 [INFO] ADCParametersView:116 -                Rank 1 : false
2024-09-11 16:30:26,151 [INFO] ADCParametersView:116 -                Rank 1 : false
2024-09-11 16:30:26,151 [INFO] ADCParametersView:116 -                Rank 1 : false
2024-09-11 16:30:26,152 [INFO] ADCParametersView:116 -                Rank 1 : false
2024-09-11 16:30:26,152 [INFO] ADCParametersView:116 -                Rank 1 : false
2024-09-11 16:30:26,152 [INFO] ADCParametersView:116 -                Rank 1 : false
2024-09-11 16:30:26,152 [INFO] ADCParametersView:116 -                Rank 1 : false
2024-09-11 16:30:26,152 [INFO] ADCParametersView:116 -                Rank 1 : false
2024-09-11 16:30:26,152 [INFO] ADCParametersView:116 -                Rank 1 : false
2024-09-11 16:30:26,152 [INFO] ADCParametersView:116 -                Rank 1 : false
2024-09-11 16:30:26,152 [INFO] ADCParametersView:116 -                Rank 1 : false
2024-09-11 16:30:26,153 [INFO] ADCParametersView:116 -                Rank 1 : false
2024-09-11 16:30:26,153 [INFO] ADCParametersView:116 -                Rank 1 : false
2024-09-11 16:30:26,153 [INFO] ADCParametersView:116 -                Rank 1 : false
2024-09-11 16:30:26,198 [INFO] ADCParametersView:116 -                Rank 1 : false
2024-09-11 16:30:26,668 [INFO] ADCParametersView:116 -                Rank 1 : false
2024-09-11 16:30:26,672 [INFO] ADCParametersView:116 -                Rank 1 : false
2024-09-11 16:30:26,672 [INFO] ADCParametersView:116 -                Rank 1 : false
2024-09-11 16:30:26,672 [INFO] ADCParametersView:116 -                Rank 1 : false
2024-09-11 16:30:26,672 [INFO] ADCParametersView:116 -                Rank 1 : false
2024-09-11 16:30:26,672 [INFO] ADCParametersView:116 -                Rank 1 : false
2024-09-11 16:30:26,672 [INFO] ADCParametersView:116 -                Rank 1 : false
2024-09-11 16:30:26,673 [INFO] ADCParametersView:116 -                Rank 1 : false
2024-09-11 16:30:26,673 [INFO] ADCParametersView:116 -                Rank 1 : false
2024-09-11 16:30:26,673 [INFO] ADCParametersView:116 -                Rank 1 : false
2024-09-11 16:30:26,673 [INFO] ADCParametersView:116 -                Rank 1 : false
2024-09-11 16:30:26,673 [INFO] ADCParametersView:116 -                Rank 1 : false
2024-09-11 16:30:26,673 [INFO] ADCParametersView:116 -                Rank 1 : false
2024-09-11 16:30:26,673 [INFO] ADCParametersView:116 -                Rank 1 : false
2024-09-11 16:30:26,711 [INFO] ADCParametersView:116 -                Rank 1 : false
2024-09-11 16:30:26,775 [INFO] ADCParametersView:116 -                Rank 1 : false
2024-09-11 16:30:26,776 [INFO] ADCParametersView:116 -                Rank 1 : false
2024-09-11 16:30:26,776 [INFO] ADCParametersView:116 -                Rank 1 : false
2024-09-11 16:30:26,776 [INFO] ADCParametersView:116 -                Rank 1 : false
2024-09-11 16:30:26,776 [INFO] ADCParametersView:116 -                Rank 1 : false
2024-09-11 16:30:26,776 [INFO] ADCParametersView:116 -                Rank 1 : false
2024-09-11 16:30:26,777 [INFO] ADCParametersView:116 -                Rank 1 : false
2024-09-11 16:30:26,777 [INFO] ADCParametersView:116 -                Rank 1 : false
2024-09-11 16:30:26,777 [INFO] ADCParametersView:116 -                Rank 1 : false
2024-09-11 16:30:26,777 [INFO] ADCParametersView:116 -                Rank 1 : false
2024-09-11 16:30:26,777 [INFO] ADCParametersView:116 -                Rank 1 : false
2024-09-11 16:30:26,777 [INFO] ADCParametersView:116 -                Rank 1 : false
2024-09-11 16:30:26,777 [INFO] ADCParametersView:116 -                Rank 1 : false
2024-09-11 16:30:26,777 [INFO] ADCParametersView:116 -                Rank 1 : false
2024-09-11 16:30:26,810 [INFO] ADCParametersView:116 -                Rank 1 : false
2024-09-11 16:30:26,954 [INFO] ADCParametersView:116 -                Rank 1 : false
2024-09-11 16:30:26,954 [INFO] ADCParametersView:116 -                Rank 1 : false
2024-09-11 16:30:26,955 [INFO] ADCParametersView:116 -                Rank 1 : false
2024-09-11 16:30:26,955 [INFO] ADCParametersView:116 -                Rank 1 : false
2024-09-11 16:30:26,955 [INFO] ADCParametersView:116 -                Rank 1 : false
2024-09-11 16:30:26,955 [INFO] ADCParametersView:116 -                Rank 1 : false
2024-09-11 16:30:26,955 [INFO] ADCParametersView:116 -                Rank 1 : false
2024-09-11 16:30:26,955 [INFO] ADCParametersView:116 -                Rank 1 : false
2024-09-11 16:30:26,955 [INFO] ADCParametersView:116 -                Rank 1 : false
2024-09-11 16:30:26,956 [INFO] ADCParametersView:116 -                Rank 1 : false
2024-09-11 16:30:26,956 [INFO] ADCParametersView:116 -                Rank 1 : false
2024-09-11 16:30:26,956 [INFO] ADCParametersView:116 -                Rank 1 : false
2024-09-11 16:30:26,956 [INFO] ADCParametersView:116 -                Rank 1 : false
2024-09-11 16:30:26,956 [INFO] ADCParametersView:116 -                Rank 1 : false
2024-09-11 16:30:26,986 [INFO] ADCParametersView:116 -                Rank 1 : false
2024-09-11 16:30:27,023 [INFO] ADCParametersView:116 -                Rank 1 : false
2024-09-11 16:30:27,024 [INFO] ADCParametersView:116 -                Rank 1 : false
2024-09-11 16:30:27,024 [INFO] ADCParametersView:116 -                Rank 1 : false
2024-09-11 16:30:27,024 [INFO] ADCParametersView:116 -                Rank 1 : false
2024-09-11 16:30:27,024 [INFO] ADCParametersView:116 -                Rank 1 : false
2024-09-11 16:30:27,024 [INFO] ADCParametersView:116 -                Rank 1 : false
2024-09-11 16:30:27,024 [INFO] ADCParametersView:116 -                Rank 1 : false
2024-09-11 16:30:27,024 [INFO] ADCParametersView:116 -                Rank 1 : false
2024-09-11 16:30:27,025 [INFO] ADCParametersView:116 -                Rank 1 : false
2024-09-11 16:30:27,025 [INFO] ADCParametersView:116 -                Rank 1 : false
2024-09-11 16:30:27,025 [INFO] ADCParametersView:116 -                Rank 1 : false
2024-09-11 16:30:27,025 [INFO] ADCParametersView:116 -                Rank 1 : false
2024-09-11 16:30:27,025 [INFO] ADCParametersView:116 -                Rank 1 : false
2024-09-11 16:30:27,025 [INFO] ADCParametersView:116 -                Rank 1 : false
2024-09-11 16:30:27,053 [INFO] ADCParametersView:116 -                Rank 1 : false
2024-09-11 16:30:27,473 [INFO] ADCParametersView:116 -                Rank 1 : false
2024-09-11 16:30:27,480 [INFO] ADCParametersView:116 -                Rank 1 : false
2024-09-11 16:30:27,480 [INFO] ADCParametersView:116 -                Rank 1 : false
2024-09-11 16:30:27,480 [INFO] ADCParametersView:116 -                Rank 1 : false
2024-09-11 16:30:27,480 [INFO] ADCParametersView:116 -                Rank 1 : false
2024-09-11 16:30:27,480 [INFO] ADCParametersView:116 -                Rank 1 : false
2024-09-11 16:30:27,480 [INFO] ADCParametersView:116 -                Rank 1 : false
2024-09-11 16:30:27,480 [INFO] ADCParametersView:116 -                Rank 1 : false
2024-09-11 16:30:27,481 [INFO] ADCParametersView:116 -                Rank 1 : false
2024-09-11 16:30:27,481 [INFO] ADCParametersView:116 -                Rank 1 : false
2024-09-11 16:30:27,481 [INFO] ADCParametersView:116 -                Rank 1 : false
2024-09-11 16:30:27,481 [INFO] ADCParametersView:116 -                Rank 1 : false
2024-09-11 16:30:27,481 [INFO] ADCParametersView:116 -                Rank 1 : false
2024-09-11 16:30:27,481 [INFO] ADCParametersView:116 -                Rank 1 : false
2024-09-11 16:30:27,554 [INFO] ADCParametersView:116 -                Rank 1 : false
2024-09-11 16:30:27,637 [INFO] ADCParametersView:116 -                Rank 1 : false
2024-09-11 16:30:27,637 [INFO] ADCParametersView:116 -                Rank 1 : false
2024-09-11 16:30:27,637 [INFO] ADCParametersView:116 -                Rank 1 : false
2024-09-11 16:30:27,637 [INFO] ADCParametersView:116 -                Rank 1 : false
2024-09-11 16:30:27,638 [INFO] ADCParametersView:116 -                Rank 1 : false
2024-09-11 16:30:27,638 [INFO] ADCParametersView:116 -                Rank 1 : false
2024-09-11 16:30:27,638 [INFO] ADCParametersView:116 -                Rank 1 : false
2024-09-11 16:30:27,638 [INFO] ADCParametersView:116 -                Rank 1 : false
2024-09-11 16:30:27,638 [INFO] ADCParametersView:116 -                Rank 1 : false
2024-09-11 16:30:27,638 [INFO] ADCParametersView:116 -                Rank 1 : false
2024-09-11 16:30:27,638 [INFO] ADCParametersView:116 -                Rank 1 : false
2024-09-11 16:30:27,638 [INFO] ADCParametersView:116 -                Rank 1 : false
2024-09-11 16:30:27,638 [INFO] ADCParametersView:116 -                Rank 1 : false
2024-09-11 16:30:27,638 [INFO] ADCParametersView:116 -                Rank 1 : false
2024-09-11 16:30:27,668 [INFO] ADCParametersView:116 -                Rank 1 : false
2024-09-11 16:30:27,838 [INFO] ADCParametersView:116 -                Rank 1 : false
2024-09-11 16:30:27,838 [INFO] ADCParametersView:116 -                Rank 1 : false
2024-09-11 16:30:27,839 [INFO] ADCParametersView:116 -                Rank 1 : false
2024-09-11 16:30:27,839 [INFO] ADCParametersView:116 -                Rank 1 : false
2024-09-11 16:30:27,839 [INFO] ADCParametersView:116 -                Rank 1 : false
2024-09-11 16:30:27,839 [INFO] ADCParametersView:116 -                Rank 1 : false
2024-09-11 16:30:27,839 [INFO] ADCParametersView:116 -                Rank 1 : false
2024-09-11 16:30:27,839 [INFO] ADCParametersView:116 -                Rank 1 : false
2024-09-11 16:30:27,839 [INFO] ADCParametersView:116 -                Rank 1 : false
2024-09-11 16:30:27,839 [INFO] ADCParametersView:116 -                Rank 1 : false
2024-09-11 16:30:27,839 [INFO] ADCParametersView:116 -                Rank 1 : false
2024-09-11 16:30:27,840 [INFO] ADCParametersView:116 -                Rank 1 : false
2024-09-11 16:30:27,840 [INFO] ADCParametersView:116 -                Rank 1 : false
2024-09-11 16:30:27,840 [INFO] ADCParametersView:116 -                Rank 1 : false
2024-09-11 16:30:27,868 [INFO] ADCParametersView:116 -                Rank 1 : false
2024-09-11 16:30:27,907 [INFO] ADCParametersView:116 -                Rank 1 : false
2024-09-11 16:30:27,907 [INFO] ADCParametersView:116 -                Rank 1 : false
2024-09-11 16:30:27,908 [INFO] ADCParametersView:116 -                Rank 1 : false
2024-09-11 16:30:27,908 [INFO] ADCParametersView:116 -                Rank 1 : false
2024-09-11 16:30:27,908 [INFO] ADCParametersView:116 -                Rank 1 : false
2024-09-11 16:30:27,908 [INFO] ADCParametersView:116 -                Rank 1 : false
2024-09-11 16:30:27,908 [INFO] ADCParametersView:116 -                Rank 1 : false
2024-09-11 16:30:27,908 [INFO] ADCParametersView:116 -                Rank 1 : false
2024-09-11 16:30:27,908 [INFO] ADCParametersView:116 -                Rank 1 : false
2024-09-11 16:30:27,909 [INFO] ADCParametersView:116 -                Rank 1 : false
2024-09-11 16:30:27,909 [INFO] ADCParametersView:116 -                Rank 1 : false
2024-09-11 16:30:27,909 [INFO] ADCParametersView:116 -                Rank 1 : false
2024-09-11 16:30:27,909 [INFO] ADCParametersView:116 -                Rank 1 : false
2024-09-11 16:30:27,909 [INFO] ADCParametersView:116 -                Rank 1 : false
2024-09-11 16:30:27,937 [INFO] ADCParametersView:116 -                Rank 1 : false
2024-09-11 16:30:28,271 [INFO] ADCParametersView:116 -                Rank 1 : false
2024-09-11 16:30:28,272 [INFO] ADCParametersView:116 -                Rank 1 : false
2024-09-11 16:30:28,272 [INFO] ADCParametersView:116 -                Rank 1 : false
2024-09-11 16:30:28,272 [INFO] ADCParametersView:116 -                Rank 1 : false
2024-09-11 16:30:28,272 [INFO] ADCParametersView:116 -                Rank 1 : false
2024-09-11 16:30:28,272 [INFO] ADCParametersView:116 -                Rank 1 : false
2024-09-11 16:30:28,272 [INFO] ADCParametersView:116 -                Rank 1 : false
2024-09-11 16:30:28,273 [INFO] ADCParametersView:116 -                Rank 1 : false
2024-09-11 16:30:28,273 [INFO] ADCParametersView:116 -                Rank 1 : false
2024-09-11 16:30:28,273 [INFO] ADCParametersView:116 -                Rank 1 : false
2024-09-11 16:30:28,273 [INFO] ADCParametersView:116 -                Rank 1 : false
2024-09-11 16:30:28,273 [INFO] ADCParametersView:116 -                Rank 1 : false
2024-09-11 16:30:28,273 [INFO] ADCParametersView:116 -                Rank 1 : false
2024-09-11 16:30:28,273 [INFO] ADCParametersView:116 -                Rank 1 : false
2024-09-11 16:30:28,309 [INFO] ADCParametersView:116 -                Rank 1 : false
2024-09-11 16:30:28,352 [INFO] ADCParametersView:116 -                Rank 1 : false
2024-09-11 16:30:28,352 [INFO] ADCParametersView:116 -                Rank 1 : false
2024-09-11 16:30:28,352 [INFO] ADCParametersView:116 -                Rank 1 : false
2024-09-11 16:30:28,352 [INFO] ADCParametersView:116 -                Rank 1 : false
2024-09-11 16:30:28,352 [INFO] ADCParametersView:116 -                Rank 1 : false
2024-09-11 16:30:28,352 [INFO] ADCParametersView:116 -                Rank 1 : false
2024-09-11 16:30:28,353 [INFO] ADCParametersView:116 -                Rank 1 : false
2024-09-11 16:30:28,353 [INFO] ADCParametersView:116 -                Rank 1 : false
2024-09-11 16:30:28,353 [INFO] ADCParametersView:116 -                Rank 1 : false
2024-09-11 16:30:28,353 [INFO] ADCParametersView:116 -                Rank 1 : false
2024-09-11 16:30:28,353 [INFO] ADCParametersView:116 -                Rank 1 : false
2024-09-11 16:30:28,353 [INFO] ADCParametersView:116 -                Rank 1 : false
2024-09-11 16:30:28,353 [INFO] ADCParametersView:116 -                Rank 1 : false
2024-09-11 16:30:28,353 [INFO] ADCParametersView:116 -                Rank 1 : false
2024-09-11 16:30:28,386 [INFO] ADCParametersView:116 -                Rank 1 : false
2024-09-11 16:30:28,631 [INFO] ADCParametersView:116 -                Rank 1 : false
2024-09-11 16:30:28,635 [INFO] ADCParametersView:116 -                Rank 1 : false
2024-09-11 16:30:28,635 [INFO] ADCParametersView:116 -                Rank 1 : false
2024-09-11 16:30:28,635 [INFO] ADCParametersView:116 -                Rank 1 : false
2024-09-11 16:30:28,636 [INFO] ADCParametersView:116 -                Rank 1 : false
2024-09-11 16:30:28,636 [INFO] ADCParametersView:116 -                Rank 1 : false
2024-09-11 16:30:28,636 [INFO] ADCParametersView:116 -                Rank 1 : false
2024-09-11 16:30:28,636 [INFO] ADCParametersView:116 -                Rank 1 : false
2024-09-11 16:30:28,636 [INFO] ADCParametersView:116 -                Rank 1 : false
2024-09-11 16:30:28,636 [INFO] ADCParametersView:116 -                Rank 1 : false
2024-09-11 16:30:28,637 [INFO] ADCParametersView:116 -                Rank 1 : false
2024-09-11 16:30:28,637 [INFO] ADCParametersView:116 -                Rank 1 : false
2024-09-11 16:30:28,647 [INFO] ADCParametersView:116 -                Rank 1 : false
2024-09-11 16:30:28,649 [INFO] ADCParametersView:116 -                Rank 1 : false
2024-09-11 16:30:28,690 [INFO] ADCParametersView:116 -                Rank 1 : false
2024-09-11 16:30:28,759 [INFO] ADCParametersView:116 -                Rank 1 : false
2024-09-11 16:30:28,759 [INFO] ADCParametersView:116 -                Rank 1 : false
2024-09-11 16:30:28,759 [INFO] ADCParametersView:116 -                Rank 1 : false
2024-09-11 16:30:28,759 [INFO] ADCParametersView:116 -                Rank 1 : false
2024-09-11 16:30:28,759 [INFO] ADCParametersView:116 -                Rank 1 : false
2024-09-11 16:30:28,759 [INFO] ADCParametersView:116 -                Rank 1 : false
2024-09-11 16:30:28,760 [INFO] ADCParametersView:116 -                Rank 1 : false
2024-09-11 16:30:28,760 [INFO] ADCParametersView:116 -                Rank 1 : false
2024-09-11 16:30:28,760 [INFO] ADCParametersView:116 -                Rank 1 : false
2024-09-11 16:30:28,760 [INFO] ADCParametersView:116 -                Rank 1 : false
2024-09-11 16:30:28,760 [INFO] ADCParametersView:116 -                Rank 1 : false
2024-09-11 16:30:28,760 [INFO] ADCParametersView:116 -                Rank 1 : false
2024-09-11 16:30:28,760 [INFO] ADCParametersView:116 -                Rank 1 : false
2024-09-11 16:30:28,760 [INFO] ADCParametersView:116 -                Rank 1 : false
2024-09-11 16:30:28,790 [INFO] ADCParametersView:116 -                Rank 1 : false
2024-09-11 16:30:40,350 [INFO] ADCParametersView:116 -                Rank 1 : false
2024-09-11 16:30:40,354 [INFO] ADCParametersView:116 -                Rank 1 : false
2024-09-11 16:30:40,354 [INFO] ADCParametersView:116 -                Rank 1 : false
2024-09-11 16:30:40,354 [INFO] ADCParametersView:116 -                Rank 1 : false
2024-09-11 16:30:40,355 [INFO] ADCParametersView:116 -                Rank 1 : false
2024-09-11 16:30:40,355 [INFO] ADCParametersView:116 -                Rank 1 : false
2024-09-11 16:30:40,355 [INFO] ADCParametersView:116 -                Rank 1 : false
2024-09-11 16:30:40,355 [INFO] ADCParametersView:116 -                Rank 1 : false
2024-09-11 16:30:40,355 [INFO] ADCParametersView:116 -                Rank 1 : false
2024-09-11 16:30:40,355 [INFO] ADCParametersView:116 -                Rank 1 : false
2024-09-11 16:30:40,355 [INFO] ADCParametersView:116 -                Rank 1 : false
2024-09-11 16:30:40,355 [INFO] ADCParametersView:116 -                Rank 1 : false
2024-09-11 16:30:40,355 [INFO] ADCParametersView:116 -                Rank 1 : false
2024-09-11 16:30:40,355 [INFO] ADCParametersView:116 -                Rank 1 : false
2024-09-11 16:30:40,366 [INFO] ADCParametersView:116 -                Rank 1 : false
2024-09-11 16:30:40,385 [INFO] ADCParametersView:116 -                Rank 1 : false
2024-09-11 16:30:40,386 [INFO] ADCParametersView:116 -                Rank 1 : false
2024-09-11 16:30:40,386 [INFO] ADCParametersView:116 -                Rank 1 : false
2024-09-11 16:30:40,386 [INFO] ADCParametersView:116 -                Rank 1 : false
2024-09-11 16:30:40,387 [INFO] ADCParametersView:116 -                Rank 1 : false
2024-09-11 16:30:40,387 [INFO] ADCParametersView:116 -                Rank 1 : false
2024-09-11 16:30:40,387 [INFO] ADCParametersView:116 -                Rank 1 : false
2024-09-11 16:30:40,387 [INFO] ADCParametersView:116 -                Rank 1 : false
2024-09-11 16:30:40,387 [INFO] ADCParametersView:116 -                Rank 1 : false
2024-09-11 16:30:40,387 [INFO] ADCParametersView:116 -                Rank 1 : false
2024-09-11 16:30:40,387 [INFO] ADCParametersView:116 -                Rank 1 : false
2024-09-11 16:30:40,387 [INFO] ADCParametersView:116 -                Rank 1 : false
2024-09-11 16:30:40,387 [INFO] ADCParametersView:116 -                Rank 1 : false
2024-09-11 16:30:40,387 [INFO] ADCParametersView:116 -                Rank 1 : false
2024-09-11 16:30:40,397 [INFO] ADCParametersView:116 -                Rank 1 : false
2024-09-11 16:30:40,458 [INFO] ADCParametersView:116 -                Rank 1 : false
2024-09-11 16:30:40,459 [INFO] ADCParametersView:116 -                Rank 1 : false
2024-09-11 16:30:40,459 [INFO] ADCParametersView:116 -                Rank 1 : false
2024-09-11 16:30:40,459 [INFO] ADCParametersView:116 -                Rank 1 : false
2024-09-11 16:30:40,459 [INFO] ADCParametersView:116 -                Rank 1 : false
2024-09-11 16:30:40,459 [INFO] ADCParametersView:116 -                Rank 1 : false
2024-09-11 16:30:40,460 [INFO] ADCParametersView:116 -                Rank 1 : false
2024-09-11 16:30:40,460 [INFO] ADCParametersView:116 -                Rank 1 : false
2024-09-11 16:30:40,460 [INFO] ADCParametersView:116 -                Rank 1 : false
2024-09-11 16:30:40,460 [INFO] ADCParametersView:116 -                Rank 1 : false
2024-09-11 16:30:40,460 [INFO] ADCParametersView:116 -                Rank 1 : false
2024-09-11 16:30:40,460 [INFO] ADCParametersView:116 -                Rank 1 : false
2024-09-11 16:30:40,461 [INFO] ADCParametersView:116 -                Rank 1 : false
2024-09-11 16:30:40,461 [INFO] ADCParametersView:116 -                Rank 1 : false
2024-09-11 16:30:40,563 [INFO] ADCParametersView:116 -                Rank 1 : false
2024-09-11 16:31:05,570 [INFO] NvicIntPanel:101 - NVIC parent = com.st.microxplorer.plugins.ip.nvic.MultiNvicIntPanel[,0,0,0x0,invalid,layout=javax.swing.BoxLayout,alignmentX=0.0,alignmentY=0.0,border=,flags=9,maximumSize=,minimumSize=,preferredSize=]
2024-09-11 16:31:05,627 [INFO] ADCParametersView:116 -                Rank 1 : false
2024-09-11 16:31:05,629 [INFO] ADCParametersView:116 -                Rank 1 : false
2024-09-11 16:31:05,629 [INFO] ADCParametersView:116 -                Rank 1 : false
2024-09-11 16:31:05,629 [INFO] ADCParametersView:116 -                Rank 1 : false
2024-09-11 16:31:05,630 [INFO] ADCParametersView:116 -                Rank 1 : false
2024-09-11 16:31:05,630 [INFO] ADCParametersView:116 -                Rank 1 : false
2024-09-11 16:31:05,630 [INFO] ADCParametersView:116 -                Rank 1 : false
2024-09-11 16:31:05,630 [INFO] ADCParametersView:116 -                Rank 1 : false
2024-09-11 16:31:05,630 [INFO] ADCParametersView:116 -                Rank 1 : false
2024-09-11 16:31:05,630 [INFO] ADCParametersView:116 -                Rank 1 : false
2024-09-11 16:31:05,630 [INFO] ADCParametersView:116 -                Rank 1 : false
2024-09-11 16:31:05,630 [INFO] ADCParametersView:116 -                Rank 1 : false
2024-09-11 16:31:05,630 [INFO] ADCParametersView:116 -                Rank 1 : false
2024-09-11 16:31:05,630 [INFO] ADCParametersView:116 -                Rank 1 : false
2024-09-11 16:31:05,662 [INFO] ADCParametersView:116 -                Rank 1 : false
2024-09-11 16:31:14,756 [INFO] NvicIntPanel:101 - NVIC parent = com.st.microxplorer.plugins.ip.nvic.MultiNvicIntPanel[,0,0,0x0,invalid,layout=javax.swing.BoxLayout,alignmentX=0.0,alignmentY=0.0,border=,flags=9,maximumSize=,minimumSize=,preferredSize=]
2024-09-11 16:31:14,804 [INFO] ADCParametersView:116 -                Rank 1 : false
2024-09-11 16:31:14,805 [INFO] ADCParametersView:116 -                Rank 1 : false
2024-09-11 16:31:14,805 [INFO] ADCParametersView:116 -                Rank 1 : false
2024-09-11 16:31:14,805 [INFO] ADCParametersView:116 -                Rank 1 : false
2024-09-11 16:31:14,805 [INFO] ADCParametersView:116 -                Rank 1 : false
2024-09-11 16:31:14,806 [INFO] ADCParametersView:116 -                Rank 1 : false
2024-09-11 16:31:14,806 [INFO] ADCParametersView:116 -                Rank 1 : false
2024-09-11 16:31:14,806 [INFO] ADCParametersView:116 -                Rank 1 : false
2024-09-11 16:31:14,806 [INFO] ADCParametersView:116 -                Rank 1 : false
2024-09-11 16:31:14,806 [INFO] ADCParametersView:116 -                Rank 1 : false
2024-09-11 16:31:14,806 [INFO] ADCParametersView:116 -                Rank 1 : false
2024-09-11 16:31:14,806 [INFO] ADCParametersView:116 -                Rank 1 : false
2024-09-11 16:31:14,806 [INFO] ADCParametersView:116 -                Rank 1 : false
2024-09-11 16:31:14,806 [INFO] ADCParametersView:116 -                Rank 1 : false
2024-09-11 16:31:14,840 [INFO] ADCParametersView:116 -                Rank 1 : false
2024-09-11 16:31:16,521 [INFO] NvicIntPanel:101 - NVIC parent = com.st.microxplorer.plugins.ip.nvic.MultiNvicIntPanel[,0,0,0x0,invalid,layout=javax.swing.BoxLayout,alignmentX=0.0,alignmentY=0.0,border=,flags=9,maximumSize=,minimumSize=,preferredSize=]
2024-09-11 16:31:16,562 [INFO] ADCParametersView:116 -                Rank 1 : false
2024-09-11 16:31:16,564 [INFO] ADCParametersView:116 -                Rank 1 : false
2024-09-11 16:31:16,565 [INFO] ADCParametersView:116 -                Rank 1 : false
2024-09-11 16:31:16,565 [INFO] ADCParametersView:116 -                Rank 1 : false
2024-09-11 16:31:16,565 [INFO] ADCParametersView:116 -                Rank 1 : false
2024-09-11 16:31:16,565 [INFO] ADCParametersView:116 -                Rank 1 : false
2024-09-11 16:31:16,565 [INFO] ADCParametersView:116 -                Rank 1 : false
2024-09-11 16:31:16,565 [INFO] ADCParametersView:116 -                Rank 1 : false
2024-09-11 16:31:16,565 [INFO] ADCParametersView:116 -                Rank 1 : false
2024-09-11 16:31:16,566 [INFO] ADCParametersView:116 -                Rank 1 : false
2024-09-11 16:31:16,566 [INFO] ADCParametersView:116 -                Rank 1 : false
2024-09-11 16:31:16,566 [INFO] ADCParametersView:116 -                Rank 1 : false
2024-09-11 16:31:16,566 [INFO] ADCParametersView:116 -                Rank 1 : false
2024-09-11 16:31:16,566 [INFO] ADCParametersView:116 -                Rank 1 : false
2024-09-11 16:31:16,594 [INFO] ADCParametersView:116 -                Rank 1 : false
2024-09-11 16:31:28,625 [INFO] NvicIntPanel:101 - NVIC parent = com.st.microxplorer.plugins.ip.nvic.MultiNvicIntPanel[,0,0,0x0,invalid,layout=javax.swing.BoxLayout,alignmentX=0.0,alignmentY=0.0,border=,flags=9,maximumSize=,minimumSize=,preferredSize=]
2024-09-11 16:31:28,669 [INFO] ADCParametersView:116 -                Rank 1 : false
2024-09-11 16:31:28,671 [INFO] ADCParametersView:116 -                Rank 1 : false
2024-09-11 16:31:28,671 [INFO] ADCParametersView:116 -                Rank 1 : false
2024-09-11 16:31:28,671 [INFO] ADCParametersView:116 -                Rank 1 : false
2024-09-11 16:31:28,671 [INFO] ADCParametersView:116 -                Rank 1 : false
2024-09-11 16:31:28,671 [INFO] ADCParametersView:116 -                Rank 1 : false
2024-09-11 16:31:28,671 [INFO] ADCParametersView:116 -                Rank 1 : false
2024-09-11 16:31:28,671 [INFO] ADCParametersView:116 -                Rank 1 : false
2024-09-11 16:31:28,672 [INFO] ADCParametersView:116 -                Rank 1 : false
2024-09-11 16:31:28,672 [INFO] ADCParametersView:116 -                Rank 1 : false
2024-09-11 16:31:28,672 [INFO] ADCParametersView:116 -                Rank 1 : false
2024-09-11 16:31:28,672 [INFO] ADCParametersView:116 -                Rank 1 : false
2024-09-11 16:31:28,672 [INFO] ADCParametersView:116 -                Rank 1 : false
2024-09-11 16:31:28,672 [INFO] ADCParametersView:116 -                Rank 1 : false
2024-09-11 16:31:28,699 [INFO] ADCParametersView:116 -                Rank 1 : false
2024-09-11 16:31:32,507 [INFO] NvicIntPanel:101 - NVIC parent = com.st.microxplorer.plugins.ip.nvic.MultiNvicIntPanel[,0,0,0x0,invalid,layout=javax.swing.BoxLayout,alignmentX=0.0,alignmentY=0.0,border=,flags=9,maximumSize=,minimumSize=,preferredSize=]
2024-09-11 16:31:32,559 [INFO] ADCParametersView:116 -                Rank 1 : false
2024-09-11 16:31:32,563 [INFO] ADCParametersView:116 -                Rank 1 : false
2024-09-11 16:31:32,564 [INFO] ADCParametersView:116 -                Rank 1 : false
2024-09-11 16:31:32,564 [INFO] ADCParametersView:116 -                Rank 1 : false
2024-09-11 16:31:32,564 [INFO] ADCParametersView:116 -                Rank 1 : false
2024-09-11 16:31:32,564 [INFO] ADCParametersView:116 -                Rank 1 : false
2024-09-11 16:31:32,564 [INFO] ADCParametersView:116 -                Rank 1 : false
2024-09-11 16:31:32,565 [INFO] ADCParametersView:116 -                Rank 1 : false
2024-09-11 16:31:32,565 [INFO] ADCParametersView:116 -                Rank 1 : false
2024-09-11 16:31:32,565 [INFO] ADCParametersView:116 -                Rank 1 : false
2024-09-11 16:31:32,565 [INFO] ADCParametersView:116 -                Rank 1 : false
2024-09-11 16:31:32,565 [INFO] ADCParametersView:116 -                Rank 1 : false
2024-09-11 16:31:32,565 [INFO] ADCParametersView:116 -                Rank 1 : false
2024-09-11 16:31:32,565 [INFO] ADCParametersView:116 -                Rank 1 : false
2024-09-11 16:31:32,603 [INFO] ADCParametersView:116 -                Rank 1 : false
2024-09-11 16:31:40,095 [INFO] SpinnerEditorADC:65 - is string kkkk
2024-09-11 16:31:45,232 [INFO] NvicIntPanel:101 - NVIC parent = com.st.microxplorer.plugins.ip.nvic.MultiNvicIntPanel[,0,0,0x0,invalid,layout=javax.swing.BoxLayout,alignmentX=0.0,alignmentY=0.0,border=,flags=9,maximumSize=,minimumSize=,preferredSize=]
2024-09-11 16:31:45,357 [INFO] NvicIntPanel:101 - NVIC parent = com.st.microxplorer.plugins.ip.nvic.MultiNvicIntPanel[,0,0,0x0,invalid,layout=javax.swing.BoxLayout,alignmentX=0.0,alignmentY=0.0,border=,flags=9,maximumSize=,minimumSize=,preferredSize=]
2024-09-11 16:31:45,490 [INFO] NvicIntPanel:101 - NVIC parent = com.st.microxplorer.plugins.ip.nvic.MultiNvicIntPanel[,0,0,0x0,invalid,layout=javax.swing.BoxLayout,alignmentX=0.0,alignmentY=0.0,border=,flags=9,maximumSize=,minimumSize=,preferredSize=]
2024-09-11 16:31:45,617 [INFO] NvicIntPanel:101 - NVIC parent = com.st.microxplorer.plugins.ip.nvic.MultiNvicIntPanel[,0,0,0x0,invalid,layout=javax.swing.BoxLayout,alignmentX=0.0,alignmentY=0.0,border=,flags=9,maximumSize=,minimumSize=,preferredSize=]
2024-09-11 16:31:45,751 [INFO] NvicIntPanel:101 - NVIC parent = com.st.microxplorer.plugins.ip.nvic.MultiNvicIntPanel[,0,0,0x0,invalid,layout=javax.swing.BoxLayout,alignmentX=0.0,alignmentY=0.0,border=,flags=9,maximumSize=,minimumSize=,preferredSize=]
2024-09-11 16:31:45,873 [INFO] NvicIntPanel:101 - NVIC parent = com.st.microxplorer.plugins.ip.nvic.MultiNvicIntPanel[,0,0,0x0,invalid,layout=javax.swing.BoxLayout,alignmentX=0.0,alignmentY=0.0,border=,flags=9,maximumSize=,minimumSize=,preferredSize=]
2024-09-11 16:31:46,126 [INFO] NvicIntPanel:101 - NVIC parent = com.st.microxplorer.plugins.ip.nvic.MultiNvicIntPanel[,0,0,0x0,invalid,layout=javax.swing.BoxLayout,alignmentX=0.0,alignmentY=0.0,border=,flags=9,maximumSize=,minimumSize=,preferredSize=]
2024-09-11 16:31:46,256 [INFO] NvicIntPanel:101 - NVIC parent = com.st.microxplorer.plugins.ip.nvic.MultiNvicIntPanel[,0,0,0x0,invalid,layout=javax.swing.BoxLayout,alignmentX=0.0,alignmentY=0.0,border=,flags=9,maximumSize=,minimumSize=,preferredSize=]
2024-09-11 16:31:46,389 [INFO] NvicIntPanel:101 - NVIC parent = com.st.microxplorer.plugins.ip.nvic.MultiNvicIntPanel[,0,0,0x0,invalid,layout=javax.swing.BoxLayout,alignmentX=0.0,alignmentY=0.0,border=,flags=9,maximumSize=,minimumSize=,preferredSize=]
2024-09-11 16:31:46,527 [INFO] NvicIntPanel:101 - NVIC parent = com.st.microxplorer.plugins.ip.nvic.MultiNvicIntPanel[,0,0,0x0,invalid,layout=javax.swing.BoxLayout,alignmentX=0.0,alignmentY=0.0,border=,flags=9,maximumSize=,minimumSize=,preferredSize=]
2024-09-11 16:31:46,816 [INFO] NvicIntPanel:101 - NVIC parent = com.st.microxplorer.plugins.ip.nvic.MultiNvicIntPanel[,0,0,0x0,invalid,layout=javax.swing.BoxLayout,alignmentX=0.0,alignmentY=0.0,border=,flags=9,maximumSize=,minimumSize=,preferredSize=]
2024-09-11 16:31:46,940 [INFO] NvicIntPanel:101 - NVIC parent = com.st.microxplorer.plugins.ip.nvic.MultiNvicIntPanel[,0,0,0x0,invalid,layout=javax.swing.BoxLayout,alignmentX=0.0,alignmentY=0.0,border=,flags=9,maximumSize=,minimumSize=,preferredSize=]
2024-09-11 16:31:47,067 [INFO] NvicIntPanel:101 - NVIC parent = com.st.microxplorer.plugins.ip.nvic.MultiNvicIntPanel[,0,0,0x0,invalid,layout=javax.swing.BoxLayout,alignmentX=0.0,alignmentY=0.0,border=,flags=9,maximumSize=,minimumSize=,preferredSize=]
2024-09-11 16:31:47,181 [INFO] NvicIntPanel:101 - NVIC parent = com.st.microxplorer.plugins.ip.nvic.MultiNvicIntPanel[,0,0,0x0,invalid,layout=javax.swing.BoxLayout,alignmentX=0.0,alignmentY=0.0,border=,flags=9,maximumSize=,minimumSize=,preferredSize=]
2024-09-11 16:31:47,304 [INFO] NvicIntPanel:101 - NVIC parent = com.st.microxplorer.plugins.ip.nvic.MultiNvicIntPanel[,0,0,0x0,invalid,layout=javax.swing.BoxLayout,alignmentX=0.0,alignmentY=0.0,border=,flags=9,maximumSize=,minimumSize=,preferredSize=]
2024-09-11 16:31:47,430 [INFO] NvicIntPanel:101 - NVIC parent = com.st.microxplorer.plugins.ip.nvic.MultiNvicIntPanel[,0,0,0x0,invalid,layout=javax.swing.BoxLayout,alignmentX=0.0,alignmentY=0.0,border=,flags=9,maximumSize=,minimumSize=,preferredSize=]
2024-09-11 16:31:47,565 [INFO] NvicIntPanel:101 - NVIC parent = com.st.microxplorer.plugins.ip.nvic.MultiNvicIntPanel[,0,0,0x0,invalid,layout=javax.swing.BoxLayout,alignmentX=0.0,alignmentY=0.0,border=,flags=9,maximumSize=,minimumSize=,preferredSize=]
2024-09-11 16:31:47,698 [INFO] NvicIntPanel:101 - NVIC parent = com.st.microxplorer.plugins.ip.nvic.MultiNvicIntPanel[,0,0,0x0,invalid,layout=javax.swing.BoxLayout,alignmentX=0.0,alignmentY=0.0,border=,flags=9,maximumSize=,minimumSize=,preferredSize=]
2024-09-11 16:31:47,969 [INFO] NvicIntPanel:101 - NVIC parent = com.st.microxplorer.plugins.ip.nvic.MultiNvicIntPanel[,0,0,0x0,invalid,layout=javax.swing.BoxLayout,alignmentX=0.0,alignmentY=0.0,border=,flags=9,maximumSize=,minimumSize=,preferredSize=]
2024-09-11 16:31:48,106 [INFO] NvicIntPanel:101 - NVIC parent = com.st.microxplorer.plugins.ip.nvic.MultiNvicIntPanel[,0,0,0x0,invalid,layout=javax.swing.BoxLayout,alignmentX=0.0,alignmentY=0.0,border=,flags=9,maximumSize=,minimumSize=,preferredSize=]
2024-09-11 16:31:48,249 [INFO] NvicIntPanel:101 - NVIC parent = com.st.microxplorer.plugins.ip.nvic.MultiNvicIntPanel[,0,0,0x0,invalid,layout=javax.swing.BoxLayout,alignmentX=0.0,alignmentY=0.0,border=,flags=9,maximumSize=,minimumSize=,preferredSize=]
2024-09-11 16:31:48,376 [INFO] NvicIntPanel:101 - NVIC parent = com.st.microxplorer.plugins.ip.nvic.MultiNvicIntPanel[,0,0,0x0,invalid,layout=javax.swing.BoxLayout,alignmentX=0.0,alignmentY=0.0,border=,flags=9,maximumSize=,minimumSize=,preferredSize=]
2024-09-11 16:31:48,419 [INFO] ADCParametersView:116 -                Rank 1 : false
2024-09-11 16:31:48,424 [INFO] ADCParametersView:116 -                Rank 1 : false
2024-09-11 16:31:48,424 [INFO] ADCParametersView:116 -                Rank 1 : false
2024-09-11 16:31:48,424 [INFO] ADCParametersView:116 -                Rank 1 : false
2024-09-11 16:31:48,424 [INFO] ADCParametersView:116 -                Rank 1 : false
2024-09-11 16:31:48,424 [INFO] ADCParametersView:116 -                Rank 1 : false
2024-09-11 16:31:48,424 [INFO] ADCParametersView:116 -                Rank 1 : false
2024-09-11 16:31:48,424 [INFO] ADCParametersView:116 -                Rank 1 : false
2024-09-11 16:31:48,425 [INFO] ADCParametersView:116 -                Rank 1 : false
2024-09-11 16:31:48,425 [INFO] ADCParametersView:116 -                Rank 1 : false
2024-09-11 16:31:48,425 [INFO] ADCParametersView:116 -                Rank 1 : false
2024-09-11 16:31:48,425 [INFO] ADCParametersView:116 -                Rank 1 : false
2024-09-11 16:31:48,425 [INFO] ADCParametersView:116 -                Rank 1 : false
2024-09-11 16:31:48,425 [INFO] ADCParametersView:116 -                Rank 1 : false
2024-09-11 16:31:48,477 [INFO] ADCParametersView:116 -                Rank 1 : false
2024-09-11 16:31:48,480 [INFO] ADCParametersView:116 -                Rank 1 : false
2024-09-11 16:31:48,480 [INFO] ADCParametersView:116 -        *      Rank 2 : false
2024-09-11 16:31:48,482 [INFO] ADCParametersView:116 -                Rank 1 : false
2024-09-11 16:31:48,482 [INFO] ADCParametersView:116 -        *      Rank 2 : false
2024-09-11 16:31:48,482 [INFO] ADCParametersView:116 -        *      Rank 3 : false
2024-09-11 16:31:48,483 [INFO] ADCParametersView:116 -                Rank 1 : false
2024-09-11 16:31:48,483 [INFO] ADCParametersView:116 -        *      Rank 2 : false
2024-09-11 16:31:48,483 [INFO] ADCParametersView:116 -        *      Rank 3 : false
2024-09-11 16:31:48,483 [INFO] ADCParametersView:116 -        *      Rank 4 : false
2024-09-11 16:31:48,483 [INFO] ADCParametersView:116 -                Rank 1 : false
2024-09-11 16:31:48,483 [INFO] ADCParametersView:116 -        *      Rank 2 : false
2024-09-11 16:31:48,483 [INFO] ADCParametersView:116 -        *      Rank 3 : false
2024-09-11 16:31:48,484 [INFO] ADCParametersView:116 -        *      Rank 4 : false
2024-09-11 16:31:48,484 [INFO] ADCParametersView:116 -        *      Rank 5 : false
2024-09-11 16:31:48,484 [INFO] ADCParametersView:116 -                Rank 1 : false
2024-09-11 16:31:48,484 [INFO] ADCParametersView:116 -        *      Rank 2 : false
2024-09-11 16:31:48,485 [INFO] ADCParametersView:116 -        *      Rank 3 : false
2024-09-11 16:31:48,485 [INFO] ADCParametersView:116 -        *      Rank 4 : false
2024-09-11 16:31:48,485 [INFO] ADCParametersView:116 -        *      Rank 5 : false
2024-09-11 16:31:48,485 [INFO] ADCParametersView:116 -        *      Rank 6 : false
2024-09-11 16:31:48,485 [INFO] ADCParametersView:116 -                Rank 1 : false
2024-09-11 16:31:48,485 [INFO] ADCParametersView:116 -        *      Rank 2 : false
2024-09-11 16:31:48,485 [INFO] ADCParametersView:116 -        *      Rank 3 : false
2024-09-11 16:31:48,485 [INFO] ADCParametersView:116 -        *      Rank 4 : false
2024-09-11 16:31:48,485 [INFO] ADCParametersView:116 -        *      Rank 5 : false
2024-09-11 16:31:48,485 [INFO] ADCParametersView:116 -        *      Rank 6 : false
2024-09-11 16:31:48,485 [INFO] ADCParametersView:116 -        *      Rank 7 : false
2024-09-11 16:31:48,486 [INFO] ADCParametersView:116 -                Rank 1 : false
2024-09-11 16:31:48,486 [INFO] ADCParametersView:116 -        *      Rank 2 : false
2024-09-11 16:31:48,486 [INFO] ADCParametersView:116 -        *      Rank 3 : false
2024-09-11 16:31:48,486 [INFO] ADCParametersView:116 -        *      Rank 4 : false
2024-09-11 16:31:48,486 [INFO] ADCParametersView:116 -        *      Rank 5 : false
2024-09-11 16:31:48,486 [INFO] ADCParametersView:116 -        *      Rank 6 : false
2024-09-11 16:31:48,486 [INFO] ADCParametersView:116 -        *      Rank 7 : false
2024-09-11 16:31:48,486 [INFO] ADCParametersView:116 -        *      Rank 8 : false
2024-09-11 16:31:48,497 [INFO] SpinnerEditorADC:65 - is string kkkk
2024-09-11 16:31:48,593 [INFO] ADCParametersView:116 -                Rank 1 : false
2024-09-11 16:31:48,594 [INFO] ADCParametersView:116 -        *      Rank 2 : false
2024-09-11 16:31:48,594 [INFO] ADCParametersView:116 -        *      Rank 3 : false
2024-09-11 16:31:48,594 [INFO] ADCParametersView:116 -        *      Rank 4 : false
2024-09-11 16:31:48,594 [INFO] ADCParametersView:116 -        *      Rank 5 : false
2024-09-11 16:31:48,594 [INFO] ADCParametersView:116 -        *      Rank 6 : false
2024-09-11 16:31:48,594 [INFO] ADCParametersView:116 -        *      Rank 7 : false
2024-09-11 16:31:48,594 [INFO] ADCParametersView:116 -        *      Rank 8 : false
2024-09-11 16:31:48,604 [INFO] ADCParametersView:116 -                Rank 1 : false
2024-09-11 16:31:48,604 [INFO] ADCParametersView:116 -        *      Rank 2 : false
2024-09-11 16:31:48,604 [INFO] ADCParametersView:116 -        *      Rank 3 : false
2024-09-11 16:31:48,604 [INFO] ADCParametersView:116 -        *      Rank 4 : false
2024-09-11 16:31:48,604 [INFO] ADCParametersView:116 -        *      Rank 5 : false
2024-09-11 16:31:48,605 [INFO] ADCParametersView:116 -        *      Rank 6 : false
2024-09-11 16:31:48,605 [INFO] ADCParametersView:116 -        *      Rank 7 : false
2024-09-11 16:31:48,605 [INFO] ADCParametersView:116 -        *      Rank 8 : false
2024-09-11 16:31:48,605 [INFO] ADCParametersView:116 -                Rank 1 : false
2024-09-11 16:31:48,605 [INFO] ADCParametersView:116 -        *      Rank 2 : false
2024-09-11 16:31:48,605 [INFO] ADCParametersView:116 -        *      Rank 3 : false
2024-09-11 16:31:48,605 [INFO] ADCParametersView:116 -        *      Rank 4 : false
2024-09-11 16:31:48,605 [INFO] ADCParametersView:116 -        *      Rank 5 : false
2024-09-11 16:31:48,605 [INFO] ADCParametersView:116 -        *      Rank 6 : false
2024-09-11 16:31:48,605 [INFO] ADCParametersView:116 -        *      Rank 7 : false
2024-09-11 16:31:48,605 [INFO] ADCParametersView:116 -        *      Rank 8 : false
2024-09-11 16:31:48,606 [INFO] ADCParametersView:116 -                Rank 1 : false
2024-09-11 16:31:48,606 [INFO] ADCParametersView:116 -        *      Rank 2 : false
2024-09-11 16:31:48,606 [INFO] ADCParametersView:116 -        *      Rank 3 : false
2024-09-11 16:31:48,606 [INFO] ADCParametersView:116 -        *      Rank 4 : false
2024-09-11 16:31:48,606 [INFO] ADCParametersView:116 -        *      Rank 5 : false
2024-09-11 16:31:48,606 [INFO] ADCParametersView:116 -        *      Rank 6 : false
2024-09-11 16:31:48,606 [INFO] ADCParametersView:116 -        *      Rank 7 : false
2024-09-11 16:31:48,606 [INFO] ADCParametersView:116 -        *      Rank 8 : false
2024-09-11 16:31:48,607 [INFO] ADCParametersView:116 -                Rank 1 : false
2024-09-11 16:31:48,607 [INFO] ADCParametersView:116 -        *      Rank 2 : false
2024-09-11 16:31:48,607 [INFO] ADCParametersView:116 -        *      Rank 3 : false
2024-09-11 16:31:48,607 [INFO] ADCParametersView:116 -        *      Rank 4 : false
2024-09-11 16:31:48,607 [INFO] ADCParametersView:116 -        *      Rank 5 : false
2024-09-11 16:31:48,607 [INFO] ADCParametersView:116 -        *      Rank 6 : false
2024-09-11 16:31:48,607 [INFO] ADCParametersView:116 -        *      Rank 7 : false
2024-09-11 16:31:48,607 [INFO] ADCParametersView:116 -        *      Rank 8 : false
2024-09-11 16:31:48,607 [INFO] ADCParametersView:116 -                Rank 1 : false
2024-09-11 16:31:48,607 [INFO] ADCParametersView:116 -        *      Rank 2 : false
2024-09-11 16:31:48,607 [INFO] ADCParametersView:116 -        *      Rank 3 : false
2024-09-11 16:31:48,607 [INFO] ADCParametersView:116 -        *      Rank 4 : false
2024-09-11 16:31:48,607 [INFO] ADCParametersView:116 -        *      Rank 5 : false
2024-09-11 16:31:48,608 [INFO] ADCParametersView:116 -        *      Rank 6 : false
2024-09-11 16:31:48,608 [INFO] ADCParametersView:116 -        *      Rank 7 : false
2024-09-11 16:31:48,608 [INFO] ADCParametersView:116 -        *      Rank 8 : false
2024-09-11 16:31:48,608 [INFO] ADCParametersView:116 -                Rank 1 : false
2024-09-11 16:31:48,608 [INFO] ADCParametersView:116 -        *      Rank 2 : false
2024-09-11 16:31:48,608 [INFO] ADCParametersView:116 -        *      Rank 3 : false
2024-09-11 16:31:48,608 [INFO] ADCParametersView:116 -        *      Rank 4 : false
2024-09-11 16:31:48,609 [INFO] ADCParametersView:116 -        *      Rank 5 : false
2024-09-11 16:31:48,609 [INFO] ADCParametersView:116 -        *      Rank 6 : false
2024-09-11 16:31:48,609 [INFO] ADCParametersView:116 -        *      Rank 7 : false
2024-09-11 16:31:48,609 [INFO] ADCParametersView:116 -        *      Rank 8 : false
2024-09-11 16:31:48,609 [INFO] ADCParametersView:116 -                Rank 1 : false
2024-09-11 16:31:48,609 [INFO] ADCParametersView:116 -        *      Rank 2 : false
2024-09-11 16:31:48,609 [INFO] ADCParametersView:116 -        *      Rank 3 : false
2024-09-11 16:31:48,609 [INFO] ADCParametersView:116 -        *      Rank 4 : false
2024-09-11 16:31:48,609 [INFO] ADCParametersView:116 -        *      Rank 5 : false
2024-09-11 16:31:48,609 [INFO] ADCParametersView:116 -        *      Rank 6 : false
2024-09-11 16:31:48,609 [INFO] ADCParametersView:116 -        *      Rank 7 : false
2024-09-11 16:31:48,609 [INFO] ADCParametersView:116 -        *      Rank 8 : false
2024-09-11 16:31:48,609 [INFO] ADCParametersView:116 -                Rank 1 : false
2024-09-11 16:31:48,609 [INFO] ADCParametersView:116 -        *      Rank 2 : false
2024-09-11 16:31:48,609 [INFO] ADCParametersView:116 -        *      Rank 3 : false
2024-09-11 16:31:48,610 [INFO] ADCParametersView:116 -        *      Rank 4 : false
2024-09-11 16:31:48,610 [INFO] ADCParametersView:116 -        *      Rank 5 : false
2024-09-11 16:31:48,610 [INFO] ADCParametersView:116 -        *      Rank 6 : false
2024-09-11 16:31:48,610 [INFO] ADCParametersView:116 -        *      Rank 7 : false
2024-09-11 16:31:48,610 [INFO] ADCParametersView:116 -        *      Rank 8 : false
2024-09-11 16:31:48,610 [INFO] ADCParametersView:116 -                Rank 1 : false
2024-09-11 16:31:48,610 [INFO] ADCParametersView:116 -        *      Rank 2 : false
2024-09-11 16:31:48,610 [INFO] ADCParametersView:116 -        *      Rank 3 : false
2024-09-11 16:31:48,610 [INFO] ADCParametersView:116 -        *      Rank 4 : false
2024-09-11 16:31:48,610 [INFO] ADCParametersView:116 -        *      Rank 5 : false
2024-09-11 16:31:48,610 [INFO] ADCParametersView:116 -        *      Rank 6 : false
2024-09-11 16:31:48,610 [INFO] ADCParametersView:116 -        *      Rank 7 : false
2024-09-11 16:31:48,610 [INFO] ADCParametersView:116 -        *      Rank 8 : false
2024-09-11 16:31:48,610 [INFO] ADCParametersView:116 -                Rank 1 : false
2024-09-11 16:31:48,610 [INFO] ADCParametersView:116 -        *      Rank 2 : false
2024-09-11 16:31:48,610 [INFO] ADCParametersView:116 -        *      Rank 3 : false
2024-09-11 16:31:48,610 [INFO] ADCParametersView:116 -        *      Rank 4 : false
2024-09-11 16:31:48,610 [INFO] ADCParametersView:116 -        *      Rank 5 : false
2024-09-11 16:31:48,610 [INFO] ADCParametersView:116 -        *      Rank 6 : false
2024-09-11 16:31:48,611 [INFO] ADCParametersView:116 -        *      Rank 7 : false
2024-09-11 16:31:48,611 [INFO] ADCParametersView:116 -        *      Rank 8 : false
2024-09-11 16:31:48,611 [INFO] ADCParametersView:116 -                Rank 1 : false
2024-09-11 16:31:48,611 [INFO] ADCParametersView:116 -        *      Rank 2 : false
2024-09-11 16:31:48,611 [INFO] ADCParametersView:116 -        *      Rank 3 : false
2024-09-11 16:31:48,611 [INFO] ADCParametersView:116 -        *      Rank 4 : false
2024-09-11 16:31:48,611 [INFO] ADCParametersView:116 -        *      Rank 5 : false
2024-09-11 16:31:48,611 [INFO] ADCParametersView:116 -        *      Rank 6 : false
2024-09-11 16:31:48,611 [INFO] ADCParametersView:116 -        *      Rank 7 : false
2024-09-11 16:31:48,611 [INFO] ADCParametersView:116 -        *      Rank 8 : false
2024-09-11 16:31:48,611 [INFO] ADCParametersView:116 -                Rank 1 : false
2024-09-11 16:31:48,611 [INFO] ADCParametersView:116 -        *      Rank 2 : false
2024-09-11 16:31:48,611 [INFO] ADCParametersView:116 -        *      Rank 3 : false
2024-09-11 16:31:48,611 [INFO] ADCParametersView:116 -        *      Rank 4 : false
2024-09-11 16:31:48,611 [INFO] ADCParametersView:116 -        *      Rank 5 : false
2024-09-11 16:31:48,611 [INFO] ADCParametersView:116 -        *      Rank 6 : false
2024-09-11 16:31:48,611 [INFO] ADCParametersView:116 -        *      Rank 7 : false
2024-09-11 16:31:48,611 [INFO] ADCParametersView:116 -        *      Rank 8 : false
2024-09-11 16:31:48,611 [INFO] ADCParametersView:116 -                Rank 1 : false
2024-09-11 16:31:48,612 [INFO] ADCParametersView:116 -        *      Rank 2 : false
2024-09-11 16:31:48,612 [INFO] ADCParametersView:116 -        *      Rank 3 : false
2024-09-11 16:31:48,612 [INFO] ADCParametersView:116 -        *      Rank 4 : false
2024-09-11 16:31:48,612 [INFO] ADCParametersView:116 -        *      Rank 5 : false
2024-09-11 16:31:48,612 [INFO] ADCParametersView:116 -        *      Rank 6 : false
2024-09-11 16:31:48,612 [INFO] ADCParametersView:116 -        *      Rank 7 : false
2024-09-11 16:31:48,612 [INFO] ADCParametersView:116 -        *      Rank 8 : false
2024-09-11 16:31:48,612 [INFO] ADCParametersView:116 -        *      Rank 2 : false
2024-09-11 16:31:48,612 [INFO] ADCParametersView:116 -        *      Rank 3 : false
2024-09-11 16:31:48,612 [INFO] ADCParametersView:116 -        *      Rank 4 : false
2024-09-11 16:31:48,612 [INFO] ADCParametersView:116 -        *      Rank 5 : false
2024-09-11 16:31:48,612 [INFO] ADCParametersView:116 -        *      Rank 6 : false
2024-09-11 16:31:48,612 [INFO] ADCParametersView:116 -        *      Rank 7 : false
2024-09-11 16:31:48,612 [INFO] ADCParametersView:116 -        *      Rank 8 : false
2024-09-11 16:31:48,612 [INFO] ADCParametersView:116 -        *      Rank 3 : false
2024-09-11 16:31:48,612 [INFO] ADCParametersView:116 -        *      Rank 4 : false
2024-09-11 16:31:48,612 [INFO] ADCParametersView:116 -        *      Rank 5 : false
2024-09-11 16:31:48,612 [INFO] ADCParametersView:116 -        *      Rank 6 : false
2024-09-11 16:31:48,612 [INFO] ADCParametersView:116 -        *      Rank 7 : false
2024-09-11 16:31:48,612 [INFO] ADCParametersView:116 -        *      Rank 8 : false
2024-09-11 16:31:48,612 [INFO] ADCParametersView:116 -        *      Rank 4 : false
2024-09-11 16:31:48,613 [INFO] ADCParametersView:116 -        *      Rank 5 : false
2024-09-11 16:31:48,613 [INFO] ADCParametersView:116 -        *      Rank 6 : false
2024-09-11 16:31:48,613 [INFO] ADCParametersView:116 -        *      Rank 7 : false
2024-09-11 16:31:48,613 [INFO] ADCParametersView:116 -        *      Rank 8 : false
2024-09-11 16:31:48,613 [INFO] ADCParametersView:116 -        *      Rank 5 : false
2024-09-11 16:31:48,613 [INFO] ADCParametersView:116 -        *      Rank 6 : false
2024-09-11 16:31:48,613 [INFO] ADCParametersView:116 -        *      Rank 7 : false
2024-09-11 16:31:48,613 [INFO] ADCParametersView:116 -        *      Rank 8 : false
2024-09-11 16:31:48,613 [INFO] ADCParametersView:116 -        *      Rank 6 : false
2024-09-11 16:31:48,613 [INFO] ADCParametersView:116 -        *      Rank 7 : false
2024-09-11 16:31:48,613 [INFO] ADCParametersView:116 -        *      Rank 8 : false
2024-09-11 16:31:48,613 [INFO] ADCParametersView:116 -        *      Rank 7 : false
2024-09-11 16:31:48,613 [INFO] ADCParametersView:116 -        *      Rank 8 : false
2024-09-11 16:31:48,613 [INFO] ADCParametersView:116 -        *      Rank 8 : false
2024-09-11 16:31:48,697 [INFO] ADCParametersView:116 -                Rank 1 : false
2024-09-11 16:31:48,699 [INFO] ADCParametersView:116 -                Rank 1 : false
2024-09-11 16:31:48,699 [INFO] ADCParametersView:116 -                Rank 2 : false
2024-09-11 16:31:48,699 [INFO] ADCParametersView:116 -                Rank 1 : false
2024-09-11 16:31:48,699 [INFO] ADCParametersView:116 -                Rank 2 : false
2024-09-11 16:31:48,699 [INFO] ADCParametersView:116 -                Rank 3 : false
2024-09-11 16:31:48,699 [INFO] ADCParametersView:116 -                Rank 1 : false
2024-09-11 16:31:48,699 [INFO] ADCParametersView:116 -                Rank 2 : false
2024-09-11 16:31:48,699 [INFO] ADCParametersView:116 -                Rank 3 : false
2024-09-11 16:31:48,699 [INFO] ADCParametersView:116 -                Rank 4 : false
2024-09-11 16:31:48,700 [INFO] ADCParametersView:116 -                Rank 1 : false
2024-09-11 16:31:48,700 [INFO] ADCParametersView:116 -                Rank 2 : false
2024-09-11 16:31:48,700 [INFO] ADCParametersView:116 -                Rank 3 : false
2024-09-11 16:31:48,700 [INFO] ADCParametersView:116 -                Rank 4 : false
2024-09-11 16:31:48,700 [INFO] ADCParametersView:116 -                Rank 5 : false
2024-09-11 16:31:48,700 [INFO] ADCParametersView:116 -                Rank 1 : false
2024-09-11 16:31:48,700 [INFO] ADCParametersView:116 -                Rank 2 : false
2024-09-11 16:31:48,700 [INFO] ADCParametersView:116 -                Rank 3 : false
2024-09-11 16:31:48,700 [INFO] ADCParametersView:116 -                Rank 4 : false
2024-09-11 16:31:48,700 [INFO] ADCParametersView:116 -                Rank 5 : false
2024-09-11 16:31:48,700 [INFO] ADCParametersView:116 -                Rank 6 : false
2024-09-11 16:31:48,700 [INFO] ADCParametersView:116 -                Rank 1 : false
2024-09-11 16:31:48,700 [INFO] ADCParametersView:116 -                Rank 2 : false
2024-09-11 16:31:48,700 [INFO] ADCParametersView:116 -                Rank 3 : false
2024-09-11 16:31:48,700 [INFO] ADCParametersView:116 -                Rank 4 : false
2024-09-11 16:31:48,700 [INFO] ADCParametersView:116 -                Rank 5 : false
2024-09-11 16:31:48,701 [INFO] ADCParametersView:116 -                Rank 6 : false
2024-09-11 16:31:48,701 [INFO] ADCParametersView:116 -                Rank 7 : false
2024-09-11 16:31:48,701 [INFO] ADCParametersView:116 -                Rank 1 : false
2024-09-11 16:31:48,701 [INFO] ADCParametersView:116 -                Rank 2 : false
2024-09-11 16:31:48,701 [INFO] ADCParametersView:116 -                Rank 3 : false
2024-09-11 16:31:48,701 [INFO] ADCParametersView:116 -                Rank 4 : false
2024-09-11 16:31:48,701 [INFO] ADCParametersView:116 -                Rank 5 : false
2024-09-11 16:31:48,701 [INFO] ADCParametersView:116 -                Rank 6 : false
2024-09-11 16:31:48,701 [INFO] ADCParametersView:116 -                Rank 7 : false
2024-09-11 16:31:48,701 [INFO] ADCParametersView:116 -                Rank 8 : false
2024-09-11 16:31:55,551 [INFO] ADCParametersView:116 -                Rank 1 : true
2024-09-11 16:31:55,556 [INFO] ADCParametersView:116 -                Rank 2 : false
2024-09-11 16:31:55,557 [INFO] ADCParametersView:116 -                Rank 3 : false
2024-09-11 16:31:55,557 [INFO] ADCParametersView:116 -                Rank 4 : false
2024-09-11 16:31:55,557 [INFO] ADCParametersView:116 -                Rank 5 : false
2024-09-11 16:31:55,557 [INFO] ADCParametersView:116 -                Rank 6 : false
2024-09-11 16:31:55,557 [INFO] ADCParametersView:116 -                Rank 7 : false
2024-09-11 16:31:55,557 [INFO] ADCParametersView:116 -                Rank 8 : false
2024-09-11 16:32:01,823 [INFO] NvicIntPanel:101 - NVIC parent = com.st.microxplorer.plugins.ip.nvic.MultiNvicIntPanel[,0,0,0x0,invalid,layout=javax.swing.BoxLayout,alignmentX=0.0,alignmentY=0.0,border=,flags=9,maximumSize=,minimumSize=,preferredSize=]
2024-09-11 16:32:01,885 [INFO] ADCParametersView:116 -                Rank 1 : true
2024-09-11 16:32:01,886 [INFO] ADCParametersView:116 -                Rank 2 : false
2024-09-11 16:32:01,886 [INFO] ADCParametersView:116 -                Rank 3 : false
2024-09-11 16:32:01,886 [INFO] ADCParametersView:116 -                Rank 4 : false
2024-09-11 16:32:01,886 [INFO] ADCParametersView:116 -                Rank 5 : false
2024-09-11 16:32:01,886 [INFO] ADCParametersView:116 -                Rank 6 : false
2024-09-11 16:32:01,886 [INFO] ADCParametersView:116 -                Rank 7 : false
2024-09-11 16:32:01,886 [INFO] ADCParametersView:116 -                Rank 8 : false
2024-09-11 16:32:01,888 [INFO] ADCParametersView:116 -                Rank 1 : true
2024-09-11 16:32:01,888 [INFO] ADCParametersView:116 -                Rank 2 : false
2024-09-11 16:32:01,888 [INFO] ADCParametersView:116 -                Rank 3 : false
2024-09-11 16:32:01,888 [INFO] ADCParametersView:116 -                Rank 4 : false
2024-09-11 16:32:01,888 [INFO] ADCParametersView:116 -                Rank 5 : false
2024-09-11 16:32:01,888 [INFO] ADCParametersView:116 -                Rank 6 : false
2024-09-11 16:32:01,888 [INFO] ADCParametersView:116 -                Rank 7 : false
2024-09-11 16:32:01,888 [INFO] ADCParametersView:116 -                Rank 8 : false
2024-09-11 16:32:01,888 [INFO] ADCParametersView:116 -                Rank 1 : true
2024-09-11 16:32:01,888 [INFO] ADCParametersView:116 -                Rank 2 : false
2024-09-11 16:32:01,888 [INFO] ADCParametersView:116 -                Rank 3 : false
2024-09-11 16:32:01,888 [INFO] ADCParametersView:116 -                Rank 4 : false
2024-09-11 16:32:01,888 [INFO] ADCParametersView:116 -                Rank 5 : false
2024-09-11 16:32:01,888 [INFO] ADCParametersView:116 -                Rank 6 : false
2024-09-11 16:32:01,888 [INFO] ADCParametersView:116 -                Rank 7 : false
2024-09-11 16:32:01,888 [INFO] ADCParametersView:116 -                Rank 8 : false
2024-09-11 16:32:01,888 [INFO] ADCParametersView:116 -                Rank 1 : true
2024-09-11 16:32:01,888 [INFO] ADCParametersView:116 -                Rank 2 : false
2024-09-11 16:32:01,888 [INFO] ADCParametersView:116 -                Rank 3 : false
2024-09-11 16:32:01,888 [INFO] ADCParametersView:116 -                Rank 4 : false
2024-09-11 16:32:01,888 [INFO] ADCParametersView:116 -                Rank 5 : false
2024-09-11 16:32:01,889 [INFO] ADCParametersView:116 -                Rank 6 : false
2024-09-11 16:32:01,889 [INFO] ADCParametersView:116 -                Rank 7 : false
2024-09-11 16:32:01,889 [INFO] ADCParametersView:116 -                Rank 8 : false
2024-09-11 16:32:01,889 [INFO] ADCParametersView:116 -                Rank 1 : true
2024-09-11 16:32:01,889 [INFO] ADCParametersView:116 -                Rank 2 : false
2024-09-11 16:32:01,889 [INFO] ADCParametersView:116 -                Rank 3 : false
2024-09-11 16:32:01,889 [INFO] ADCParametersView:116 -                Rank 4 : false
2024-09-11 16:32:01,889 [INFO] ADCParametersView:116 -                Rank 5 : false
2024-09-11 16:32:01,889 [INFO] ADCParametersView:116 -                Rank 6 : false
2024-09-11 16:32:01,889 [INFO] ADCParametersView:116 -                Rank 7 : false
2024-09-11 16:32:01,889 [INFO] ADCParametersView:116 -                Rank 8 : false
2024-09-11 16:32:01,889 [INFO] ADCParametersView:116 -                Rank 1 : true
2024-09-11 16:32:01,889 [INFO] ADCParametersView:116 -                Rank 2 : false
2024-09-11 16:32:01,889 [INFO] ADCParametersView:116 -                Rank 3 : false
2024-09-11 16:32:01,889 [INFO] ADCParametersView:116 -                Rank 4 : false
2024-09-11 16:32:01,889 [INFO] ADCParametersView:116 -                Rank 5 : false
2024-09-11 16:32:01,889 [INFO] ADCParametersView:116 -                Rank 6 : false
2024-09-11 16:32:01,889 [INFO] ADCParametersView:116 -                Rank 7 : false
2024-09-11 16:32:01,889 [INFO] ADCParametersView:116 -                Rank 8 : false
2024-09-11 16:32:01,889 [INFO] ADCParametersView:116 -                Rank 1 : true
2024-09-11 16:32:01,889 [INFO] ADCParametersView:116 -                Rank 2 : false
2024-09-11 16:32:01,890 [INFO] ADCParametersView:116 -                Rank 3 : false
2024-09-11 16:32:01,890 [INFO] ADCParametersView:116 -                Rank 4 : false
2024-09-11 16:32:01,890 [INFO] ADCParametersView:116 -                Rank 5 : false
2024-09-11 16:32:01,890 [INFO] ADCParametersView:116 -                Rank 6 : false
2024-09-11 16:32:01,890 [INFO] ADCParametersView:116 -                Rank 7 : false
2024-09-11 16:32:01,890 [INFO] ADCParametersView:116 -                Rank 8 : false
2024-09-11 16:32:01,890 [INFO] ADCParametersView:116 -                Rank 1 : true
2024-09-11 16:32:01,890 [INFO] ADCParametersView:116 -                Rank 2 : false
2024-09-11 16:32:01,890 [INFO] ADCParametersView:116 -                Rank 3 : false
2024-09-11 16:32:01,890 [INFO] ADCParametersView:116 -                Rank 4 : false
2024-09-11 16:32:01,890 [INFO] ADCParametersView:116 -                Rank 5 : false
2024-09-11 16:32:01,890 [INFO] ADCParametersView:116 -                Rank 6 : false
2024-09-11 16:32:01,890 [INFO] ADCParametersView:116 -                Rank 7 : false
2024-09-11 16:32:01,890 [INFO] ADCParametersView:116 -                Rank 8 : false
2024-09-11 16:32:01,890 [INFO] ADCParametersView:116 -                Rank 1 : true
2024-09-11 16:32:01,890 [INFO] ADCParametersView:116 -                Rank 2 : false
2024-09-11 16:32:01,890 [INFO] ADCParametersView:116 -                Rank 3 : false
2024-09-11 16:32:01,890 [INFO] ADCParametersView:116 -                Rank 4 : false
2024-09-11 16:32:01,890 [INFO] ADCParametersView:116 -                Rank 5 : false
2024-09-11 16:32:01,890 [INFO] ADCParametersView:116 -                Rank 6 : false
2024-09-11 16:32:01,890 [INFO] ADCParametersView:116 -                Rank 7 : false
2024-09-11 16:32:01,890 [INFO] ADCParametersView:116 -                Rank 8 : false
2024-09-11 16:32:01,890 [INFO] ADCParametersView:116 -                Rank 1 : true
2024-09-11 16:32:01,891 [INFO] ADCParametersView:116 -                Rank 2 : false
2024-09-11 16:32:01,891 [INFO] ADCParametersView:116 -                Rank 3 : false
2024-09-11 16:32:01,891 [INFO] ADCParametersView:116 -                Rank 4 : false
2024-09-11 16:32:01,891 [INFO] ADCParametersView:116 -                Rank 5 : false
2024-09-11 16:32:01,891 [INFO] ADCParametersView:116 -                Rank 6 : false
2024-09-11 16:32:01,891 [INFO] ADCParametersView:116 -                Rank 7 : false
2024-09-11 16:32:01,891 [INFO] ADCParametersView:116 -                Rank 8 : false
2024-09-11 16:32:01,891 [INFO] ADCParametersView:116 -                Rank 1 : true
2024-09-11 16:32:01,891 [INFO] ADCParametersView:116 -                Rank 2 : false
2024-09-11 16:32:01,891 [INFO] ADCParametersView:116 -                Rank 3 : false
2024-09-11 16:32:01,891 [INFO] ADCParametersView:116 -                Rank 4 : false
2024-09-11 16:32:01,891 [INFO] ADCParametersView:116 -                Rank 5 : false
2024-09-11 16:32:01,891 [INFO] ADCParametersView:116 -                Rank 6 : false
2024-09-11 16:32:01,891 [INFO] ADCParametersView:116 -                Rank 7 : false
2024-09-11 16:32:01,891 [INFO] ADCParametersView:116 -                Rank 8 : false
2024-09-11 16:32:01,891 [INFO] ADCParametersView:116 -                Rank 1 : true
2024-09-11 16:32:01,891 [INFO] ADCParametersView:116 -                Rank 2 : false
2024-09-11 16:32:01,891 [INFO] ADCParametersView:116 -                Rank 3 : false
2024-09-11 16:32:01,891 [INFO] ADCParametersView:116 -                Rank 4 : false
2024-09-11 16:32:01,891 [INFO] ADCParametersView:116 -                Rank 5 : false
2024-09-11 16:32:01,891 [INFO] ADCParametersView:116 -                Rank 6 : false
2024-09-11 16:32:01,891 [INFO] ADCParametersView:116 -                Rank 7 : false
2024-09-11 16:32:01,891 [INFO] ADCParametersView:116 -                Rank 8 : false
2024-09-11 16:32:01,891 [INFO] ADCParametersView:116 -                Rank 1 : true
2024-09-11 16:32:01,891 [INFO] ADCParametersView:116 -                Rank 2 : false
2024-09-11 16:32:01,891 [INFO] ADCParametersView:116 -                Rank 3 : false
2024-09-11 16:32:01,891 [INFO] ADCParametersView:116 -                Rank 4 : false
2024-09-11 16:32:01,891 [INFO] ADCParametersView:116 -                Rank 5 : false
2024-09-11 16:32:01,892 [INFO] ADCParametersView:116 -                Rank 6 : false
2024-09-11 16:32:01,892 [INFO] ADCParametersView:116 -                Rank 7 : false
2024-09-11 16:32:01,892 [INFO] ADCParametersView:116 -                Rank 8 : false
2024-09-11 16:32:01,892 [INFO] ADCParametersView:116 -                Rank 1 : true
2024-09-11 16:32:01,892 [INFO] ADCParametersView:116 -                Rank 2 : false
2024-09-11 16:32:01,892 [INFO] ADCParametersView:116 -                Rank 3 : false
2024-09-11 16:32:01,892 [INFO] ADCParametersView:116 -                Rank 4 : false
2024-09-11 16:32:01,892 [INFO] ADCParametersView:116 -                Rank 5 : false
2024-09-11 16:32:01,892 [INFO] ADCParametersView:116 -                Rank 6 : false
2024-09-11 16:32:01,892 [INFO] ADCParametersView:116 -                Rank 7 : false
2024-09-11 16:32:01,892 [INFO] ADCParametersView:116 -                Rank 8 : false
2024-09-11 16:32:01,892 [INFO] ADCParametersView:116 -                Rank 2 : false
2024-09-11 16:32:01,892 [INFO] ADCParametersView:116 -                Rank 3 : false
2024-09-11 16:32:01,892 [INFO] ADCParametersView:116 -                Rank 4 : false
2024-09-11 16:32:01,892 [INFO] ADCParametersView:116 -                Rank 5 : false
2024-09-11 16:32:01,892 [INFO] ADCParametersView:116 -                Rank 6 : false
2024-09-11 16:32:01,892 [INFO] ADCParametersView:116 -                Rank 7 : false
2024-09-11 16:32:01,892 [INFO] ADCParametersView:116 -                Rank 8 : false
2024-09-11 16:32:01,892 [INFO] ADCParametersView:116 -                Rank 3 : false
2024-09-11 16:32:01,892 [INFO] ADCParametersView:116 -                Rank 4 : false
2024-09-11 16:32:01,892 [INFO] ADCParametersView:116 -                Rank 5 : false
2024-09-11 16:32:01,892 [INFO] ADCParametersView:116 -                Rank 6 : false
2024-09-11 16:32:01,892 [INFO] ADCParametersView:116 -                Rank 7 : false
2024-09-11 16:32:01,892 [INFO] ADCParametersView:116 -                Rank 8 : false
2024-09-11 16:32:01,892 [INFO] ADCParametersView:116 -                Rank 4 : false
2024-09-11 16:32:01,892 [INFO] ADCParametersView:116 -                Rank 5 : false
2024-09-11 16:32:01,892 [INFO] ADCParametersView:116 -                Rank 6 : false
2024-09-11 16:32:01,892 [INFO] ADCParametersView:116 -                Rank 7 : false
2024-09-11 16:32:01,892 [INFO] ADCParametersView:116 -                Rank 8 : false
2024-09-11 16:32:01,893 [INFO] ADCParametersView:116 -                Rank 5 : false
2024-09-11 16:32:01,893 [INFO] ADCParametersView:116 -                Rank 6 : false
2024-09-11 16:32:01,893 [INFO] ADCParametersView:116 -                Rank 7 : false
2024-09-11 16:32:01,893 [INFO] ADCParametersView:116 -                Rank 8 : false
2024-09-11 16:32:01,893 [INFO] ADCParametersView:116 -                Rank 6 : false
2024-09-11 16:32:01,893 [INFO] ADCParametersView:116 -                Rank 7 : false
2024-09-11 16:32:01,893 [INFO] ADCParametersView:116 -                Rank 8 : false
2024-09-11 16:32:01,893 [INFO] ADCParametersView:116 -                Rank 7 : false
2024-09-11 16:32:01,893 [INFO] ADCParametersView:116 -                Rank 8 : false
2024-09-11 16:32:01,893 [INFO] ADCParametersView:116 -                Rank 8 : false
2024-09-11 16:32:01,940 [INFO] ADCParametersView:116 -                Rank 1 : true
2024-09-11 16:32:01,941 [INFO] ADCParametersView:116 -                Rank 1 : true
2024-09-11 16:32:01,941 [INFO] ADCParametersView:116 -                Rank 2 : false
2024-09-11 16:32:01,941 [INFO] ADCParametersView:116 -                Rank 1 : true
2024-09-11 16:32:01,941 [INFO] ADCParametersView:116 -                Rank 2 : false
2024-09-11 16:32:01,941 [INFO] ADCParametersView:116 -                Rank 3 : false
2024-09-11 16:32:01,941 [INFO] ADCParametersView:116 -                Rank 1 : true
2024-09-11 16:32:01,941 [INFO] ADCParametersView:116 -                Rank 2 : false
2024-09-11 16:32:01,941 [INFO] ADCParametersView:116 -                Rank 3 : false
2024-09-11 16:32:01,941 [INFO] ADCParametersView:116 -                Rank 4 : false
2024-09-11 16:32:01,941 [INFO] ADCParametersView:116 -                Rank 1 : true
2024-09-11 16:32:01,941 [INFO] ADCParametersView:116 -                Rank 2 : false
2024-09-11 16:32:01,941 [INFO] ADCParametersView:116 -                Rank 3 : false
2024-09-11 16:32:01,942 [INFO] ADCParametersView:116 -                Rank 4 : false
2024-09-11 16:32:01,942 [INFO] ADCParametersView:116 -                Rank 5 : false
2024-09-11 16:32:01,942 [INFO] ADCParametersView:116 -                Rank 1 : true
2024-09-11 16:32:01,942 [INFO] ADCParametersView:116 -                Rank 2 : false
2024-09-11 16:32:01,942 [INFO] ADCParametersView:116 -                Rank 3 : false
2024-09-11 16:32:01,942 [INFO] ADCParametersView:116 -                Rank 4 : false
2024-09-11 16:32:01,942 [INFO] ADCParametersView:116 -                Rank 5 : false
2024-09-11 16:32:01,942 [INFO] ADCParametersView:116 -                Rank 6 : false
2024-09-11 16:32:01,942 [INFO] ADCParametersView:116 -                Rank 1 : true
2024-09-11 16:32:01,942 [INFO] ADCParametersView:116 -                Rank 2 : false
2024-09-11 16:32:01,942 [INFO] ADCParametersView:116 -                Rank 3 : false
2024-09-11 16:32:01,942 [INFO] ADCParametersView:116 -                Rank 4 : false
2024-09-11 16:32:01,942 [INFO] ADCParametersView:116 -                Rank 5 : false
2024-09-11 16:32:01,942 [INFO] ADCParametersView:116 -                Rank 6 : false
2024-09-11 16:32:01,942 [INFO] ADCParametersView:116 -                Rank 7 : false
2024-09-11 16:32:01,943 [INFO] ADCParametersView:116 -                Rank 1 : true
2024-09-11 16:32:01,943 [INFO] ADCParametersView:116 -                Rank 2 : false
2024-09-11 16:32:01,943 [INFO] ADCParametersView:116 -                Rank 3 : false
2024-09-11 16:32:01,943 [INFO] ADCParametersView:116 -                Rank 4 : false
2024-09-11 16:32:01,943 [INFO] ADCParametersView:116 -                Rank 5 : false
2024-09-11 16:32:01,943 [INFO] ADCParametersView:116 -                Rank 6 : false
2024-09-11 16:32:01,943 [INFO] ADCParametersView:116 -                Rank 7 : false
2024-09-11 16:32:01,943 [INFO] ADCParametersView:116 -                Rank 8 : false
2024-09-11 16:32:03,282 [INFO] ADCParametersView:116 -                Rank 1 : true
2024-09-11 16:32:03,282 [INFO] ADCParametersView:116 -                Rank 2 : true
2024-09-11 16:32:03,282 [INFO] ADCParametersView:116 -                Rank 3 : false
2024-09-11 16:32:03,282 [INFO] ADCParametersView:116 -                Rank 4 : false
2024-09-11 16:32:03,282 [INFO] ADCParametersView:116 -                Rank 5 : false
2024-09-11 16:32:03,282 [INFO] ADCParametersView:116 -                Rank 6 : false
2024-09-11 16:32:03,282 [INFO] ADCParametersView:116 -                Rank 7 : false
2024-09-11 16:32:03,282 [INFO] ADCParametersView:116 -                Rank 8 : false
2024-09-11 16:32:09,561 [INFO] NvicIntPanel:101 - NVIC parent = com.st.microxplorer.plugins.ip.nvic.MultiNvicIntPanel[,0,0,0x0,invalid,layout=javax.swing.BoxLayout,alignmentX=0.0,alignmentY=0.0,border=,flags=9,maximumSize=,minimumSize=,preferredSize=]
2024-09-11 16:32:09,604 [INFO] ADCParametersView:116 -                Rank 1 : true
2024-09-11 16:32:09,604 [INFO] ADCParametersView:116 -                Rank 2 : true
2024-09-11 16:32:09,604 [INFO] ADCParametersView:116 -                Rank 3 : false
2024-09-11 16:32:09,604 [INFO] ADCParametersView:116 -                Rank 4 : false
2024-09-11 16:32:09,604 [INFO] ADCParametersView:116 -                Rank 5 : false
2024-09-11 16:32:09,604 [INFO] ADCParametersView:116 -                Rank 6 : false
2024-09-11 16:32:09,604 [INFO] ADCParametersView:116 -                Rank 7 : false
2024-09-11 16:32:09,604 [INFO] ADCParametersView:116 -                Rank 8 : false
2024-09-11 16:32:09,605 [INFO] ADCParametersView:116 -                Rank 1 : true
2024-09-11 16:32:09,605 [INFO] ADCParametersView:116 -                Rank 2 : true
2024-09-11 16:32:09,605 [INFO] ADCParametersView:116 -                Rank 3 : false
2024-09-11 16:32:09,605 [INFO] ADCParametersView:116 -                Rank 4 : false
2024-09-11 16:32:09,605 [INFO] ADCParametersView:116 -                Rank 5 : false
2024-09-11 16:32:09,605 [INFO] ADCParametersView:116 -                Rank 6 : false
2024-09-11 16:32:09,605 [INFO] ADCParametersView:116 -                Rank 7 : false
2024-09-11 16:32:09,605 [INFO] ADCParametersView:116 -                Rank 8 : false
2024-09-11 16:32:09,605 [INFO] ADCParametersView:116 -                Rank 1 : true
2024-09-11 16:32:09,606 [INFO] ADCParametersView:116 -                Rank 2 : true
2024-09-11 16:32:09,606 [INFO] ADCParametersView:116 -                Rank 3 : false
2024-09-11 16:32:09,606 [INFO] ADCParametersView:116 -                Rank 4 : false
2024-09-11 16:32:09,606 [INFO] ADCParametersView:116 -                Rank 5 : false
2024-09-11 16:32:09,606 [INFO] ADCParametersView:116 -                Rank 6 : false
2024-09-11 16:32:09,606 [INFO] ADCParametersView:116 -                Rank 7 : false
2024-09-11 16:32:09,606 [INFO] ADCParametersView:116 -                Rank 8 : false
2024-09-11 16:32:09,606 [INFO] ADCParametersView:116 -                Rank 1 : true
2024-09-11 16:32:09,606 [INFO] ADCParametersView:116 -                Rank 2 : true
2024-09-11 16:32:09,606 [INFO] ADCParametersView:116 -                Rank 3 : false
2024-09-11 16:32:09,606 [INFO] ADCParametersView:116 -                Rank 4 : false
2024-09-11 16:32:09,606 [INFO] ADCParametersView:116 -                Rank 5 : false
2024-09-11 16:32:09,606 [INFO] ADCParametersView:116 -                Rank 6 : false
2024-09-11 16:32:09,606 [INFO] ADCParametersView:116 -                Rank 7 : false
2024-09-11 16:32:09,606 [INFO] ADCParametersView:116 -                Rank 8 : false
2024-09-11 16:32:09,606 [INFO] ADCParametersView:116 -                Rank 1 : true
2024-09-11 16:32:09,606 [INFO] ADCParametersView:116 -                Rank 2 : true
2024-09-11 16:32:09,606 [INFO] ADCParametersView:116 -                Rank 3 : false
2024-09-11 16:32:09,606 [INFO] ADCParametersView:116 -                Rank 4 : false
2024-09-11 16:32:09,606 [INFO] ADCParametersView:116 -                Rank 5 : false
2024-09-11 16:32:09,606 [INFO] ADCParametersView:116 -                Rank 6 : false
2024-09-11 16:32:09,606 [INFO] ADCParametersView:116 -                Rank 7 : false
2024-09-11 16:32:09,606 [INFO] ADCParametersView:116 -                Rank 8 : false
2024-09-11 16:32:09,607 [INFO] ADCParametersView:116 -                Rank 1 : true
2024-09-11 16:32:09,607 [INFO] ADCParametersView:116 -                Rank 2 : true
2024-09-11 16:32:09,607 [INFO] ADCParametersView:116 -                Rank 3 : false
2024-09-11 16:32:09,607 [INFO] ADCParametersView:116 -                Rank 4 : false
2024-09-11 16:32:09,607 [INFO] ADCParametersView:116 -                Rank 5 : false
2024-09-11 16:32:09,607 [INFO] ADCParametersView:116 -                Rank 6 : false
2024-09-11 16:32:09,607 [INFO] ADCParametersView:116 -                Rank 7 : false
2024-09-11 16:32:09,607 [INFO] ADCParametersView:116 -                Rank 8 : false
2024-09-11 16:32:09,607 [INFO] ADCParametersView:116 -                Rank 1 : true
2024-09-11 16:32:09,607 [INFO] ADCParametersView:116 -                Rank 2 : true
2024-09-11 16:32:09,607 [INFO] ADCParametersView:116 -                Rank 3 : false
2024-09-11 16:32:09,607 [INFO] ADCParametersView:116 -                Rank 4 : false
2024-09-11 16:32:09,607 [INFO] ADCParametersView:116 -                Rank 5 : false
2024-09-11 16:32:09,607 [INFO] ADCParametersView:116 -                Rank 6 : false
2024-09-11 16:32:09,607 [INFO] ADCParametersView:116 -                Rank 7 : false
2024-09-11 16:32:09,607 [INFO] ADCParametersView:116 -                Rank 8 : false
2024-09-11 16:32:09,607 [INFO] ADCParametersView:116 -                Rank 1 : true
2024-09-11 16:32:09,607 [INFO] ADCParametersView:116 -                Rank 2 : true
2024-09-11 16:32:09,607 [INFO] ADCParametersView:116 -                Rank 3 : false
2024-09-11 16:32:09,607 [INFO] ADCParametersView:116 -                Rank 4 : false
2024-09-11 16:32:09,607 [INFO] ADCParametersView:116 -                Rank 5 : false
2024-09-11 16:32:09,607 [INFO] ADCParametersView:116 -                Rank 6 : false
2024-09-11 16:32:09,607 [INFO] ADCParametersView:116 -                Rank 7 : false
2024-09-11 16:32:09,608 [INFO] ADCParametersView:116 -                Rank 8 : false
2024-09-11 16:32:09,608 [INFO] ADCParametersView:116 -                Rank 1 : true
2024-09-11 16:32:09,608 [INFO] ADCParametersView:116 -                Rank 2 : true
2024-09-11 16:32:09,608 [INFO] ADCParametersView:116 -                Rank 3 : false
2024-09-11 16:32:09,608 [INFO] ADCParametersView:116 -                Rank 4 : false
2024-09-11 16:32:09,608 [INFO] ADCParametersView:116 -                Rank 5 : false
2024-09-11 16:32:09,608 [INFO] ADCParametersView:116 -                Rank 6 : false
2024-09-11 16:32:09,608 [INFO] ADCParametersView:116 -                Rank 7 : false
2024-09-11 16:32:09,608 [INFO] ADCParametersView:116 -                Rank 8 : false
2024-09-11 16:32:09,608 [INFO] ADCParametersView:116 -                Rank 1 : true
2024-09-11 16:32:09,608 [INFO] ADCParametersView:116 -                Rank 2 : true
2024-09-11 16:32:09,608 [INFO] ADCParametersView:116 -                Rank 3 : false
2024-09-11 16:32:09,608 [INFO] ADCParametersView:116 -                Rank 4 : false
2024-09-11 16:32:09,608 [INFO] ADCParametersView:116 -                Rank 5 : false
2024-09-11 16:32:09,608 [INFO] ADCParametersView:116 -                Rank 6 : false
2024-09-11 16:32:09,608 [INFO] ADCParametersView:116 -                Rank 7 : false
2024-09-11 16:32:09,608 [INFO] ADCParametersView:116 -                Rank 8 : false
2024-09-11 16:32:09,608 [INFO] ADCParametersView:116 -                Rank 1 : true
2024-09-11 16:32:09,608 [INFO] ADCParametersView:116 -                Rank 2 : true
2024-09-11 16:32:09,608 [INFO] ADCParametersView:116 -                Rank 3 : false
2024-09-11 16:32:09,608 [INFO] ADCParametersView:116 -                Rank 4 : false
2024-09-11 16:32:09,608 [INFO] ADCParametersView:116 -                Rank 5 : false
2024-09-11 16:32:09,608 [INFO] ADCParametersView:116 -                Rank 6 : false
2024-09-11 16:32:09,608 [INFO] ADCParametersView:116 -                Rank 7 : false
2024-09-11 16:32:09,608 [INFO] ADCParametersView:116 -                Rank 8 : false
2024-09-11 16:32:09,609 [INFO] ADCParametersView:116 -                Rank 1 : true
2024-09-11 16:32:09,609 [INFO] ADCParametersView:116 -                Rank 2 : true
2024-09-11 16:32:09,609 [INFO] ADCParametersView:116 -                Rank 3 : false
2024-09-11 16:32:09,609 [INFO] ADCParametersView:116 -                Rank 4 : false
2024-09-11 16:32:09,609 [INFO] ADCParametersView:116 -                Rank 5 : false
2024-09-11 16:32:09,609 [INFO] ADCParametersView:116 -                Rank 6 : false
2024-09-11 16:32:09,609 [INFO] ADCParametersView:116 -                Rank 7 : false
2024-09-11 16:32:09,609 [INFO] ADCParametersView:116 -                Rank 8 : false
2024-09-11 16:32:09,609 [INFO] ADCParametersView:116 -                Rank 1 : true
2024-09-11 16:32:09,609 [INFO] ADCParametersView:116 -                Rank 2 : true
2024-09-11 16:32:09,609 [INFO] ADCParametersView:116 -                Rank 3 : false
2024-09-11 16:32:09,609 [INFO] ADCParametersView:116 -                Rank 4 : false
2024-09-11 16:32:09,609 [INFO] ADCParametersView:116 -                Rank 5 : false
2024-09-11 16:32:09,609 [INFO] ADCParametersView:116 -                Rank 6 : false
2024-09-11 16:32:09,609 [INFO] ADCParametersView:116 -                Rank 7 : false
2024-09-11 16:32:09,609 [INFO] ADCParametersView:116 -                Rank 8 : false
2024-09-11 16:32:09,609 [INFO] ADCParametersView:116 -                Rank 1 : true
2024-09-11 16:32:09,609 [INFO] ADCParametersView:116 -                Rank 2 : true
2024-09-11 16:32:09,609 [INFO] ADCParametersView:116 -                Rank 3 : false
2024-09-11 16:32:09,609 [INFO] ADCParametersView:116 -                Rank 4 : false
2024-09-11 16:32:09,609 [INFO] ADCParametersView:116 -                Rank 5 : false
2024-09-11 16:32:09,609 [INFO] ADCParametersView:116 -                Rank 6 : false
2024-09-11 16:32:09,609 [INFO] ADCParametersView:116 -                Rank 7 : false
2024-09-11 16:32:09,609 [INFO] ADCParametersView:116 -                Rank 8 : false
2024-09-11 16:32:09,609 [INFO] ADCParametersView:116 -                Rank 2 : true
2024-09-11 16:32:09,609 [INFO] ADCParametersView:116 -                Rank 3 : false
2024-09-11 16:32:09,609 [INFO] ADCParametersView:116 -                Rank 4 : false
2024-09-11 16:32:09,610 [INFO] ADCParametersView:116 -                Rank 5 : false
2024-09-11 16:32:09,610 [INFO] ADCParametersView:116 -                Rank 6 : false
2024-09-11 16:32:09,610 [INFO] ADCParametersView:116 -                Rank 7 : false
2024-09-11 16:32:09,610 [INFO] ADCParametersView:116 -                Rank 8 : false
2024-09-11 16:32:09,610 [INFO] ADCParametersView:116 -                Rank 3 : false
2024-09-11 16:32:09,610 [INFO] ADCParametersView:116 -                Rank 4 : false
2024-09-11 16:32:09,610 [INFO] ADCParametersView:116 -                Rank 5 : false
2024-09-11 16:32:09,610 [INFO] ADCParametersView:116 -                Rank 6 : false
2024-09-11 16:32:09,610 [INFO] ADCParametersView:116 -                Rank 7 : false
2024-09-11 16:32:09,610 [INFO] ADCParametersView:116 -                Rank 8 : false
2024-09-11 16:32:09,610 [INFO] ADCParametersView:116 -                Rank 4 : false
2024-09-11 16:32:09,610 [INFO] ADCParametersView:116 -                Rank 5 : false
2024-09-11 16:32:09,610 [INFO] ADCParametersView:116 -                Rank 6 : false
2024-09-11 16:32:09,610 [INFO] ADCParametersView:116 -                Rank 7 : false
2024-09-11 16:32:09,610 [INFO] ADCParametersView:116 -                Rank 8 : false
2024-09-11 16:32:09,610 [INFO] ADCParametersView:116 -                Rank 5 : false
2024-09-11 16:32:09,610 [INFO] ADCParametersView:116 -                Rank 6 : false
2024-09-11 16:32:09,610 [INFO] ADCParametersView:116 -                Rank 7 : false
2024-09-11 16:32:09,610 [INFO] ADCParametersView:116 -                Rank 8 : false
2024-09-11 16:32:09,610 [INFO] ADCParametersView:116 -                Rank 6 : false
2024-09-11 16:32:09,610 [INFO] ADCParametersView:116 -                Rank 7 : false
2024-09-11 16:32:09,610 [INFO] ADCParametersView:116 -                Rank 8 : false
2024-09-11 16:32:09,610 [INFO] ADCParametersView:116 -                Rank 7 : false
2024-09-11 16:32:09,610 [INFO] ADCParametersView:116 -                Rank 8 : false
2024-09-11 16:32:09,610 [INFO] ADCParametersView:116 -                Rank 8 : false
2024-09-11 16:32:09,652 [INFO] ADCParametersView:116 -                Rank 1 : true
2024-09-11 16:32:09,652 [INFO] ADCParametersView:116 -                Rank 1 : true
2024-09-11 16:32:09,652 [INFO] ADCParametersView:116 -                Rank 2 : true
2024-09-11 16:32:09,652 [INFO] ADCParametersView:116 -                Rank 1 : true
2024-09-11 16:32:09,652 [INFO] ADCParametersView:116 -                Rank 2 : true
2024-09-11 16:32:09,652 [INFO] ADCParametersView:116 -                Rank 3 : false
2024-09-11 16:32:09,653 [INFO] ADCParametersView:116 -                Rank 1 : true
2024-09-11 16:32:09,653 [INFO] ADCParametersView:116 -                Rank 2 : true
2024-09-11 16:32:09,653 [INFO] ADCParametersView:116 -                Rank 3 : false
2024-09-11 16:32:09,653 [INFO] ADCParametersView:116 -                Rank 4 : false
2024-09-11 16:32:09,653 [INFO] ADCParametersView:116 -                Rank 1 : true
2024-09-11 16:32:09,653 [INFO] ADCParametersView:116 -                Rank 2 : true
2024-09-11 16:32:09,653 [INFO] ADCParametersView:116 -                Rank 3 : false
2024-09-11 16:32:09,653 [INFO] ADCParametersView:116 -                Rank 4 : false
2024-09-11 16:32:09,653 [INFO] ADCParametersView:116 -                Rank 5 : false
2024-09-11 16:32:09,653 [INFO] ADCParametersView:116 -                Rank 1 : true
2024-09-11 16:32:09,653 [INFO] ADCParametersView:116 -                Rank 2 : true
2024-09-11 16:32:09,653 [INFO] ADCParametersView:116 -                Rank 3 : false
2024-09-11 16:32:09,653 [INFO] ADCParametersView:116 -                Rank 4 : false
2024-09-11 16:32:09,653 [INFO] ADCParametersView:116 -                Rank 5 : false
2024-09-11 16:32:09,653 [INFO] ADCParametersView:116 -                Rank 6 : false
2024-09-11 16:32:09,654 [INFO] ADCParametersView:116 -                Rank 1 : true
2024-09-11 16:32:09,654 [INFO] ADCParametersView:116 -                Rank 2 : true
2024-09-11 16:32:09,654 [INFO] ADCParametersView:116 -                Rank 3 : false
2024-09-11 16:32:09,654 [INFO] ADCParametersView:116 -                Rank 4 : false
2024-09-11 16:32:09,654 [INFO] ADCParametersView:116 -                Rank 5 : false
2024-09-11 16:32:09,654 [INFO] ADCParametersView:116 -                Rank 6 : false
2024-09-11 16:32:09,654 [INFO] ADCParametersView:116 -                Rank 7 : false
2024-09-11 16:32:09,654 [INFO] ADCParametersView:116 -                Rank 1 : true
2024-09-11 16:32:09,654 [INFO] ADCParametersView:116 -                Rank 2 : true
2024-09-11 16:32:09,654 [INFO] ADCParametersView:116 -                Rank 3 : false
2024-09-11 16:32:09,654 [INFO] ADCParametersView:116 -                Rank 4 : false
2024-09-11 16:32:09,654 [INFO] ADCParametersView:116 -                Rank 5 : false
2024-09-11 16:32:09,654 [INFO] ADCParametersView:116 -                Rank 6 : false
2024-09-11 16:32:09,654 [INFO] ADCParametersView:116 -                Rank 7 : false
2024-09-11 16:32:09,654 [INFO] ADCParametersView:116 -                Rank 8 : false
2024-09-11 16:32:12,173 [INFO] NvicIntPanel:101 - NVIC parent = com.st.microxplorer.plugins.ip.nvic.MultiNvicIntPanel[,0,0,0x0,invalid,layout=javax.swing.BoxLayout,alignmentX=0.0,alignmentY=0.0,border=,flags=9,maximumSize=,minimumSize=,preferredSize=]
2024-09-11 16:32:12,224 [INFO] ADCParametersView:116 -                Rank 1 : true
2024-09-11 16:32:12,224 [INFO] ADCParametersView:116 -                Rank 2 : true
2024-09-11 16:32:12,224 [INFO] ADCParametersView:116 -                Rank 3 : false
2024-09-11 16:32:12,225 [INFO] ADCParametersView:116 -                Rank 4 : false
2024-09-11 16:32:12,225 [INFO] ADCParametersView:116 -                Rank 5 : false
2024-09-11 16:32:12,225 [INFO] ADCParametersView:116 -                Rank 6 : false
2024-09-11 16:32:12,225 [INFO] ADCParametersView:116 -                Rank 7 : false
2024-09-11 16:32:12,225 [INFO] ADCParametersView:116 -                Rank 8 : false
2024-09-11 16:32:12,226 [INFO] ADCParametersView:116 -                Rank 1 : true
2024-09-11 16:32:12,226 [INFO] ADCParametersView:116 -                Rank 2 : true
2024-09-11 16:32:12,226 [INFO] ADCParametersView:116 -                Rank 3 : false
2024-09-11 16:32:12,226 [INFO] ADCParametersView:116 -                Rank 4 : false
2024-09-11 16:32:12,226 [INFO] ADCParametersView:116 -                Rank 5 : false
2024-09-11 16:32:12,226 [INFO] ADCParametersView:116 -                Rank 6 : false
2024-09-11 16:32:12,226 [INFO] ADCParametersView:116 -                Rank 7 : false
2024-09-11 16:32:12,226 [INFO] ADCParametersView:116 -                Rank 8 : false
2024-09-11 16:32:12,226 [INFO] ADCParametersView:116 -                Rank 1 : true
2024-09-11 16:32:12,226 [INFO] ADCParametersView:116 -                Rank 2 : true
2024-09-11 16:32:12,226 [INFO] ADCParametersView:116 -                Rank 3 : false
2024-09-11 16:32:12,227 [INFO] ADCParametersView:116 -                Rank 4 : false
2024-09-11 16:32:12,227 [INFO] ADCParametersView:116 -                Rank 5 : false
2024-09-11 16:32:12,227 [INFO] ADCParametersView:116 -                Rank 6 : false
2024-09-11 16:32:12,227 [INFO] ADCParametersView:116 -                Rank 7 : false
2024-09-11 16:32:12,227 [INFO] ADCParametersView:116 -                Rank 8 : false
2024-09-11 16:32:12,227 [INFO] ADCParametersView:116 -                Rank 1 : true
2024-09-11 16:32:12,227 [INFO] ADCParametersView:116 -                Rank 2 : true
2024-09-11 16:32:12,227 [INFO] ADCParametersView:116 -                Rank 3 : false
2024-09-11 16:32:12,227 [INFO] ADCParametersView:116 -                Rank 4 : false
2024-09-11 16:32:12,227 [INFO] ADCParametersView:116 -                Rank 5 : false
2024-09-11 16:32:12,227 [INFO] ADCParametersView:116 -                Rank 6 : false
2024-09-11 16:32:12,227 [INFO] ADCParametersView:116 -                Rank 7 : false
2024-09-11 16:32:12,227 [INFO] ADCParametersView:116 -                Rank 8 : false
2024-09-11 16:32:12,227 [INFO] ADCParametersView:116 -                Rank 1 : true
2024-09-11 16:32:12,227 [INFO] ADCParametersView:116 -                Rank 2 : true
2024-09-11 16:32:12,227 [INFO] ADCParametersView:116 -                Rank 3 : false
2024-09-11 16:32:12,227 [INFO] ADCParametersView:116 -                Rank 4 : false
2024-09-11 16:32:12,227 [INFO] ADCParametersView:116 -                Rank 5 : false
2024-09-11 16:32:12,227 [INFO] ADCParametersView:116 -                Rank 6 : false
2024-09-11 16:32:12,227 [INFO] ADCParametersView:116 -                Rank 7 : false
2024-09-11 16:32:12,227 [INFO] ADCParametersView:116 -                Rank 8 : false
2024-09-11 16:32:12,228 [INFO] ADCParametersView:116 -                Rank 1 : true
2024-09-11 16:32:12,228 [INFO] ADCParametersView:116 -                Rank 2 : true
2024-09-11 16:32:12,228 [INFO] ADCParametersView:116 -                Rank 3 : false
2024-09-11 16:32:12,228 [INFO] ADCParametersView:116 -                Rank 4 : false
2024-09-11 16:32:12,228 [INFO] ADCParametersView:116 -                Rank 5 : false
2024-09-11 16:32:12,228 [INFO] ADCParametersView:116 -                Rank 6 : false
2024-09-11 16:32:12,228 [INFO] ADCParametersView:116 -                Rank 7 : false
2024-09-11 16:32:12,228 [INFO] ADCParametersView:116 -                Rank 8 : false
2024-09-11 16:32:12,228 [INFO] ADCParametersView:116 -                Rank 1 : true
2024-09-11 16:32:12,228 [INFO] ADCParametersView:116 -                Rank 2 : true
2024-09-11 16:32:12,228 [INFO] ADCParametersView:116 -                Rank 3 : false
2024-09-11 16:32:12,228 [INFO] ADCParametersView:116 -                Rank 4 : false
2024-09-11 16:32:12,228 [INFO] ADCParametersView:116 -                Rank 5 : false
2024-09-11 16:32:12,228 [INFO] ADCParametersView:116 -                Rank 6 : false
2024-09-11 16:32:12,228 [INFO] ADCParametersView:116 -                Rank 7 : false
2024-09-11 16:32:12,228 [INFO] ADCParametersView:116 -                Rank 8 : false
2024-09-11 16:32:12,228 [INFO] ADCParametersView:116 -                Rank 1 : true
2024-09-11 16:32:12,228 [INFO] ADCParametersView:116 -                Rank 2 : true
2024-09-11 16:32:12,228 [INFO] ADCParametersView:116 -                Rank 3 : false
2024-09-11 16:32:12,228 [INFO] ADCParametersView:116 -                Rank 4 : false
2024-09-11 16:32:12,229 [INFO] ADCParametersView:116 -                Rank 5 : false
2024-09-11 16:32:12,229 [INFO] ADCParametersView:116 -                Rank 6 : false
2024-09-11 16:32:12,229 [INFO] ADCParametersView:116 -                Rank 7 : false
2024-09-11 16:32:12,229 [INFO] ADCParametersView:116 -                Rank 8 : false
2024-09-11 16:32:12,229 [INFO] ADCParametersView:116 -                Rank 1 : true
2024-09-11 16:32:12,229 [INFO] ADCParametersView:116 -                Rank 2 : true
2024-09-11 16:32:12,229 [INFO] ADCParametersView:116 -                Rank 3 : false
2024-09-11 16:32:12,229 [INFO] ADCParametersView:116 -                Rank 4 : false
2024-09-11 16:32:12,229 [INFO] ADCParametersView:116 -                Rank 5 : false
2024-09-11 16:32:12,229 [INFO] ADCParametersView:116 -                Rank 6 : false
2024-09-11 16:32:12,229 [INFO] ADCParametersView:116 -                Rank 7 : false
2024-09-11 16:32:12,229 [INFO] ADCParametersView:116 -                Rank 8 : false
2024-09-11 16:32:12,229 [INFO] ADCParametersView:116 -                Rank 1 : true
2024-09-11 16:32:12,229 [INFO] ADCParametersView:116 -                Rank 2 : true
2024-09-11 16:32:12,229 [INFO] ADCParametersView:116 -                Rank 3 : false
2024-09-11 16:32:12,229 [INFO] ADCParametersView:116 -                Rank 4 : false
2024-09-11 16:32:12,229 [INFO] ADCParametersView:116 -                Rank 5 : false
2024-09-11 16:32:12,229 [INFO] ADCParametersView:116 -                Rank 6 : false
2024-09-11 16:32:12,229 [INFO] ADCParametersView:116 -                Rank 7 : false
2024-09-11 16:32:12,229 [INFO] ADCParametersView:116 -                Rank 8 : false
2024-09-11 16:32:12,229 [INFO] ADCParametersView:116 -                Rank 1 : true
2024-09-11 16:32:12,230 [INFO] ADCParametersView:116 -                Rank 2 : true
2024-09-11 16:32:12,230 [INFO] ADCParametersView:116 -                Rank 3 : false
2024-09-11 16:32:12,230 [INFO] ADCParametersView:116 -                Rank 4 : false
2024-09-11 16:32:12,230 [INFO] ADCParametersView:116 -                Rank 5 : false
2024-09-11 16:32:12,230 [INFO] ADCParametersView:116 -                Rank 6 : false
2024-09-11 16:32:12,230 [INFO] ADCParametersView:116 -                Rank 7 : false
2024-09-11 16:32:12,230 [INFO] ADCParametersView:116 -                Rank 8 : false
2024-09-11 16:32:12,231 [INFO] ADCParametersView:116 -                Rank 1 : true
2024-09-11 16:32:12,231 [INFO] ADCParametersView:116 -                Rank 2 : true
2024-09-11 16:32:12,231 [INFO] ADCParametersView:116 -                Rank 3 : false
2024-09-11 16:32:12,231 [INFO] ADCParametersView:116 -                Rank 4 : false
2024-09-11 16:32:12,231 [INFO] ADCParametersView:116 -                Rank 5 : false
2024-09-11 16:32:12,231 [INFO] ADCParametersView:116 -                Rank 6 : false
2024-09-11 16:32:12,231 [INFO] ADCParametersView:116 -                Rank 7 : false
2024-09-11 16:32:12,231 [INFO] ADCParametersView:116 -                Rank 8 : false
2024-09-11 16:32:12,231 [INFO] ADCParametersView:116 -                Rank 1 : true
2024-09-11 16:32:12,231 [INFO] ADCParametersView:116 -                Rank 2 : true
2024-09-11 16:32:12,231 [INFO] ADCParametersView:116 -                Rank 3 : false
2024-09-11 16:32:12,231 [INFO] ADCParametersView:116 -                Rank 4 : false
2024-09-11 16:32:12,231 [INFO] ADCParametersView:116 -                Rank 5 : false
2024-09-11 16:32:12,231 [INFO] ADCParametersView:116 -                Rank 6 : false
2024-09-11 16:32:12,231 [INFO] ADCParametersView:116 -                Rank 7 : false
2024-09-11 16:32:12,231 [INFO] ADCParametersView:116 -                Rank 8 : false
2024-09-11 16:32:12,231 [INFO] ADCParametersView:116 -                Rank 1 : true
2024-09-11 16:32:12,231 [INFO] ADCParametersView:116 -                Rank 2 : true
2024-09-11 16:32:12,231 [INFO] ADCParametersView:116 -                Rank 3 : false
2024-09-11 16:32:12,231 [INFO] ADCParametersView:116 -                Rank 4 : false
2024-09-11 16:32:12,231 [INFO] ADCParametersView:116 -                Rank 5 : false
2024-09-11 16:32:12,231 [INFO] ADCParametersView:116 -                Rank 6 : false
2024-09-11 16:32:12,231 [INFO] ADCParametersView:116 -                Rank 7 : false
2024-09-11 16:32:12,231 [INFO] ADCParametersView:116 -                Rank 8 : false
2024-09-11 16:32:12,232 [INFO] ADCParametersView:116 -                Rank 2 : true
2024-09-11 16:32:12,232 [INFO] ADCParametersView:116 -                Rank 3 : false
2024-09-11 16:32:12,232 [INFO] ADCParametersView:116 -                Rank 4 : false
2024-09-11 16:32:12,232 [INFO] ADCParametersView:116 -                Rank 5 : false
2024-09-11 16:32:12,232 [INFO] ADCParametersView:116 -                Rank 6 : false
2024-09-11 16:32:12,232 [INFO] ADCParametersView:116 -                Rank 7 : false
2024-09-11 16:32:12,232 [INFO] ADCParametersView:116 -                Rank 8 : false
2024-09-11 16:32:12,232 [INFO] ADCParametersView:116 -                Rank 3 : false
2024-09-11 16:32:12,232 [INFO] ADCParametersView:116 -                Rank 4 : false
2024-09-11 16:32:12,232 [INFO] ADCParametersView:116 -                Rank 5 : false
2024-09-11 16:32:12,232 [INFO] ADCParametersView:116 -                Rank 6 : false
2024-09-11 16:32:12,232 [INFO] ADCParametersView:116 -                Rank 7 : false
2024-09-11 16:32:12,232 [INFO] ADCParametersView:116 -                Rank 8 : false
2024-09-11 16:32:12,232 [INFO] ADCParametersView:116 -                Rank 4 : false
2024-09-11 16:32:12,232 [INFO] ADCParametersView:116 -                Rank 5 : false
2024-09-11 16:32:12,232 [INFO] ADCParametersView:116 -                Rank 6 : false
2024-09-11 16:32:12,232 [INFO] ADCParametersView:116 -                Rank 7 : false
2024-09-11 16:32:12,232 [INFO] ADCParametersView:116 -                Rank 8 : false
2024-09-11 16:32:12,232 [INFO] ADCParametersView:116 -                Rank 5 : false
2024-09-11 16:32:12,232 [INFO] ADCParametersView:116 -                Rank 6 : false
2024-09-11 16:32:12,232 [INFO] ADCParametersView:116 -                Rank 7 : false
2024-09-11 16:32:12,232 [INFO] ADCParametersView:116 -                Rank 8 : false
2024-09-11 16:32:12,232 [INFO] ADCParametersView:116 -                Rank 6 : false
2024-09-11 16:32:12,232 [INFO] ADCParametersView:116 -                Rank 7 : false
2024-09-11 16:32:12,232 [INFO] ADCParametersView:116 -                Rank 8 : false
2024-09-11 16:32:12,232 [INFO] ADCParametersView:116 -                Rank 7 : false
2024-09-11 16:32:12,232 [INFO] ADCParametersView:116 -                Rank 8 : false
2024-09-11 16:32:12,233 [INFO] ADCParametersView:116 -                Rank 8 : false
2024-09-11 16:32:12,279 [INFO] ADCParametersView:116 -                Rank 1 : true
2024-09-11 16:32:12,279 [INFO] ADCParametersView:116 -                Rank 1 : true
2024-09-11 16:32:12,279 [INFO] ADCParametersView:116 -                Rank 2 : true
2024-09-11 16:32:12,279 [INFO] ADCParametersView:116 -                Rank 1 : true
2024-09-11 16:32:12,279 [INFO] ADCParametersView:116 -                Rank 2 : true
2024-09-11 16:32:12,279 [INFO] ADCParametersView:116 -                Rank 3 : false
2024-09-11 16:32:12,280 [INFO] ADCParametersView:116 -                Rank 1 : true
2024-09-11 16:32:12,280 [INFO] ADCParametersView:116 -                Rank 2 : true
2024-09-11 16:32:12,280 [INFO] ADCParametersView:116 -                Rank 3 : false
2024-09-11 16:32:12,280 [INFO] ADCParametersView:116 -                Rank 4 : false
2024-09-11 16:32:12,280 [INFO] ADCParametersView:116 -                Rank 1 : true
2024-09-11 16:32:12,280 [INFO] ADCParametersView:116 -                Rank 2 : true
2024-09-11 16:32:12,280 [INFO] ADCParametersView:116 -                Rank 3 : false
2024-09-11 16:32:12,280 [INFO] ADCParametersView:116 -                Rank 4 : false
2024-09-11 16:32:12,280 [INFO] ADCParametersView:116 -                Rank 5 : false
2024-09-11 16:32:12,280 [INFO] ADCParametersView:116 -                Rank 1 : true
2024-09-11 16:32:12,280 [INFO] ADCParametersView:116 -                Rank 2 : true
2024-09-11 16:32:12,281 [INFO] ADCParametersView:116 -                Rank 3 : false
2024-09-11 16:32:12,281 [INFO] ADCParametersView:116 -                Rank 4 : false
2024-09-11 16:32:12,281 [INFO] ADCParametersView:116 -                Rank 5 : false
2024-09-11 16:32:12,281 [INFO] ADCParametersView:116 -                Rank 6 : false
2024-09-11 16:32:12,281 [INFO] ADCParametersView:116 -                Rank 1 : true
2024-09-11 16:32:12,281 [INFO] ADCParametersView:116 -                Rank 2 : true
2024-09-11 16:32:12,281 [INFO] ADCParametersView:116 -                Rank 3 : false
2024-09-11 16:32:12,281 [INFO] ADCParametersView:116 -                Rank 4 : false
2024-09-11 16:32:12,281 [INFO] ADCParametersView:116 -                Rank 5 : false
2024-09-11 16:32:12,281 [INFO] ADCParametersView:116 -                Rank 6 : false
2024-09-11 16:32:12,281 [INFO] ADCParametersView:116 -                Rank 7 : false
2024-09-11 16:32:12,282 [INFO] ADCParametersView:116 -                Rank 1 : true
2024-09-11 16:32:12,282 [INFO] ADCParametersView:116 -                Rank 2 : true
2024-09-11 16:32:12,282 [INFO] ADCParametersView:116 -                Rank 3 : false
2024-09-11 16:32:12,282 [INFO] ADCParametersView:116 -                Rank 4 : false
2024-09-11 16:32:12,282 [INFO] ADCParametersView:116 -                Rank 5 : false
2024-09-11 16:32:12,282 [INFO] ADCParametersView:116 -                Rank 6 : false
2024-09-11 16:32:12,282 [INFO] ADCParametersView:116 -                Rank 7 : false
2024-09-11 16:32:12,282 [INFO] ADCParametersView:116 -                Rank 8 : false
2024-09-11 16:32:13,655 [INFO] ADCParametersView:116 -                Rank 1 : true
2024-09-11 16:32:13,660 [INFO] ADCParametersView:116 -                Rank 2 : true
2024-09-11 16:32:13,660 [INFO] ADCParametersView:116 -                Rank 3 : true
2024-09-11 16:32:13,660 [INFO] ADCParametersView:116 -                Rank 4 : false
2024-09-11 16:32:13,660 [INFO] ADCParametersView:116 -                Rank 5 : false
2024-09-11 16:32:13,660 [INFO] ADCParametersView:116 -                Rank 6 : false
2024-09-11 16:32:13,660 [INFO] ADCParametersView:116 -                Rank 7 : false
2024-09-11 16:32:13,660 [INFO] ADCParametersView:116 -                Rank 8 : false
2024-09-11 16:32:15,786 [INFO] NvicIntPanel:101 - NVIC parent = com.st.microxplorer.plugins.ip.nvic.MultiNvicIntPanel[,0,0,0x0,invalid,layout=javax.swing.BoxLayout,alignmentX=0.0,alignmentY=0.0,border=,flags=9,maximumSize=,minimumSize=,preferredSize=]
2024-09-11 16:32:15,847 [INFO] ADCParametersView:116 -                Rank 1 : true
2024-09-11 16:32:15,847 [INFO] ADCParametersView:116 -                Rank 2 : true
2024-09-11 16:32:15,847 [INFO] ADCParametersView:116 -                Rank 3 : true
2024-09-11 16:32:15,847 [INFO] ADCParametersView:116 -                Rank 4 : false
2024-09-11 16:32:15,847 [INFO] ADCParametersView:116 -                Rank 5 : false
2024-09-11 16:32:15,847 [INFO] ADCParametersView:116 -                Rank 6 : false
2024-09-11 16:32:15,847 [INFO] ADCParametersView:116 -                Rank 7 : false
2024-09-11 16:32:15,847 [INFO] ADCParametersView:116 -                Rank 8 : false
2024-09-11 16:32:15,860 [INFO] ADCParametersView:116 -                Rank 1 : true
2024-09-11 16:32:15,860 [INFO] ADCParametersView:116 -                Rank 2 : true
2024-09-11 16:32:15,860 [INFO] ADCParametersView:116 -                Rank 3 : true
2024-09-11 16:32:15,860 [INFO] ADCParametersView:116 -                Rank 4 : false
2024-09-11 16:32:15,860 [INFO] ADCParametersView:116 -                Rank 5 : false
2024-09-11 16:32:15,860 [INFO] ADCParametersView:116 -                Rank 6 : false
2024-09-11 16:32:15,860 [INFO] ADCParametersView:116 -                Rank 7 : false
2024-09-11 16:32:15,860 [INFO] ADCParametersView:116 -                Rank 8 : false
2024-09-11 16:32:15,860 [INFO] ADCParametersView:116 -                Rank 1 : true
2024-09-11 16:32:15,860 [INFO] ADCParametersView:116 -                Rank 2 : true
2024-09-11 16:32:15,860 [INFO] ADCParametersView:116 -                Rank 3 : true
2024-09-11 16:32:15,860 [INFO] ADCParametersView:116 -                Rank 4 : false
2024-09-11 16:32:15,860 [INFO] ADCParametersView:116 -                Rank 5 : false
2024-09-11 16:32:15,861 [INFO] ADCParametersView:116 -                Rank 6 : false
2024-09-11 16:32:15,861 [INFO] ADCParametersView:116 -                Rank 7 : false
2024-09-11 16:32:15,861 [INFO] ADCParametersView:116 -                Rank 8 : false
2024-09-11 16:32:15,861 [INFO] ADCParametersView:116 -                Rank 1 : true
2024-09-11 16:32:15,861 [INFO] ADCParametersView:116 -                Rank 2 : true
2024-09-11 16:32:15,861 [INFO] ADCParametersView:116 -                Rank 3 : true
2024-09-11 16:32:15,861 [INFO] ADCParametersView:116 -                Rank 4 : false
2024-09-11 16:32:15,861 [INFO] ADCParametersView:116 -                Rank 5 : false
2024-09-11 16:32:15,861 [INFO] ADCParametersView:116 -                Rank 6 : false
2024-09-11 16:32:15,861 [INFO] ADCParametersView:116 -                Rank 7 : false
2024-09-11 16:32:15,861 [INFO] ADCParametersView:116 -                Rank 8 : false
2024-09-11 16:32:15,861 [INFO] ADCParametersView:116 -                Rank 1 : true
2024-09-11 16:32:15,861 [INFO] ADCParametersView:116 -                Rank 2 : true
2024-09-11 16:32:15,861 [INFO] ADCParametersView:116 -                Rank 3 : true
2024-09-11 16:32:15,861 [INFO] ADCParametersView:116 -                Rank 4 : false
2024-09-11 16:32:15,861 [INFO] ADCParametersView:116 -                Rank 5 : false
2024-09-11 16:32:15,861 [INFO] ADCParametersView:116 -                Rank 6 : false
2024-09-11 16:32:15,861 [INFO] ADCParametersView:116 -                Rank 7 : false
2024-09-11 16:32:15,861 [INFO] ADCParametersView:116 -                Rank 8 : false
2024-09-11 16:32:15,861 [INFO] ADCParametersView:116 -                Rank 1 : true
2024-09-11 16:32:15,861 [INFO] ADCParametersView:116 -                Rank 2 : true
2024-09-11 16:32:15,862 [INFO] ADCParametersView:116 -                Rank 3 : true
2024-09-11 16:32:15,862 [INFO] ADCParametersView:116 -                Rank 4 : false
2024-09-11 16:32:15,862 [INFO] ADCParametersView:116 -                Rank 5 : false
2024-09-11 16:32:15,862 [INFO] ADCParametersView:116 -                Rank 6 : false
2024-09-11 16:32:15,862 [INFO] ADCParametersView:116 -                Rank 7 : false
2024-09-11 16:32:15,862 [INFO] ADCParametersView:116 -                Rank 8 : false
2024-09-11 16:32:15,862 [INFO] ADCParametersView:116 -                Rank 1 : true
2024-09-11 16:32:15,862 [INFO] ADCParametersView:116 -                Rank 2 : true
2024-09-11 16:32:15,862 [INFO] ADCParametersView:116 -                Rank 3 : true
2024-09-11 16:32:15,862 [INFO] ADCParametersView:116 -                Rank 4 : false
2024-09-11 16:32:15,862 [INFO] ADCParametersView:116 -                Rank 5 : false
2024-09-11 16:32:15,862 [INFO] ADCParametersView:116 -                Rank 6 : false
2024-09-11 16:32:15,862 [INFO] ADCParametersView:116 -                Rank 7 : false
2024-09-11 16:32:15,862 [INFO] ADCParametersView:116 -                Rank 8 : false
2024-09-11 16:32:15,862 [INFO] ADCParametersView:116 -                Rank 1 : true
2024-09-11 16:32:15,862 [INFO] ADCParametersView:116 -                Rank 2 : true
2024-09-11 16:32:15,862 [INFO] ADCParametersView:116 -                Rank 3 : true
2024-09-11 16:32:15,862 [INFO] ADCParametersView:116 -                Rank 4 : false
2024-09-11 16:32:15,862 [INFO] ADCParametersView:116 -                Rank 5 : false
2024-09-11 16:32:15,862 [INFO] ADCParametersView:116 -                Rank 6 : false
2024-09-11 16:32:15,862 [INFO] ADCParametersView:116 -                Rank 7 : false
2024-09-11 16:32:15,862 [INFO] ADCParametersView:116 -                Rank 8 : false
2024-09-11 16:32:15,862 [INFO] ADCParametersView:116 -                Rank 1 : true
2024-09-11 16:32:15,862 [INFO] ADCParametersView:116 -                Rank 2 : true
2024-09-11 16:32:15,863 [INFO] ADCParametersView:116 -                Rank 3 : true
2024-09-11 16:32:15,863 [INFO] ADCParametersView:116 -                Rank 4 : false
2024-09-11 16:32:15,863 [INFO] ADCParametersView:116 -                Rank 5 : false
2024-09-11 16:32:15,863 [INFO] ADCParametersView:116 -                Rank 6 : false
2024-09-11 16:32:15,863 [INFO] ADCParametersView:116 -                Rank 7 : false
2024-09-11 16:32:15,863 [INFO] ADCParametersView:116 -                Rank 8 : false
2024-09-11 16:32:15,863 [INFO] ADCParametersView:116 -                Rank 1 : true
2024-09-11 16:32:15,863 [INFO] ADCParametersView:116 -                Rank 2 : true
2024-09-11 16:32:15,863 [INFO] ADCParametersView:116 -                Rank 3 : true
2024-09-11 16:32:15,863 [INFO] ADCParametersView:116 -                Rank 4 : false
2024-09-11 16:32:15,863 [INFO] ADCParametersView:116 -                Rank 5 : false
2024-09-11 16:32:15,863 [INFO] ADCParametersView:116 -                Rank 6 : false
2024-09-11 16:32:15,863 [INFO] ADCParametersView:116 -                Rank 7 : false
2024-09-11 16:32:15,863 [INFO] ADCParametersView:116 -                Rank 8 : false
2024-09-11 16:32:15,863 [INFO] ADCParametersView:116 -                Rank 1 : true
2024-09-11 16:32:15,863 [INFO] ADCParametersView:116 -                Rank 2 : true
2024-09-11 16:32:15,863 [INFO] ADCParametersView:116 -                Rank 3 : true
2024-09-11 16:32:15,863 [INFO] ADCParametersView:116 -                Rank 4 : false
2024-09-11 16:32:15,863 [INFO] ADCParametersView:116 -                Rank 5 : false
2024-09-11 16:32:15,863 [INFO] ADCParametersView:116 -                Rank 6 : false
2024-09-11 16:32:15,863 [INFO] ADCParametersView:116 -                Rank 7 : false
2024-09-11 16:32:15,863 [INFO] ADCParametersView:116 -                Rank 8 : false
2024-09-11 16:32:15,863 [INFO] ADCParametersView:116 -                Rank 1 : true
2024-09-11 16:32:15,863 [INFO] ADCParametersView:116 -                Rank 2 : true
2024-09-11 16:32:15,864 [INFO] ADCParametersView:116 -                Rank 3 : true
2024-09-11 16:32:15,864 [INFO] ADCParametersView:116 -                Rank 4 : false
2024-09-11 16:32:15,864 [INFO] ADCParametersView:116 -                Rank 5 : false
2024-09-11 16:32:15,864 [INFO] ADCParametersView:116 -                Rank 6 : false
2024-09-11 16:32:15,864 [INFO] ADCParametersView:116 -                Rank 7 : false
2024-09-11 16:32:15,864 [INFO] ADCParametersView:116 -                Rank 8 : false
2024-09-11 16:32:15,864 [INFO] ADCParametersView:116 -                Rank 1 : true
2024-09-11 16:32:15,864 [INFO] ADCParametersView:116 -                Rank 2 : true
2024-09-11 16:32:15,864 [INFO] ADCParametersView:116 -                Rank 3 : true
2024-09-11 16:32:15,864 [INFO] ADCParametersView:116 -                Rank 4 : false
2024-09-11 16:32:15,864 [INFO] ADCParametersView:116 -                Rank 5 : false
2024-09-11 16:32:15,864 [INFO] ADCParametersView:116 -                Rank 6 : false
2024-09-11 16:32:15,864 [INFO] ADCParametersView:116 -                Rank 7 : false
2024-09-11 16:32:15,864 [INFO] ADCParametersView:116 -                Rank 8 : false
2024-09-11 16:32:15,864 [INFO] ADCParametersView:116 -                Rank 1 : true
2024-09-11 16:32:15,864 [INFO] ADCParametersView:116 -                Rank 2 : true
2024-09-11 16:32:15,864 [INFO] ADCParametersView:116 -                Rank 3 : true
2024-09-11 16:32:15,864 [INFO] ADCParametersView:116 -                Rank 4 : false
2024-09-11 16:32:15,864 [INFO] ADCParametersView:116 -                Rank 5 : false
2024-09-11 16:32:15,864 [INFO] ADCParametersView:116 -                Rank 6 : false
2024-09-11 16:32:15,864 [INFO] ADCParametersView:116 -                Rank 7 : false
2024-09-11 16:32:15,864 [INFO] ADCParametersView:116 -                Rank 8 : false
2024-09-11 16:32:15,864 [INFO] ADCParametersView:116 -                Rank 2 : true
2024-09-11 16:32:15,864 [INFO] ADCParametersView:116 -                Rank 3 : true
2024-09-11 16:32:15,864 [INFO] ADCParametersView:116 -                Rank 4 : false
2024-09-11 16:32:15,864 [INFO] ADCParametersView:116 -                Rank 5 : false
2024-09-11 16:32:15,864 [INFO] ADCParametersView:116 -                Rank 6 : false
2024-09-11 16:32:15,864 [INFO] ADCParametersView:116 -                Rank 7 : false
2024-09-11 16:32:15,864 [INFO] ADCParametersView:116 -                Rank 8 : false
2024-09-11 16:32:15,865 [INFO] ADCParametersView:116 -                Rank 3 : true
2024-09-11 16:32:15,865 [INFO] ADCParametersView:116 -                Rank 4 : false
2024-09-11 16:32:15,865 [INFO] ADCParametersView:116 -                Rank 5 : false
2024-09-11 16:32:15,865 [INFO] ADCParametersView:116 -                Rank 6 : false
2024-09-11 16:32:15,865 [INFO] ADCParametersView:116 -                Rank 7 : false
2024-09-11 16:32:15,865 [INFO] ADCParametersView:116 -                Rank 8 : false
2024-09-11 16:32:15,865 [INFO] ADCParametersView:116 -                Rank 4 : false
2024-09-11 16:32:15,865 [INFO] ADCParametersView:116 -                Rank 5 : false
2024-09-11 16:32:15,865 [INFO] ADCParametersView:116 -                Rank 6 : false
2024-09-11 16:32:15,865 [INFO] ADCParametersView:116 -                Rank 7 : false
2024-09-11 16:32:15,865 [INFO] ADCParametersView:116 -                Rank 8 : false
2024-09-11 16:32:15,865 [INFO] ADCParametersView:116 -                Rank 5 : false
2024-09-11 16:32:15,865 [INFO] ADCParametersView:116 -                Rank 6 : false
2024-09-11 16:32:15,865 [INFO] ADCParametersView:116 -                Rank 7 : false
2024-09-11 16:32:15,865 [INFO] ADCParametersView:116 -                Rank 8 : false
2024-09-11 16:32:15,865 [INFO] ADCParametersView:116 -                Rank 6 : false
2024-09-11 16:32:15,865 [INFO] ADCParametersView:116 -                Rank 7 : false
2024-09-11 16:32:15,865 [INFO] ADCParametersView:116 -                Rank 8 : false
2024-09-11 16:32:15,865 [INFO] ADCParametersView:116 -                Rank 7 : false
2024-09-11 16:32:15,865 [INFO] ADCParametersView:116 -                Rank 8 : false
2024-09-11 16:32:15,865 [INFO] ADCParametersView:116 -                Rank 8 : false
2024-09-11 16:32:15,914 [INFO] ADCParametersView:116 -                Rank 1 : true
2024-09-11 16:32:15,914 [INFO] ADCParametersView:116 -                Rank 1 : true
2024-09-11 16:32:15,915 [INFO] ADCParametersView:116 -                Rank 2 : true
2024-09-11 16:32:15,915 [INFO] ADCParametersView:116 -                Rank 1 : true
2024-09-11 16:32:15,915 [INFO] ADCParametersView:116 -                Rank 2 : true
2024-09-11 16:32:15,915 [INFO] ADCParametersView:116 -                Rank 3 : true
2024-09-11 16:32:15,915 [INFO] ADCParametersView:116 -                Rank 1 : true
2024-09-11 16:32:15,915 [INFO] ADCParametersView:116 -                Rank 2 : true
2024-09-11 16:32:15,915 [INFO] ADCParametersView:116 -                Rank 3 : true
2024-09-11 16:32:15,915 [INFO] ADCParametersView:116 -                Rank 4 : false
2024-09-11 16:32:15,915 [INFO] ADCParametersView:116 -                Rank 1 : true
2024-09-11 16:32:15,915 [INFO] ADCParametersView:116 -                Rank 2 : true
2024-09-11 16:32:15,915 [INFO] ADCParametersView:116 -                Rank 3 : true
2024-09-11 16:32:15,915 [INFO] ADCParametersView:116 -                Rank 4 : false
2024-09-11 16:32:15,915 [INFO] ADCParametersView:116 -                Rank 5 : false
2024-09-11 16:32:15,916 [INFO] ADCParametersView:116 -                Rank 1 : true
2024-09-11 16:32:15,916 [INFO] ADCParametersView:116 -                Rank 2 : true
2024-09-11 16:32:15,916 [INFO] ADCParametersView:116 -                Rank 3 : true
2024-09-11 16:32:15,916 [INFO] ADCParametersView:116 -                Rank 4 : false
2024-09-11 16:32:15,916 [INFO] ADCParametersView:116 -                Rank 5 : false
2024-09-11 16:32:15,916 [INFO] ADCParametersView:116 -                Rank 6 : false
2024-09-11 16:32:15,916 [INFO] ADCParametersView:116 -                Rank 1 : true
2024-09-11 16:32:15,916 [INFO] ADCParametersView:116 -                Rank 2 : true
2024-09-11 16:32:15,916 [INFO] ADCParametersView:116 -                Rank 3 : true
2024-09-11 16:32:15,916 [INFO] ADCParametersView:116 -                Rank 4 : false
2024-09-11 16:32:15,916 [INFO] ADCParametersView:116 -                Rank 5 : false
2024-09-11 16:32:15,916 [INFO] ADCParametersView:116 -                Rank 6 : false
2024-09-11 16:32:15,916 [INFO] ADCParametersView:116 -                Rank 7 : false
2024-09-11 16:32:15,916 [INFO] ADCParametersView:116 -                Rank 1 : true
2024-09-11 16:32:15,916 [INFO] ADCParametersView:116 -                Rank 2 : true
2024-09-11 16:32:15,917 [INFO] ADCParametersView:116 -                Rank 3 : true
2024-09-11 16:32:15,917 [INFO] ADCParametersView:116 -                Rank 4 : false
2024-09-11 16:32:15,917 [INFO] ADCParametersView:116 -                Rank 5 : false
2024-09-11 16:32:15,917 [INFO] ADCParametersView:116 -                Rank 6 : false
2024-09-11 16:32:15,917 [INFO] ADCParametersView:116 -                Rank 7 : false
2024-09-11 16:32:15,917 [INFO] ADCParametersView:116 -                Rank 8 : false
2024-09-11 16:32:17,768 [INFO] NvicIntPanel:101 - NVIC parent = com.st.microxplorer.plugins.ip.nvic.MultiNvicIntPanel[,0,0,0x0,invalid,layout=javax.swing.BoxLayout,alignmentX=0.0,alignmentY=0.0,border=,flags=9,maximumSize=,minimumSize=,preferredSize=]
2024-09-11 16:32:17,812 [INFO] ADCParametersView:116 -                Rank 1 : true
2024-09-11 16:32:17,812 [INFO] ADCParametersView:116 -                Rank 2 : true
2024-09-11 16:32:17,812 [INFO] ADCParametersView:116 -                Rank 3 : true
2024-09-11 16:32:17,812 [INFO] ADCParametersView:116 -                Rank 4 : false
2024-09-11 16:32:17,812 [INFO] ADCParametersView:116 -                Rank 5 : false
2024-09-11 16:32:17,813 [INFO] ADCParametersView:116 -                Rank 6 : false
2024-09-11 16:32:17,813 [INFO] ADCParametersView:116 -                Rank 7 : false
2024-09-11 16:32:17,813 [INFO] ADCParametersView:116 -                Rank 8 : false
2024-09-11 16:32:17,815 [INFO] ADCParametersView:116 -                Rank 1 : true
2024-09-11 16:32:17,815 [INFO] ADCParametersView:116 -                Rank 2 : true
2024-09-11 16:32:17,815 [INFO] ADCParametersView:116 -                Rank 3 : true
2024-09-11 16:32:17,815 [INFO] ADCParametersView:116 -                Rank 4 : false
2024-09-11 16:32:17,815 [INFO] ADCParametersView:116 -                Rank 5 : false
2024-09-11 16:32:17,815 [INFO] ADCParametersView:116 -                Rank 6 : false
2024-09-11 16:32:17,815 [INFO] ADCParametersView:116 -                Rank 7 : false
2024-09-11 16:32:17,815 [INFO] ADCParametersView:116 -                Rank 8 : false
2024-09-11 16:32:17,815 [INFO] ADCParametersView:116 -                Rank 1 : true
2024-09-11 16:32:17,815 [INFO] ADCParametersView:116 -                Rank 2 : true
2024-09-11 16:32:17,816 [INFO] ADCParametersView:116 -                Rank 3 : true
2024-09-11 16:32:17,816 [INFO] ADCParametersView:116 -                Rank 4 : false
2024-09-11 16:32:17,816 [INFO] ADCParametersView:116 -                Rank 5 : false
2024-09-11 16:32:17,816 [INFO] ADCParametersView:116 -                Rank 6 : false
2024-09-11 16:32:17,816 [INFO] ADCParametersView:116 -                Rank 7 : false
2024-09-11 16:32:17,816 [INFO] ADCParametersView:116 -                Rank 8 : false
2024-09-11 16:32:17,816 [INFO] ADCParametersView:116 -                Rank 1 : true
2024-09-11 16:32:17,816 [INFO] ADCParametersView:116 -                Rank 2 : true
2024-09-11 16:32:17,816 [INFO] ADCParametersView:116 -                Rank 3 : true
2024-09-11 16:32:17,816 [INFO] ADCParametersView:116 -                Rank 4 : false
2024-09-11 16:32:17,816 [INFO] ADCParametersView:116 -                Rank 5 : false
2024-09-11 16:32:17,816 [INFO] ADCParametersView:116 -                Rank 6 : false
2024-09-11 16:32:17,816 [INFO] ADCParametersView:116 -                Rank 7 : false
2024-09-11 16:32:17,816 [INFO] ADCParametersView:116 -                Rank 8 : false
2024-09-11 16:32:17,816 [INFO] ADCParametersView:116 -                Rank 1 : true
2024-09-11 16:32:17,816 [INFO] ADCParametersView:116 -                Rank 2 : true
2024-09-11 16:32:17,816 [INFO] ADCParametersView:116 -                Rank 3 : true
2024-09-11 16:32:17,816 [INFO] ADCParametersView:116 -                Rank 4 : false
2024-09-11 16:32:17,816 [INFO] ADCParametersView:116 -                Rank 5 : false
2024-09-11 16:32:17,817 [INFO] ADCParametersView:116 -                Rank 6 : false
2024-09-11 16:32:17,817 [INFO] ADCParametersView:116 -                Rank 7 : false
2024-09-11 16:32:17,817 [INFO] ADCParametersView:116 -                Rank 8 : false
2024-09-11 16:32:17,817 [INFO] ADCParametersView:116 -                Rank 1 : true
2024-09-11 16:32:17,817 [INFO] ADCParametersView:116 -                Rank 2 : true
2024-09-11 16:32:17,817 [INFO] ADCParametersView:116 -                Rank 3 : true
2024-09-11 16:32:17,817 [INFO] ADCParametersView:116 -                Rank 4 : false
2024-09-11 16:32:17,817 [INFO] ADCParametersView:116 -                Rank 5 : false
2024-09-11 16:32:17,817 [INFO] ADCParametersView:116 -                Rank 6 : false
2024-09-11 16:32:17,817 [INFO] ADCParametersView:116 -                Rank 7 : false
2024-09-11 16:32:17,817 [INFO] ADCParametersView:116 -                Rank 8 : false
2024-09-11 16:32:17,817 [INFO] ADCParametersView:116 -                Rank 1 : true
2024-09-11 16:32:17,817 [INFO] ADCParametersView:116 -                Rank 2 : true
2024-09-11 16:32:17,817 [INFO] ADCParametersView:116 -                Rank 3 : true
2024-09-11 16:32:17,817 [INFO] ADCParametersView:116 -                Rank 4 : false
2024-09-11 16:32:17,817 [INFO] ADCParametersView:116 -                Rank 5 : false
2024-09-11 16:32:17,817 [INFO] ADCParametersView:116 -                Rank 6 : false
2024-09-11 16:32:17,817 [INFO] ADCParametersView:116 -                Rank 7 : false
2024-09-11 16:32:17,817 [INFO] ADCParametersView:116 -                Rank 8 : false
2024-09-11 16:32:17,817 [INFO] ADCParametersView:116 -                Rank 1 : true
2024-09-11 16:32:17,817 [INFO] ADCParametersView:116 -                Rank 2 : true
2024-09-11 16:32:17,817 [INFO] ADCParametersView:116 -                Rank 3 : true
2024-09-11 16:32:17,817 [INFO] ADCParametersView:116 -                Rank 4 : false
2024-09-11 16:32:17,818 [INFO] ADCParametersView:116 -                Rank 5 : false
2024-09-11 16:32:17,818 [INFO] ADCParametersView:116 -                Rank 6 : false
2024-09-11 16:32:17,818 [INFO] ADCParametersView:116 -                Rank 7 : false
2024-09-11 16:32:17,818 [INFO] ADCParametersView:116 -                Rank 8 : false
2024-09-11 16:32:17,818 [INFO] ADCParametersView:116 -                Rank 1 : true
2024-09-11 16:32:17,818 [INFO] ADCParametersView:116 -                Rank 2 : true
2024-09-11 16:32:17,818 [INFO] ADCParametersView:116 -                Rank 3 : true
2024-09-11 16:32:17,818 [INFO] ADCParametersView:116 -                Rank 4 : false
2024-09-11 16:32:17,818 [INFO] ADCParametersView:116 -                Rank 5 : false
2024-09-11 16:32:17,818 [INFO] ADCParametersView:116 -                Rank 6 : false
2024-09-11 16:32:17,818 [INFO] ADCParametersView:116 -                Rank 7 : false
2024-09-11 16:32:17,818 [INFO] ADCParametersView:116 -                Rank 8 : false
2024-09-11 16:32:17,818 [INFO] ADCParametersView:116 -                Rank 1 : true
2024-09-11 16:32:17,818 [INFO] ADCParametersView:116 -                Rank 2 : true
2024-09-11 16:32:17,818 [INFO] ADCParametersView:116 -                Rank 3 : true
2024-09-11 16:32:17,818 [INFO] ADCParametersView:116 -                Rank 4 : false
2024-09-11 16:32:17,818 [INFO] ADCParametersView:116 -                Rank 5 : false
2024-09-11 16:32:17,818 [INFO] ADCParametersView:116 -                Rank 6 : false
2024-09-11 16:32:17,818 [INFO] ADCParametersView:116 -                Rank 7 : false
2024-09-11 16:32:17,818 [INFO] ADCParametersView:116 -                Rank 8 : false
2024-09-11 16:32:17,818 [INFO] ADCParametersView:116 -                Rank 1 : true
2024-09-11 16:32:17,818 [INFO] ADCParametersView:116 -                Rank 2 : true
2024-09-11 16:32:17,818 [INFO] ADCParametersView:116 -                Rank 3 : true
2024-09-11 16:32:17,818 [INFO] ADCParametersView:116 -                Rank 4 : false
2024-09-11 16:32:17,818 [INFO] ADCParametersView:116 -                Rank 5 : false
2024-09-11 16:32:17,818 [INFO] ADCParametersView:116 -                Rank 6 : false
2024-09-11 16:32:17,819 [INFO] ADCParametersView:116 -                Rank 7 : false
2024-09-11 16:32:17,819 [INFO] ADCParametersView:116 -                Rank 8 : false
2024-09-11 16:32:17,819 [INFO] ADCParametersView:116 -                Rank 1 : true
2024-09-11 16:32:17,819 [INFO] ADCParametersView:116 -                Rank 2 : true
2024-09-11 16:32:17,819 [INFO] ADCParametersView:116 -                Rank 3 : true
2024-09-11 16:32:17,819 [INFO] ADCParametersView:116 -                Rank 4 : false
2024-09-11 16:32:17,819 [INFO] ADCParametersView:116 -                Rank 5 : false
2024-09-11 16:32:17,819 [INFO] ADCParametersView:116 -                Rank 6 : false
2024-09-11 16:32:17,819 [INFO] ADCParametersView:116 -                Rank 7 : false
2024-09-11 16:32:17,819 [INFO] ADCParametersView:116 -                Rank 8 : false
2024-09-11 16:32:17,819 [INFO] ADCParametersView:116 -                Rank 1 : true
2024-09-11 16:32:17,819 [INFO] ADCParametersView:116 -                Rank 2 : true
2024-09-11 16:32:17,819 [INFO] ADCParametersView:116 -                Rank 3 : true
2024-09-11 16:32:17,819 [INFO] ADCParametersView:116 -                Rank 4 : false
2024-09-11 16:32:17,819 [INFO] ADCParametersView:116 -                Rank 5 : false
2024-09-11 16:32:17,819 [INFO] ADCParametersView:116 -                Rank 6 : false
2024-09-11 16:32:17,819 [INFO] ADCParametersView:116 -                Rank 7 : false
2024-09-11 16:32:17,819 [INFO] ADCParametersView:116 -                Rank 8 : false
2024-09-11 16:32:17,819 [INFO] ADCParametersView:116 -                Rank 1 : true
2024-09-11 16:32:17,819 [INFO] ADCParametersView:116 -                Rank 2 : true
2024-09-11 16:32:17,819 [INFO] ADCParametersView:116 -                Rank 3 : true
2024-09-11 16:32:17,819 [INFO] ADCParametersView:116 -                Rank 4 : false
2024-09-11 16:32:17,819 [INFO] ADCParametersView:116 -                Rank 5 : false
2024-09-11 16:32:17,819 [INFO] ADCParametersView:116 -                Rank 6 : false
2024-09-11 16:32:17,819 [INFO] ADCParametersView:116 -                Rank 7 : false
2024-09-11 16:32:17,819 [INFO] ADCParametersView:116 -                Rank 8 : false
2024-09-11 16:32:17,819 [INFO] ADCParametersView:116 -                Rank 2 : true
2024-09-11 16:32:17,820 [INFO] ADCParametersView:116 -                Rank 3 : true
2024-09-11 16:32:17,820 [INFO] ADCParametersView:116 -                Rank 4 : false
2024-09-11 16:32:17,820 [INFO] ADCParametersView:116 -                Rank 5 : false
2024-09-11 16:32:17,820 [INFO] ADCParametersView:116 -                Rank 6 : false
2024-09-11 16:32:17,820 [INFO] ADCParametersView:116 -                Rank 7 : false
2024-09-11 16:32:17,820 [INFO] ADCParametersView:116 -                Rank 8 : false
2024-09-11 16:32:17,820 [INFO] ADCParametersView:116 -                Rank 3 : true
2024-09-11 16:32:17,820 [INFO] ADCParametersView:116 -                Rank 4 : false
2024-09-11 16:32:17,820 [INFO] ADCParametersView:116 -                Rank 5 : false
2024-09-11 16:32:17,820 [INFO] ADCParametersView:116 -                Rank 6 : false
2024-09-11 16:32:17,820 [INFO] ADCParametersView:116 -                Rank 7 : false
2024-09-11 16:32:17,820 [INFO] ADCParametersView:116 -                Rank 8 : false
2024-09-11 16:32:17,820 [INFO] ADCParametersView:116 -                Rank 4 : false
2024-09-11 16:32:17,820 [INFO] ADCParametersView:116 -                Rank 5 : false
2024-09-11 16:32:17,820 [INFO] ADCParametersView:116 -                Rank 6 : false
2024-09-11 16:32:17,820 [INFO] ADCParametersView:116 -                Rank 7 : false
2024-09-11 16:32:17,820 [INFO] ADCParametersView:116 -                Rank 8 : false
2024-09-11 16:32:17,820 [INFO] ADCParametersView:116 -                Rank 5 : false
2024-09-11 16:32:17,820 [INFO] ADCParametersView:116 -                Rank 6 : false
2024-09-11 16:32:17,820 [INFO] ADCParametersView:116 -                Rank 7 : false
2024-09-11 16:32:17,820 [INFO] ADCParametersView:116 -                Rank 8 : false
2024-09-11 16:32:17,820 [INFO] ADCParametersView:116 -                Rank 6 : false
2024-09-11 16:32:17,820 [INFO] ADCParametersView:116 -                Rank 7 : false
2024-09-11 16:32:17,820 [INFO] ADCParametersView:116 -                Rank 8 : false
2024-09-11 16:32:17,820 [INFO] ADCParametersView:116 -                Rank 7 : false
2024-09-11 16:32:17,820 [INFO] ADCParametersView:116 -                Rank 8 : false
2024-09-11 16:32:17,820 [INFO] ADCParametersView:116 -                Rank 8 : false
2024-09-11 16:32:17,858 [INFO] ADCParametersView:116 -                Rank 1 : true
2024-09-11 16:32:17,858 [INFO] ADCParametersView:116 -                Rank 1 : true
2024-09-11 16:32:17,858 [INFO] ADCParametersView:116 -                Rank 2 : true
2024-09-11 16:32:17,858 [INFO] ADCParametersView:116 -                Rank 1 : true
2024-09-11 16:32:17,858 [INFO] ADCParametersView:116 -                Rank 2 : true
2024-09-11 16:32:17,858 [INFO] ADCParametersView:116 -                Rank 3 : true
2024-09-11 16:32:17,859 [INFO] ADCParametersView:116 -                Rank 1 : true
2024-09-11 16:32:17,859 [INFO] ADCParametersView:116 -                Rank 2 : true
2024-09-11 16:32:17,859 [INFO] ADCParametersView:116 -                Rank 3 : true
2024-09-11 16:32:17,859 [INFO] ADCParametersView:116 -                Rank 4 : false
2024-09-11 16:32:17,859 [INFO] ADCParametersView:116 -                Rank 1 : true
2024-09-11 16:32:17,859 [INFO] ADCParametersView:116 -                Rank 2 : true
2024-09-11 16:32:17,859 [INFO] ADCParametersView:116 -                Rank 3 : true
2024-09-11 16:32:17,859 [INFO] ADCParametersView:116 -                Rank 4 : false
2024-09-11 16:32:17,859 [INFO] ADCParametersView:116 -                Rank 5 : false
2024-09-11 16:32:17,859 [INFO] ADCParametersView:116 -                Rank 1 : true
2024-09-11 16:32:17,859 [INFO] ADCParametersView:116 -                Rank 2 : true
2024-09-11 16:32:17,859 [INFO] ADCParametersView:116 -                Rank 3 : true
2024-09-11 16:32:17,859 [INFO] ADCParametersView:116 -                Rank 4 : false
2024-09-11 16:32:17,859 [INFO] ADCParametersView:116 -                Rank 5 : false
2024-09-11 16:32:17,859 [INFO] ADCParametersView:116 -                Rank 6 : false
2024-09-11 16:32:17,860 [INFO] ADCParametersView:116 -                Rank 1 : true
2024-09-11 16:32:17,860 [INFO] ADCParametersView:116 -                Rank 2 : true
2024-09-11 16:32:17,860 [INFO] ADCParametersView:116 -                Rank 3 : true
2024-09-11 16:32:17,860 [INFO] ADCParametersView:116 -                Rank 4 : false
2024-09-11 16:32:17,860 [INFO] ADCParametersView:116 -                Rank 5 : false
2024-09-11 16:32:17,860 [INFO] ADCParametersView:116 -                Rank 6 : false
2024-09-11 16:32:17,860 [INFO] ADCParametersView:116 -                Rank 7 : false
2024-09-11 16:32:17,860 [INFO] ADCParametersView:116 -                Rank 1 : true
2024-09-11 16:32:17,860 [INFO] ADCParametersView:116 -                Rank 2 : true
2024-09-11 16:32:17,860 [INFO] ADCParametersView:116 -                Rank 3 : true
2024-09-11 16:32:17,860 [INFO] ADCParametersView:116 -                Rank 4 : false
2024-09-11 16:32:17,860 [INFO] ADCParametersView:116 -                Rank 5 : false
2024-09-11 16:32:17,860 [INFO] ADCParametersView:116 -                Rank 6 : false
2024-09-11 16:32:17,860 [INFO] ADCParametersView:116 -                Rank 7 : false
2024-09-11 16:32:17,860 [INFO] ADCParametersView:116 -                Rank 8 : false
2024-09-11 16:32:19,179 [INFO] ADCParametersView:116 -                Rank 1 : true
2024-09-11 16:32:19,180 [INFO] ADCParametersView:116 -                Rank 2 : true
2024-09-11 16:32:19,180 [INFO] ADCParametersView:116 -                Rank 3 : true
2024-09-11 16:32:19,180 [INFO] ADCParametersView:116 -                Rank 4 : true
2024-09-11 16:32:19,180 [INFO] ADCParametersView:116 -                Rank 5 : false
2024-09-11 16:32:19,180 [INFO] ADCParametersView:116 -                Rank 6 : false
2024-09-11 16:32:19,180 [INFO] ADCParametersView:116 -                Rank 7 : false
2024-09-11 16:32:19,180 [INFO] ADCParametersView:116 -                Rank 8 : false
2024-09-11 16:32:21,181 [INFO] NvicIntPanel:101 - NVIC parent = com.st.microxplorer.plugins.ip.nvic.MultiNvicIntPanel[,0,0,0x0,invalid,layout=javax.swing.BoxLayout,alignmentX=0.0,alignmentY=0.0,border=,flags=9,maximumSize=,minimumSize=,preferredSize=]
2024-09-11 16:32:21,225 [INFO] ADCParametersView:116 -                Rank 1 : true
2024-09-11 16:32:21,226 [INFO] ADCParametersView:116 -                Rank 2 : true
2024-09-11 16:32:21,226 [INFO] ADCParametersView:116 -                Rank 3 : true
2024-09-11 16:32:21,226 [INFO] ADCParametersView:116 -                Rank 4 : true
2024-09-11 16:32:21,226 [INFO] ADCParametersView:116 -                Rank 5 : false
2024-09-11 16:32:21,226 [INFO] ADCParametersView:116 -                Rank 6 : false
2024-09-11 16:32:21,226 [INFO] ADCParametersView:116 -                Rank 7 : false
2024-09-11 16:32:21,226 [INFO] ADCParametersView:116 -                Rank 8 : false
2024-09-11 16:32:21,227 [INFO] ADCParametersView:116 -                Rank 1 : true
2024-09-11 16:32:21,227 [INFO] ADCParametersView:116 -                Rank 2 : true
2024-09-11 16:32:21,227 [INFO] ADCParametersView:116 -                Rank 3 : true
2024-09-11 16:32:21,227 [INFO] ADCParametersView:116 -                Rank 4 : true
2024-09-11 16:32:21,227 [INFO] ADCParametersView:116 -                Rank 5 : false
2024-09-11 16:32:21,227 [INFO] ADCParametersView:116 -                Rank 6 : false
2024-09-11 16:32:21,227 [INFO] ADCParametersView:116 -                Rank 7 : false
2024-09-11 16:32:21,227 [INFO] ADCParametersView:116 -                Rank 8 : false
2024-09-11 16:32:21,228 [INFO] ADCParametersView:116 -                Rank 1 : true
2024-09-11 16:32:21,228 [INFO] ADCParametersView:116 -                Rank 2 : true
2024-09-11 16:32:21,228 [INFO] ADCParametersView:116 -                Rank 3 : true
2024-09-11 16:32:21,228 [INFO] ADCParametersView:116 -                Rank 4 : true
2024-09-11 16:32:21,228 [INFO] ADCParametersView:116 -                Rank 5 : false
2024-09-11 16:32:21,228 [INFO] ADCParametersView:116 -                Rank 6 : false
2024-09-11 16:32:21,228 [INFO] ADCParametersView:116 -                Rank 7 : false
2024-09-11 16:32:21,228 [INFO] ADCParametersView:116 -                Rank 8 : false
2024-09-11 16:32:21,228 [INFO] ADCParametersView:116 -                Rank 1 : true
2024-09-11 16:32:21,228 [INFO] ADCParametersView:116 -                Rank 2 : true
2024-09-11 16:32:21,228 [INFO] ADCParametersView:116 -                Rank 3 : true
2024-09-11 16:32:21,228 [INFO] ADCParametersView:116 -                Rank 4 : true
2024-09-11 16:32:21,228 [INFO] ADCParametersView:116 -                Rank 5 : false
2024-09-11 16:32:21,228 [INFO] ADCParametersView:116 -                Rank 6 : false
2024-09-11 16:32:21,228 [INFO] ADCParametersView:116 -                Rank 7 : false
2024-09-11 16:32:21,228 [INFO] ADCParametersView:116 -                Rank 8 : false
2024-09-11 16:32:21,228 [INFO] ADCParametersView:116 -                Rank 1 : true
2024-09-11 16:32:21,228 [INFO] ADCParametersView:116 -                Rank 2 : true
2024-09-11 16:32:21,228 [INFO] ADCParametersView:116 -                Rank 3 : true
2024-09-11 16:32:21,228 [INFO] ADCParametersView:116 -                Rank 4 : true
2024-09-11 16:32:21,229 [INFO] ADCParametersView:116 -                Rank 5 : false
2024-09-11 16:32:21,229 [INFO] ADCParametersView:116 -                Rank 6 : false
2024-09-11 16:32:21,229 [INFO] ADCParametersView:116 -                Rank 7 : false
2024-09-11 16:32:21,229 [INFO] ADCParametersView:116 -                Rank 8 : false
2024-09-11 16:32:21,229 [INFO] ADCParametersView:116 -                Rank 1 : true
2024-09-11 16:32:21,229 [INFO] ADCParametersView:116 -                Rank 2 : true
2024-09-11 16:32:21,229 [INFO] ADCParametersView:116 -                Rank 3 : true
2024-09-11 16:32:21,229 [INFO] ADCParametersView:116 -                Rank 4 : true
2024-09-11 16:32:21,229 [INFO] ADCParametersView:116 -                Rank 5 : false
2024-09-11 16:32:21,229 [INFO] ADCParametersView:116 -                Rank 6 : false
2024-09-11 16:32:21,229 [INFO] ADCParametersView:116 -                Rank 7 : false
2024-09-11 16:32:21,229 [INFO] ADCParametersView:116 -                Rank 8 : false
2024-09-11 16:32:21,229 [INFO] ADCParametersView:116 -                Rank 1 : true
2024-09-11 16:32:21,229 [INFO] ADCParametersView:116 -                Rank 2 : true
2024-09-11 16:32:21,229 [INFO] ADCParametersView:116 -                Rank 3 : true
2024-09-11 16:32:21,229 [INFO] ADCParametersView:116 -                Rank 4 : true
2024-09-11 16:32:21,229 [INFO] ADCParametersView:116 -                Rank 5 : false
2024-09-11 16:32:21,229 [INFO] ADCParametersView:116 -                Rank 6 : false
2024-09-11 16:32:21,229 [INFO] ADCParametersView:116 -                Rank 7 : false
2024-09-11 16:32:21,229 [INFO] ADCParametersView:116 -                Rank 8 : false
2024-09-11 16:32:21,229 [INFO] ADCParametersView:116 -                Rank 1 : true
2024-09-11 16:32:21,229 [INFO] ADCParametersView:116 -                Rank 2 : true
2024-09-11 16:32:21,229 [INFO] ADCParametersView:116 -                Rank 3 : true
2024-09-11 16:32:21,230 [INFO] ADCParametersView:116 -                Rank 4 : true
2024-09-11 16:32:21,230 [INFO] ADCParametersView:116 -                Rank 5 : false
2024-09-11 16:32:21,230 [INFO] ADCParametersView:116 -                Rank 6 : false
2024-09-11 16:32:21,230 [INFO] ADCParametersView:116 -                Rank 7 : false
2024-09-11 16:32:21,230 [INFO] ADCParametersView:116 -                Rank 8 : false
2024-09-11 16:32:21,230 [INFO] ADCParametersView:116 -                Rank 1 : true
2024-09-11 16:32:21,230 [INFO] ADCParametersView:116 -                Rank 2 : true
2024-09-11 16:32:21,230 [INFO] ADCParametersView:116 -                Rank 3 : true
2024-09-11 16:32:21,230 [INFO] ADCParametersView:116 -                Rank 4 : true
2024-09-11 16:32:21,230 [INFO] ADCParametersView:116 -                Rank 5 : false
2024-09-11 16:32:21,230 [INFO] ADCParametersView:116 -                Rank 6 : false
2024-09-11 16:32:21,230 [INFO] ADCParametersView:116 -                Rank 7 : false
2024-09-11 16:32:21,230 [INFO] ADCParametersView:116 -                Rank 8 : false
2024-09-11 16:32:21,230 [INFO] ADCParametersView:116 -                Rank 1 : true
2024-09-11 16:32:21,230 [INFO] ADCParametersView:116 -                Rank 2 : true
2024-09-11 16:32:21,230 [INFO] ADCParametersView:116 -                Rank 3 : true
2024-09-11 16:32:21,230 [INFO] ADCParametersView:116 -                Rank 4 : true
2024-09-11 16:32:21,230 [INFO] ADCParametersView:116 -                Rank 5 : false
2024-09-11 16:32:21,230 [INFO] ADCParametersView:116 -                Rank 6 : false
2024-09-11 16:32:21,230 [INFO] ADCParametersView:116 -                Rank 7 : false
2024-09-11 16:32:21,230 [INFO] ADCParametersView:116 -                Rank 8 : false
2024-09-11 16:32:21,230 [INFO] ADCParametersView:116 -                Rank 1 : true
2024-09-11 16:32:21,230 [INFO] ADCParametersView:116 -                Rank 2 : true
2024-09-11 16:32:21,230 [INFO] ADCParametersView:116 -                Rank 3 : true
2024-09-11 16:32:21,230 [INFO] ADCParametersView:116 -                Rank 4 : true
2024-09-11 16:32:21,231 [INFO] ADCParametersView:116 -                Rank 5 : false
2024-09-11 16:32:21,231 [INFO] ADCParametersView:116 -                Rank 6 : false
2024-09-11 16:32:21,231 [INFO] ADCParametersView:116 -                Rank 7 : false
2024-09-11 16:32:21,231 [INFO] ADCParametersView:116 -                Rank 8 : false
2024-09-11 16:32:21,231 [INFO] ADCParametersView:116 -                Rank 1 : true
2024-09-11 16:32:21,231 [INFO] ADCParametersView:116 -                Rank 2 : true
2024-09-11 16:32:21,231 [INFO] ADCParametersView:116 -                Rank 3 : true
2024-09-11 16:32:21,231 [INFO] ADCParametersView:116 -                Rank 4 : true
2024-09-11 16:32:21,231 [INFO] ADCParametersView:116 -                Rank 5 : false
2024-09-11 16:32:21,231 [INFO] ADCParametersView:116 -                Rank 6 : false
2024-09-11 16:32:21,231 [INFO] ADCParametersView:116 -                Rank 7 : false
2024-09-11 16:32:21,231 [INFO] ADCParametersView:116 -                Rank 8 : false
2024-09-11 16:32:21,231 [INFO] ADCParametersView:116 -                Rank 1 : true
2024-09-11 16:32:21,231 [INFO] ADCParametersView:116 -                Rank 2 : true
2024-09-11 16:32:21,231 [INFO] ADCParametersView:116 -                Rank 3 : true
2024-09-11 16:32:21,231 [INFO] ADCParametersView:116 -                Rank 4 : true
2024-09-11 16:32:21,231 [INFO] ADCParametersView:116 -                Rank 5 : false
2024-09-11 16:32:21,231 [INFO] ADCParametersView:116 -                Rank 6 : false
2024-09-11 16:32:21,231 [INFO] ADCParametersView:116 -                Rank 7 : false
2024-09-11 16:32:21,231 [INFO] ADCParametersView:116 -                Rank 8 : false
2024-09-11 16:32:21,231 [INFO] ADCParametersView:116 -                Rank 1 : true
2024-09-11 16:32:21,231 [INFO] ADCParametersView:116 -                Rank 2 : true
2024-09-11 16:32:21,231 [INFO] ADCParametersView:116 -                Rank 3 : true
2024-09-11 16:32:21,231 [INFO] ADCParametersView:116 -                Rank 4 : true
2024-09-11 16:32:21,231 [INFO] ADCParametersView:116 -                Rank 5 : false
2024-09-11 16:32:21,231 [INFO] ADCParametersView:116 -                Rank 6 : false
2024-09-11 16:32:21,231 [INFO] ADCParametersView:116 -                Rank 7 : false
2024-09-11 16:32:21,231 [INFO] ADCParametersView:116 -                Rank 8 : false
2024-09-11 16:32:21,232 [INFO] ADCParametersView:116 -                Rank 2 : true
2024-09-11 16:32:21,232 [INFO] ADCParametersView:116 -                Rank 3 : true
2024-09-11 16:32:21,232 [INFO] ADCParametersView:116 -                Rank 4 : true
2024-09-11 16:32:21,232 [INFO] ADCParametersView:116 -                Rank 5 : false
2024-09-11 16:32:21,232 [INFO] ADCParametersView:116 -                Rank 6 : false
2024-09-11 16:32:21,232 [INFO] ADCParametersView:116 -                Rank 7 : false
2024-09-11 16:32:21,232 [INFO] ADCParametersView:116 -                Rank 8 : false
2024-09-11 16:32:21,232 [INFO] ADCParametersView:116 -                Rank 3 : true
2024-09-11 16:32:21,232 [INFO] ADCParametersView:116 -                Rank 4 : true
2024-09-11 16:32:21,232 [INFO] ADCParametersView:116 -                Rank 5 : false
2024-09-11 16:32:21,232 [INFO] ADCParametersView:116 -                Rank 6 : false
2024-09-11 16:32:21,232 [INFO] ADCParametersView:116 -                Rank 7 : false
2024-09-11 16:32:21,232 [INFO] ADCParametersView:116 -                Rank 8 : false
2024-09-11 16:32:21,232 [INFO] ADCParametersView:116 -                Rank 4 : true
2024-09-11 16:32:21,232 [INFO] ADCParametersView:116 -                Rank 5 : false
2024-09-11 16:32:21,232 [INFO] ADCParametersView:116 -                Rank 6 : false
2024-09-11 16:32:21,232 [INFO] ADCParametersView:116 -                Rank 7 : false
2024-09-11 16:32:21,232 [INFO] ADCParametersView:116 -                Rank 8 : false
2024-09-11 16:32:21,232 [INFO] ADCParametersView:116 -                Rank 5 : false
2024-09-11 16:32:21,232 [INFO] ADCParametersView:116 -                Rank 6 : false
2024-09-11 16:32:21,232 [INFO] ADCParametersView:116 -                Rank 7 : false
2024-09-11 16:32:21,232 [INFO] ADCParametersView:116 -                Rank 8 : false
2024-09-11 16:32:21,232 [INFO] ADCParametersView:116 -                Rank 6 : false
2024-09-11 16:32:21,232 [INFO] ADCParametersView:116 -                Rank 7 : false
2024-09-11 16:32:21,232 [INFO] ADCParametersView:116 -                Rank 8 : false
2024-09-11 16:32:21,232 [INFO] ADCParametersView:116 -                Rank 7 : false
2024-09-11 16:32:21,232 [INFO] ADCParametersView:116 -                Rank 8 : false
2024-09-11 16:32:21,232 [INFO] ADCParametersView:116 -                Rank 8 : false
2024-09-11 16:32:21,268 [INFO] ADCParametersView:116 -                Rank 1 : true
2024-09-11 16:32:21,268 [INFO] ADCParametersView:116 -                Rank 1 : true
2024-09-11 16:32:21,268 [INFO] ADCParametersView:116 -                Rank 2 : true
2024-09-11 16:32:21,269 [INFO] ADCParametersView:116 -                Rank 1 : true
2024-09-11 16:32:21,269 [INFO] ADCParametersView:116 -                Rank 2 : true
2024-09-11 16:32:21,269 [INFO] ADCParametersView:116 -                Rank 3 : true
2024-09-11 16:32:21,269 [INFO] ADCParametersView:116 -                Rank 1 : true
2024-09-11 16:32:21,269 [INFO] ADCParametersView:116 -                Rank 2 : true
2024-09-11 16:32:21,269 [INFO] ADCParametersView:116 -                Rank 3 : true
2024-09-11 16:32:21,269 [INFO] ADCParametersView:116 -                Rank 4 : true
2024-09-11 16:32:21,270 [INFO] ADCParametersView:116 -                Rank 1 : true
2024-09-11 16:32:21,270 [INFO] ADCParametersView:116 -                Rank 2 : true
2024-09-11 16:32:21,270 [INFO] ADCParametersView:116 -                Rank 3 : true
2024-09-11 16:32:21,270 [INFO] ADCParametersView:116 -                Rank 4 : true
2024-09-11 16:32:21,270 [INFO] ADCParametersView:116 -                Rank 5 : false
2024-09-11 16:32:21,270 [INFO] ADCParametersView:116 -                Rank 1 : true
2024-09-11 16:32:21,270 [INFO] ADCParametersView:116 -                Rank 2 : true
2024-09-11 16:32:21,270 [INFO] ADCParametersView:116 -                Rank 3 : true
2024-09-11 16:32:21,270 [INFO] ADCParametersView:116 -                Rank 4 : true
2024-09-11 16:32:21,270 [INFO] ADCParametersView:116 -                Rank 5 : false
2024-09-11 16:32:21,270 [INFO] ADCParametersView:116 -                Rank 6 : false
2024-09-11 16:32:21,271 [INFO] ADCParametersView:116 -                Rank 1 : true
2024-09-11 16:32:21,271 [INFO] ADCParametersView:116 -                Rank 2 : true
2024-09-11 16:32:21,271 [INFO] ADCParametersView:116 -                Rank 3 : true
2024-09-11 16:32:21,271 [INFO] ADCParametersView:116 -                Rank 4 : true
2024-09-11 16:32:21,271 [INFO] ADCParametersView:116 -                Rank 5 : false
2024-09-11 16:32:21,271 [INFO] ADCParametersView:116 -                Rank 6 : false
2024-09-11 16:32:21,271 [INFO] ADCParametersView:116 -                Rank 7 : false
2024-09-11 16:32:21,271 [INFO] ADCParametersView:116 -                Rank 1 : true
2024-09-11 16:32:21,271 [INFO] ADCParametersView:116 -                Rank 2 : true
2024-09-11 16:32:21,271 [INFO] ADCParametersView:116 -                Rank 3 : true
2024-09-11 16:32:21,271 [INFO] ADCParametersView:116 -                Rank 4 : true
2024-09-11 16:32:21,271 [INFO] ADCParametersView:116 -                Rank 5 : false
2024-09-11 16:32:21,271 [INFO] ADCParametersView:116 -                Rank 6 : false
2024-09-11 16:32:21,271 [INFO] ADCParametersView:116 -                Rank 7 : false
2024-09-11 16:32:21,271 [INFO] ADCParametersView:116 -                Rank 8 : false
2024-09-11 16:32:23,371 [INFO] NvicIntPanel:101 - NVIC parent = com.st.microxplorer.plugins.ip.nvic.MultiNvicIntPanel[,0,0,0x0,invalid,layout=javax.swing.BoxLayout,alignmentX=0.0,alignmentY=0.0,border=,flags=9,maximumSize=,minimumSize=,preferredSize=]
2024-09-11 16:32:23,423 [INFO] ADCParametersView:116 -                Rank 1 : true
2024-09-11 16:32:23,423 [INFO] ADCParametersView:116 -                Rank 2 : true
2024-09-11 16:32:23,423 [INFO] ADCParametersView:116 -                Rank 3 : true
2024-09-11 16:32:23,423 [INFO] ADCParametersView:116 -                Rank 4 : true
2024-09-11 16:32:23,423 [INFO] ADCParametersView:116 -                Rank 5 : false
2024-09-11 16:32:23,423 [INFO] ADCParametersView:116 -                Rank 6 : false
2024-09-11 16:32:23,423 [INFO] ADCParametersView:116 -                Rank 7 : false
2024-09-11 16:32:23,423 [INFO] ADCParametersView:116 -                Rank 8 : false
2024-09-11 16:32:23,425 [INFO] ADCParametersView:116 -                Rank 1 : true
2024-09-11 16:32:23,425 [INFO] ADCParametersView:116 -                Rank 2 : true
2024-09-11 16:32:23,425 [INFO] ADCParametersView:116 -                Rank 3 : true
2024-09-11 16:32:23,425 [INFO] ADCParametersView:116 -                Rank 4 : true
2024-09-11 16:32:23,425 [INFO] ADCParametersView:116 -                Rank 5 : false
2024-09-11 16:32:23,425 [INFO] ADCParametersView:116 -                Rank 6 : false
2024-09-11 16:32:23,425 [INFO] ADCParametersView:116 -                Rank 7 : false
2024-09-11 16:32:23,426 [INFO] ADCParametersView:116 -                Rank 8 : false
2024-09-11 16:32:23,426 [INFO] ADCParametersView:116 -                Rank 1 : true
2024-09-11 16:32:23,426 [INFO] ADCParametersView:116 -                Rank 2 : true
2024-09-11 16:32:23,426 [INFO] ADCParametersView:116 -                Rank 3 : true
2024-09-11 16:32:23,426 [INFO] ADCParametersView:116 -                Rank 4 : true
2024-09-11 16:32:23,426 [INFO] ADCParametersView:116 -                Rank 5 : false
2024-09-11 16:32:23,426 [INFO] ADCParametersView:116 -                Rank 6 : false
2024-09-11 16:32:23,426 [INFO] ADCParametersView:116 -                Rank 7 : false
2024-09-11 16:32:23,426 [INFO] ADCParametersView:116 -                Rank 8 : false
2024-09-11 16:32:23,426 [INFO] ADCParametersView:116 -                Rank 1 : true
2024-09-11 16:32:23,426 [INFO] ADCParametersView:116 -                Rank 2 : true
2024-09-11 16:32:23,426 [INFO] ADCParametersView:116 -                Rank 3 : true
2024-09-11 16:32:23,426 [INFO] ADCParametersView:116 -                Rank 4 : true
2024-09-11 16:32:23,426 [INFO] ADCParametersView:116 -                Rank 5 : false
2024-09-11 16:32:23,426 [INFO] ADCParametersView:116 -                Rank 6 : false
2024-09-11 16:32:23,426 [INFO] ADCParametersView:116 -                Rank 7 : false
2024-09-11 16:32:23,426 [INFO] ADCParametersView:116 -                Rank 8 : false
2024-09-11 16:32:23,426 [INFO] ADCParametersView:116 -                Rank 1 : true
2024-09-11 16:32:23,426 [INFO] ADCParametersView:116 -                Rank 2 : true
2024-09-11 16:32:23,426 [INFO] ADCParametersView:116 -                Rank 3 : true
2024-09-11 16:32:23,427 [INFO] ADCParametersView:116 -                Rank 4 : true
2024-09-11 16:32:23,427 [INFO] ADCParametersView:116 -                Rank 5 : false
2024-09-11 16:32:23,427 [INFO] ADCParametersView:116 -                Rank 6 : false
2024-09-11 16:32:23,427 [INFO] ADCParametersView:116 -                Rank 7 : false
2024-09-11 16:32:23,427 [INFO] ADCParametersView:116 -                Rank 8 : false
2024-09-11 16:32:23,427 [INFO] ADCParametersView:116 -                Rank 1 : true
2024-09-11 16:32:23,427 [INFO] ADCParametersView:116 -                Rank 2 : true
2024-09-11 16:32:23,427 [INFO] ADCParametersView:116 -                Rank 3 : true
2024-09-11 16:32:23,427 [INFO] ADCParametersView:116 -                Rank 4 : true
2024-09-11 16:32:23,427 [INFO] ADCParametersView:116 -                Rank 5 : false
2024-09-11 16:32:23,427 [INFO] ADCParametersView:116 -                Rank 6 : false
2024-09-11 16:32:23,427 [INFO] ADCParametersView:116 -                Rank 7 : false
2024-09-11 16:32:23,427 [INFO] ADCParametersView:116 -                Rank 8 : false
2024-09-11 16:32:23,427 [INFO] ADCParametersView:116 -                Rank 1 : true
2024-09-11 16:32:23,427 [INFO] ADCParametersView:116 -                Rank 2 : true
2024-09-11 16:32:23,427 [INFO] ADCParametersView:116 -                Rank 3 : true
2024-09-11 16:32:23,427 [INFO] ADCParametersView:116 -                Rank 4 : true
2024-09-11 16:32:23,427 [INFO] ADCParametersView:116 -                Rank 5 : false
2024-09-11 16:32:23,427 [INFO] ADCParametersView:116 -                Rank 6 : false
2024-09-11 16:32:23,427 [INFO] ADCParametersView:116 -                Rank 7 : false
2024-09-11 16:32:23,427 [INFO] ADCParametersView:116 -                Rank 8 : false
2024-09-11 16:32:23,427 [INFO] ADCParametersView:116 -                Rank 1 : true
2024-09-11 16:32:23,428 [INFO] ADCParametersView:116 -                Rank 2 : true
2024-09-11 16:32:23,428 [INFO] ADCParametersView:116 -                Rank 3 : true
2024-09-11 16:32:23,428 [INFO] ADCParametersView:116 -                Rank 4 : true
2024-09-11 16:32:23,428 [INFO] ADCParametersView:116 -                Rank 5 : false
2024-09-11 16:32:23,428 [INFO] ADCParametersView:116 -                Rank 6 : false
2024-09-11 16:32:23,428 [INFO] ADCParametersView:116 -                Rank 7 : false
2024-09-11 16:32:23,428 [INFO] ADCParametersView:116 -                Rank 8 : false
2024-09-11 16:32:23,428 [INFO] ADCParametersView:116 -                Rank 1 : true
2024-09-11 16:32:23,428 [INFO] ADCParametersView:116 -                Rank 2 : true
2024-09-11 16:32:23,428 [INFO] ADCParametersView:116 -                Rank 3 : true
2024-09-11 16:32:23,428 [INFO] ADCParametersView:116 -                Rank 4 : true
2024-09-11 16:32:23,428 [INFO] ADCParametersView:116 -                Rank 5 : false
2024-09-11 16:32:23,428 [INFO] ADCParametersView:116 -                Rank 6 : false
2024-09-11 16:32:23,428 [INFO] ADCParametersView:116 -                Rank 7 : false
2024-09-11 16:32:23,428 [INFO] ADCParametersView:116 -                Rank 8 : false
2024-09-11 16:32:23,428 [INFO] ADCParametersView:116 -                Rank 1 : true
2024-09-11 16:32:23,428 [INFO] ADCParametersView:116 -                Rank 2 : true
2024-09-11 16:32:23,428 [INFO] ADCParametersView:116 -                Rank 3 : true
2024-09-11 16:32:23,428 [INFO] ADCParametersView:116 -                Rank 4 : true
2024-09-11 16:32:23,428 [INFO] ADCParametersView:116 -                Rank 5 : false
2024-09-11 16:32:23,428 [INFO] ADCParametersView:116 -                Rank 6 : false
2024-09-11 16:32:23,428 [INFO] ADCParametersView:116 -                Rank 7 : false
2024-09-11 16:32:23,428 [INFO] ADCParametersView:116 -                Rank 8 : false
2024-09-11 16:32:23,428 [INFO] ADCParametersView:116 -                Rank 1 : true
2024-09-11 16:32:23,428 [INFO] ADCParametersView:116 -                Rank 2 : true
2024-09-11 16:32:23,429 [INFO] ADCParametersView:116 -                Rank 3 : true
2024-09-11 16:32:23,429 [INFO] ADCParametersView:116 -                Rank 4 : true
2024-09-11 16:32:23,429 [INFO] ADCParametersView:116 -                Rank 5 : false
2024-09-11 16:32:23,429 [INFO] ADCParametersView:116 -                Rank 6 : false
2024-09-11 16:32:23,429 [INFO] ADCParametersView:116 -                Rank 7 : false
2024-09-11 16:32:23,429 [INFO] ADCParametersView:116 -                Rank 8 : false
2024-09-11 16:32:23,429 [INFO] ADCParametersView:116 -                Rank 1 : true
2024-09-11 16:32:23,429 [INFO] ADCParametersView:116 -                Rank 2 : true
2024-09-11 16:32:23,429 [INFO] ADCParametersView:116 -                Rank 3 : true
2024-09-11 16:32:23,429 [INFO] ADCParametersView:116 -                Rank 4 : true
2024-09-11 16:32:23,429 [INFO] ADCParametersView:116 -                Rank 5 : false
2024-09-11 16:32:23,429 [INFO] ADCParametersView:116 -                Rank 6 : false
2024-09-11 16:32:23,429 [INFO] ADCParametersView:116 -                Rank 7 : false
2024-09-11 16:32:23,429 [INFO] ADCParametersView:116 -                Rank 8 : false
2024-09-11 16:32:23,429 [INFO] ADCParametersView:116 -                Rank 1 : true
2024-09-11 16:32:23,429 [INFO] ADCParametersView:116 -                Rank 2 : true
2024-09-11 16:32:23,429 [INFO] ADCParametersView:116 -                Rank 3 : true
2024-09-11 16:32:23,429 [INFO] ADCParametersView:116 -                Rank 4 : true
2024-09-11 16:32:23,429 [INFO] ADCParametersView:116 -                Rank 5 : false
2024-09-11 16:32:23,429 [INFO] ADCParametersView:116 -                Rank 6 : false
2024-09-11 16:32:23,429 [INFO] ADCParametersView:116 -                Rank 7 : false
2024-09-11 16:32:23,429 [INFO] ADCParametersView:116 -                Rank 8 : false
2024-09-11 16:32:23,429 [INFO] ADCParametersView:116 -                Rank 1 : true
2024-09-11 16:32:23,429 [INFO] ADCParametersView:116 -                Rank 2 : true
2024-09-11 16:32:23,429 [INFO] ADCParametersView:116 -                Rank 3 : true
2024-09-11 16:32:23,429 [INFO] ADCParametersView:116 -                Rank 4 : true
2024-09-11 16:32:23,429 [INFO] ADCParametersView:116 -                Rank 5 : false
2024-09-11 16:32:23,429 [INFO] ADCParametersView:116 -                Rank 6 : false
2024-09-11 16:32:23,430 [INFO] ADCParametersView:116 -                Rank 7 : false
2024-09-11 16:32:23,430 [INFO] ADCParametersView:116 -                Rank 8 : false
2024-09-11 16:32:23,430 [INFO] ADCParametersView:116 -                Rank 2 : true
2024-09-11 16:32:23,430 [INFO] ADCParametersView:116 -                Rank 3 : true
2024-09-11 16:32:23,430 [INFO] ADCParametersView:116 -                Rank 4 : true
2024-09-11 16:32:23,430 [INFO] ADCParametersView:116 -                Rank 5 : false
2024-09-11 16:32:23,430 [INFO] ADCParametersView:116 -                Rank 6 : false
2024-09-11 16:32:23,430 [INFO] ADCParametersView:116 -                Rank 7 : false
2024-09-11 16:32:23,430 [INFO] ADCParametersView:116 -                Rank 8 : false
2024-09-11 16:32:23,430 [INFO] ADCParametersView:116 -                Rank 3 : true
2024-09-11 16:32:23,430 [INFO] ADCParametersView:116 -                Rank 4 : true
2024-09-11 16:32:23,430 [INFO] ADCParametersView:116 -                Rank 5 : false
2024-09-11 16:32:23,430 [INFO] ADCParametersView:116 -                Rank 6 : false
2024-09-11 16:32:23,430 [INFO] ADCParametersView:116 -                Rank 7 : false
2024-09-11 16:32:23,430 [INFO] ADCParametersView:116 -                Rank 8 : false
2024-09-11 16:32:23,430 [INFO] ADCParametersView:116 -                Rank 4 : true
2024-09-11 16:32:23,430 [INFO] ADCParametersView:116 -                Rank 5 : false
2024-09-11 16:32:23,430 [INFO] ADCParametersView:116 -                Rank 6 : false
2024-09-11 16:32:23,430 [INFO] ADCParametersView:116 -                Rank 7 : false
2024-09-11 16:32:23,430 [INFO] ADCParametersView:116 -                Rank 8 : false
2024-09-11 16:32:23,430 [INFO] ADCParametersView:116 -                Rank 5 : false
2024-09-11 16:32:23,430 [INFO] ADCParametersView:116 -                Rank 6 : false
2024-09-11 16:32:23,430 [INFO] ADCParametersView:116 -                Rank 7 : false
2024-09-11 16:32:23,430 [INFO] ADCParametersView:116 -                Rank 8 : false
2024-09-11 16:32:23,430 [INFO] ADCParametersView:116 -                Rank 6 : false
2024-09-11 16:32:23,430 [INFO] ADCParametersView:116 -                Rank 7 : false
2024-09-11 16:32:23,430 [INFO] ADCParametersView:116 -                Rank 8 : false
2024-09-11 16:32:23,430 [INFO] ADCParametersView:116 -                Rank 7 : false
2024-09-11 16:32:23,430 [INFO] ADCParametersView:116 -                Rank 8 : false
2024-09-11 16:32:23,430 [INFO] ADCParametersView:116 -                Rank 8 : false
2024-09-11 16:32:23,468 [INFO] ADCParametersView:116 -                Rank 1 : true
2024-09-11 16:32:23,468 [INFO] ADCParametersView:116 -                Rank 1 : true
2024-09-11 16:32:23,468 [INFO] ADCParametersView:116 -                Rank 2 : true
2024-09-11 16:32:23,468 [INFO] ADCParametersView:116 -                Rank 1 : true
2024-09-11 16:32:23,468 [INFO] ADCParametersView:116 -                Rank 2 : true
2024-09-11 16:32:23,468 [INFO] ADCParametersView:116 -                Rank 3 : true
2024-09-11 16:32:23,469 [INFO] ADCParametersView:116 -                Rank 1 : true
2024-09-11 16:32:23,469 [INFO] ADCParametersView:116 -                Rank 2 : true
2024-09-11 16:32:23,469 [INFO] ADCParametersView:116 -                Rank 3 : true
2024-09-11 16:32:23,469 [INFO] ADCParametersView:116 -                Rank 4 : true
2024-09-11 16:32:23,469 [INFO] ADCParametersView:116 -                Rank 1 : true
2024-09-11 16:32:23,469 [INFO] ADCParametersView:116 -                Rank 2 : true
2024-09-11 16:32:23,469 [INFO] ADCParametersView:116 -                Rank 3 : true
2024-09-11 16:32:23,469 [INFO] ADCParametersView:116 -                Rank 4 : true
2024-09-11 16:32:23,469 [INFO] ADCParametersView:116 -                Rank 5 : false
2024-09-11 16:32:23,470 [INFO] ADCParametersView:116 -                Rank 1 : true
2024-09-11 16:32:23,470 [INFO] ADCParametersView:116 -                Rank 2 : true
2024-09-11 16:32:23,470 [INFO] ADCParametersView:116 -                Rank 3 : true
2024-09-11 16:32:23,470 [INFO] ADCParametersView:116 -                Rank 4 : true
2024-09-11 16:32:23,470 [INFO] ADCParametersView:116 -                Rank 5 : false
2024-09-11 16:32:23,470 [INFO] ADCParametersView:116 -                Rank 6 : false
2024-09-11 16:32:23,470 [INFO] ADCParametersView:116 -                Rank 1 : true
2024-09-11 16:32:23,470 [INFO] ADCParametersView:116 -                Rank 2 : true
2024-09-11 16:32:23,470 [INFO] ADCParametersView:116 -                Rank 3 : true
2024-09-11 16:32:23,470 [INFO] ADCParametersView:116 -                Rank 4 : true
2024-09-11 16:32:23,470 [INFO] ADCParametersView:116 -                Rank 5 : false
2024-09-11 16:32:23,470 [INFO] ADCParametersView:116 -                Rank 6 : false
2024-09-11 16:32:23,470 [INFO] ADCParametersView:116 -                Rank 7 : false
2024-09-11 16:32:23,470 [INFO] ADCParametersView:116 -                Rank 1 : true
2024-09-11 16:32:23,470 [INFO] ADCParametersView:116 -                Rank 2 : true
2024-09-11 16:32:23,470 [INFO] ADCParametersView:116 -                Rank 3 : true
2024-09-11 16:32:23,471 [INFO] ADCParametersView:116 -                Rank 4 : true
2024-09-11 16:32:23,471 [INFO] ADCParametersView:116 -                Rank 5 : false
2024-09-11 16:32:23,471 [INFO] ADCParametersView:116 -                Rank 6 : false
2024-09-11 16:32:23,471 [INFO] ADCParametersView:116 -                Rank 7 : false
2024-09-11 16:32:23,471 [INFO] ADCParametersView:116 -                Rank 8 : false
2024-09-11 16:32:24,740 [INFO] ADCParametersView:116 -                Rank 1 : true
2024-09-11 16:32:24,740 [INFO] ADCParametersView:116 -                Rank 2 : true
2024-09-11 16:32:24,740 [INFO] ADCParametersView:116 -                Rank 3 : true
2024-09-11 16:32:24,740 [INFO] ADCParametersView:116 -                Rank 4 : true
2024-09-11 16:32:24,740 [INFO] ADCParametersView:116 -                Rank 5 : true
2024-09-11 16:32:24,740 [INFO] ADCParametersView:116 -                Rank 6 : false
2024-09-11 16:32:24,741 [INFO] ADCParametersView:116 -                Rank 7 : false
2024-09-11 16:32:24,741 [INFO] ADCParametersView:116 -                Rank 8 : false
2024-09-11 16:32:26,945 [INFO] NvicIntPanel:101 - NVIC parent = com.st.microxplorer.plugins.ip.nvic.MultiNvicIntPanel[,0,0,0x0,invalid,layout=javax.swing.BoxLayout,alignmentX=0.0,alignmentY=0.0,border=,flags=9,maximumSize=,minimumSize=,preferredSize=]
2024-09-11 16:32:26,986 [INFO] ADCParametersView:116 -                Rank 1 : true
2024-09-11 16:32:26,986 [INFO] ADCParametersView:116 -                Rank 2 : true
2024-09-11 16:32:26,986 [INFO] ADCParametersView:116 -                Rank 3 : true
2024-09-11 16:32:26,986 [INFO] ADCParametersView:116 -                Rank 4 : true
2024-09-11 16:32:26,986 [INFO] ADCParametersView:116 -                Rank 5 : true
2024-09-11 16:32:26,986 [INFO] ADCParametersView:116 -                Rank 6 : false
2024-09-11 16:32:26,986 [INFO] ADCParametersView:116 -                Rank 7 : false
2024-09-11 16:32:26,986 [INFO] ADCParametersView:116 -                Rank 8 : false
2024-09-11 16:32:26,987 [INFO] ADCParametersView:116 -                Rank 1 : true
2024-09-11 16:32:26,987 [INFO] ADCParametersView:116 -                Rank 2 : true
2024-09-11 16:32:26,987 [INFO] ADCParametersView:116 -                Rank 3 : true
2024-09-11 16:32:26,987 [INFO] ADCParametersView:116 -                Rank 4 : true
2024-09-11 16:32:26,987 [INFO] ADCParametersView:116 -                Rank 5 : true
2024-09-11 16:32:26,987 [INFO] ADCParametersView:116 -                Rank 6 : false
2024-09-11 16:32:26,987 [INFO] ADCParametersView:116 -                Rank 7 : false
2024-09-11 16:32:26,987 [INFO] ADCParametersView:116 -                Rank 8 : false
2024-09-11 16:32:26,988 [INFO] ADCParametersView:116 -                Rank 1 : true
2024-09-11 16:32:26,988 [INFO] ADCParametersView:116 -                Rank 2 : true
2024-09-11 16:32:26,988 [INFO] ADCParametersView:116 -                Rank 3 : true
2024-09-11 16:32:26,988 [INFO] ADCParametersView:116 -                Rank 4 : true
2024-09-11 16:32:26,988 [INFO] ADCParametersView:116 -                Rank 5 : true
2024-09-11 16:32:26,988 [INFO] ADCParametersView:116 -                Rank 6 : false
2024-09-11 16:32:26,988 [INFO] ADCParametersView:116 -                Rank 7 : false
2024-09-11 16:32:26,988 [INFO] ADCParametersView:116 -                Rank 8 : false
2024-09-11 16:32:26,988 [INFO] ADCParametersView:116 -                Rank 1 : true
2024-09-11 16:32:26,988 [INFO] ADCParametersView:116 -                Rank 2 : true
2024-09-11 16:32:26,988 [INFO] ADCParametersView:116 -                Rank 3 : true
2024-09-11 16:32:26,988 [INFO] ADCParametersView:116 -                Rank 4 : true
2024-09-11 16:32:26,988 [INFO] ADCParametersView:116 -                Rank 5 : true
2024-09-11 16:32:26,988 [INFO] ADCParametersView:116 -                Rank 6 : false
2024-09-11 16:32:26,988 [INFO] ADCParametersView:116 -                Rank 7 : false
2024-09-11 16:32:26,988 [INFO] ADCParametersView:116 -                Rank 8 : false
2024-09-11 16:32:26,988 [INFO] ADCParametersView:116 -                Rank 1 : true
2024-09-11 16:32:26,988 [INFO] ADCParametersView:116 -                Rank 2 : true
2024-09-11 16:32:26,988 [INFO] ADCParametersView:116 -                Rank 3 : true
2024-09-11 16:32:26,988 [INFO] ADCParametersView:116 -                Rank 4 : true
2024-09-11 16:32:26,989 [INFO] ADCParametersView:116 -                Rank 5 : true
2024-09-11 16:32:26,989 [INFO] ADCParametersView:116 -                Rank 6 : false
2024-09-11 16:32:26,989 [INFO] ADCParametersView:116 -                Rank 7 : false
2024-09-11 16:32:26,989 [INFO] ADCParametersView:116 -                Rank 8 : false
2024-09-11 16:32:26,989 [INFO] ADCParametersView:116 -                Rank 1 : true
2024-09-11 16:32:26,989 [INFO] ADCParametersView:116 -                Rank 2 : true
2024-09-11 16:32:26,989 [INFO] ADCParametersView:116 -                Rank 3 : true
2024-09-11 16:32:26,989 [INFO] ADCParametersView:116 -                Rank 4 : true
2024-09-11 16:32:26,989 [INFO] ADCParametersView:116 -                Rank 5 : true
2024-09-11 16:32:26,989 [INFO] ADCParametersView:116 -                Rank 6 : false
2024-09-11 16:32:26,989 [INFO] ADCParametersView:116 -                Rank 7 : false
2024-09-11 16:32:26,989 [INFO] ADCParametersView:116 -                Rank 8 : false
2024-09-11 16:32:26,989 [INFO] ADCParametersView:116 -                Rank 1 : true
2024-09-11 16:32:26,989 [INFO] ADCParametersView:116 -                Rank 2 : true
2024-09-11 16:32:26,989 [INFO] ADCParametersView:116 -                Rank 3 : true
2024-09-11 16:32:26,989 [INFO] ADCParametersView:116 -                Rank 4 : true
2024-09-11 16:32:26,989 [INFO] ADCParametersView:116 -                Rank 5 : true
2024-09-11 16:32:26,989 [INFO] ADCParametersView:116 -                Rank 6 : false
2024-09-11 16:32:26,989 [INFO] ADCParametersView:116 -                Rank 7 : false
2024-09-11 16:32:26,989 [INFO] ADCParametersView:116 -                Rank 8 : false
2024-09-11 16:32:26,989 [INFO] ADCParametersView:116 -                Rank 1 : true
2024-09-11 16:32:26,990 [INFO] ADCParametersView:116 -                Rank 2 : true
2024-09-11 16:32:26,990 [INFO] ADCParametersView:116 -                Rank 3 : true
2024-09-11 16:32:26,990 [INFO] ADCParametersView:116 -                Rank 4 : true
2024-09-11 16:32:26,990 [INFO] ADCParametersView:116 -                Rank 5 : true
2024-09-11 16:32:26,990 [INFO] ADCParametersView:116 -                Rank 6 : false
2024-09-11 16:32:26,990 [INFO] ADCParametersView:116 -                Rank 7 : false
2024-09-11 16:32:26,990 [INFO] ADCParametersView:116 -                Rank 8 : false
2024-09-11 16:32:26,990 [INFO] ADCParametersView:116 -                Rank 1 : true
2024-09-11 16:32:26,990 [INFO] ADCParametersView:116 -                Rank 2 : true
2024-09-11 16:32:26,990 [INFO] ADCParametersView:116 -                Rank 3 : true
2024-09-11 16:32:26,990 [INFO] ADCParametersView:116 -                Rank 4 : true
2024-09-11 16:32:26,990 [INFO] ADCParametersView:116 -                Rank 5 : true
2024-09-11 16:32:26,990 [INFO] ADCParametersView:116 -                Rank 6 : false
2024-09-11 16:32:26,990 [INFO] ADCParametersView:116 -                Rank 7 : false
2024-09-11 16:32:26,990 [INFO] ADCParametersView:116 -                Rank 8 : false
2024-09-11 16:32:26,990 [INFO] ADCParametersView:116 -                Rank 1 : true
2024-09-11 16:32:26,990 [INFO] ADCParametersView:116 -                Rank 2 : true
2024-09-11 16:32:26,990 [INFO] ADCParametersView:116 -                Rank 3 : true
2024-09-11 16:32:26,990 [INFO] ADCParametersView:116 -                Rank 4 : true
2024-09-11 16:32:26,990 [INFO] ADCParametersView:116 -                Rank 5 : true
2024-09-11 16:32:26,990 [INFO] ADCParametersView:116 -                Rank 6 : false
2024-09-11 16:32:26,990 [INFO] ADCParametersView:116 -                Rank 7 : false
2024-09-11 16:32:26,990 [INFO] ADCParametersView:116 -                Rank 8 : false
2024-09-11 16:32:26,991 [INFO] ADCParametersView:116 -                Rank 1 : true
2024-09-11 16:32:26,991 [INFO] ADCParametersView:116 -                Rank 2 : true
2024-09-11 16:32:26,991 [INFO] ADCParametersView:116 -                Rank 3 : true
2024-09-11 16:32:26,991 [INFO] ADCParametersView:116 -                Rank 4 : true
2024-09-11 16:32:26,991 [INFO] ADCParametersView:116 -                Rank 5 : true
2024-09-11 16:32:26,991 [INFO] ADCParametersView:116 -                Rank 6 : false
2024-09-11 16:32:26,991 [INFO] ADCParametersView:116 -                Rank 7 : false
2024-09-11 16:32:26,991 [INFO] ADCParametersView:116 -                Rank 8 : false
2024-09-11 16:32:26,991 [INFO] ADCParametersView:116 -                Rank 1 : true
2024-09-11 16:32:26,991 [INFO] ADCParametersView:116 -                Rank 2 : true
2024-09-11 16:32:26,991 [INFO] ADCParametersView:116 -                Rank 3 : true
2024-09-11 16:32:26,991 [INFO] ADCParametersView:116 -                Rank 4 : true
2024-09-11 16:32:26,991 [INFO] ADCParametersView:116 -                Rank 5 : true
2024-09-11 16:32:26,991 [INFO] ADCParametersView:116 -                Rank 6 : false
2024-09-11 16:32:26,991 [INFO] ADCParametersView:116 -                Rank 7 : false
2024-09-11 16:32:26,991 [INFO] ADCParametersView:116 -                Rank 8 : false
2024-09-11 16:32:26,991 [INFO] ADCParametersView:116 -                Rank 1 : true
2024-09-11 16:32:26,991 [INFO] ADCParametersView:116 -                Rank 2 : true
2024-09-11 16:32:26,991 [INFO] ADCParametersView:116 -                Rank 3 : true
2024-09-11 16:32:26,991 [INFO] ADCParametersView:116 -                Rank 4 : true
2024-09-11 16:32:26,991 [INFO] ADCParametersView:116 -                Rank 5 : true
2024-09-11 16:32:26,991 [INFO] ADCParametersView:116 -                Rank 6 : false
2024-09-11 16:32:26,991 [INFO] ADCParametersView:116 -                Rank 7 : false
2024-09-11 16:32:26,991 [INFO] ADCParametersView:116 -                Rank 8 : false
2024-09-11 16:32:26,991 [INFO] ADCParametersView:116 -                Rank 1 : true
2024-09-11 16:32:26,991 [INFO] ADCParametersView:116 -                Rank 2 : true
2024-09-11 16:32:26,991 [INFO] ADCParametersView:116 -                Rank 3 : true
2024-09-11 16:32:26,992 [INFO] ADCParametersView:116 -                Rank 4 : true
2024-09-11 16:32:26,992 [INFO] ADCParametersView:116 -                Rank 5 : true
2024-09-11 16:32:26,992 [INFO] ADCParametersView:116 -                Rank 6 : false
2024-09-11 16:32:26,992 [INFO] ADCParametersView:116 -                Rank 7 : false
2024-09-11 16:32:26,992 [INFO] ADCParametersView:116 -                Rank 8 : false
2024-09-11 16:32:26,992 [INFO] ADCParametersView:116 -                Rank 2 : true
2024-09-11 16:32:26,992 [INFO] ADCParametersView:116 -                Rank 3 : true
2024-09-11 16:32:26,992 [INFO] ADCParametersView:116 -                Rank 4 : true
2024-09-11 16:32:26,992 [INFO] ADCParametersView:116 -                Rank 5 : true
2024-09-11 16:32:26,992 [INFO] ADCParametersView:116 -                Rank 6 : false
2024-09-11 16:32:26,992 [INFO] ADCParametersView:116 -                Rank 7 : false
2024-09-11 16:32:26,992 [INFO] ADCParametersView:116 -                Rank 8 : false
2024-09-11 16:32:26,992 [INFO] ADCParametersView:116 -                Rank 3 : true
2024-09-11 16:32:26,992 [INFO] ADCParametersView:116 -                Rank 4 : true
2024-09-11 16:32:26,992 [INFO] ADCParametersView:116 -                Rank 5 : true
2024-09-11 16:32:26,992 [INFO] ADCParametersView:116 -                Rank 6 : false
2024-09-11 16:32:26,992 [INFO] ADCParametersView:116 -                Rank 7 : false
2024-09-11 16:32:26,992 [INFO] ADCParametersView:116 -                Rank 8 : false
2024-09-11 16:32:26,992 [INFO] ADCParametersView:116 -                Rank 4 : true
2024-09-11 16:32:26,992 [INFO] ADCParametersView:116 -                Rank 5 : true
2024-09-11 16:32:26,992 [INFO] ADCParametersView:116 -                Rank 6 : false
2024-09-11 16:32:26,992 [INFO] ADCParametersView:116 -                Rank 7 : false
2024-09-11 16:32:26,992 [INFO] ADCParametersView:116 -                Rank 8 : false
2024-09-11 16:32:26,992 [INFO] ADCParametersView:116 -                Rank 5 : true
2024-09-11 16:32:26,992 [INFO] ADCParametersView:116 -                Rank 6 : false
2024-09-11 16:32:26,992 [INFO] ADCParametersView:116 -                Rank 7 : false
2024-09-11 16:32:26,992 [INFO] ADCParametersView:116 -                Rank 8 : false
2024-09-11 16:32:26,993 [INFO] ADCParametersView:116 -                Rank 6 : false
2024-09-11 16:32:26,993 [INFO] ADCParametersView:116 -                Rank 7 : false
2024-09-11 16:32:26,993 [INFO] ADCParametersView:116 -                Rank 8 : false
2024-09-11 16:32:26,993 [INFO] ADCParametersView:116 -                Rank 7 : false
2024-09-11 16:32:26,993 [INFO] ADCParametersView:116 -                Rank 8 : false
2024-09-11 16:32:26,993 [INFO] ADCParametersView:116 -                Rank 8 : false
2024-09-11 16:32:27,049 [INFO] ADCParametersView:116 -                Rank 1 : true
2024-09-11 16:32:27,049 [INFO] ADCParametersView:116 -                Rank 1 : true
2024-09-11 16:32:27,049 [INFO] ADCParametersView:116 -                Rank 2 : true
2024-09-11 16:32:27,050 [INFO] ADCParametersView:116 -                Rank 1 : true
2024-09-11 16:32:27,050 [INFO] ADCParametersView:116 -                Rank 2 : true
2024-09-11 16:32:27,050 [INFO] ADCParametersView:116 -                Rank 3 : true
2024-09-11 16:32:27,050 [INFO] ADCParametersView:116 -                Rank 1 : true
2024-09-11 16:32:27,050 [INFO] ADCParametersView:116 -                Rank 2 : true
2024-09-11 16:32:27,050 [INFO] ADCParametersView:116 -                Rank 3 : true
2024-09-11 16:32:27,050 [INFO] ADCParametersView:116 -                Rank 4 : true
2024-09-11 16:32:27,050 [INFO] ADCParametersView:116 -                Rank 1 : true
2024-09-11 16:32:27,050 [INFO] ADCParametersView:116 -                Rank 2 : true
2024-09-11 16:32:27,050 [INFO] ADCParametersView:116 -                Rank 3 : true
2024-09-11 16:32:27,050 [INFO] ADCParametersView:116 -                Rank 4 : true
2024-09-11 16:32:27,050 [INFO] ADCParametersView:116 -                Rank 5 : true
2024-09-11 16:32:27,051 [INFO] ADCParametersView:116 -                Rank 1 : true
2024-09-11 16:32:27,051 [INFO] ADCParametersView:116 -                Rank 2 : true
2024-09-11 16:32:27,051 [INFO] ADCParametersView:116 -                Rank 3 : true
2024-09-11 16:32:27,051 [INFO] ADCParametersView:116 -                Rank 4 : true
2024-09-11 16:32:27,051 [INFO] ADCParametersView:116 -                Rank 5 : true
2024-09-11 16:32:27,051 [INFO] ADCParametersView:116 -                Rank 6 : false
2024-09-11 16:32:27,051 [INFO] ADCParametersView:116 -                Rank 1 : true
2024-09-11 16:32:27,051 [INFO] ADCParametersView:116 -                Rank 2 : true
2024-09-11 16:32:27,051 [INFO] ADCParametersView:116 -                Rank 3 : true
2024-09-11 16:32:27,051 [INFO] ADCParametersView:116 -                Rank 4 : true
2024-09-11 16:32:27,051 [INFO] ADCParametersView:116 -                Rank 5 : true
2024-09-11 16:32:27,051 [INFO] ADCParametersView:116 -                Rank 6 : false
2024-09-11 16:32:27,051 [INFO] ADCParametersView:116 -                Rank 7 : false
2024-09-11 16:32:27,052 [INFO] ADCParametersView:116 -                Rank 1 : true
2024-09-11 16:32:27,052 [INFO] ADCParametersView:116 -                Rank 2 : true
2024-09-11 16:32:27,052 [INFO] ADCParametersView:116 -                Rank 3 : true
2024-09-11 16:32:27,052 [INFO] ADCParametersView:116 -                Rank 4 : true
2024-09-11 16:32:27,052 [INFO] ADCParametersView:116 -                Rank 5 : true
2024-09-11 16:32:27,052 [INFO] ADCParametersView:116 -                Rank 6 : false
2024-09-11 16:32:27,052 [INFO] ADCParametersView:116 -                Rank 7 : false
2024-09-11 16:32:27,052 [INFO] ADCParametersView:116 -                Rank 8 : false
2024-09-11 16:32:28,858 [INFO] NvicIntPanel:101 - NVIC parent = com.st.microxplorer.plugins.ip.nvic.MultiNvicIntPanel[,0,0,0x0,invalid,layout=javax.swing.BoxLayout,alignmentX=0.0,alignmentY=0.0,border=,flags=9,maximumSize=,minimumSize=,preferredSize=]
2024-09-11 16:32:28,918 [INFO] ADCParametersView:116 -                Rank 1 : true
2024-09-11 16:32:28,919 [INFO] ADCParametersView:116 -                Rank 2 : true
2024-09-11 16:32:28,919 [INFO] ADCParametersView:116 -                Rank 3 : true
2024-09-11 16:32:28,919 [INFO] ADCParametersView:116 -                Rank 4 : true
2024-09-11 16:32:28,919 [INFO] ADCParametersView:116 -                Rank 5 : true
2024-09-11 16:32:28,919 [INFO] ADCParametersView:116 -                Rank 6 : false
2024-09-11 16:32:28,919 [INFO] ADCParametersView:116 -                Rank 7 : false
2024-09-11 16:32:28,919 [INFO] ADCParametersView:116 -                Rank 8 : false
2024-09-11 16:32:28,929 [INFO] ADCParametersView:116 -                Rank 1 : true
2024-09-11 16:32:28,929 [INFO] ADCParametersView:116 -                Rank 2 : true
2024-09-11 16:32:28,929 [INFO] ADCParametersView:116 -                Rank 3 : true
2024-09-11 16:32:28,929 [INFO] ADCParametersView:116 -                Rank 4 : true
2024-09-11 16:32:28,929 [INFO] ADCParametersView:116 -                Rank 5 : true
2024-09-11 16:32:28,929 [INFO] ADCParametersView:116 -                Rank 6 : false
2024-09-11 16:32:28,929 [INFO] ADCParametersView:116 -                Rank 7 : false
2024-09-11 16:32:28,929 [INFO] ADCParametersView:116 -                Rank 8 : false
2024-09-11 16:32:28,929 [INFO] ADCParametersView:116 -                Rank 1 : true
2024-09-11 16:32:28,929 [INFO] ADCParametersView:116 -                Rank 2 : true
2024-09-11 16:32:28,929 [INFO] ADCParametersView:116 -                Rank 3 : true
2024-09-11 16:32:28,929 [INFO] ADCParametersView:116 -                Rank 4 : true
2024-09-11 16:32:28,929 [INFO] ADCParametersView:116 -                Rank 5 : true
2024-09-11 16:32:28,929 [INFO] ADCParametersView:116 -                Rank 6 : false
2024-09-11 16:32:28,929 [INFO] ADCParametersView:116 -                Rank 7 : false
2024-09-11 16:32:28,929 [INFO] ADCParametersView:116 -                Rank 8 : false
2024-09-11 16:32:28,929 [INFO] ADCParametersView:116 -                Rank 1 : true
2024-09-11 16:32:28,929 [INFO] ADCParametersView:116 -                Rank 2 : true
2024-09-11 16:32:28,929 [INFO] ADCParametersView:116 -                Rank 3 : true
2024-09-11 16:32:28,929 [INFO] ADCParametersView:116 -                Rank 4 : true
2024-09-11 16:32:28,930 [INFO] ADCParametersView:116 -                Rank 5 : true
2024-09-11 16:32:28,930 [INFO] ADCParametersView:116 -                Rank 6 : false
2024-09-11 16:32:28,930 [INFO] ADCParametersView:116 -                Rank 7 : false
2024-09-11 16:32:28,930 [INFO] ADCParametersView:116 -                Rank 8 : false
2024-09-11 16:32:28,930 [INFO] ADCParametersView:116 -                Rank 1 : true
2024-09-11 16:32:28,930 [INFO] ADCParametersView:116 -                Rank 2 : true
2024-09-11 16:32:28,930 [INFO] ADCParametersView:116 -                Rank 3 : true
2024-09-11 16:32:28,930 [INFO] ADCParametersView:116 -                Rank 4 : true
2024-09-11 16:32:28,930 [INFO] ADCParametersView:116 -                Rank 5 : true
2024-09-11 16:32:28,930 [INFO] ADCParametersView:116 -                Rank 6 : false
2024-09-11 16:32:28,930 [INFO] ADCParametersView:116 -                Rank 7 : false
2024-09-11 16:32:28,930 [INFO] ADCParametersView:116 -                Rank 8 : false
2024-09-11 16:32:28,930 [INFO] ADCParametersView:116 -                Rank 1 : true
2024-09-11 16:32:28,930 [INFO] ADCParametersView:116 -                Rank 2 : true
2024-09-11 16:32:28,930 [INFO] ADCParametersView:116 -                Rank 3 : true
2024-09-11 16:32:28,930 [INFO] ADCParametersView:116 -                Rank 4 : true
2024-09-11 16:32:28,930 [INFO] ADCParametersView:116 -                Rank 5 : true
2024-09-11 16:32:28,930 [INFO] ADCParametersView:116 -                Rank 6 : false
2024-09-11 16:32:28,930 [INFO] ADCParametersView:116 -                Rank 7 : false
2024-09-11 16:32:28,930 [INFO] ADCParametersView:116 -                Rank 8 : false
2024-09-11 16:32:28,931 [INFO] ADCParametersView:116 -                Rank 1 : true
2024-09-11 16:32:28,931 [INFO] ADCParametersView:116 -                Rank 2 : true
2024-09-11 16:32:28,931 [INFO] ADCParametersView:116 -                Rank 3 : true
2024-09-11 16:32:28,931 [INFO] ADCParametersView:116 -                Rank 4 : true
2024-09-11 16:32:28,931 [INFO] ADCParametersView:116 -                Rank 5 : true
2024-09-11 16:32:28,931 [INFO] ADCParametersView:116 -                Rank 6 : false
2024-09-11 16:32:28,931 [INFO] ADCParametersView:116 -                Rank 7 : false
2024-09-11 16:32:28,931 [INFO] ADCParametersView:116 -                Rank 8 : false
2024-09-11 16:32:28,931 [INFO] ADCParametersView:116 -                Rank 1 : true
2024-09-11 16:32:28,931 [INFO] ADCParametersView:116 -                Rank 2 : true
2024-09-11 16:32:28,931 [INFO] ADCParametersView:116 -                Rank 3 : true
2024-09-11 16:32:28,931 [INFO] ADCParametersView:116 -                Rank 4 : true
2024-09-11 16:32:28,931 [INFO] ADCParametersView:116 -                Rank 5 : true
2024-09-11 16:32:28,931 [INFO] ADCParametersView:116 -                Rank 6 : false
2024-09-11 16:32:28,931 [INFO] ADCParametersView:116 -                Rank 7 : false
2024-09-11 16:32:28,931 [INFO] ADCParametersView:116 -                Rank 8 : false
2024-09-11 16:32:28,931 [INFO] ADCParametersView:116 -                Rank 1 : true
2024-09-11 16:32:28,931 [INFO] ADCParametersView:116 -                Rank 2 : true
2024-09-11 16:32:28,931 [INFO] ADCParametersView:116 -                Rank 3 : true
2024-09-11 16:32:28,931 [INFO] ADCParametersView:116 -                Rank 4 : true
2024-09-11 16:32:28,931 [INFO] ADCParametersView:116 -                Rank 5 : true
2024-09-11 16:32:28,932 [INFO] ADCParametersView:116 -                Rank 6 : false
2024-09-11 16:32:28,932 [INFO] ADCParametersView:116 -                Rank 7 : false
2024-09-11 16:32:28,932 [INFO] ADCParametersView:116 -                Rank 8 : false
2024-09-11 16:32:28,932 [INFO] ADCParametersView:116 -                Rank 1 : true
2024-09-11 16:32:28,932 [INFO] ADCParametersView:116 -                Rank 2 : true
2024-09-11 16:32:28,932 [INFO] ADCParametersView:116 -                Rank 3 : true
2024-09-11 16:32:28,932 [INFO] ADCParametersView:116 -                Rank 4 : true
2024-09-11 16:32:28,932 [INFO] ADCParametersView:116 -                Rank 5 : true
2024-09-11 16:32:28,932 [INFO] ADCParametersView:116 -                Rank 6 : false
2024-09-11 16:32:28,932 [INFO] ADCParametersView:116 -                Rank 7 : false
2024-09-11 16:32:28,932 [INFO] ADCParametersView:116 -                Rank 8 : false
2024-09-11 16:32:28,932 [INFO] ADCParametersView:116 -                Rank 1 : true
2024-09-11 16:32:28,932 [INFO] ADCParametersView:116 -                Rank 2 : true
2024-09-11 16:32:28,932 [INFO] ADCParametersView:116 -                Rank 3 : true
2024-09-11 16:32:28,932 [INFO] ADCParametersView:116 -                Rank 4 : true
2024-09-11 16:32:28,932 [INFO] ADCParametersView:116 -                Rank 5 : true
2024-09-11 16:32:28,932 [INFO] ADCParametersView:116 -                Rank 6 : false
2024-09-11 16:32:28,932 [INFO] ADCParametersView:116 -                Rank 7 : false
2024-09-11 16:32:28,932 [INFO] ADCParametersView:116 -                Rank 8 : false
2024-09-11 16:32:28,932 [INFO] ADCParametersView:116 -                Rank 1 : true
2024-09-11 16:32:28,932 [INFO] ADCParametersView:116 -                Rank 2 : true
2024-09-11 16:32:28,932 [INFO] ADCParametersView:116 -                Rank 3 : true
2024-09-11 16:32:28,933 [INFO] ADCParametersView:116 -                Rank 4 : true
2024-09-11 16:32:28,933 [INFO] ADCParametersView:116 -                Rank 5 : true
2024-09-11 16:32:28,933 [INFO] ADCParametersView:116 -                Rank 6 : false
2024-09-11 16:32:28,933 [INFO] ADCParametersView:116 -                Rank 7 : false
2024-09-11 16:32:28,933 [INFO] ADCParametersView:116 -                Rank 8 : false
2024-09-11 16:32:28,933 [INFO] ADCParametersView:116 -                Rank 1 : true
2024-09-11 16:32:28,933 [INFO] ADCParametersView:116 -                Rank 2 : true
2024-09-11 16:32:28,933 [INFO] ADCParametersView:116 -                Rank 3 : true
2024-09-11 16:32:28,933 [INFO] ADCParametersView:116 -                Rank 4 : true
2024-09-11 16:32:28,933 [INFO] ADCParametersView:116 -                Rank 5 : true
2024-09-11 16:32:28,933 [INFO] ADCParametersView:116 -                Rank 6 : false
2024-09-11 16:32:28,933 [INFO] ADCParametersView:116 -                Rank 7 : false
2024-09-11 16:32:28,933 [INFO] ADCParametersView:116 -                Rank 8 : false
2024-09-11 16:32:28,933 [INFO] ADCParametersView:116 -                Rank 1 : true
2024-09-11 16:32:28,933 [INFO] ADCParametersView:116 -                Rank 2 : true
2024-09-11 16:32:28,933 [INFO] ADCParametersView:116 -                Rank 3 : true
2024-09-11 16:32:28,933 [INFO] ADCParametersView:116 -                Rank 4 : true
2024-09-11 16:32:28,933 [INFO] ADCParametersView:116 -                Rank 5 : true
2024-09-11 16:32:28,933 [INFO] ADCParametersView:116 -                Rank 6 : false
2024-09-11 16:32:28,933 [INFO] ADCParametersView:116 -                Rank 7 : false
2024-09-11 16:32:28,933 [INFO] ADCParametersView:116 -                Rank 8 : false
2024-09-11 16:32:28,933 [INFO] ADCParametersView:116 -                Rank 2 : true
2024-09-11 16:32:28,933 [INFO] ADCParametersView:116 -                Rank 3 : true
2024-09-11 16:32:28,934 [INFO] ADCParametersView:116 -                Rank 4 : true
2024-09-11 16:32:28,934 [INFO] ADCParametersView:116 -                Rank 5 : true
2024-09-11 16:32:28,934 [INFO] ADCParametersView:116 -                Rank 6 : false
2024-09-11 16:32:28,934 [INFO] ADCParametersView:116 -                Rank 7 : false
2024-09-11 16:32:28,934 [INFO] ADCParametersView:116 -                Rank 8 : false
2024-09-11 16:32:28,934 [INFO] ADCParametersView:116 -                Rank 3 : true
2024-09-11 16:32:28,934 [INFO] ADCParametersView:116 -                Rank 4 : true
2024-09-11 16:32:28,934 [INFO] ADCParametersView:116 -                Rank 5 : true
2024-09-11 16:32:28,934 [INFO] ADCParametersView:116 -                Rank 6 : false
2024-09-11 16:32:28,934 [INFO] ADCParametersView:116 -                Rank 7 : false
2024-09-11 16:32:28,934 [INFO] ADCParametersView:116 -                Rank 8 : false
2024-09-11 16:32:28,934 [INFO] ADCParametersView:116 -                Rank 4 : true
2024-09-11 16:32:28,934 [INFO] ADCParametersView:116 -                Rank 5 : true
2024-09-11 16:32:28,934 [INFO] ADCParametersView:116 -                Rank 6 : false
2024-09-11 16:32:28,934 [INFO] ADCParametersView:116 -                Rank 7 : false
2024-09-11 16:32:28,934 [INFO] ADCParametersView:116 -                Rank 8 : false
2024-09-11 16:32:28,934 [INFO] ADCParametersView:116 -                Rank 5 : true
2024-09-11 16:32:28,934 [INFO] ADCParametersView:116 -                Rank 6 : false
2024-09-11 16:32:28,934 [INFO] ADCParametersView:116 -                Rank 7 : false
2024-09-11 16:32:28,934 [INFO] ADCParametersView:116 -                Rank 8 : false
2024-09-11 16:32:28,934 [INFO] ADCParametersView:116 -                Rank 6 : false
2024-09-11 16:32:28,934 [INFO] ADCParametersView:116 -                Rank 7 : false
2024-09-11 16:32:28,934 [INFO] ADCParametersView:116 -                Rank 8 : false
2024-09-11 16:32:28,934 [INFO] ADCParametersView:116 -                Rank 7 : false
2024-09-11 16:32:28,934 [INFO] ADCParametersView:116 -                Rank 8 : false
2024-09-11 16:32:28,934 [INFO] ADCParametersView:116 -                Rank 8 : false
2024-09-11 16:32:28,979 [INFO] ADCParametersView:116 -                Rank 1 : true
2024-09-11 16:32:28,979 [INFO] ADCParametersView:116 -                Rank 1 : true
2024-09-11 16:32:28,979 [INFO] ADCParametersView:116 -                Rank 2 : true
2024-09-11 16:32:28,979 [INFO] ADCParametersView:116 -                Rank 1 : true
2024-09-11 16:32:28,979 [INFO] ADCParametersView:116 -                Rank 2 : true
2024-09-11 16:32:28,980 [INFO] ADCParametersView:116 -                Rank 3 : true
2024-09-11 16:32:28,980 [INFO] ADCParametersView:116 -                Rank 1 : true
2024-09-11 16:32:28,980 [INFO] ADCParametersView:116 -                Rank 2 : true
2024-09-11 16:32:28,980 [INFO] ADCParametersView:116 -                Rank 3 : true
2024-09-11 16:32:28,980 [INFO] ADCParametersView:116 -                Rank 4 : true
2024-09-11 16:32:28,980 [INFO] ADCParametersView:116 -                Rank 1 : true
2024-09-11 16:32:28,980 [INFO] ADCParametersView:116 -                Rank 2 : true
2024-09-11 16:32:28,980 [INFO] ADCParametersView:116 -                Rank 3 : true
2024-09-11 16:32:28,980 [INFO] ADCParametersView:116 -                Rank 4 : true
2024-09-11 16:32:28,980 [INFO] ADCParametersView:116 -                Rank 5 : true
2024-09-11 16:32:28,980 [INFO] ADCParametersView:116 -                Rank 1 : true
2024-09-11 16:32:28,980 [INFO] ADCParametersView:116 -                Rank 2 : true
2024-09-11 16:32:28,980 [INFO] ADCParametersView:116 -                Rank 3 : true
2024-09-11 16:32:28,980 [INFO] ADCParametersView:116 -                Rank 4 : true
2024-09-11 16:32:28,980 [INFO] ADCParametersView:116 -                Rank 5 : true
2024-09-11 16:32:28,981 [INFO] ADCParametersView:116 -                Rank 6 : false
2024-09-11 16:32:28,981 [INFO] ADCParametersView:116 -                Rank 1 : true
2024-09-11 16:32:28,981 [INFO] ADCParametersView:116 -                Rank 2 : true
2024-09-11 16:32:28,981 [INFO] ADCParametersView:116 -                Rank 3 : true
2024-09-11 16:32:28,981 [INFO] ADCParametersView:116 -                Rank 4 : true
2024-09-11 16:32:28,981 [INFO] ADCParametersView:116 -                Rank 5 : true
2024-09-11 16:32:28,981 [INFO] ADCParametersView:116 -                Rank 6 : false
2024-09-11 16:32:28,981 [INFO] ADCParametersView:116 -                Rank 7 : false
2024-09-11 16:32:28,981 [INFO] ADCParametersView:116 -                Rank 1 : true
2024-09-11 16:32:28,981 [INFO] ADCParametersView:116 -                Rank 2 : true
2024-09-11 16:32:28,981 [INFO] ADCParametersView:116 -                Rank 3 : true
2024-09-11 16:32:28,981 [INFO] ADCParametersView:116 -                Rank 4 : true
2024-09-11 16:32:28,981 [INFO] ADCParametersView:116 -                Rank 5 : true
2024-09-11 16:32:28,981 [INFO] ADCParametersView:116 -                Rank 6 : false
2024-09-11 16:32:28,981 [INFO] ADCParametersView:116 -                Rank 7 : false
2024-09-11 16:32:28,981 [INFO] ADCParametersView:116 -                Rank 8 : false
2024-09-11 16:32:30,461 [INFO] NvicIntPanel:101 - NVIC parent = com.st.microxplorer.plugins.ip.nvic.MultiNvicIntPanel[,0,0,0x0,invalid,layout=javax.swing.BoxLayout,alignmentX=0.0,alignmentY=0.0,border=,flags=9,maximumSize=,minimumSize=,preferredSize=]
2024-09-11 16:32:30,538 [INFO] ADCParametersView:116 -                Rank 1 : true
2024-09-11 16:32:30,538 [INFO] ADCParametersView:116 -                Rank 2 : true
2024-09-11 16:32:30,538 [INFO] ADCParametersView:116 -                Rank 3 : true
2024-09-11 16:32:30,538 [INFO] ADCParametersView:116 -                Rank 4 : true
2024-09-11 16:32:30,538 [INFO] ADCParametersView:116 -                Rank 5 : true
2024-09-11 16:32:30,538 [INFO] ADCParametersView:116 -                Rank 6 : false
2024-09-11 16:32:30,538 [INFO] ADCParametersView:116 -                Rank 7 : false
2024-09-11 16:32:30,538 [INFO] ADCParametersView:116 -                Rank 8 : false
2024-09-11 16:32:30,541 [INFO] ADCParametersView:116 -                Rank 1 : true
2024-09-11 16:32:30,541 [INFO] ADCParametersView:116 -                Rank 2 : true
2024-09-11 16:32:30,541 [INFO] ADCParametersView:116 -                Rank 3 : true
2024-09-11 16:32:30,541 [INFO] ADCParametersView:116 -                Rank 4 : true
2024-09-11 16:32:30,541 [INFO] ADCParametersView:116 -                Rank 5 : true
2024-09-11 16:32:30,541 [INFO] ADCParametersView:116 -                Rank 6 : false
2024-09-11 16:32:30,541 [INFO] ADCParametersView:116 -                Rank 7 : false
2024-09-11 16:32:30,541 [INFO] ADCParametersView:116 -                Rank 8 : false
2024-09-11 16:32:30,542 [INFO] ADCParametersView:116 -                Rank 1 : true
2024-09-11 16:32:30,542 [INFO] ADCParametersView:116 -                Rank 2 : true
2024-09-11 16:32:30,542 [INFO] ADCParametersView:116 -                Rank 3 : true
2024-09-11 16:32:30,542 [INFO] ADCParametersView:116 -                Rank 4 : true
2024-09-11 16:32:30,542 [INFO] ADCParametersView:116 -                Rank 5 : true
2024-09-11 16:32:30,542 [INFO] ADCParametersView:116 -                Rank 6 : false
2024-09-11 16:32:30,542 [INFO] ADCParametersView:116 -                Rank 7 : false
2024-09-11 16:32:30,542 [INFO] ADCParametersView:116 -                Rank 8 : false
2024-09-11 16:32:30,542 [INFO] ADCParametersView:116 -                Rank 1 : true
2024-09-11 16:32:30,542 [INFO] ADCParametersView:116 -                Rank 2 : true
2024-09-11 16:32:30,542 [INFO] ADCParametersView:116 -                Rank 3 : true
2024-09-11 16:32:30,542 [INFO] ADCParametersView:116 -                Rank 4 : true
2024-09-11 16:32:30,542 [INFO] ADCParametersView:116 -                Rank 5 : true
2024-09-11 16:32:30,542 [INFO] ADCParametersView:116 -                Rank 6 : false
2024-09-11 16:32:30,542 [INFO] ADCParametersView:116 -                Rank 7 : false
2024-09-11 16:32:30,542 [INFO] ADCParametersView:116 -                Rank 8 : false
2024-09-11 16:32:30,542 [INFO] ADCParametersView:116 -                Rank 1 : true
2024-09-11 16:32:30,542 [INFO] ADCParametersView:116 -                Rank 2 : true
2024-09-11 16:32:30,543 [INFO] ADCParametersView:116 -                Rank 3 : true
2024-09-11 16:32:30,543 [INFO] ADCParametersView:116 -                Rank 4 : true
2024-09-11 16:32:30,543 [INFO] ADCParametersView:116 -                Rank 5 : true
2024-09-11 16:32:30,543 [INFO] ADCParametersView:116 -                Rank 6 : false
2024-09-11 16:32:30,543 [INFO] ADCParametersView:116 -                Rank 7 : false
2024-09-11 16:32:30,543 [INFO] ADCParametersView:116 -                Rank 8 : false
2024-09-11 16:32:30,543 [INFO] ADCParametersView:116 -                Rank 1 : true
2024-09-11 16:32:30,543 [INFO] ADCParametersView:116 -                Rank 2 : true
2024-09-11 16:32:30,543 [INFO] ADCParametersView:116 -                Rank 3 : true
2024-09-11 16:32:30,543 [INFO] ADCParametersView:116 -                Rank 4 : true
2024-09-11 16:32:30,543 [INFO] ADCParametersView:116 -                Rank 5 : true
2024-09-11 16:32:30,543 [INFO] ADCParametersView:116 -                Rank 6 : false
2024-09-11 16:32:30,543 [INFO] ADCParametersView:116 -                Rank 7 : false
2024-09-11 16:32:30,543 [INFO] ADCParametersView:116 -                Rank 8 : false
2024-09-11 16:32:30,543 [INFO] ADCParametersView:116 -                Rank 1 : true
2024-09-11 16:32:30,543 [INFO] ADCParametersView:116 -                Rank 2 : true
2024-09-11 16:32:30,543 [INFO] ADCParametersView:116 -                Rank 3 : true
2024-09-11 16:32:30,543 [INFO] ADCParametersView:116 -                Rank 4 : true
2024-09-11 16:32:30,543 [INFO] ADCParametersView:116 -                Rank 5 : true
2024-09-11 16:32:30,543 [INFO] ADCParametersView:116 -                Rank 6 : false
2024-09-11 16:32:30,543 [INFO] ADCParametersView:116 -                Rank 7 : false
2024-09-11 16:32:30,543 [INFO] ADCParametersView:116 -                Rank 8 : false
2024-09-11 16:32:30,544 [INFO] ADCParametersView:116 -                Rank 1 : true
2024-09-11 16:32:30,544 [INFO] ADCParametersView:116 -                Rank 2 : true
2024-09-11 16:32:30,544 [INFO] ADCParametersView:116 -                Rank 3 : true
2024-09-11 16:32:30,544 [INFO] ADCParametersView:116 -                Rank 4 : true
2024-09-11 16:32:30,544 [INFO] ADCParametersView:116 -                Rank 5 : true
2024-09-11 16:32:30,544 [INFO] ADCParametersView:116 -                Rank 6 : false
2024-09-11 16:32:30,544 [INFO] ADCParametersView:116 -                Rank 7 : false
2024-09-11 16:32:30,544 [INFO] ADCParametersView:116 -                Rank 8 : false
2024-09-11 16:32:30,544 [INFO] ADCParametersView:116 -                Rank 1 : true
2024-09-11 16:32:30,544 [INFO] ADCParametersView:116 -                Rank 2 : true
2024-09-11 16:32:30,544 [INFO] ADCParametersView:116 -                Rank 3 : true
2024-09-11 16:32:30,544 [INFO] ADCParametersView:116 -                Rank 4 : true
2024-09-11 16:32:30,544 [INFO] ADCParametersView:116 -                Rank 5 : true
2024-09-11 16:32:30,544 [INFO] ADCParametersView:116 -                Rank 6 : false
2024-09-11 16:32:30,544 [INFO] ADCParametersView:116 -                Rank 7 : false
2024-09-11 16:32:30,544 [INFO] ADCParametersView:116 -                Rank 8 : false
2024-09-11 16:32:30,544 [INFO] ADCParametersView:116 -                Rank 1 : true
2024-09-11 16:32:30,544 [INFO] ADCParametersView:116 -                Rank 2 : true
2024-09-11 16:32:30,544 [INFO] ADCParametersView:116 -                Rank 3 : true
2024-09-11 16:32:30,544 [INFO] ADCParametersView:116 -                Rank 4 : true
2024-09-11 16:32:30,544 [INFO] ADCParametersView:116 -                Rank 5 : true
2024-09-11 16:32:30,544 [INFO] ADCParametersView:116 -                Rank 6 : false
2024-09-11 16:32:30,544 [INFO] ADCParametersView:116 -                Rank 7 : false
2024-09-11 16:32:30,544 [INFO] ADCParametersView:116 -                Rank 8 : false
2024-09-11 16:32:30,544 [INFO] ADCParametersView:116 -                Rank 1 : true
2024-09-11 16:32:30,545 [INFO] ADCParametersView:116 -                Rank 2 : true
2024-09-11 16:32:30,545 [INFO] ADCParametersView:116 -                Rank 3 : true
2024-09-11 16:32:30,545 [INFO] ADCParametersView:116 -                Rank 4 : true
2024-09-11 16:32:30,545 [INFO] ADCParametersView:116 -                Rank 5 : true
2024-09-11 16:32:30,545 [INFO] ADCParametersView:116 -                Rank 6 : false
2024-09-11 16:32:30,545 [INFO] ADCParametersView:116 -                Rank 7 : false
2024-09-11 16:32:30,545 [INFO] ADCParametersView:116 -                Rank 8 : false
2024-09-11 16:32:30,545 [INFO] ADCParametersView:116 -                Rank 1 : true
2024-09-11 16:32:30,545 [INFO] ADCParametersView:116 -                Rank 2 : true
2024-09-11 16:32:30,545 [INFO] ADCParametersView:116 -                Rank 3 : true
2024-09-11 16:32:30,545 [INFO] ADCParametersView:116 -                Rank 4 : true
2024-09-11 16:32:30,545 [INFO] ADCParametersView:116 -                Rank 5 : true
2024-09-11 16:32:30,545 [INFO] ADCParametersView:116 -                Rank 6 : false
2024-09-11 16:32:30,545 [INFO] ADCParametersView:116 -                Rank 7 : false
2024-09-11 16:32:30,545 [INFO] ADCParametersView:116 -                Rank 8 : false
2024-09-11 16:32:30,545 [INFO] ADCParametersView:116 -                Rank 1 : true
2024-09-11 16:32:30,545 [INFO] ADCParametersView:116 -                Rank 2 : true
2024-09-11 16:32:30,545 [INFO] ADCParametersView:116 -                Rank 3 : true
2024-09-11 16:32:30,545 [INFO] ADCParametersView:116 -                Rank 4 : true
2024-09-11 16:32:30,545 [INFO] ADCParametersView:116 -                Rank 5 : true
2024-09-11 16:32:30,545 [INFO] ADCParametersView:116 -                Rank 6 : false
2024-09-11 16:32:30,545 [INFO] ADCParametersView:116 -                Rank 7 : false
2024-09-11 16:32:30,545 [INFO] ADCParametersView:116 -                Rank 8 : false
2024-09-11 16:32:30,545 [INFO] ADCParametersView:116 -                Rank 1 : true
2024-09-11 16:32:30,545 [INFO] ADCParametersView:116 -                Rank 2 : true
2024-09-11 16:32:30,545 [INFO] ADCParametersView:116 -                Rank 3 : true
2024-09-11 16:32:30,545 [INFO] ADCParametersView:116 -                Rank 4 : true
2024-09-11 16:32:30,545 [INFO] ADCParametersView:116 -                Rank 5 : true
2024-09-11 16:32:30,546 [INFO] ADCParametersView:116 -                Rank 6 : false
2024-09-11 16:32:30,546 [INFO] ADCParametersView:116 -                Rank 7 : false
2024-09-11 16:32:30,546 [INFO] ADCParametersView:116 -                Rank 8 : false
2024-09-11 16:32:30,546 [INFO] ADCParametersView:116 -                Rank 2 : true
2024-09-11 16:32:30,546 [INFO] ADCParametersView:116 -                Rank 3 : true
2024-09-11 16:32:30,546 [INFO] ADCParametersView:116 -                Rank 4 : true
2024-09-11 16:32:30,546 [INFO] ADCParametersView:116 -                Rank 5 : true
2024-09-11 16:32:30,546 [INFO] ADCParametersView:116 -                Rank 6 : false
2024-09-11 16:32:30,546 [INFO] ADCParametersView:116 -                Rank 7 : false
2024-09-11 16:32:30,546 [INFO] ADCParametersView:116 -                Rank 8 : false
2024-09-11 16:32:30,546 [INFO] ADCParametersView:116 -                Rank 3 : true
2024-09-11 16:32:30,546 [INFO] ADCParametersView:116 -                Rank 4 : true
2024-09-11 16:32:30,546 [INFO] ADCParametersView:116 -                Rank 5 : true
2024-09-11 16:32:30,546 [INFO] ADCParametersView:116 -                Rank 6 : false
2024-09-11 16:32:30,546 [INFO] ADCParametersView:116 -                Rank 7 : false
2024-09-11 16:32:30,546 [INFO] ADCParametersView:116 -                Rank 8 : false
2024-09-11 16:32:30,546 [INFO] ADCParametersView:116 -                Rank 4 : true
2024-09-11 16:32:30,546 [INFO] ADCParametersView:116 -                Rank 5 : true
2024-09-11 16:32:30,546 [INFO] ADCParametersView:116 -                Rank 6 : false
2024-09-11 16:32:30,546 [INFO] ADCParametersView:116 -                Rank 7 : false
2024-09-11 16:32:30,546 [INFO] ADCParametersView:116 -                Rank 8 : false
2024-09-11 16:32:30,546 [INFO] ADCParametersView:116 -                Rank 5 : true
2024-09-11 16:32:30,546 [INFO] ADCParametersView:116 -                Rank 6 : false
2024-09-11 16:32:30,546 [INFO] ADCParametersView:116 -                Rank 7 : false
2024-09-11 16:32:30,546 [INFO] ADCParametersView:116 -                Rank 8 : false
2024-09-11 16:32:30,546 [INFO] ADCParametersView:116 -                Rank 6 : false
2024-09-11 16:32:30,546 [INFO] ADCParametersView:116 -                Rank 7 : false
2024-09-11 16:32:30,546 [INFO] ADCParametersView:116 -                Rank 8 : false
2024-09-11 16:32:30,547 [INFO] ADCParametersView:116 -                Rank 7 : false
2024-09-11 16:32:30,547 [INFO] ADCParametersView:116 -                Rank 8 : false
2024-09-11 16:32:30,547 [INFO] ADCParametersView:116 -                Rank 8 : false
2024-09-11 16:32:30,591 [INFO] ADCParametersView:116 -                Rank 1 : true
2024-09-11 16:32:30,591 [INFO] ADCParametersView:116 -                Rank 1 : true
2024-09-11 16:32:30,591 [INFO] ADCParametersView:116 -                Rank 2 : true
2024-09-11 16:32:30,591 [INFO] ADCParametersView:116 -                Rank 1 : true
2024-09-11 16:32:30,591 [INFO] ADCParametersView:116 -                Rank 2 : true
2024-09-11 16:32:30,591 [INFO] ADCParametersView:116 -                Rank 3 : true
2024-09-11 16:32:30,592 [INFO] ADCParametersView:116 -                Rank 1 : true
2024-09-11 16:32:30,592 [INFO] ADCParametersView:116 -                Rank 2 : true
2024-09-11 16:32:30,592 [INFO] ADCParametersView:116 -                Rank 3 : true
2024-09-11 16:32:30,592 [INFO] ADCParametersView:116 -                Rank 4 : true
2024-09-11 16:32:30,592 [INFO] ADCParametersView:116 -                Rank 1 : true
2024-09-11 16:32:30,592 [INFO] ADCParametersView:116 -                Rank 2 : true
2024-09-11 16:32:30,592 [INFO] ADCParametersView:116 -                Rank 3 : true
2024-09-11 16:32:30,592 [INFO] ADCParametersView:116 -                Rank 4 : true
2024-09-11 16:32:30,592 [INFO] ADCParametersView:116 -                Rank 5 : true
2024-09-11 16:32:30,592 [INFO] ADCParametersView:116 -                Rank 1 : true
2024-09-11 16:32:30,592 [INFO] ADCParametersView:116 -                Rank 2 : true
2024-09-11 16:32:30,592 [INFO] ADCParametersView:116 -                Rank 3 : true
2024-09-11 16:32:30,592 [INFO] ADCParametersView:116 -                Rank 4 : true
2024-09-11 16:32:30,592 [INFO] ADCParametersView:116 -                Rank 5 : true
2024-09-11 16:32:30,592 [INFO] ADCParametersView:116 -                Rank 6 : false
2024-09-11 16:32:30,593 [INFO] ADCParametersView:116 -                Rank 1 : true
2024-09-11 16:32:30,593 [INFO] ADCParametersView:116 -                Rank 2 : true
2024-09-11 16:32:30,593 [INFO] ADCParametersView:116 -                Rank 3 : true
2024-09-11 16:32:30,593 [INFO] ADCParametersView:116 -                Rank 4 : true
2024-09-11 16:32:30,593 [INFO] ADCParametersView:116 -                Rank 5 : true
2024-09-11 16:32:30,593 [INFO] ADCParametersView:116 -                Rank 6 : false
2024-09-11 16:32:30,593 [INFO] ADCParametersView:116 -                Rank 7 : false
2024-09-11 16:32:30,593 [INFO] ADCParametersView:116 -                Rank 1 : true
2024-09-11 16:32:30,594 [INFO] ADCParametersView:116 -                Rank 2 : true
2024-09-11 16:32:30,594 [INFO] ADCParametersView:116 -                Rank 3 : true
2024-09-11 16:32:30,594 [INFO] ADCParametersView:116 -                Rank 4 : true
2024-09-11 16:32:30,594 [INFO] ADCParametersView:116 -                Rank 5 : true
2024-09-11 16:32:30,594 [INFO] ADCParametersView:116 -                Rank 6 : false
2024-09-11 16:32:30,594 [INFO] ADCParametersView:116 -                Rank 7 : false
2024-09-11 16:32:30,594 [INFO] ADCParametersView:116 -                Rank 8 : false
2024-09-11 16:32:32,421 [INFO] ADCParametersView:116 -                Rank 1 : true
2024-09-11 16:32:32,421 [INFO] ADCParametersView:116 -                Rank 2 : true
2024-09-11 16:32:32,421 [INFO] ADCParametersView:116 -                Rank 3 : true
2024-09-11 16:32:32,421 [INFO] ADCParametersView:116 -                Rank 4 : true
2024-09-11 16:32:32,421 [INFO] ADCParametersView:116 -                Rank 5 : true
2024-09-11 16:32:32,421 [INFO] ADCParametersView:116 -                Rank 6 : true
2024-09-11 16:32:32,421 [INFO] ADCParametersView:116 -                Rank 7 : false
2024-09-11 16:32:32,421 [INFO] ADCParametersView:116 -                Rank 8 : false
2024-09-11 16:32:35,856 [INFO] NvicIntPanel:101 - NVIC parent = com.st.microxplorer.plugins.ip.nvic.MultiNvicIntPanel[,0,0,0x0,invalid,layout=javax.swing.BoxLayout,alignmentX=0.0,alignmentY=0.0,border=,flags=9,maximumSize=,minimumSize=,preferredSize=]
2024-09-11 16:32:35,896 [INFO] ADCParametersView:116 -                Rank 1 : true
2024-09-11 16:32:35,896 [INFO] ADCParametersView:116 -                Rank 2 : true
2024-09-11 16:32:35,896 [INFO] ADCParametersView:116 -                Rank 3 : true
2024-09-11 16:32:35,896 [INFO] ADCParametersView:116 -                Rank 4 : true
2024-09-11 16:32:35,896 [INFO] ADCParametersView:116 -                Rank 5 : true
2024-09-11 16:32:35,896 [INFO] ADCParametersView:116 -                Rank 6 : true
2024-09-11 16:32:35,896 [INFO] ADCParametersView:116 -                Rank 7 : false
2024-09-11 16:32:35,896 [INFO] ADCParametersView:116 -                Rank 8 : false
2024-09-11 16:32:35,897 [INFO] ADCParametersView:116 -                Rank 1 : true
2024-09-11 16:32:35,897 [INFO] ADCParametersView:116 -                Rank 2 : true
2024-09-11 16:32:35,897 [INFO] ADCParametersView:116 -                Rank 3 : true
2024-09-11 16:32:35,897 [INFO] ADCParametersView:116 -                Rank 4 : true
2024-09-11 16:32:35,897 [INFO] ADCParametersView:116 -                Rank 5 : true
2024-09-11 16:32:35,897 [INFO] ADCParametersView:116 -                Rank 6 : true
2024-09-11 16:32:35,897 [INFO] ADCParametersView:116 -                Rank 7 : false
2024-09-11 16:32:35,897 [INFO] ADCParametersView:116 -                Rank 8 : false
2024-09-11 16:32:35,897 [INFO] ADCParametersView:116 -                Rank 1 : true
2024-09-11 16:32:35,897 [INFO] ADCParametersView:116 -                Rank 2 : true
2024-09-11 16:32:35,897 [INFO] ADCParametersView:116 -                Rank 3 : true
2024-09-11 16:32:35,898 [INFO] ADCParametersView:116 -                Rank 4 : true
2024-09-11 16:32:35,898 [INFO] ADCParametersView:116 -                Rank 5 : true
2024-09-11 16:32:35,898 [INFO] ADCParametersView:116 -                Rank 6 : true
2024-09-11 16:32:35,898 [INFO] ADCParametersView:116 -                Rank 7 : false
2024-09-11 16:32:35,898 [INFO] ADCParametersView:116 -                Rank 8 : false
2024-09-11 16:32:35,898 [INFO] ADCParametersView:116 -                Rank 1 : true
2024-09-11 16:32:35,898 [INFO] ADCParametersView:116 -                Rank 2 : true
2024-09-11 16:32:35,898 [INFO] ADCParametersView:116 -                Rank 3 : true
2024-09-11 16:32:35,898 [INFO] ADCParametersView:116 -                Rank 4 : true
2024-09-11 16:32:35,898 [INFO] ADCParametersView:116 -                Rank 5 : true
2024-09-11 16:32:35,898 [INFO] ADCParametersView:116 -                Rank 6 : true
2024-09-11 16:32:35,898 [INFO] ADCParametersView:116 -                Rank 7 : false
2024-09-11 16:32:35,898 [INFO] ADCParametersView:116 -                Rank 8 : false
2024-09-11 16:32:35,898 [INFO] ADCParametersView:116 -                Rank 1 : true
2024-09-11 16:32:35,898 [INFO] ADCParametersView:116 -                Rank 2 : true
2024-09-11 16:32:35,898 [INFO] ADCParametersView:116 -                Rank 3 : true
2024-09-11 16:32:35,898 [INFO] ADCParametersView:116 -                Rank 4 : true
2024-09-11 16:32:35,898 [INFO] ADCParametersView:116 -                Rank 5 : true
2024-09-11 16:32:35,898 [INFO] ADCParametersView:116 -                Rank 6 : true
2024-09-11 16:32:35,898 [INFO] ADCParametersView:116 -                Rank 7 : false
2024-09-11 16:32:35,898 [INFO] ADCParametersView:116 -                Rank 8 : false
2024-09-11 16:32:35,899 [INFO] ADCParametersView:116 -                Rank 1 : true
2024-09-11 16:32:35,899 [INFO] ADCParametersView:116 -                Rank 2 : true
2024-09-11 16:32:35,899 [INFO] ADCParametersView:116 -                Rank 3 : true
2024-09-11 16:32:35,899 [INFO] ADCParametersView:116 -                Rank 4 : true
2024-09-11 16:32:35,899 [INFO] ADCParametersView:116 -                Rank 5 : true
2024-09-11 16:32:35,899 [INFO] ADCParametersView:116 -                Rank 6 : true
2024-09-11 16:32:35,899 [INFO] ADCParametersView:116 -                Rank 7 : false
2024-09-11 16:32:35,899 [INFO] ADCParametersView:116 -                Rank 8 : false
2024-09-11 16:32:35,899 [INFO] ADCParametersView:116 -                Rank 1 : true
2024-09-11 16:32:35,899 [INFO] ADCParametersView:116 -                Rank 2 : true
2024-09-11 16:32:35,899 [INFO] ADCParametersView:116 -                Rank 3 : true
2024-09-11 16:32:35,899 [INFO] ADCParametersView:116 -                Rank 4 : true
2024-09-11 16:32:35,899 [INFO] ADCParametersView:116 -                Rank 5 : true
2024-09-11 16:32:35,899 [INFO] ADCParametersView:116 -                Rank 6 : true
2024-09-11 16:32:35,899 [INFO] ADCParametersView:116 -                Rank 7 : false
2024-09-11 16:32:35,899 [INFO] ADCParametersView:116 -                Rank 8 : false
2024-09-11 16:32:35,899 [INFO] ADCParametersView:116 -                Rank 1 : true
2024-09-11 16:32:35,899 [INFO] ADCParametersView:116 -                Rank 2 : true
2024-09-11 16:32:35,899 [INFO] ADCParametersView:116 -                Rank 3 : true
2024-09-11 16:32:35,899 [INFO] ADCParametersView:116 -                Rank 4 : true
2024-09-11 16:32:35,899 [INFO] ADCParametersView:116 -                Rank 5 : true
2024-09-11 16:32:35,899 [INFO] ADCParametersView:116 -                Rank 6 : true
2024-09-11 16:32:35,900 [INFO] ADCParametersView:116 -                Rank 7 : false
2024-09-11 16:32:35,900 [INFO] ADCParametersView:116 -                Rank 8 : false
2024-09-11 16:32:35,900 [INFO] ADCParametersView:116 -                Rank 1 : true
2024-09-11 16:32:35,900 [INFO] ADCParametersView:116 -                Rank 2 : true
2024-09-11 16:32:35,900 [INFO] ADCParametersView:116 -                Rank 3 : true
2024-09-11 16:32:35,900 [INFO] ADCParametersView:116 -                Rank 4 : true
2024-09-11 16:32:35,900 [INFO] ADCParametersView:116 -                Rank 5 : true
2024-09-11 16:32:35,900 [INFO] ADCParametersView:116 -                Rank 6 : true
2024-09-11 16:32:35,900 [INFO] ADCParametersView:116 -                Rank 7 : false
2024-09-11 16:32:35,900 [INFO] ADCParametersView:116 -                Rank 8 : false
2024-09-11 16:32:35,900 [INFO] ADCParametersView:116 -                Rank 1 : true
2024-09-11 16:32:35,900 [INFO] ADCParametersView:116 -                Rank 2 : true
2024-09-11 16:32:35,900 [INFO] ADCParametersView:116 -                Rank 3 : true
2024-09-11 16:32:35,900 [INFO] ADCParametersView:116 -                Rank 4 : true
2024-09-11 16:32:35,900 [INFO] ADCParametersView:116 -                Rank 5 : true
2024-09-11 16:32:35,900 [INFO] ADCParametersView:116 -                Rank 6 : true
2024-09-11 16:32:35,900 [INFO] ADCParametersView:116 -                Rank 7 : false
2024-09-11 16:32:35,900 [INFO] ADCParametersView:116 -                Rank 8 : false
2024-09-11 16:32:35,900 [INFO] ADCParametersView:116 -                Rank 1 : true
2024-09-11 16:32:35,900 [INFO] ADCParametersView:116 -                Rank 2 : true
2024-09-11 16:32:35,900 [INFO] ADCParametersView:116 -                Rank 3 : true
2024-09-11 16:32:35,900 [INFO] ADCParametersView:116 -                Rank 4 : true
2024-09-11 16:32:35,900 [INFO] ADCParametersView:116 -                Rank 5 : true
2024-09-11 16:32:35,901 [INFO] ADCParametersView:116 -                Rank 6 : true
2024-09-11 16:32:35,901 [INFO] ADCParametersView:116 -                Rank 7 : false
2024-09-11 16:32:35,901 [INFO] ADCParametersView:116 -                Rank 8 : false
2024-09-11 16:32:35,901 [INFO] ADCParametersView:116 -                Rank 1 : true
2024-09-11 16:32:35,901 [INFO] ADCParametersView:116 -                Rank 2 : true
2024-09-11 16:32:35,901 [INFO] ADCParametersView:116 -                Rank 3 : true
2024-09-11 16:32:35,901 [INFO] ADCParametersView:116 -                Rank 4 : true
2024-09-11 16:32:35,901 [INFO] ADCParametersView:116 -                Rank 5 : true
2024-09-11 16:32:35,901 [INFO] ADCParametersView:116 -                Rank 6 : true
2024-09-11 16:32:35,901 [INFO] ADCParametersView:116 -                Rank 7 : false
2024-09-11 16:32:35,901 [INFO] ADCParametersView:116 -                Rank 8 : false
2024-09-11 16:32:35,901 [INFO] ADCParametersView:116 -                Rank 1 : true
2024-09-11 16:32:35,901 [INFO] ADCParametersView:116 -                Rank 2 : true
2024-09-11 16:32:35,901 [INFO] ADCParametersView:116 -                Rank 3 : true
2024-09-11 16:32:35,901 [INFO] ADCParametersView:116 -                Rank 4 : true
2024-09-11 16:32:35,901 [INFO] ADCParametersView:116 -                Rank 5 : true
2024-09-11 16:32:35,901 [INFO] ADCParametersView:116 -                Rank 6 : true
2024-09-11 16:32:35,901 [INFO] ADCParametersView:116 -                Rank 7 : false
2024-09-11 16:32:35,901 [INFO] ADCParametersView:116 -                Rank 8 : false
2024-09-11 16:32:35,901 [INFO] ADCParametersView:116 -                Rank 1 : true
2024-09-11 16:32:35,901 [INFO] ADCParametersView:116 -                Rank 2 : true
2024-09-11 16:32:35,901 [INFO] ADCParametersView:116 -                Rank 3 : true
2024-09-11 16:32:35,901 [INFO] ADCParametersView:116 -                Rank 4 : true
2024-09-11 16:32:35,901 [INFO] ADCParametersView:116 -                Rank 5 : true
2024-09-11 16:32:35,901 [INFO] ADCParametersView:116 -                Rank 6 : true
2024-09-11 16:32:35,901 [INFO] ADCParametersView:116 -                Rank 7 : false
2024-09-11 16:32:35,902 [INFO] ADCParametersView:116 -                Rank 8 : false
2024-09-11 16:32:35,902 [INFO] ADCParametersView:116 -                Rank 2 : true
2024-09-11 16:32:35,902 [INFO] ADCParametersView:116 -                Rank 3 : true
2024-09-11 16:32:35,902 [INFO] ADCParametersView:116 -                Rank 4 : true
2024-09-11 16:32:35,902 [INFO] ADCParametersView:116 -                Rank 5 : true
2024-09-11 16:32:35,902 [INFO] ADCParametersView:116 -                Rank 6 : true
2024-09-11 16:32:35,902 [INFO] ADCParametersView:116 -                Rank 7 : false
2024-09-11 16:32:35,902 [INFO] ADCParametersView:116 -                Rank 8 : false
2024-09-11 16:32:35,902 [INFO] ADCParametersView:116 -                Rank 3 : true
2024-09-11 16:32:35,902 [INFO] ADCParametersView:116 -                Rank 4 : true
2024-09-11 16:32:35,902 [INFO] ADCParametersView:116 -                Rank 5 : true
2024-09-11 16:32:35,902 [INFO] ADCParametersView:116 -                Rank 6 : true
2024-09-11 16:32:35,902 [INFO] ADCParametersView:116 -                Rank 7 : false
2024-09-11 16:32:35,902 [INFO] ADCParametersView:116 -                Rank 8 : false
2024-09-11 16:32:35,902 [INFO] ADCParametersView:116 -                Rank 4 : true
2024-09-11 16:32:35,902 [INFO] ADCParametersView:116 -                Rank 5 : true
2024-09-11 16:32:35,902 [INFO] ADCParametersView:116 -                Rank 6 : true
2024-09-11 16:32:35,902 [INFO] ADCParametersView:116 -                Rank 7 : false
2024-09-11 16:32:35,902 [INFO] ADCParametersView:116 -                Rank 8 : false
2024-09-11 16:32:35,902 [INFO] ADCParametersView:116 -                Rank 5 : true
2024-09-11 16:32:35,902 [INFO] ADCParametersView:116 -                Rank 6 : true
2024-09-11 16:32:35,902 [INFO] ADCParametersView:116 -                Rank 7 : false
2024-09-11 16:32:35,902 [INFO] ADCParametersView:116 -                Rank 8 : false
2024-09-11 16:32:35,902 [INFO] ADCParametersView:116 -                Rank 6 : true
2024-09-11 16:32:35,902 [INFO] ADCParametersView:116 -                Rank 7 : false
2024-09-11 16:32:35,902 [INFO] ADCParametersView:116 -                Rank 8 : false
2024-09-11 16:32:35,902 [INFO] ADCParametersView:116 -                Rank 7 : false
2024-09-11 16:32:35,903 [INFO] ADCParametersView:116 -                Rank 8 : false
2024-09-11 16:32:35,903 [INFO] ADCParametersView:116 -                Rank 8 : false
2024-09-11 16:32:35,937 [INFO] ADCParametersView:116 -                Rank 1 : true
2024-09-11 16:32:35,938 [INFO] ADCParametersView:116 -                Rank 1 : true
2024-09-11 16:32:35,938 [INFO] ADCParametersView:116 -                Rank 2 : true
2024-09-11 16:32:35,938 [INFO] ADCParametersView:116 -                Rank 1 : true
2024-09-11 16:32:35,938 [INFO] ADCParametersView:116 -                Rank 2 : true
2024-09-11 16:32:35,938 [INFO] ADCParametersView:116 -                Rank 3 : true
2024-09-11 16:32:35,939 [INFO] ADCParametersView:116 -                Rank 1 : true
2024-09-11 16:32:35,939 [INFO] ADCParametersView:116 -                Rank 2 : true
2024-09-11 16:32:35,939 [INFO] ADCParametersView:116 -                Rank 3 : true
2024-09-11 16:32:35,939 [INFO] ADCParametersView:116 -                Rank 4 : true
2024-09-11 16:32:35,939 [INFO] ADCParametersView:116 -                Rank 1 : true
2024-09-11 16:32:35,939 [INFO] ADCParametersView:116 -                Rank 2 : true
2024-09-11 16:32:35,939 [INFO] ADCParametersView:116 -                Rank 3 : true
2024-09-11 16:32:35,939 [INFO] ADCParametersView:116 -                Rank 4 : true
2024-09-11 16:32:35,939 [INFO] ADCParametersView:116 -                Rank 5 : true
2024-09-11 16:32:35,939 [INFO] ADCParametersView:116 -                Rank 1 : true
2024-09-11 16:32:35,939 [INFO] ADCParametersView:116 -                Rank 2 : true
2024-09-11 16:32:35,939 [INFO] ADCParametersView:116 -                Rank 3 : true
2024-09-11 16:32:35,939 [INFO] ADCParametersView:116 -                Rank 4 : true
2024-09-11 16:32:35,939 [INFO] ADCParametersView:116 -                Rank 5 : true
2024-09-11 16:32:35,939 [INFO] ADCParametersView:116 -                Rank 6 : true
2024-09-11 16:32:35,940 [INFO] ADCParametersView:116 -                Rank 1 : true
2024-09-11 16:32:35,940 [INFO] ADCParametersView:116 -                Rank 2 : true
2024-09-11 16:32:35,940 [INFO] ADCParametersView:116 -                Rank 3 : true
2024-09-11 16:32:35,940 [INFO] ADCParametersView:116 -                Rank 4 : true
2024-09-11 16:32:35,940 [INFO] ADCParametersView:116 -                Rank 5 : true
2024-09-11 16:32:35,940 [INFO] ADCParametersView:116 -                Rank 6 : true
2024-09-11 16:32:35,940 [INFO] ADCParametersView:116 -                Rank 7 : false
2024-09-11 16:32:35,940 [INFO] ADCParametersView:116 -                Rank 1 : true
2024-09-11 16:32:35,940 [INFO] ADCParametersView:116 -                Rank 2 : true
2024-09-11 16:32:35,940 [INFO] ADCParametersView:116 -                Rank 3 : true
2024-09-11 16:32:35,940 [INFO] ADCParametersView:116 -                Rank 4 : true
2024-09-11 16:32:35,940 [INFO] ADCParametersView:116 -                Rank 5 : true
2024-09-11 16:32:35,940 [INFO] ADCParametersView:116 -                Rank 6 : true
2024-09-11 16:32:35,940 [INFO] ADCParametersView:116 -                Rank 7 : false
2024-09-11 16:32:35,940 [INFO] ADCParametersView:116 -                Rank 8 : false
2024-09-11 16:32:39,191 [INFO] NvicIntPanel:101 - NVIC parent = com.st.microxplorer.plugins.ip.nvic.MultiNvicIntPanel[,0,0,0x0,invalid,layout=javax.swing.BoxLayout,alignmentX=0.0,alignmentY=0.0,border=,flags=9,maximumSize=,minimumSize=,preferredSize=]
2024-09-11 16:32:39,241 [INFO] ADCParametersView:116 -                Rank 1 : true
2024-09-11 16:32:39,241 [INFO] ADCParametersView:116 -                Rank 2 : true
2024-09-11 16:32:39,241 [INFO] ADCParametersView:116 -                Rank 3 : true
2024-09-11 16:32:39,241 [INFO] ADCParametersView:116 -                Rank 4 : true
2024-09-11 16:32:39,241 [INFO] ADCParametersView:116 -                Rank 5 : true
2024-09-11 16:32:39,241 [INFO] ADCParametersView:116 -                Rank 6 : true
2024-09-11 16:32:39,241 [INFO] ADCParametersView:116 -                Rank 7 : false
2024-09-11 16:32:39,241 [INFO] ADCParametersView:116 -                Rank 8 : false
2024-09-11 16:32:39,242 [INFO] ADCParametersView:116 -                Rank 1 : true
2024-09-11 16:32:39,242 [INFO] ADCParametersView:116 -                Rank 2 : true
2024-09-11 16:32:39,242 [INFO] ADCParametersView:116 -                Rank 3 : true
2024-09-11 16:32:39,242 [INFO] ADCParametersView:116 -                Rank 4 : true
2024-09-11 16:32:39,243 [INFO] ADCParametersView:116 -                Rank 5 : true
2024-09-11 16:32:39,243 [INFO] ADCParametersView:116 -                Rank 6 : true
2024-09-11 16:32:39,243 [INFO] ADCParametersView:116 -                Rank 7 : false
2024-09-11 16:32:39,243 [INFO] ADCParametersView:116 -                Rank 8 : false
2024-09-11 16:32:39,243 [INFO] ADCParametersView:116 -                Rank 1 : true
2024-09-11 16:32:39,243 [INFO] ADCParametersView:116 -                Rank 2 : true
2024-09-11 16:32:39,243 [INFO] ADCParametersView:116 -                Rank 3 : true
2024-09-11 16:32:39,243 [INFO] ADCParametersView:116 -                Rank 4 : true
2024-09-11 16:32:39,243 [INFO] ADCParametersView:116 -                Rank 5 : true
2024-09-11 16:32:39,243 [INFO] ADCParametersView:116 -                Rank 6 : true
2024-09-11 16:32:39,243 [INFO] ADCParametersView:116 -                Rank 7 : false
2024-09-11 16:32:39,243 [INFO] ADCParametersView:116 -                Rank 8 : false
2024-09-11 16:32:39,243 [INFO] ADCParametersView:116 -                Rank 1 : true
2024-09-11 16:32:39,243 [INFO] ADCParametersView:116 -                Rank 2 : true
2024-09-11 16:32:39,243 [INFO] ADCParametersView:116 -                Rank 3 : true
2024-09-11 16:32:39,243 [INFO] ADCParametersView:116 -                Rank 4 : true
2024-09-11 16:32:39,243 [INFO] ADCParametersView:116 -                Rank 5 : true
2024-09-11 16:32:39,243 [INFO] ADCParametersView:116 -                Rank 6 : true
2024-09-11 16:32:39,243 [INFO] ADCParametersView:116 -                Rank 7 : false
2024-09-11 16:32:39,243 [INFO] ADCParametersView:116 -                Rank 8 : false
2024-09-11 16:32:39,244 [INFO] ADCParametersView:116 -                Rank 1 : true
2024-09-11 16:32:39,244 [INFO] ADCParametersView:116 -                Rank 2 : true
2024-09-11 16:32:39,244 [INFO] ADCParametersView:116 -                Rank 3 : true
2024-09-11 16:32:39,244 [INFO] ADCParametersView:116 -                Rank 4 : true
2024-09-11 16:32:39,244 [INFO] ADCParametersView:116 -                Rank 5 : true
2024-09-11 16:32:39,244 [INFO] ADCParametersView:116 -                Rank 6 : true
2024-09-11 16:32:39,244 [INFO] ADCParametersView:116 -                Rank 7 : false
2024-09-11 16:32:39,244 [INFO] ADCParametersView:116 -                Rank 8 : false
2024-09-11 16:32:39,244 [INFO] ADCParametersView:116 -                Rank 1 : true
2024-09-11 16:32:39,244 [INFO] ADCParametersView:116 -                Rank 2 : true
2024-09-11 16:32:39,244 [INFO] ADCParametersView:116 -                Rank 3 : true
2024-09-11 16:32:39,244 [INFO] ADCParametersView:116 -                Rank 4 : true
2024-09-11 16:32:39,244 [INFO] ADCParametersView:116 -                Rank 5 : true
2024-09-11 16:32:39,244 [INFO] ADCParametersView:116 -                Rank 6 : true
2024-09-11 16:32:39,244 [INFO] ADCParametersView:116 -                Rank 7 : false
2024-09-11 16:32:39,244 [INFO] ADCParametersView:116 -                Rank 8 : false
2024-09-11 16:32:39,244 [INFO] ADCParametersView:116 -                Rank 1 : true
2024-09-11 16:32:39,244 [INFO] ADCParametersView:116 -                Rank 2 : true
2024-09-11 16:32:39,244 [INFO] ADCParametersView:116 -                Rank 3 : true
2024-09-11 16:32:39,244 [INFO] ADCParametersView:116 -                Rank 4 : true
2024-09-11 16:32:39,244 [INFO] ADCParametersView:116 -                Rank 5 : true
2024-09-11 16:32:39,244 [INFO] ADCParametersView:116 -                Rank 6 : true
2024-09-11 16:32:39,244 [INFO] ADCParametersView:116 -                Rank 7 : false
2024-09-11 16:32:39,245 [INFO] ADCParametersView:116 -                Rank 8 : false
2024-09-11 16:32:39,245 [INFO] ADCParametersView:116 -                Rank 1 : true
2024-09-11 16:32:39,245 [INFO] ADCParametersView:116 -                Rank 2 : true
2024-09-11 16:32:39,245 [INFO] ADCParametersView:116 -                Rank 3 : true
2024-09-11 16:32:39,245 [INFO] ADCParametersView:116 -                Rank 4 : true
2024-09-11 16:32:39,245 [INFO] ADCParametersView:116 -                Rank 5 : true
2024-09-11 16:32:39,245 [INFO] ADCParametersView:116 -                Rank 6 : true
2024-09-11 16:32:39,245 [INFO] ADCParametersView:116 -                Rank 7 : false
2024-09-11 16:32:39,245 [INFO] ADCParametersView:116 -                Rank 8 : false
2024-09-11 16:32:39,245 [INFO] ADCParametersView:116 -                Rank 1 : true
2024-09-11 16:32:39,245 [INFO] ADCParametersView:116 -                Rank 2 : true
2024-09-11 16:32:39,245 [INFO] ADCParametersView:116 -                Rank 3 : true
2024-09-11 16:32:39,245 [INFO] ADCParametersView:116 -                Rank 4 : true
2024-09-11 16:32:39,245 [INFO] ADCParametersView:116 -                Rank 5 : true
2024-09-11 16:32:39,245 [INFO] ADCParametersView:116 -                Rank 6 : true
2024-09-11 16:32:39,245 [INFO] ADCParametersView:116 -                Rank 7 : false
2024-09-11 16:32:39,245 [INFO] ADCParametersView:116 -                Rank 8 : false
2024-09-11 16:32:39,245 [INFO] ADCParametersView:116 -                Rank 1 : true
2024-09-11 16:32:39,245 [INFO] ADCParametersView:116 -                Rank 2 : true
2024-09-11 16:32:39,245 [INFO] ADCParametersView:116 -                Rank 3 : true
2024-09-11 16:32:39,245 [INFO] ADCParametersView:116 -                Rank 4 : true
2024-09-11 16:32:39,245 [INFO] ADCParametersView:116 -                Rank 5 : true
2024-09-11 16:32:39,245 [INFO] ADCParametersView:116 -                Rank 6 : true
2024-09-11 16:32:39,246 [INFO] ADCParametersView:116 -                Rank 7 : false
2024-09-11 16:32:39,246 [INFO] ADCParametersView:116 -                Rank 8 : false
2024-09-11 16:32:39,246 [INFO] ADCParametersView:116 -                Rank 1 : true
2024-09-11 16:32:39,246 [INFO] ADCParametersView:116 -                Rank 2 : true
2024-09-11 16:32:39,246 [INFO] ADCParametersView:116 -                Rank 3 : true
2024-09-11 16:32:39,246 [INFO] ADCParametersView:116 -                Rank 4 : true
2024-09-11 16:32:39,246 [INFO] ADCParametersView:116 -                Rank 5 : true
2024-09-11 16:32:39,246 [INFO] ADCParametersView:116 -                Rank 6 : true
2024-09-11 16:32:39,246 [INFO] ADCParametersView:116 -                Rank 7 : false
2024-09-11 16:32:39,246 [INFO] ADCParametersView:116 -                Rank 8 : false
2024-09-11 16:32:39,246 [INFO] ADCParametersView:116 -                Rank 1 : true
2024-09-11 16:32:39,246 [INFO] ADCParametersView:116 -                Rank 2 : true
2024-09-11 16:32:39,246 [INFO] ADCParametersView:116 -                Rank 3 : true
2024-09-11 16:32:39,246 [INFO] ADCParametersView:116 -                Rank 4 : true
2024-09-11 16:32:39,246 [INFO] ADCParametersView:116 -                Rank 5 : true
2024-09-11 16:32:39,246 [INFO] ADCParametersView:116 -                Rank 6 : true
2024-09-11 16:32:39,246 [INFO] ADCParametersView:116 -                Rank 7 : false
2024-09-11 16:32:39,246 [INFO] ADCParametersView:116 -                Rank 8 : false
2024-09-11 16:32:39,246 [INFO] ADCParametersView:116 -                Rank 1 : true
2024-09-11 16:32:39,246 [INFO] ADCParametersView:116 -                Rank 2 : true
2024-09-11 16:32:39,246 [INFO] ADCParametersView:116 -                Rank 3 : true
2024-09-11 16:32:39,246 [INFO] ADCParametersView:116 -                Rank 4 : true
2024-09-11 16:32:39,246 [INFO] ADCParametersView:116 -                Rank 5 : true
2024-09-11 16:32:39,246 [INFO] ADCParametersView:116 -                Rank 6 : true
2024-09-11 16:32:39,246 [INFO] ADCParametersView:116 -                Rank 7 : false
2024-09-11 16:32:39,246 [INFO] ADCParametersView:116 -                Rank 8 : false
2024-09-11 16:32:39,247 [INFO] ADCParametersView:116 -                Rank 1 : true
2024-09-11 16:32:39,247 [INFO] ADCParametersView:116 -                Rank 2 : true
2024-09-11 16:32:39,247 [INFO] ADCParametersView:116 -                Rank 3 : true
2024-09-11 16:32:39,247 [INFO] ADCParametersView:116 -                Rank 4 : true
2024-09-11 16:32:39,247 [INFO] ADCParametersView:116 -                Rank 5 : true
2024-09-11 16:32:39,247 [INFO] ADCParametersView:116 -                Rank 6 : true
2024-09-11 16:32:39,247 [INFO] ADCParametersView:116 -                Rank 7 : false
2024-09-11 16:32:39,247 [INFO] ADCParametersView:116 -                Rank 8 : false
2024-09-11 16:32:39,247 [INFO] ADCParametersView:116 -                Rank 2 : true
2024-09-11 16:32:39,247 [INFO] ADCParametersView:116 -                Rank 3 : true
2024-09-11 16:32:39,247 [INFO] ADCParametersView:116 -                Rank 4 : true
2024-09-11 16:32:39,247 [INFO] ADCParametersView:116 -                Rank 5 : true
2024-09-11 16:32:39,247 [INFO] ADCParametersView:116 -                Rank 6 : true
2024-09-11 16:32:39,247 [INFO] ADCParametersView:116 -                Rank 7 : false
2024-09-11 16:32:39,247 [INFO] ADCParametersView:116 -                Rank 8 : false
2024-09-11 16:32:39,247 [INFO] ADCParametersView:116 -                Rank 3 : true
2024-09-11 16:32:39,247 [INFO] ADCParametersView:116 -                Rank 4 : true
2024-09-11 16:32:39,247 [INFO] ADCParametersView:116 -                Rank 5 : true
2024-09-11 16:32:39,247 [INFO] ADCParametersView:116 -                Rank 6 : true
2024-09-11 16:32:39,247 [INFO] ADCParametersView:116 -                Rank 7 : false
2024-09-11 16:32:39,247 [INFO] ADCParametersView:116 -                Rank 8 : false
2024-09-11 16:32:39,247 [INFO] ADCParametersView:116 -                Rank 4 : true
2024-09-11 16:32:39,247 [INFO] ADCParametersView:116 -                Rank 5 : true
2024-09-11 16:32:39,247 [INFO] ADCParametersView:116 -                Rank 6 : true
2024-09-11 16:32:39,247 [INFO] ADCParametersView:116 -                Rank 7 : false
2024-09-11 16:32:39,247 [INFO] ADCParametersView:116 -                Rank 8 : false
2024-09-11 16:32:39,247 [INFO] ADCParametersView:116 -                Rank 5 : true
2024-09-11 16:32:39,248 [INFO] ADCParametersView:116 -                Rank 6 : true
2024-09-11 16:32:39,248 [INFO] ADCParametersView:116 -                Rank 7 : false
2024-09-11 16:32:39,248 [INFO] ADCParametersView:116 -                Rank 8 : false
2024-09-11 16:32:39,248 [INFO] ADCParametersView:116 -                Rank 6 : true
2024-09-11 16:32:39,248 [INFO] ADCParametersView:116 -                Rank 7 : false
2024-09-11 16:32:39,248 [INFO] ADCParametersView:116 -                Rank 8 : false
2024-09-11 16:32:39,248 [INFO] ADCParametersView:116 -                Rank 7 : false
2024-09-11 16:32:39,248 [INFO] ADCParametersView:116 -                Rank 8 : false
2024-09-11 16:32:39,248 [INFO] ADCParametersView:116 -                Rank 8 : false
2024-09-11 16:32:39,293 [INFO] ADCParametersView:116 -                Rank 1 : true
2024-09-11 16:32:39,293 [INFO] ADCParametersView:116 -                Rank 1 : true
2024-09-11 16:32:39,293 [INFO] ADCParametersView:116 -                Rank 2 : true
2024-09-11 16:32:39,293 [INFO] ADCParametersView:116 -                Rank 1 : true
2024-09-11 16:32:39,293 [INFO] ADCParametersView:116 -                Rank 2 : true
2024-09-11 16:32:39,293 [INFO] ADCParametersView:116 -                Rank 3 : true
2024-09-11 16:32:39,294 [INFO] ADCParametersView:116 -                Rank 1 : true
2024-09-11 16:32:39,294 [INFO] ADCParametersView:116 -                Rank 2 : true
2024-09-11 16:32:39,294 [INFO] ADCParametersView:116 -                Rank 3 : true
2024-09-11 16:32:39,294 [INFO] ADCParametersView:116 -                Rank 4 : true
2024-09-11 16:32:39,294 [INFO] ADCParametersView:116 -                Rank 1 : true
2024-09-11 16:32:39,294 [INFO] ADCParametersView:116 -                Rank 2 : true
2024-09-11 16:32:39,294 [INFO] ADCParametersView:116 -                Rank 3 : true
2024-09-11 16:32:39,294 [INFO] ADCParametersView:116 -                Rank 4 : true
2024-09-11 16:32:39,294 [INFO] ADCParametersView:116 -                Rank 5 : true
2024-09-11 16:32:39,294 [INFO] ADCParametersView:116 -                Rank 1 : true
2024-09-11 16:32:39,294 [INFO] ADCParametersView:116 -                Rank 2 : true
2024-09-11 16:32:39,294 [INFO] ADCParametersView:116 -                Rank 3 : true
2024-09-11 16:32:39,294 [INFO] ADCParametersView:116 -                Rank 4 : true
2024-09-11 16:32:39,295 [INFO] ADCParametersView:116 -                Rank 5 : true
2024-09-11 16:32:39,295 [INFO] ADCParametersView:116 -                Rank 6 : true
2024-09-11 16:32:39,295 [INFO] ADCParametersView:116 -                Rank 1 : true
2024-09-11 16:32:39,295 [INFO] ADCParametersView:116 -                Rank 2 : true
2024-09-11 16:32:39,295 [INFO] ADCParametersView:116 -                Rank 3 : true
2024-09-11 16:32:39,295 [INFO] ADCParametersView:116 -                Rank 4 : true
2024-09-11 16:32:39,295 [INFO] ADCParametersView:116 -                Rank 5 : true
2024-09-11 16:32:39,295 [INFO] ADCParametersView:116 -                Rank 6 : true
2024-09-11 16:32:39,295 [INFO] ADCParametersView:116 -                Rank 7 : false
2024-09-11 16:32:39,295 [INFO] ADCParametersView:116 -                Rank 1 : true
2024-09-11 16:32:39,295 [INFO] ADCParametersView:116 -                Rank 2 : true
2024-09-11 16:32:39,295 [INFO] ADCParametersView:116 -                Rank 3 : true
2024-09-11 16:32:39,295 [INFO] ADCParametersView:116 -                Rank 4 : true
2024-09-11 16:32:39,295 [INFO] ADCParametersView:116 -                Rank 5 : true
2024-09-11 16:32:39,295 [INFO] ADCParametersView:116 -                Rank 6 : true
2024-09-11 16:32:39,296 [INFO] ADCParametersView:116 -                Rank 7 : false
2024-09-11 16:32:39,296 [INFO] ADCParametersView:116 -                Rank 8 : false
2024-09-11 16:32:41,322 [INFO] ADCParametersView:116 -                Rank 1 : true
2024-09-11 16:32:41,323 [INFO] ADCParametersView:116 -                Rank 2 : true
2024-09-11 16:32:41,323 [INFO] ADCParametersView:116 -                Rank 3 : true
2024-09-11 16:32:41,323 [INFO] ADCParametersView:116 -                Rank 4 : true
2024-09-11 16:32:41,323 [INFO] ADCParametersView:116 -                Rank 5 : true
2024-09-11 16:32:41,323 [INFO] ADCParametersView:116 -                Rank 6 : true
2024-09-11 16:32:41,323 [INFO] ADCParametersView:116 -                Rank 7 : true
2024-09-11 16:32:41,323 [INFO] ADCParametersView:116 -                Rank 8 : false
2024-09-11 16:32:45,367 [INFO] NvicIntPanel:101 - NVIC parent = com.st.microxplorer.plugins.ip.nvic.MultiNvicIntPanel[,0,0,0x0,invalid,layout=javax.swing.BoxLayout,alignmentX=0.0,alignmentY=0.0,border=,flags=9,maximumSize=,minimumSize=,preferredSize=]
2024-09-11 16:32:45,421 [INFO] ADCParametersView:116 -                Rank 1 : true
2024-09-11 16:32:45,421 [INFO] ADCParametersView:116 -                Rank 2 : true
2024-09-11 16:32:45,421 [INFO] ADCParametersView:116 -                Rank 3 : true
2024-09-11 16:32:45,421 [INFO] ADCParametersView:116 -                Rank 4 : true
2024-09-11 16:32:45,421 [INFO] ADCParametersView:116 -                Rank 5 : true
2024-09-11 16:32:45,421 [INFO] ADCParametersView:116 -                Rank 6 : true
2024-09-11 16:32:45,421 [INFO] ADCParametersView:116 -                Rank 7 : true
2024-09-11 16:32:45,421 [INFO] ADCParametersView:116 -                Rank 8 : false
2024-09-11 16:32:45,424 [INFO] ADCParametersView:116 -                Rank 1 : true
2024-09-11 16:32:45,424 [INFO] ADCParametersView:116 -                Rank 2 : true
2024-09-11 16:32:45,424 [INFO] ADCParametersView:116 -                Rank 3 : true
2024-09-11 16:32:45,424 [INFO] ADCParametersView:116 -                Rank 4 : true
2024-09-11 16:32:45,424 [INFO] ADCParametersView:116 -                Rank 5 : true
2024-09-11 16:32:45,424 [INFO] ADCParametersView:116 -                Rank 6 : true
2024-09-11 16:32:45,424 [INFO] ADCParametersView:116 -                Rank 7 : true
2024-09-11 16:32:45,424 [INFO] ADCParametersView:116 -                Rank 8 : false
2024-09-11 16:32:45,424 [INFO] ADCParametersView:116 -                Rank 1 : true
2024-09-11 16:32:45,424 [INFO] ADCParametersView:116 -                Rank 2 : true
2024-09-11 16:32:45,424 [INFO] ADCParametersView:116 -                Rank 3 : true
2024-09-11 16:32:45,424 [INFO] ADCParametersView:116 -                Rank 4 : true
2024-09-11 16:32:45,424 [INFO] ADCParametersView:116 -                Rank 5 : true
2024-09-11 16:32:45,424 [INFO] ADCParametersView:116 -                Rank 6 : true
2024-09-11 16:32:45,424 [INFO] ADCParametersView:116 -                Rank 7 : true
2024-09-11 16:32:45,424 [INFO] ADCParametersView:116 -                Rank 8 : false
2024-09-11 16:32:45,425 [INFO] ADCParametersView:116 -                Rank 1 : true
2024-09-11 16:32:45,425 [INFO] ADCParametersView:116 -                Rank 2 : true
2024-09-11 16:32:45,425 [INFO] ADCParametersView:116 -                Rank 3 : true
2024-09-11 16:32:45,425 [INFO] ADCParametersView:116 -                Rank 4 : true
2024-09-11 16:32:45,425 [INFO] ADCParametersView:116 -                Rank 5 : true
2024-09-11 16:32:45,425 [INFO] ADCParametersView:116 -                Rank 6 : true
2024-09-11 16:32:45,425 [INFO] ADCParametersView:116 -                Rank 7 : true
2024-09-11 16:32:45,425 [INFO] ADCParametersView:116 -                Rank 8 : false
2024-09-11 16:32:45,425 [INFO] ADCParametersView:116 -                Rank 1 : true
2024-09-11 16:32:45,425 [INFO] ADCParametersView:116 -                Rank 2 : true
2024-09-11 16:32:45,425 [INFO] ADCParametersView:116 -                Rank 3 : true
2024-09-11 16:32:45,425 [INFO] ADCParametersView:116 -                Rank 4 : true
2024-09-11 16:32:45,425 [INFO] ADCParametersView:116 -                Rank 5 : true
2024-09-11 16:32:45,425 [INFO] ADCParametersView:116 -                Rank 6 : true
2024-09-11 16:32:45,425 [INFO] ADCParametersView:116 -                Rank 7 : true
2024-09-11 16:32:45,425 [INFO] ADCParametersView:116 -                Rank 8 : false
2024-09-11 16:32:45,425 [INFO] ADCParametersView:116 -                Rank 1 : true
2024-09-11 16:32:45,425 [INFO] ADCParametersView:116 -                Rank 2 : true
2024-09-11 16:32:45,425 [INFO] ADCParametersView:116 -                Rank 3 : true
2024-09-11 16:32:45,425 [INFO] ADCParametersView:116 -                Rank 4 : true
2024-09-11 16:32:45,425 [INFO] ADCParametersView:116 -                Rank 5 : true
2024-09-11 16:32:45,425 [INFO] ADCParametersView:116 -                Rank 6 : true
2024-09-11 16:32:45,426 [INFO] ADCParametersView:116 -                Rank 7 : true
2024-09-11 16:32:45,426 [INFO] ADCParametersView:116 -                Rank 8 : false
2024-09-11 16:32:45,426 [INFO] ADCParametersView:116 -                Rank 1 : true
2024-09-11 16:32:45,426 [INFO] ADCParametersView:116 -                Rank 2 : true
2024-09-11 16:32:45,426 [INFO] ADCParametersView:116 -                Rank 3 : true
2024-09-11 16:32:45,426 [INFO] ADCParametersView:116 -                Rank 4 : true
2024-09-11 16:32:45,426 [INFO] ADCParametersView:116 -                Rank 5 : true
2024-09-11 16:32:45,426 [INFO] ADCParametersView:116 -                Rank 6 : true
2024-09-11 16:32:45,426 [INFO] ADCParametersView:116 -                Rank 7 : true
2024-09-11 16:32:45,426 [INFO] ADCParametersView:116 -                Rank 8 : false
2024-09-11 16:32:45,426 [INFO] ADCParametersView:116 -                Rank 1 : true
2024-09-11 16:32:45,426 [INFO] ADCParametersView:116 -                Rank 2 : true
2024-09-11 16:32:45,426 [INFO] ADCParametersView:116 -                Rank 3 : true
2024-09-11 16:32:45,426 [INFO] ADCParametersView:116 -                Rank 4 : true
2024-09-11 16:32:45,426 [INFO] ADCParametersView:116 -                Rank 5 : true
2024-09-11 16:32:45,426 [INFO] ADCParametersView:116 -                Rank 6 : true
2024-09-11 16:32:45,426 [INFO] ADCParametersView:116 -                Rank 7 : true
2024-09-11 16:32:45,426 [INFO] ADCParametersView:116 -                Rank 8 : false
2024-09-11 16:32:45,426 [INFO] ADCParametersView:116 -                Rank 1 : true
2024-09-11 16:32:45,426 [INFO] ADCParametersView:116 -                Rank 2 : true
2024-09-11 16:32:45,426 [INFO] ADCParametersView:116 -                Rank 3 : true
2024-09-11 16:32:45,426 [INFO] ADCParametersView:116 -                Rank 4 : true
2024-09-11 16:32:45,427 [INFO] ADCParametersView:116 -                Rank 5 : true
2024-09-11 16:32:45,427 [INFO] ADCParametersView:116 -                Rank 6 : true
2024-09-11 16:32:45,427 [INFO] ADCParametersView:116 -                Rank 7 : true
2024-09-11 16:32:45,427 [INFO] ADCParametersView:116 -                Rank 8 : false
2024-09-11 16:32:45,427 [INFO] ADCParametersView:116 -                Rank 1 : true
2024-09-11 16:32:45,427 [INFO] ADCParametersView:116 -                Rank 2 : true
2024-09-11 16:32:45,427 [INFO] ADCParametersView:116 -                Rank 3 : true
2024-09-11 16:32:45,427 [INFO] ADCParametersView:116 -                Rank 4 : true
2024-09-11 16:32:45,427 [INFO] ADCParametersView:116 -                Rank 5 : true
2024-09-11 16:32:45,427 [INFO] ADCParametersView:116 -                Rank 6 : true
2024-09-11 16:32:45,427 [INFO] ADCParametersView:116 -                Rank 7 : true
2024-09-11 16:32:45,427 [INFO] ADCParametersView:116 -                Rank 8 : false
2024-09-11 16:32:45,427 [INFO] ADCParametersView:116 -                Rank 1 : true
2024-09-11 16:32:45,427 [INFO] ADCParametersView:116 -                Rank 2 : true
2024-09-11 16:32:45,427 [INFO] ADCParametersView:116 -                Rank 3 : true
2024-09-11 16:32:45,427 [INFO] ADCParametersView:116 -                Rank 4 : true
2024-09-11 16:32:45,427 [INFO] ADCParametersView:116 -                Rank 5 : true
2024-09-11 16:32:45,427 [INFO] ADCParametersView:116 -                Rank 6 : true
2024-09-11 16:32:45,427 [INFO] ADCParametersView:116 -                Rank 7 : true
2024-09-11 16:32:45,427 [INFO] ADCParametersView:116 -                Rank 8 : false
2024-09-11 16:32:45,427 [INFO] ADCParametersView:116 -                Rank 1 : true
2024-09-11 16:32:45,427 [INFO] ADCParametersView:116 -                Rank 2 : true
2024-09-11 16:32:45,427 [INFO] ADCParametersView:116 -                Rank 3 : true
2024-09-11 16:32:45,427 [INFO] ADCParametersView:116 -                Rank 4 : true
2024-09-11 16:32:45,427 [INFO] ADCParametersView:116 -                Rank 5 : true
2024-09-11 16:32:45,428 [INFO] ADCParametersView:116 -                Rank 6 : true
2024-09-11 16:32:45,428 [INFO] ADCParametersView:116 -                Rank 7 : true
2024-09-11 16:32:45,428 [INFO] ADCParametersView:116 -                Rank 8 : false
2024-09-11 16:32:45,428 [INFO] ADCParametersView:116 -                Rank 1 : true
2024-09-11 16:32:45,428 [INFO] ADCParametersView:116 -                Rank 2 : true
2024-09-11 16:32:45,428 [INFO] ADCParametersView:116 -                Rank 3 : true
2024-09-11 16:32:45,428 [INFO] ADCParametersView:116 -                Rank 4 : true
2024-09-11 16:32:45,428 [INFO] ADCParametersView:116 -                Rank 5 : true
2024-09-11 16:32:45,428 [INFO] ADCParametersView:116 -                Rank 6 : true
2024-09-11 16:32:45,428 [INFO] ADCParametersView:116 -                Rank 7 : true
2024-09-11 16:32:45,428 [INFO] ADCParametersView:116 -                Rank 8 : false
2024-09-11 16:32:45,428 [INFO] ADCParametersView:116 -                Rank 1 : true
2024-09-11 16:32:45,428 [INFO] ADCParametersView:116 -                Rank 2 : true
2024-09-11 16:32:45,428 [INFO] ADCParametersView:116 -                Rank 3 : true
2024-09-11 16:32:45,428 [INFO] ADCParametersView:116 -                Rank 4 : true
2024-09-11 16:32:45,428 [INFO] ADCParametersView:116 -                Rank 5 : true
2024-09-11 16:32:45,428 [INFO] ADCParametersView:116 -                Rank 6 : true
2024-09-11 16:32:45,428 [INFO] ADCParametersView:116 -                Rank 7 : true
2024-09-11 16:32:45,428 [INFO] ADCParametersView:116 -                Rank 8 : false
2024-09-11 16:32:45,428 [INFO] ADCParametersView:116 -                Rank 2 : true
2024-09-11 16:32:45,428 [INFO] ADCParametersView:116 -                Rank 3 : true
2024-09-11 16:32:45,428 [INFO] ADCParametersView:116 -                Rank 4 : true
2024-09-11 16:32:45,428 [INFO] ADCParametersView:116 -                Rank 5 : true
2024-09-11 16:32:45,428 [INFO] ADCParametersView:116 -                Rank 6 : true
2024-09-11 16:32:45,428 [INFO] ADCParametersView:116 -                Rank 7 : true
2024-09-11 16:32:45,428 [INFO] ADCParametersView:116 -                Rank 8 : false
2024-09-11 16:32:45,428 [INFO] ADCParametersView:116 -                Rank 3 : true
2024-09-11 16:32:45,429 [INFO] ADCParametersView:116 -                Rank 4 : true
2024-09-11 16:32:45,429 [INFO] ADCParametersView:116 -                Rank 5 : true
2024-09-11 16:32:45,429 [INFO] ADCParametersView:116 -                Rank 6 : true
2024-09-11 16:32:45,429 [INFO] ADCParametersView:116 -                Rank 7 : true
2024-09-11 16:32:45,429 [INFO] ADCParametersView:116 -                Rank 8 : false
2024-09-11 16:32:45,429 [INFO] ADCParametersView:116 -                Rank 4 : true
2024-09-11 16:32:45,429 [INFO] ADCParametersView:116 -                Rank 5 : true
2024-09-11 16:32:45,429 [INFO] ADCParametersView:116 -                Rank 6 : true
2024-09-11 16:32:45,429 [INFO] ADCParametersView:116 -                Rank 7 : true
2024-09-11 16:32:45,429 [INFO] ADCParametersView:116 -                Rank 8 : false
2024-09-11 16:32:45,429 [INFO] ADCParametersView:116 -                Rank 5 : true
2024-09-11 16:32:45,429 [INFO] ADCParametersView:116 -                Rank 6 : true
2024-09-11 16:32:45,429 [INFO] ADCParametersView:116 -                Rank 7 : true
2024-09-11 16:32:45,429 [INFO] ADCParametersView:116 -                Rank 8 : false
2024-09-11 16:32:45,429 [INFO] ADCParametersView:116 -                Rank 6 : true
2024-09-11 16:32:45,429 [INFO] ADCParametersView:116 -                Rank 7 : true
2024-09-11 16:32:45,429 [INFO] ADCParametersView:116 -                Rank 8 : false
2024-09-11 16:32:45,429 [INFO] ADCParametersView:116 -                Rank 7 : true
2024-09-11 16:32:45,429 [INFO] ADCParametersView:116 -                Rank 8 : false
2024-09-11 16:32:45,429 [INFO] ADCParametersView:116 -                Rank 8 : false
2024-09-11 16:32:45,467 [INFO] ADCParametersView:116 -                Rank 1 : true
2024-09-11 16:32:45,467 [INFO] ADCParametersView:116 -                Rank 1 : true
2024-09-11 16:32:45,467 [INFO] ADCParametersView:116 -                Rank 2 : true
2024-09-11 16:32:45,468 [INFO] ADCParametersView:116 -                Rank 1 : true
2024-09-11 16:32:45,468 [INFO] ADCParametersView:116 -                Rank 2 : true
2024-09-11 16:32:45,468 [INFO] ADCParametersView:116 -                Rank 3 : true
2024-09-11 16:32:45,468 [INFO] ADCParametersView:116 -                Rank 1 : true
2024-09-11 16:32:45,468 [INFO] ADCParametersView:116 -                Rank 2 : true
2024-09-11 16:32:45,468 [INFO] ADCParametersView:116 -                Rank 3 : true
2024-09-11 16:32:45,468 [INFO] ADCParametersView:116 -                Rank 4 : true
2024-09-11 16:32:45,468 [INFO] ADCParametersView:116 -                Rank 1 : true
2024-09-11 16:32:45,468 [INFO] ADCParametersView:116 -                Rank 2 : true
2024-09-11 16:32:45,468 [INFO] ADCParametersView:116 -                Rank 3 : true
2024-09-11 16:32:45,468 [INFO] ADCParametersView:116 -                Rank 4 : true
2024-09-11 16:32:45,468 [INFO] ADCParametersView:116 -                Rank 5 : true
2024-09-11 16:32:45,468 [INFO] ADCParametersView:116 -                Rank 1 : true
2024-09-11 16:32:45,468 [INFO] ADCParametersView:116 -                Rank 2 : true
2024-09-11 16:32:45,469 [INFO] ADCParametersView:116 -                Rank 3 : true
2024-09-11 16:32:45,469 [INFO] ADCParametersView:116 -                Rank 4 : true
2024-09-11 16:32:45,469 [INFO] ADCParametersView:116 -                Rank 5 : true
2024-09-11 16:32:45,469 [INFO] ADCParametersView:116 -                Rank 6 : true
2024-09-11 16:32:45,469 [INFO] ADCParametersView:116 -                Rank 1 : true
2024-09-11 16:32:45,469 [INFO] ADCParametersView:116 -                Rank 2 : true
2024-09-11 16:32:45,469 [INFO] ADCParametersView:116 -                Rank 3 : true
2024-09-11 16:32:45,469 [INFO] ADCParametersView:116 -                Rank 4 : true
2024-09-11 16:32:45,469 [INFO] ADCParametersView:116 -                Rank 5 : true
2024-09-11 16:32:45,469 [INFO] ADCParametersView:116 -                Rank 6 : true
2024-09-11 16:32:45,469 [INFO] ADCParametersView:116 -                Rank 7 : true
2024-09-11 16:32:45,469 [INFO] ADCParametersView:116 -                Rank 1 : true
2024-09-11 16:32:45,469 [INFO] ADCParametersView:116 -                Rank 2 : true
2024-09-11 16:32:45,469 [INFO] ADCParametersView:116 -                Rank 3 : true
2024-09-11 16:32:45,469 [INFO] ADCParametersView:116 -                Rank 4 : true
2024-09-11 16:32:45,469 [INFO] ADCParametersView:116 -                Rank 5 : true
2024-09-11 16:32:45,469 [INFO] ADCParametersView:116 -                Rank 6 : true
2024-09-11 16:32:45,469 [INFO] ADCParametersView:116 -                Rank 7 : true
2024-09-11 16:32:45,469 [INFO] ADCParametersView:116 -                Rank 8 : false
2024-09-11 16:32:48,476 [INFO] NvicIntPanel:101 - NVIC parent = com.st.microxplorer.plugins.ip.nvic.MultiNvicIntPanel[,0,0,0x0,invalid,layout=javax.swing.BoxLayout,alignmentX=0.0,alignmentY=0.0,border=,flags=9,maximumSize=,minimumSize=,preferredSize=]
2024-09-11 16:32:48,535 [INFO] ADCParametersView:116 -                Rank 1 : true
2024-09-11 16:32:48,536 [INFO] ADCParametersView:116 -                Rank 2 : true
2024-09-11 16:32:48,536 [INFO] ADCParametersView:116 -                Rank 3 : true
2024-09-11 16:32:48,536 [INFO] ADCParametersView:116 -                Rank 4 : true
2024-09-11 16:32:48,537 [INFO] ADCParametersView:116 -                Rank 5 : true
2024-09-11 16:32:48,537 [INFO] ADCParametersView:116 -                Rank 6 : true
2024-09-11 16:32:48,537 [INFO] ADCParametersView:116 -                Rank 7 : true
2024-09-11 16:32:48,537 [INFO] ADCParametersView:116 -                Rank 8 : false
2024-09-11 16:32:48,543 [INFO] ADCParametersView:116 -                Rank 1 : true
2024-09-11 16:32:48,543 [INFO] ADCParametersView:116 -                Rank 2 : true
2024-09-11 16:32:48,543 [INFO] ADCParametersView:116 -                Rank 3 : true
2024-09-11 16:32:48,543 [INFO] ADCParametersView:116 -                Rank 4 : true
2024-09-11 16:32:48,543 [INFO] ADCParametersView:116 -                Rank 5 : true
2024-09-11 16:32:48,543 [INFO] ADCParametersView:116 -                Rank 6 : true
2024-09-11 16:32:48,543 [INFO] ADCParametersView:116 -                Rank 7 : true
2024-09-11 16:32:48,543 [INFO] ADCParametersView:116 -                Rank 8 : false
2024-09-11 16:32:48,543 [INFO] ADCParametersView:116 -                Rank 1 : true
2024-09-11 16:32:48,544 [INFO] ADCParametersView:116 -                Rank 2 : true
2024-09-11 16:32:48,544 [INFO] ADCParametersView:116 -                Rank 3 : true
2024-09-11 16:32:48,544 [INFO] ADCParametersView:116 -                Rank 4 : true
2024-09-11 16:32:48,544 [INFO] ADCParametersView:116 -                Rank 5 : true
2024-09-11 16:32:48,544 [INFO] ADCParametersView:116 -                Rank 6 : true
2024-09-11 16:32:48,544 [INFO] ADCParametersView:116 -                Rank 7 : true
2024-09-11 16:32:48,544 [INFO] ADCParametersView:116 -                Rank 8 : false
2024-09-11 16:32:48,544 [INFO] ADCParametersView:116 -                Rank 1 : true
2024-09-11 16:32:48,544 [INFO] ADCParametersView:116 -                Rank 2 : true
2024-09-11 16:32:48,544 [INFO] ADCParametersView:116 -                Rank 3 : true
2024-09-11 16:32:48,544 [INFO] ADCParametersView:116 -                Rank 4 : true
2024-09-11 16:32:48,544 [INFO] ADCParametersView:116 -                Rank 5 : true
2024-09-11 16:32:48,544 [INFO] ADCParametersView:116 -                Rank 6 : true
2024-09-11 16:32:48,544 [INFO] ADCParametersView:116 -                Rank 7 : true
2024-09-11 16:32:48,544 [INFO] ADCParametersView:116 -                Rank 8 : false
2024-09-11 16:32:48,544 [INFO] ADCParametersView:116 -                Rank 1 : true
2024-09-11 16:32:48,544 [INFO] ADCParametersView:116 -                Rank 2 : true
2024-09-11 16:32:48,544 [INFO] ADCParametersView:116 -                Rank 3 : true
2024-09-11 16:32:48,544 [INFO] ADCParametersView:116 -                Rank 4 : true
2024-09-11 16:32:48,544 [INFO] ADCParametersView:116 -                Rank 5 : true
2024-09-11 16:32:48,544 [INFO] ADCParametersView:116 -                Rank 6 : true
2024-09-11 16:32:48,544 [INFO] ADCParametersView:116 -                Rank 7 : true
2024-09-11 16:32:48,544 [INFO] ADCParametersView:116 -                Rank 8 : false
2024-09-11 16:32:48,545 [INFO] ADCParametersView:116 -                Rank 1 : true
2024-09-11 16:32:48,545 [INFO] ADCParametersView:116 -                Rank 2 : true
2024-09-11 16:32:48,545 [INFO] ADCParametersView:116 -                Rank 3 : true
2024-09-11 16:32:48,545 [INFO] ADCParametersView:116 -                Rank 4 : true
2024-09-11 16:32:48,545 [INFO] ADCParametersView:116 -                Rank 5 : true
2024-09-11 16:32:48,545 [INFO] ADCParametersView:116 -                Rank 6 : true
2024-09-11 16:32:48,545 [INFO] ADCParametersView:116 -                Rank 7 : true
2024-09-11 16:32:48,545 [INFO] ADCParametersView:116 -                Rank 8 : false
2024-09-11 16:32:48,545 [INFO] ADCParametersView:116 -                Rank 1 : true
2024-09-11 16:32:48,545 [INFO] ADCParametersView:116 -                Rank 2 : true
2024-09-11 16:32:48,545 [INFO] ADCParametersView:116 -                Rank 3 : true
2024-09-11 16:32:48,545 [INFO] ADCParametersView:116 -                Rank 4 : true
2024-09-11 16:32:48,545 [INFO] ADCParametersView:116 -                Rank 5 : true
2024-09-11 16:32:48,545 [INFO] ADCParametersView:116 -                Rank 6 : true
2024-09-11 16:32:48,545 [INFO] ADCParametersView:116 -                Rank 7 : true
2024-09-11 16:32:48,545 [INFO] ADCParametersView:116 -                Rank 8 : false
2024-09-11 16:32:48,545 [INFO] ADCParametersView:116 -                Rank 1 : true
2024-09-11 16:32:48,545 [INFO] ADCParametersView:116 -                Rank 2 : true
2024-09-11 16:32:48,545 [INFO] ADCParametersView:116 -                Rank 3 : true
2024-09-11 16:32:48,546 [INFO] ADCParametersView:116 -                Rank 4 : true
2024-09-11 16:32:48,546 [INFO] ADCParametersView:116 -                Rank 5 : true
2024-09-11 16:32:48,546 [INFO] ADCParametersView:116 -                Rank 6 : true
2024-09-11 16:32:48,546 [INFO] ADCParametersView:116 -                Rank 7 : true
2024-09-11 16:32:48,546 [INFO] ADCParametersView:116 -                Rank 8 : false
2024-09-11 16:32:48,546 [INFO] ADCParametersView:116 -                Rank 1 : true
2024-09-11 16:32:48,546 [INFO] ADCParametersView:116 -                Rank 2 : true
2024-09-11 16:32:48,546 [INFO] ADCParametersView:116 -                Rank 3 : true
2024-09-11 16:32:48,546 [INFO] ADCParametersView:116 -                Rank 4 : true
2024-09-11 16:32:48,546 [INFO] ADCParametersView:116 -                Rank 5 : true
2024-09-11 16:32:48,546 [INFO] ADCParametersView:116 -                Rank 6 : true
2024-09-11 16:32:48,546 [INFO] ADCParametersView:116 -                Rank 7 : true
2024-09-11 16:32:48,546 [INFO] ADCParametersView:116 -                Rank 8 : false
2024-09-11 16:32:48,546 [INFO] ADCParametersView:116 -                Rank 1 : true
2024-09-11 16:32:48,546 [INFO] ADCParametersView:116 -                Rank 2 : true
2024-09-11 16:32:48,546 [INFO] ADCParametersView:116 -                Rank 3 : true
2024-09-11 16:32:48,546 [INFO] ADCParametersView:116 -                Rank 4 : true
2024-09-11 16:32:48,546 [INFO] ADCParametersView:116 -                Rank 5 : true
2024-09-11 16:32:48,546 [INFO] ADCParametersView:116 -                Rank 6 : true
2024-09-11 16:32:48,546 [INFO] ADCParametersView:116 -                Rank 7 : true
2024-09-11 16:32:48,546 [INFO] ADCParametersView:116 -                Rank 8 : false
2024-09-11 16:32:48,546 [INFO] ADCParametersView:116 -                Rank 1 : true
2024-09-11 16:32:48,546 [INFO] ADCParametersView:116 -                Rank 2 : true
2024-09-11 16:32:48,547 [INFO] ADCParametersView:116 -                Rank 3 : true
2024-09-11 16:32:48,547 [INFO] ADCParametersView:116 -                Rank 4 : true
2024-09-11 16:32:48,547 [INFO] ADCParametersView:116 -                Rank 5 : true
2024-09-11 16:32:48,547 [INFO] ADCParametersView:116 -                Rank 6 : true
2024-09-11 16:32:48,547 [INFO] ADCParametersView:116 -                Rank 7 : true
2024-09-11 16:32:48,547 [INFO] ADCParametersView:116 -                Rank 8 : false
2024-09-11 16:32:48,547 [INFO] ADCParametersView:116 -                Rank 1 : true
2024-09-11 16:32:48,547 [INFO] ADCParametersView:116 -                Rank 2 : true
2024-09-11 16:32:48,547 [INFO] ADCParametersView:116 -                Rank 3 : true
2024-09-11 16:32:48,547 [INFO] ADCParametersView:116 -                Rank 4 : true
2024-09-11 16:32:48,547 [INFO] ADCParametersView:116 -                Rank 5 : true
2024-09-11 16:32:48,547 [INFO] ADCParametersView:116 -                Rank 6 : true
2024-09-11 16:32:48,547 [INFO] ADCParametersView:116 -                Rank 7 : true
2024-09-11 16:32:48,547 [INFO] ADCParametersView:116 -                Rank 8 : false
2024-09-11 16:32:48,547 [INFO] ADCParametersView:116 -                Rank 1 : true
2024-09-11 16:32:48,547 [INFO] ADCParametersView:116 -                Rank 2 : true
2024-09-11 16:32:48,547 [INFO] ADCParametersView:116 -                Rank 3 : true
2024-09-11 16:32:48,547 [INFO] ADCParametersView:116 -                Rank 4 : true
2024-09-11 16:32:48,547 [INFO] ADCParametersView:116 -                Rank 5 : true
2024-09-11 16:32:48,547 [INFO] ADCParametersView:116 -                Rank 6 : true
2024-09-11 16:32:48,547 [INFO] ADCParametersView:116 -                Rank 7 : true
2024-09-11 16:32:48,547 [INFO] ADCParametersView:116 -                Rank 8 : false
2024-09-11 16:32:48,547 [INFO] ADCParametersView:116 -                Rank 1 : true
2024-09-11 16:32:48,547 [INFO] ADCParametersView:116 -                Rank 2 : true
2024-09-11 16:32:48,547 [INFO] ADCParametersView:116 -                Rank 3 : true
2024-09-11 16:32:48,548 [INFO] ADCParametersView:116 -                Rank 4 : true
2024-09-11 16:32:48,548 [INFO] ADCParametersView:116 -                Rank 5 : true
2024-09-11 16:32:48,548 [INFO] ADCParametersView:116 -                Rank 6 : true
2024-09-11 16:32:48,548 [INFO] ADCParametersView:116 -                Rank 7 : true
2024-09-11 16:32:48,548 [INFO] ADCParametersView:116 -                Rank 8 : false
2024-09-11 16:32:48,548 [INFO] ADCParametersView:116 -                Rank 2 : true
2024-09-11 16:32:48,548 [INFO] ADCParametersView:116 -                Rank 3 : true
2024-09-11 16:32:48,548 [INFO] ADCParametersView:116 -                Rank 4 : true
2024-09-11 16:32:48,548 [INFO] ADCParametersView:116 -                Rank 5 : true
2024-09-11 16:32:48,548 [INFO] ADCParametersView:116 -                Rank 6 : true
2024-09-11 16:32:48,548 [INFO] ADCParametersView:116 -                Rank 7 : true
2024-09-11 16:32:48,548 [INFO] ADCParametersView:116 -                Rank 8 : false
2024-09-11 16:32:48,548 [INFO] ADCParametersView:116 -                Rank 3 : true
2024-09-11 16:32:48,548 [INFO] ADCParametersView:116 -                Rank 4 : true
2024-09-11 16:32:48,548 [INFO] ADCParametersView:116 -                Rank 5 : true
2024-09-11 16:32:48,548 [INFO] ADCParametersView:116 -                Rank 6 : true
2024-09-11 16:32:48,548 [INFO] ADCParametersView:116 -                Rank 7 : true
2024-09-11 16:32:48,548 [INFO] ADCParametersView:116 -                Rank 8 : false
2024-09-11 16:32:48,548 [INFO] ADCParametersView:116 -                Rank 4 : true
2024-09-11 16:32:48,548 [INFO] ADCParametersView:116 -                Rank 5 : true
2024-09-11 16:32:48,548 [INFO] ADCParametersView:116 -                Rank 6 : true
2024-09-11 16:32:48,548 [INFO] ADCParametersView:116 -                Rank 7 : true
2024-09-11 16:32:48,548 [INFO] ADCParametersView:116 -                Rank 8 : false
2024-09-11 16:32:48,548 [INFO] ADCParametersView:116 -                Rank 5 : true
2024-09-11 16:32:48,548 [INFO] ADCParametersView:116 -                Rank 6 : true
2024-09-11 16:32:48,548 [INFO] ADCParametersView:116 -                Rank 7 : true
2024-09-11 16:32:48,548 [INFO] ADCParametersView:116 -                Rank 8 : false
2024-09-11 16:32:48,549 [INFO] ADCParametersView:116 -                Rank 6 : true
2024-09-11 16:32:48,549 [INFO] ADCParametersView:116 -                Rank 7 : true
2024-09-11 16:32:48,549 [INFO] ADCParametersView:116 -                Rank 8 : false
2024-09-11 16:32:48,549 [INFO] ADCParametersView:116 -                Rank 7 : true
2024-09-11 16:32:48,549 [INFO] ADCParametersView:116 -                Rank 8 : false
2024-09-11 16:32:48,549 [INFO] ADCParametersView:116 -                Rank 8 : false
2024-09-11 16:32:48,590 [INFO] ADCParametersView:116 -                Rank 1 : true
2024-09-11 16:32:48,590 [INFO] ADCParametersView:116 -                Rank 1 : true
2024-09-11 16:32:48,590 [INFO] ADCParametersView:116 -                Rank 2 : true
2024-09-11 16:32:48,591 [INFO] ADCParametersView:116 -                Rank 1 : true
2024-09-11 16:32:48,591 [INFO] ADCParametersView:116 -                Rank 2 : true
2024-09-11 16:32:48,591 [INFO] ADCParametersView:116 -                Rank 3 : true
2024-09-11 16:32:48,591 [INFO] ADCParametersView:116 -                Rank 1 : true
2024-09-11 16:32:48,591 [INFO] ADCParametersView:116 -                Rank 2 : true
2024-09-11 16:32:48,591 [INFO] ADCParametersView:116 -                Rank 3 : true
2024-09-11 16:32:48,591 [INFO] ADCParametersView:116 -                Rank 4 : true
2024-09-11 16:32:48,591 [INFO] ADCParametersView:116 -                Rank 1 : true
2024-09-11 16:32:48,591 [INFO] ADCParametersView:116 -                Rank 2 : true
2024-09-11 16:32:48,591 [INFO] ADCParametersView:116 -                Rank 3 : true
2024-09-11 16:32:48,591 [INFO] ADCParametersView:116 -                Rank 4 : true
2024-09-11 16:32:48,591 [INFO] ADCParametersView:116 -                Rank 5 : true
2024-09-11 16:32:48,592 [INFO] ADCParametersView:116 -                Rank 1 : true
2024-09-11 16:32:48,592 [INFO] ADCParametersView:116 -                Rank 2 : true
2024-09-11 16:32:48,592 [INFO] ADCParametersView:116 -                Rank 3 : true
2024-09-11 16:32:48,592 [INFO] ADCParametersView:116 -                Rank 4 : true
2024-09-11 16:32:48,592 [INFO] ADCParametersView:116 -                Rank 5 : true
2024-09-11 16:32:48,592 [INFO] ADCParametersView:116 -                Rank 6 : true
2024-09-11 16:32:48,592 [INFO] ADCParametersView:116 -                Rank 1 : true
2024-09-11 16:32:48,592 [INFO] ADCParametersView:116 -                Rank 2 : true
2024-09-11 16:32:48,592 [INFO] ADCParametersView:116 -                Rank 3 : true
2024-09-11 16:32:48,592 [INFO] ADCParametersView:116 -                Rank 4 : true
2024-09-11 16:32:48,592 [INFO] ADCParametersView:116 -                Rank 5 : true
2024-09-11 16:32:48,592 [INFO] ADCParametersView:116 -                Rank 6 : true
2024-09-11 16:32:48,592 [INFO] ADCParametersView:116 -                Rank 7 : true
2024-09-11 16:32:48,592 [INFO] ADCParametersView:116 -                Rank 1 : true
2024-09-11 16:32:48,592 [INFO] ADCParametersView:116 -                Rank 2 : true
2024-09-11 16:32:48,592 [INFO] ADCParametersView:116 -                Rank 3 : true
2024-09-11 16:32:48,592 [INFO] ADCParametersView:116 -                Rank 4 : true
2024-09-11 16:32:48,592 [INFO] ADCParametersView:116 -                Rank 5 : true
2024-09-11 16:32:48,592 [INFO] ADCParametersView:116 -                Rank 6 : true
2024-09-11 16:32:48,592 [INFO] ADCParametersView:116 -                Rank 7 : true
2024-09-11 16:32:48,593 [INFO] ADCParametersView:116 -                Rank 8 : false
2024-09-11 16:32:50,521 [INFO] ADCParametersView:116 -                Rank 1 : true
2024-09-11 16:32:50,522 [INFO] ADCParametersView:116 -                Rank 2 : true
2024-09-11 16:32:50,522 [INFO] ADCParametersView:116 -                Rank 3 : true
2024-09-11 16:32:50,522 [INFO] ADCParametersView:116 -                Rank 4 : true
2024-09-11 16:32:50,522 [INFO] ADCParametersView:116 -                Rank 5 : true
2024-09-11 16:32:50,522 [INFO] ADCParametersView:116 -                Rank 6 : true
2024-09-11 16:32:50,522 [INFO] ADCParametersView:116 -                Rank 7 : true
2024-09-11 16:32:50,522 [INFO] ADCParametersView:116 -                Rank 8 : true
2024-09-11 16:32:53,265 [INFO] NvicIntPanel:101 - NVIC parent = com.st.microxplorer.plugins.ip.nvic.MultiNvicIntPanel[,0,0,0x0,invalid,layout=javax.swing.BoxLayout,alignmentX=0.0,alignmentY=0.0,border=,flags=9,maximumSize=,minimumSize=,preferredSize=]
2024-09-11 16:32:53,306 [INFO] ADCParametersView:116 -                Rank 1 : true
2024-09-11 16:32:53,306 [INFO] ADCParametersView:116 -                Rank 2 : true
2024-09-11 16:32:53,306 [INFO] ADCParametersView:116 -                Rank 3 : true
2024-09-11 16:32:53,306 [INFO] ADCParametersView:116 -                Rank 4 : true
2024-09-11 16:32:53,306 [INFO] ADCParametersView:116 -                Rank 5 : true
2024-09-11 16:32:53,306 [INFO] ADCParametersView:116 -                Rank 6 : true
2024-09-11 16:32:53,306 [INFO] ADCParametersView:116 -                Rank 7 : true
2024-09-11 16:32:53,306 [INFO] ADCParametersView:116 -                Rank 8 : true
2024-09-11 16:32:53,307 [INFO] ADCParametersView:116 -                Rank 1 : true
2024-09-11 16:32:53,307 [INFO] ADCParametersView:116 -                Rank 2 : true
2024-09-11 16:32:53,307 [INFO] ADCParametersView:116 -                Rank 3 : true
2024-09-11 16:32:53,307 [INFO] ADCParametersView:116 -                Rank 4 : true
2024-09-11 16:32:53,307 [INFO] ADCParametersView:116 -                Rank 5 : true
2024-09-11 16:32:53,307 [INFO] ADCParametersView:116 -                Rank 6 : true
2024-09-11 16:32:53,307 [INFO] ADCParametersView:116 -                Rank 7 : true
2024-09-11 16:32:53,307 [INFO] ADCParametersView:116 -                Rank 8 : true
2024-09-11 16:32:53,308 [INFO] ADCParametersView:116 -                Rank 1 : true
2024-09-11 16:32:53,308 [INFO] ADCParametersView:116 -                Rank 2 : true
2024-09-11 16:32:53,308 [INFO] ADCParametersView:116 -                Rank 3 : true
2024-09-11 16:32:53,308 [INFO] ADCParametersView:116 -                Rank 4 : true
2024-09-11 16:32:53,308 [INFO] ADCParametersView:116 -                Rank 5 : true
2024-09-11 16:32:53,308 [INFO] ADCParametersView:116 -                Rank 6 : true
2024-09-11 16:32:53,308 [INFO] ADCParametersView:116 -                Rank 7 : true
2024-09-11 16:32:53,308 [INFO] ADCParametersView:116 -                Rank 8 : true
2024-09-11 16:32:53,308 [INFO] ADCParametersView:116 -                Rank 1 : true
2024-09-11 16:32:53,308 [INFO] ADCParametersView:116 -                Rank 2 : true
2024-09-11 16:32:53,308 [INFO] ADCParametersView:116 -                Rank 3 : true
2024-09-11 16:32:53,308 [INFO] ADCParametersView:116 -                Rank 4 : true
2024-09-11 16:32:53,308 [INFO] ADCParametersView:116 -                Rank 5 : true
2024-09-11 16:32:53,308 [INFO] ADCParametersView:116 -                Rank 6 : true
2024-09-11 16:32:53,308 [INFO] ADCParametersView:116 -                Rank 7 : true
2024-09-11 16:32:53,308 [INFO] ADCParametersView:116 -                Rank 8 : true
2024-09-11 16:32:53,308 [INFO] ADCParametersView:116 -                Rank 1 : true
2024-09-11 16:32:53,308 [INFO] ADCParametersView:116 -                Rank 2 : true
2024-09-11 16:32:53,308 [INFO] ADCParametersView:116 -                Rank 3 : true
2024-09-11 16:32:53,308 [INFO] ADCParametersView:116 -                Rank 4 : true
2024-09-11 16:32:53,308 [INFO] ADCParametersView:116 -                Rank 5 : true
2024-09-11 16:32:53,308 [INFO] ADCParametersView:116 -                Rank 6 : true
2024-09-11 16:32:53,308 [INFO] ADCParametersView:116 -                Rank 7 : true
2024-09-11 16:32:53,309 [INFO] ADCParametersView:116 -                Rank 8 : true
2024-09-11 16:32:53,309 [INFO] ADCParametersView:116 -                Rank 1 : true
2024-09-11 16:32:53,309 [INFO] ADCParametersView:116 -                Rank 2 : true
2024-09-11 16:32:53,309 [INFO] ADCParametersView:116 -                Rank 3 : true
2024-09-11 16:32:53,309 [INFO] ADCParametersView:116 -                Rank 4 : true
2024-09-11 16:32:53,309 [INFO] ADCParametersView:116 -                Rank 5 : true
2024-09-11 16:32:53,309 [INFO] ADCParametersView:116 -                Rank 6 : true
2024-09-11 16:32:53,309 [INFO] ADCParametersView:116 -                Rank 7 : true
2024-09-11 16:32:53,309 [INFO] ADCParametersView:116 -                Rank 8 : true
2024-09-11 16:32:53,309 [INFO] ADCParametersView:116 -                Rank 1 : true
2024-09-11 16:32:53,309 [INFO] ADCParametersView:116 -                Rank 2 : true
2024-09-11 16:32:53,309 [INFO] ADCParametersView:116 -                Rank 3 : true
2024-09-11 16:32:53,309 [INFO] ADCParametersView:116 -                Rank 4 : true
2024-09-11 16:32:53,309 [INFO] ADCParametersView:116 -                Rank 5 : true
2024-09-11 16:32:53,309 [INFO] ADCParametersView:116 -                Rank 6 : true
2024-09-11 16:32:53,309 [INFO] ADCParametersView:116 -                Rank 7 : true
2024-09-11 16:32:53,309 [INFO] ADCParametersView:116 -                Rank 8 : true
2024-09-11 16:32:53,310 [INFO] ADCParametersView:116 -                Rank 1 : true
2024-09-11 16:32:53,310 [INFO] ADCParametersView:116 -                Rank 2 : true
2024-09-11 16:32:53,310 [INFO] ADCParametersView:116 -                Rank 3 : true
2024-09-11 16:32:53,310 [INFO] ADCParametersView:116 -                Rank 4 : true
2024-09-11 16:32:53,310 [INFO] ADCParametersView:116 -                Rank 5 : true
2024-09-11 16:32:53,310 [INFO] ADCParametersView:116 -                Rank 6 : true
2024-09-11 16:32:53,310 [INFO] ADCParametersView:116 -                Rank 7 : true
2024-09-11 16:32:53,310 [INFO] ADCParametersView:116 -                Rank 8 : true
2024-09-11 16:32:53,310 [INFO] ADCParametersView:116 -                Rank 1 : true
2024-09-11 16:32:53,310 [INFO] ADCParametersView:116 -                Rank 2 : true
2024-09-11 16:32:53,310 [INFO] ADCParametersView:116 -                Rank 3 : true
2024-09-11 16:32:53,310 [INFO] ADCParametersView:116 -                Rank 4 : true
2024-09-11 16:32:53,310 [INFO] ADCParametersView:116 -                Rank 5 : true
2024-09-11 16:32:53,310 [INFO] ADCParametersView:116 -                Rank 6 : true
2024-09-11 16:32:53,310 [INFO] ADCParametersView:116 -                Rank 7 : true
2024-09-11 16:32:53,310 [INFO] ADCParametersView:116 -                Rank 8 : true
2024-09-11 16:32:53,310 [INFO] ADCParametersView:116 -                Rank 1 : true
2024-09-11 16:32:53,310 [INFO] ADCParametersView:116 -                Rank 2 : true
2024-09-11 16:32:53,310 [INFO] ADCParametersView:116 -                Rank 3 : true
2024-09-11 16:32:53,310 [INFO] ADCParametersView:116 -                Rank 4 : true
2024-09-11 16:32:53,310 [INFO] ADCParametersView:116 -                Rank 5 : true
2024-09-11 16:32:53,310 [INFO] ADCParametersView:116 -                Rank 6 : true
2024-09-11 16:32:53,310 [INFO] ADCParametersView:116 -                Rank 7 : true
2024-09-11 16:32:53,310 [INFO] ADCParametersView:116 -                Rank 8 : true
2024-09-11 16:32:53,311 [INFO] ADCParametersView:116 -                Rank 1 : true
2024-09-11 16:32:53,311 [INFO] ADCParametersView:116 -                Rank 2 : true
2024-09-11 16:32:53,311 [INFO] ADCParametersView:116 -                Rank 3 : true
2024-09-11 16:32:53,311 [INFO] ADCParametersView:116 -                Rank 4 : true
2024-09-11 16:32:53,311 [INFO] ADCParametersView:116 -                Rank 5 : true
2024-09-11 16:32:53,311 [INFO] ADCParametersView:116 -                Rank 6 : true
2024-09-11 16:32:53,311 [INFO] ADCParametersView:116 -                Rank 7 : true
2024-09-11 16:32:53,311 [INFO] ADCParametersView:116 -                Rank 8 : true
2024-09-11 16:32:53,311 [INFO] ADCParametersView:116 -                Rank 1 : true
2024-09-11 16:32:53,311 [INFO] ADCParametersView:116 -                Rank 2 : true
2024-09-11 16:32:53,311 [INFO] ADCParametersView:116 -                Rank 3 : true
2024-09-11 16:32:53,311 [INFO] ADCParametersView:116 -                Rank 4 : true
2024-09-11 16:32:53,311 [INFO] ADCParametersView:116 -                Rank 5 : true
2024-09-11 16:32:53,311 [INFO] ADCParametersView:116 -                Rank 6 : true
2024-09-11 16:32:53,311 [INFO] ADCParametersView:116 -                Rank 7 : true
2024-09-11 16:32:53,311 [INFO] ADCParametersView:116 -                Rank 8 : true
2024-09-11 16:32:53,311 [INFO] ADCParametersView:116 -                Rank 1 : true
2024-09-11 16:32:53,311 [INFO] ADCParametersView:116 -                Rank 2 : true
2024-09-11 16:32:53,311 [INFO] ADCParametersView:116 -                Rank 3 : true
2024-09-11 16:32:53,311 [INFO] ADCParametersView:116 -                Rank 4 : true
2024-09-11 16:32:53,311 [INFO] ADCParametersView:116 -                Rank 5 : true
2024-09-11 16:32:53,311 [INFO] ADCParametersView:116 -                Rank 6 : true
2024-09-11 16:32:53,311 [INFO] ADCParametersView:116 -                Rank 7 : true
2024-09-11 16:32:53,311 [INFO] ADCParametersView:116 -                Rank 8 : true
2024-09-11 16:32:53,311 [INFO] ADCParametersView:116 -                Rank 1 : true
2024-09-11 16:32:53,312 [INFO] ADCParametersView:116 -                Rank 2 : true
2024-09-11 16:32:53,312 [INFO] ADCParametersView:116 -                Rank 3 : true
2024-09-11 16:32:53,312 [INFO] ADCParametersView:116 -                Rank 4 : true
2024-09-11 16:32:53,312 [INFO] ADCParametersView:116 -                Rank 5 : true
2024-09-11 16:32:53,312 [INFO] ADCParametersView:116 -                Rank 6 : true
2024-09-11 16:32:53,312 [INFO] ADCParametersView:116 -                Rank 7 : true
2024-09-11 16:32:53,312 [INFO] ADCParametersView:116 -                Rank 8 : true
2024-09-11 16:32:53,312 [INFO] ADCParametersView:116 -                Rank 2 : true
2024-09-11 16:32:53,312 [INFO] ADCParametersView:116 -                Rank 3 : true
2024-09-11 16:32:53,312 [INFO] ADCParametersView:116 -                Rank 4 : true
2024-09-11 16:32:53,312 [INFO] ADCParametersView:116 -                Rank 5 : true
2024-09-11 16:32:53,312 [INFO] ADCParametersView:116 -                Rank 6 : true
2024-09-11 16:32:53,312 [INFO] ADCParametersView:116 -                Rank 7 : true
2024-09-11 16:32:53,312 [INFO] ADCParametersView:116 -                Rank 8 : true
2024-09-11 16:32:53,312 [INFO] ADCParametersView:116 -                Rank 3 : true
2024-09-11 16:32:53,312 [INFO] ADCParametersView:116 -                Rank 4 : true
2024-09-11 16:32:53,312 [INFO] ADCParametersView:116 -                Rank 5 : true
2024-09-11 16:32:53,312 [INFO] ADCParametersView:116 -                Rank 6 : true
2024-09-11 16:32:53,312 [INFO] ADCParametersView:116 -                Rank 7 : true
2024-09-11 16:32:53,312 [INFO] ADCParametersView:116 -                Rank 8 : true
2024-09-11 16:32:53,312 [INFO] ADCParametersView:116 -                Rank 4 : true
2024-09-11 16:32:53,312 [INFO] ADCParametersView:116 -                Rank 5 : true
2024-09-11 16:32:53,312 [INFO] ADCParametersView:116 -                Rank 6 : true
2024-09-11 16:32:53,312 [INFO] ADCParametersView:116 -                Rank 7 : true
2024-09-11 16:32:53,312 [INFO] ADCParametersView:116 -                Rank 8 : true
2024-09-11 16:32:53,312 [INFO] ADCParametersView:116 -                Rank 5 : true
2024-09-11 16:32:53,312 [INFO] ADCParametersView:116 -                Rank 6 : true
2024-09-11 16:32:53,312 [INFO] ADCParametersView:116 -                Rank 7 : true
2024-09-11 16:32:53,313 [INFO] ADCParametersView:116 -                Rank 8 : true
2024-09-11 16:32:53,313 [INFO] ADCParametersView:116 -                Rank 6 : true
2024-09-11 16:32:53,313 [INFO] ADCParametersView:116 -                Rank 7 : true
2024-09-11 16:32:53,313 [INFO] ADCParametersView:116 -                Rank 8 : true
2024-09-11 16:32:53,313 [INFO] ADCParametersView:116 -                Rank 7 : true
2024-09-11 16:32:53,313 [INFO] ADCParametersView:116 -                Rank 8 : true
2024-09-11 16:32:53,313 [INFO] ADCParametersView:116 -                Rank 8 : true
2024-09-11 16:32:53,347 [INFO] ADCParametersView:116 -                Rank 1 : true
2024-09-11 16:32:53,348 [INFO] ADCParametersView:116 -                Rank 1 : true
2024-09-11 16:32:53,348 [INFO] ADCParametersView:116 -                Rank 2 : true
2024-09-11 16:32:53,348 [INFO] ADCParametersView:116 -                Rank 1 : true
2024-09-11 16:32:53,348 [INFO] ADCParametersView:116 -                Rank 2 : true
2024-09-11 16:32:53,348 [INFO] ADCParametersView:116 -                Rank 3 : true
2024-09-11 16:32:53,348 [INFO] ADCParametersView:116 -                Rank 1 : true
2024-09-11 16:32:53,348 [INFO] ADCParametersView:116 -                Rank 2 : true
2024-09-11 16:32:53,348 [INFO] ADCParametersView:116 -                Rank 3 : true
2024-09-11 16:32:53,348 [INFO] ADCParametersView:116 -                Rank 4 : true
2024-09-11 16:32:53,348 [INFO] ADCParametersView:116 -                Rank 1 : true
2024-09-11 16:32:53,348 [INFO] ADCParametersView:116 -                Rank 2 : true
2024-09-11 16:32:53,349 [INFO] ADCParametersView:116 -                Rank 3 : true
2024-09-11 16:32:53,349 [INFO] ADCParametersView:116 -                Rank 4 : true
2024-09-11 16:32:53,349 [INFO] ADCParametersView:116 -                Rank 5 : true
2024-09-11 16:32:53,349 [INFO] ADCParametersView:116 -                Rank 1 : true
2024-09-11 16:32:53,349 [INFO] ADCParametersView:116 -                Rank 2 : true
2024-09-11 16:32:53,349 [INFO] ADCParametersView:116 -                Rank 3 : true
2024-09-11 16:32:53,349 [INFO] ADCParametersView:116 -                Rank 4 : true
2024-09-11 16:32:53,349 [INFO] ADCParametersView:116 -                Rank 5 : true
2024-09-11 16:32:53,349 [INFO] ADCParametersView:116 -                Rank 6 : true
2024-09-11 16:32:53,349 [INFO] ADCParametersView:116 -                Rank 1 : true
2024-09-11 16:32:53,349 [INFO] ADCParametersView:116 -                Rank 2 : true
2024-09-11 16:32:53,349 [INFO] ADCParametersView:116 -                Rank 3 : true
2024-09-11 16:32:53,349 [INFO] ADCParametersView:116 -                Rank 4 : true
2024-09-11 16:32:53,349 [INFO] ADCParametersView:116 -                Rank 5 : true
2024-09-11 16:32:53,349 [INFO] ADCParametersView:116 -                Rank 6 : true
2024-09-11 16:32:53,349 [INFO] ADCParametersView:116 -                Rank 7 : true
2024-09-11 16:32:53,350 [INFO] ADCParametersView:116 -                Rank 1 : true
2024-09-11 16:32:53,350 [INFO] ADCParametersView:116 -                Rank 2 : true
2024-09-11 16:32:53,350 [INFO] ADCParametersView:116 -                Rank 3 : true
2024-09-11 16:32:53,350 [INFO] ADCParametersView:116 -                Rank 4 : true
2024-09-11 16:32:53,350 [INFO] ADCParametersView:116 -                Rank 5 : true
2024-09-11 16:32:53,350 [INFO] ADCParametersView:116 -                Rank 6 : true
2024-09-11 16:32:53,350 [INFO] ADCParametersView:116 -                Rank 7 : true
2024-09-11 16:32:53,350 [INFO] ADCParametersView:116 -                Rank 8 : true
2024-09-11 16:32:56,761 [INFO] NvicIntPanel:101 - NVIC parent = com.st.microxplorer.plugins.ip.nvic.MultiNvicIntPanel[,0,0,0x0,invalid,layout=javax.swing.BoxLayout,alignmentX=0.0,alignmentY=0.0,border=,flags=9,maximumSize=,minimumSize=,preferredSize=]
2024-09-11 16:32:56,809 [INFO] ADCParametersView:116 -                Rank 1 : true
2024-09-11 16:32:56,809 [INFO] ADCParametersView:116 -                Rank 2 : true
2024-09-11 16:32:56,809 [INFO] ADCParametersView:116 -                Rank 3 : true
2024-09-11 16:32:56,809 [INFO] ADCParametersView:116 -                Rank 4 : true
2024-09-11 16:32:56,809 [INFO] ADCParametersView:116 -                Rank 5 : true
2024-09-11 16:32:56,809 [INFO] ADCParametersView:116 -                Rank 6 : true
2024-09-11 16:32:56,809 [INFO] ADCParametersView:116 -                Rank 7 : true
2024-09-11 16:32:56,809 [INFO] ADCParametersView:116 -                Rank 8 : true
2024-09-11 16:32:56,811 [INFO] ADCParametersView:116 -                Rank 1 : true
2024-09-11 16:32:56,811 [INFO] ADCParametersView:116 -                Rank 2 : true
2024-09-11 16:32:56,811 [INFO] ADCParametersView:116 -                Rank 3 : true
2024-09-11 16:32:56,811 [INFO] ADCParametersView:116 -                Rank 4 : true
2024-09-11 16:32:56,811 [INFO] ADCParametersView:116 -                Rank 5 : true
2024-09-11 16:32:56,811 [INFO] ADCParametersView:116 -                Rank 6 : true
2024-09-11 16:32:56,811 [INFO] ADCParametersView:116 -                Rank 7 : true
2024-09-11 16:32:56,811 [INFO] ADCParametersView:116 -                Rank 8 : true
2024-09-11 16:32:56,812 [INFO] ADCParametersView:116 -                Rank 1 : true
2024-09-11 16:32:56,812 [INFO] ADCParametersView:116 -                Rank 2 : true
2024-09-11 16:32:56,812 [INFO] ADCParametersView:116 -                Rank 3 : true
2024-09-11 16:32:56,812 [INFO] ADCParametersView:116 -                Rank 4 : true
2024-09-11 16:32:56,812 [INFO] ADCParametersView:116 -                Rank 5 : true
2024-09-11 16:32:56,812 [INFO] ADCParametersView:116 -                Rank 6 : true
2024-09-11 16:32:56,812 [INFO] ADCParametersView:116 -                Rank 7 : true
2024-09-11 16:32:56,812 [INFO] ADCParametersView:116 -                Rank 8 : true
2024-09-11 16:32:56,812 [INFO] ADCParametersView:116 -                Rank 1 : true
2024-09-11 16:32:56,812 [INFO] ADCParametersView:116 -                Rank 2 : true
2024-09-11 16:32:56,812 [INFO] ADCParametersView:116 -                Rank 3 : true
2024-09-11 16:32:56,812 [INFO] ADCParametersView:116 -                Rank 4 : true
2024-09-11 16:32:56,812 [INFO] ADCParametersView:116 -                Rank 5 : true
2024-09-11 16:32:56,812 [INFO] ADCParametersView:116 -                Rank 6 : true
2024-09-11 16:32:56,812 [INFO] ADCParametersView:116 -                Rank 7 : true
2024-09-11 16:32:56,812 [INFO] ADCParametersView:116 -                Rank 8 : true
2024-09-11 16:32:56,812 [INFO] ADCParametersView:116 -                Rank 1 : true
2024-09-11 16:32:56,812 [INFO] ADCParametersView:116 -                Rank 2 : true
2024-09-11 16:32:56,812 [INFO] ADCParametersView:116 -                Rank 3 : true
2024-09-11 16:32:56,812 [INFO] ADCParametersView:116 -                Rank 4 : true
2024-09-11 16:32:56,813 [INFO] ADCParametersView:116 -                Rank 5 : true
2024-09-11 16:32:56,813 [INFO] ADCParametersView:116 -                Rank 6 : true
2024-09-11 16:32:56,813 [INFO] ADCParametersView:116 -                Rank 7 : true
2024-09-11 16:32:56,813 [INFO] ADCParametersView:116 -                Rank 8 : true
2024-09-11 16:32:56,813 [INFO] ADCParametersView:116 -                Rank 1 : true
2024-09-11 16:32:56,813 [INFO] ADCParametersView:116 -                Rank 2 : true
2024-09-11 16:32:56,813 [INFO] ADCParametersView:116 -                Rank 3 : true
2024-09-11 16:32:56,813 [INFO] ADCParametersView:116 -                Rank 4 : true
2024-09-11 16:32:56,813 [INFO] ADCParametersView:116 -                Rank 5 : true
2024-09-11 16:32:56,813 [INFO] ADCParametersView:116 -                Rank 6 : true
2024-09-11 16:32:56,813 [INFO] ADCParametersView:116 -                Rank 7 : true
2024-09-11 16:32:56,813 [INFO] ADCParametersView:116 -                Rank 8 : true
2024-09-11 16:32:56,813 [INFO] ADCParametersView:116 -                Rank 1 : true
2024-09-11 16:32:56,813 [INFO] ADCParametersView:116 -                Rank 2 : true
2024-09-11 16:32:56,813 [INFO] ADCParametersView:116 -                Rank 3 : true
2024-09-11 16:32:56,813 [INFO] ADCParametersView:116 -                Rank 4 : true
2024-09-11 16:32:56,813 [INFO] ADCParametersView:116 -                Rank 5 : true
2024-09-11 16:32:56,813 [INFO] ADCParametersView:116 -                Rank 6 : true
2024-09-11 16:32:56,813 [INFO] ADCParametersView:116 -                Rank 7 : true
2024-09-11 16:32:56,813 [INFO] ADCParametersView:116 -                Rank 8 : true
2024-09-11 16:32:56,814 [INFO] ADCParametersView:116 -                Rank 1 : true
2024-09-11 16:32:56,814 [INFO] ADCParametersView:116 -                Rank 2 : true
2024-09-11 16:32:56,814 [INFO] ADCParametersView:116 -                Rank 3 : true
2024-09-11 16:32:56,814 [INFO] ADCParametersView:116 -                Rank 4 : true
2024-09-11 16:32:56,814 [INFO] ADCParametersView:116 -                Rank 5 : true
2024-09-11 16:32:56,814 [INFO] ADCParametersView:116 -                Rank 6 : true
2024-09-11 16:32:56,814 [INFO] ADCParametersView:116 -                Rank 7 : true
2024-09-11 16:32:56,814 [INFO] ADCParametersView:116 -                Rank 8 : true
2024-09-11 16:32:56,814 [INFO] ADCParametersView:116 -                Rank 1 : true
2024-09-11 16:32:56,814 [INFO] ADCParametersView:116 -                Rank 2 : true
2024-09-11 16:32:56,814 [INFO] ADCParametersView:116 -                Rank 3 : true
2024-09-11 16:32:56,814 [INFO] ADCParametersView:116 -                Rank 4 : true
2024-09-11 16:32:56,814 [INFO] ADCParametersView:116 -                Rank 5 : true
2024-09-11 16:32:56,814 [INFO] ADCParametersView:116 -                Rank 6 : true
2024-09-11 16:32:56,814 [INFO] ADCParametersView:116 -                Rank 7 : true
2024-09-11 16:32:56,814 [INFO] ADCParametersView:116 -                Rank 8 : true
2024-09-11 16:32:56,814 [INFO] ADCParametersView:116 -                Rank 1 : true
2024-09-11 16:32:56,814 [INFO] ADCParametersView:116 -                Rank 2 : true
2024-09-11 16:32:56,814 [INFO] ADCParametersView:116 -                Rank 3 : true
2024-09-11 16:32:56,814 [INFO] ADCParametersView:116 -                Rank 4 : true
2024-09-11 16:32:56,814 [INFO] ADCParametersView:116 -                Rank 5 : true
2024-09-11 16:32:56,814 [INFO] ADCParametersView:116 -                Rank 6 : true
2024-09-11 16:32:56,814 [INFO] ADCParametersView:116 -                Rank 7 : true
2024-09-11 16:32:56,814 [INFO] ADCParametersView:116 -                Rank 8 : true
2024-09-11 16:32:56,815 [INFO] ADCParametersView:116 -                Rank 1 : true
2024-09-11 16:32:56,815 [INFO] ADCParametersView:116 -                Rank 2 : true
2024-09-11 16:32:56,815 [INFO] ADCParametersView:116 -                Rank 3 : true
2024-09-11 16:32:56,815 [INFO] ADCParametersView:116 -                Rank 4 : true
2024-09-11 16:32:56,815 [INFO] ADCParametersView:116 -                Rank 5 : true
2024-09-11 16:32:56,815 [INFO] ADCParametersView:116 -                Rank 6 : true
2024-09-11 16:32:56,815 [INFO] ADCParametersView:116 -                Rank 7 : true
2024-09-11 16:32:56,815 [INFO] ADCParametersView:116 -                Rank 8 : true
2024-09-11 16:32:56,815 [INFO] ADCParametersView:116 -                Rank 1 : true
2024-09-11 16:32:56,815 [INFO] ADCParametersView:116 -                Rank 2 : true
2024-09-11 16:32:56,815 [INFO] ADCParametersView:116 -                Rank 3 : true
2024-09-11 16:32:56,815 [INFO] ADCParametersView:116 -                Rank 4 : true
2024-09-11 16:32:56,815 [INFO] ADCParametersView:116 -                Rank 5 : true
2024-09-11 16:32:56,815 [INFO] ADCParametersView:116 -                Rank 6 : true
2024-09-11 16:32:56,815 [INFO] ADCParametersView:116 -                Rank 7 : true
2024-09-11 16:32:56,815 [INFO] ADCParametersView:116 -                Rank 8 : true
2024-09-11 16:32:56,815 [INFO] ADCParametersView:116 -                Rank 1 : true
2024-09-11 16:32:56,815 [INFO] ADCParametersView:116 -                Rank 2 : true
2024-09-11 16:32:56,815 [INFO] ADCParametersView:116 -                Rank 3 : true
2024-09-11 16:32:56,815 [INFO] ADCParametersView:116 -                Rank 4 : true
2024-09-11 16:32:56,815 [INFO] ADCParametersView:116 -                Rank 5 : true
2024-09-11 16:32:56,815 [INFO] ADCParametersView:116 -                Rank 6 : true
2024-09-11 16:32:56,815 [INFO] ADCParametersView:116 -                Rank 7 : true
2024-09-11 16:32:56,815 [INFO] ADCParametersView:116 -                Rank 8 : true
2024-09-11 16:32:56,816 [INFO] ADCParametersView:116 -                Rank 1 : true
2024-09-11 16:32:56,816 [INFO] ADCParametersView:116 -                Rank 2 : true
2024-09-11 16:32:56,816 [INFO] ADCParametersView:116 -                Rank 3 : true
2024-09-11 16:32:56,816 [INFO] ADCParametersView:116 -                Rank 4 : true
2024-09-11 16:32:56,816 [INFO] ADCParametersView:116 -                Rank 5 : true
2024-09-11 16:32:56,816 [INFO] ADCParametersView:116 -                Rank 6 : true
2024-09-11 16:32:56,816 [INFO] ADCParametersView:116 -                Rank 7 : true
2024-09-11 16:32:56,816 [INFO] ADCParametersView:116 -                Rank 8 : true
2024-09-11 16:32:56,816 [INFO] ADCParametersView:116 -                Rank 2 : true
2024-09-11 16:32:56,816 [INFO] ADCParametersView:116 -                Rank 3 : true
2024-09-11 16:32:56,816 [INFO] ADCParametersView:116 -                Rank 4 : true
2024-09-11 16:32:56,816 [INFO] ADCParametersView:116 -                Rank 5 : true
2024-09-11 16:32:56,816 [INFO] ADCParametersView:116 -                Rank 6 : true
2024-09-11 16:32:56,816 [INFO] ADCParametersView:116 -                Rank 7 : true
2024-09-11 16:32:56,816 [INFO] ADCParametersView:116 -                Rank 8 : true
2024-09-11 16:32:56,816 [INFO] ADCParametersView:116 -                Rank 3 : true
2024-09-11 16:32:56,816 [INFO] ADCParametersView:116 -                Rank 4 : true
2024-09-11 16:32:56,816 [INFO] ADCParametersView:116 -                Rank 5 : true
2024-09-11 16:32:56,816 [INFO] ADCParametersView:116 -                Rank 6 : true
2024-09-11 16:32:56,816 [INFO] ADCParametersView:116 -                Rank 7 : true
2024-09-11 16:32:56,816 [INFO] ADCParametersView:116 -                Rank 8 : true
2024-09-11 16:32:56,816 [INFO] ADCParametersView:116 -                Rank 4 : true
2024-09-11 16:32:56,816 [INFO] ADCParametersView:116 -                Rank 5 : true
2024-09-11 16:32:56,816 [INFO] ADCParametersView:116 -                Rank 6 : true
2024-09-11 16:32:56,816 [INFO] ADCParametersView:116 -                Rank 7 : true
2024-09-11 16:32:56,816 [INFO] ADCParametersView:116 -                Rank 8 : true
2024-09-11 16:32:56,817 [INFO] ADCParametersView:116 -                Rank 5 : true
2024-09-11 16:32:56,817 [INFO] ADCParametersView:116 -                Rank 6 : true
2024-09-11 16:32:56,817 [INFO] ADCParametersView:116 -                Rank 7 : true
2024-09-11 16:32:56,817 [INFO] ADCParametersView:116 -                Rank 8 : true
2024-09-11 16:32:56,817 [INFO] ADCParametersView:116 -                Rank 6 : true
2024-09-11 16:32:56,817 [INFO] ADCParametersView:116 -                Rank 7 : true
2024-09-11 16:32:56,817 [INFO] ADCParametersView:116 -                Rank 8 : true
2024-09-11 16:32:56,817 [INFO] ADCParametersView:116 -                Rank 7 : true
2024-09-11 16:32:56,817 [INFO] ADCParametersView:116 -                Rank 8 : true
2024-09-11 16:32:56,817 [INFO] ADCParametersView:116 -                Rank 8 : true
2024-09-11 16:32:56,853 [INFO] ADCParametersView:116 -                Rank 1 : true
2024-09-11 16:32:56,853 [INFO] ADCParametersView:116 -                Rank 1 : true
2024-09-11 16:32:56,853 [INFO] ADCParametersView:116 -                Rank 2 : true
2024-09-11 16:32:56,853 [INFO] ADCParametersView:116 -                Rank 1 : true
2024-09-11 16:32:56,853 [INFO] ADCParametersView:116 -                Rank 2 : true
2024-09-11 16:32:56,853 [INFO] ADCParametersView:116 -                Rank 3 : true
2024-09-11 16:32:56,854 [INFO] ADCParametersView:116 -                Rank 1 : true
2024-09-11 16:32:56,854 [INFO] ADCParametersView:116 -                Rank 2 : true
2024-09-11 16:32:56,854 [INFO] ADCParametersView:116 -                Rank 3 : true
2024-09-11 16:32:56,854 [INFO] ADCParametersView:116 -                Rank 4 : true
2024-09-11 16:32:56,854 [INFO] ADCParametersView:116 -                Rank 1 : true
2024-09-11 16:32:56,854 [INFO] ADCParametersView:116 -                Rank 2 : true
2024-09-11 16:32:56,854 [INFO] ADCParametersView:116 -                Rank 3 : true
2024-09-11 16:32:56,854 [INFO] ADCParametersView:116 -                Rank 4 : true
2024-09-11 16:32:56,854 [INFO] ADCParametersView:116 -                Rank 5 : true
2024-09-11 16:32:56,854 [INFO] ADCParametersView:116 -                Rank 1 : true
2024-09-11 16:32:56,854 [INFO] ADCParametersView:116 -                Rank 2 : true
2024-09-11 16:32:56,854 [INFO] ADCParametersView:116 -                Rank 3 : true
2024-09-11 16:32:56,854 [INFO] ADCParametersView:116 -                Rank 4 : true
2024-09-11 16:32:56,855 [INFO] ADCParametersView:116 -                Rank 5 : true
2024-09-11 16:32:56,855 [INFO] ADCParametersView:116 -                Rank 6 : true
2024-09-11 16:32:56,855 [INFO] ADCParametersView:116 -                Rank 1 : true
2024-09-11 16:32:56,855 [INFO] ADCParametersView:116 -                Rank 2 : true
2024-09-11 16:32:56,855 [INFO] ADCParametersView:116 -                Rank 3 : true
2024-09-11 16:32:56,855 [INFO] ADCParametersView:116 -                Rank 4 : true
2024-09-11 16:32:56,855 [INFO] ADCParametersView:116 -                Rank 5 : true
2024-09-11 16:32:56,855 [INFO] ADCParametersView:116 -                Rank 6 : true
2024-09-11 16:32:56,855 [INFO] ADCParametersView:116 -                Rank 7 : true
2024-09-11 16:32:56,856 [INFO] ADCParametersView:116 -                Rank 1 : true
2024-09-11 16:32:56,856 [INFO] ADCParametersView:116 -                Rank 2 : true
2024-09-11 16:32:56,856 [INFO] ADCParametersView:116 -                Rank 3 : true
2024-09-11 16:32:56,856 [INFO] ADCParametersView:116 -                Rank 4 : true
2024-09-11 16:32:56,856 [INFO] ADCParametersView:116 -                Rank 5 : true
2024-09-11 16:32:56,856 [INFO] ADCParametersView:116 -                Rank 6 : true
2024-09-11 16:32:56,856 [INFO] ADCParametersView:116 -                Rank 7 : true
2024-09-11 16:32:56,856 [INFO] ADCParametersView:116 -                Rank 8 : true
2024-09-11 16:33:51,578 [INFO] ADCParametersView:116 -                Rank 1 : true
2024-09-11 16:33:51,581 [INFO] ADCParametersView:116 -                Rank 2 : true
2024-09-11 16:33:51,581 [INFO] ADCParametersView:116 -                Rank 3 : true
2024-09-11 16:33:51,581 [INFO] ADCParametersView:116 -                Rank 4 : true
2024-09-11 16:33:51,581 [INFO] ADCParametersView:116 -                Rank 5 : true
2024-09-11 16:33:51,581 [INFO] ADCParametersView:116 -                Rank 6 : true
2024-09-11 16:33:51,581 [INFO] ADCParametersView:116 -                Rank 7 : true
2024-09-11 16:33:51,581 [INFO] ADCParametersView:116 -                Rank 8 : true
2024-09-11 16:33:51,590 [INFO] ADCParametersView:116 -                Rank 1 : true
2024-09-11 16:33:51,590 [INFO] ADCParametersView:116 -                Rank 2 : true
2024-09-11 16:33:51,590 [INFO] ADCParametersView:116 -                Rank 3 : true
2024-09-11 16:33:51,590 [INFO] ADCParametersView:116 -                Rank 4 : true
2024-09-11 16:33:51,590 [INFO] ADCParametersView:116 -                Rank 5 : true
2024-09-11 16:33:51,590 [INFO] ADCParametersView:116 -                Rank 6 : true
2024-09-11 16:33:51,590 [INFO] ADCParametersView:116 -                Rank 7 : true
2024-09-11 16:33:51,590 [INFO] ADCParametersView:116 -                Rank 8 : true
2024-09-11 16:33:51,590 [INFO] ADCParametersView:116 -                Rank 1 : true
2024-09-11 16:33:51,590 [INFO] ADCParametersView:116 -                Rank 2 : true
2024-09-11 16:33:51,590 [INFO] ADCParametersView:116 -                Rank 3 : true
2024-09-11 16:33:51,590 [INFO] ADCParametersView:116 -                Rank 4 : true
2024-09-11 16:33:51,590 [INFO] ADCParametersView:116 -                Rank 5 : true
2024-09-11 16:33:51,590 [INFO] ADCParametersView:116 -                Rank 6 : true
2024-09-11 16:33:51,590 [INFO] ADCParametersView:116 -                Rank 7 : true
2024-09-11 16:33:51,590 [INFO] ADCParametersView:116 -                Rank 8 : true
2024-09-11 16:33:51,591 [INFO] ADCParametersView:116 -                Rank 1 : true
2024-09-11 16:33:51,591 [INFO] ADCParametersView:116 -                Rank 2 : true
2024-09-11 16:33:51,591 [INFO] ADCParametersView:116 -                Rank 3 : true
2024-09-11 16:33:51,591 [INFO] ADCParametersView:116 -                Rank 4 : true
2024-09-11 16:33:51,591 [INFO] ADCParametersView:116 -                Rank 5 : true
2024-09-11 16:33:51,591 [INFO] ADCParametersView:116 -                Rank 6 : true
2024-09-11 16:33:51,591 [INFO] ADCParametersView:116 -                Rank 7 : true
2024-09-11 16:33:51,591 [INFO] ADCParametersView:116 -                Rank 8 : true
2024-09-11 16:33:51,591 [INFO] ADCParametersView:116 -                Rank 1 : true
2024-09-11 16:33:51,591 [INFO] ADCParametersView:116 -                Rank 2 : true
2024-09-11 16:33:51,591 [INFO] ADCParametersView:116 -                Rank 3 : true
2024-09-11 16:33:51,591 [INFO] ADCParametersView:116 -                Rank 4 : true
2024-09-11 16:33:51,591 [INFO] ADCParametersView:116 -                Rank 5 : true
2024-09-11 16:33:51,591 [INFO] ADCParametersView:116 -                Rank 6 : true
2024-09-11 16:33:51,591 [INFO] ADCParametersView:116 -                Rank 7 : true
2024-09-11 16:33:51,591 [INFO] ADCParametersView:116 -                Rank 8 : true
2024-09-11 16:33:51,591 [INFO] ADCParametersView:116 -                Rank 1 : true
2024-09-11 16:33:51,591 [INFO] ADCParametersView:116 -                Rank 2 : true
2024-09-11 16:33:51,591 [INFO] ADCParametersView:116 -                Rank 3 : true
2024-09-11 16:33:51,592 [INFO] ADCParametersView:116 -                Rank 4 : true
2024-09-11 16:33:51,592 [INFO] ADCParametersView:116 -                Rank 5 : true
2024-09-11 16:33:51,592 [INFO] ADCParametersView:116 -                Rank 6 : true
2024-09-11 16:33:51,592 [INFO] ADCParametersView:116 -                Rank 7 : true
2024-09-11 16:33:51,592 [INFO] ADCParametersView:116 -                Rank 8 : true
2024-09-11 16:33:51,592 [INFO] ADCParametersView:116 -                Rank 1 : true
2024-09-11 16:33:51,592 [INFO] ADCParametersView:116 -                Rank 2 : true
2024-09-11 16:33:51,592 [INFO] ADCParametersView:116 -                Rank 3 : true
2024-09-11 16:33:51,592 [INFO] ADCParametersView:116 -                Rank 4 : true
2024-09-11 16:33:51,592 [INFO] ADCParametersView:116 -                Rank 5 : true
2024-09-11 16:33:51,592 [INFO] ADCParametersView:116 -                Rank 6 : true
2024-09-11 16:33:51,592 [INFO] ADCParametersView:116 -                Rank 7 : true
2024-09-11 16:33:51,592 [INFO] ADCParametersView:116 -                Rank 8 : true
2024-09-11 16:33:51,592 [INFO] ADCParametersView:116 -                Rank 1 : true
2024-09-11 16:33:51,592 [INFO] ADCParametersView:116 -                Rank 2 : true
2024-09-11 16:33:51,592 [INFO] ADCParametersView:116 -                Rank 3 : true
2024-09-11 16:33:51,592 [INFO] ADCParametersView:116 -                Rank 4 : true
2024-09-11 16:33:51,592 [INFO] ADCParametersView:116 -                Rank 5 : true
2024-09-11 16:33:51,592 [INFO] ADCParametersView:116 -                Rank 6 : true
2024-09-11 16:33:51,592 [INFO] ADCParametersView:116 -                Rank 7 : true
2024-09-11 16:33:51,592 [INFO] ADCParametersView:116 -                Rank 8 : true
2024-09-11 16:33:51,593 [INFO] ADCParametersView:116 -                Rank 1 : true
2024-09-11 16:33:51,593 [INFO] ADCParametersView:116 -                Rank 2 : true
2024-09-11 16:33:51,593 [INFO] ADCParametersView:116 -                Rank 3 : true
2024-09-11 16:33:51,593 [INFO] ADCParametersView:116 -                Rank 4 : true
2024-09-11 16:33:51,593 [INFO] ADCParametersView:116 -                Rank 5 : true
2024-09-11 16:33:51,593 [INFO] ADCParametersView:116 -                Rank 6 : true
2024-09-11 16:33:51,593 [INFO] ADCParametersView:116 -                Rank 7 : true
2024-09-11 16:33:51,593 [INFO] ADCParametersView:116 -                Rank 8 : true
2024-09-11 16:33:51,593 [INFO] ADCParametersView:116 -                Rank 1 : true
2024-09-11 16:33:51,593 [INFO] ADCParametersView:116 -                Rank 2 : true
2024-09-11 16:33:51,593 [INFO] ADCParametersView:116 -                Rank 3 : true
2024-09-11 16:33:51,593 [INFO] ADCParametersView:116 -                Rank 4 : true
2024-09-11 16:33:51,593 [INFO] ADCParametersView:116 -                Rank 5 : true
2024-09-11 16:33:51,593 [INFO] ADCParametersView:116 -                Rank 6 : true
2024-09-11 16:33:51,593 [INFO] ADCParametersView:116 -                Rank 7 : true
2024-09-11 16:33:51,593 [INFO] ADCParametersView:116 -                Rank 8 : true
2024-09-11 16:33:51,593 [INFO] ADCParametersView:116 -                Rank 1 : true
2024-09-11 16:33:51,593 [INFO] ADCParametersView:116 -                Rank 2 : true
2024-09-11 16:33:51,593 [INFO] ADCParametersView:116 -                Rank 3 : true
2024-09-11 16:33:51,593 [INFO] ADCParametersView:116 -                Rank 4 : true
2024-09-11 16:33:51,593 [INFO] ADCParametersView:116 -                Rank 5 : true
2024-09-11 16:33:51,593 [INFO] ADCParametersView:116 -                Rank 6 : true
2024-09-11 16:33:51,593 [INFO] ADCParametersView:116 -                Rank 7 : true
2024-09-11 16:33:51,593 [INFO] ADCParametersView:116 -                Rank 8 : true
2024-09-11 16:33:51,594 [INFO] ADCParametersView:116 -                Rank 1 : true
2024-09-11 16:33:51,594 [INFO] ADCParametersView:116 -                Rank 2 : true
2024-09-11 16:33:51,594 [INFO] ADCParametersView:116 -                Rank 3 : true
2024-09-11 16:33:51,594 [INFO] ADCParametersView:116 -                Rank 4 : true
2024-09-11 16:33:51,594 [INFO] ADCParametersView:116 -                Rank 5 : true
2024-09-11 16:33:51,594 [INFO] ADCParametersView:116 -                Rank 6 : true
2024-09-11 16:33:51,594 [INFO] ADCParametersView:116 -                Rank 7 : true
2024-09-11 16:33:51,594 [INFO] ADCParametersView:116 -                Rank 8 : true
2024-09-11 16:33:51,594 [INFO] ADCParametersView:116 -                Rank 1 : true
2024-09-11 16:33:51,594 [INFO] ADCParametersView:116 -                Rank 2 : true
2024-09-11 16:33:51,594 [INFO] ADCParametersView:116 -                Rank 3 : true
2024-09-11 16:33:51,594 [INFO] ADCParametersView:116 -                Rank 4 : true
2024-09-11 16:33:51,594 [INFO] ADCParametersView:116 -                Rank 5 : true
2024-09-11 16:33:51,594 [INFO] ADCParametersView:116 -                Rank 6 : true
2024-09-11 16:33:51,594 [INFO] ADCParametersView:116 -                Rank 7 : true
2024-09-11 16:33:51,594 [INFO] ADCParametersView:116 -                Rank 8 : true
2024-09-11 16:33:51,594 [INFO] ADCParametersView:116 -                Rank 1 : true
2024-09-11 16:33:51,594 [INFO] ADCParametersView:116 -                Rank 2 : true
2024-09-11 16:33:51,594 [INFO] ADCParametersView:116 -                Rank 3 : true
2024-09-11 16:33:51,594 [INFO] ADCParametersView:116 -                Rank 4 : true
2024-09-11 16:33:51,594 [INFO] ADCParametersView:116 -                Rank 5 : true
2024-09-11 16:33:51,594 [INFO] ADCParametersView:116 -                Rank 6 : true
2024-09-11 16:33:51,594 [INFO] ADCParametersView:116 -                Rank 7 : true
2024-09-11 16:33:51,594 [INFO] ADCParametersView:116 -                Rank 8 : true
2024-09-11 16:33:51,595 [INFO] ADCParametersView:116 -                Rank 2 : true
2024-09-11 16:33:51,595 [INFO] ADCParametersView:116 -                Rank 3 : true
2024-09-11 16:33:51,595 [INFO] ADCParametersView:116 -                Rank 4 : true
2024-09-11 16:33:51,595 [INFO] ADCParametersView:116 -                Rank 5 : true
2024-09-11 16:33:51,595 [INFO] ADCParametersView:116 -                Rank 6 : true
2024-09-11 16:33:51,595 [INFO] ADCParametersView:116 -                Rank 7 : true
2024-09-11 16:33:51,595 [INFO] ADCParametersView:116 -                Rank 8 : true
2024-09-11 16:33:51,595 [INFO] ADCParametersView:116 -                Rank 3 : true
2024-09-11 16:33:51,595 [INFO] ADCParametersView:116 -                Rank 4 : true
2024-09-11 16:33:51,595 [INFO] ADCParametersView:116 -                Rank 5 : true
2024-09-11 16:33:51,595 [INFO] ADCParametersView:116 -                Rank 6 : true
2024-09-11 16:33:51,595 [INFO] ADCParametersView:116 -                Rank 7 : true
2024-09-11 16:33:51,595 [INFO] ADCParametersView:116 -                Rank 8 : true
2024-09-11 16:33:51,595 [INFO] ADCParametersView:116 -                Rank 4 : true
2024-09-11 16:33:51,595 [INFO] ADCParametersView:116 -                Rank 5 : true
2024-09-11 16:33:51,595 [INFO] ADCParametersView:116 -                Rank 6 : true
2024-09-11 16:33:51,595 [INFO] ADCParametersView:116 -                Rank 7 : true
2024-09-11 16:33:51,595 [INFO] ADCParametersView:116 -                Rank 8 : true
2024-09-11 16:33:51,595 [INFO] ADCParametersView:116 -                Rank 5 : true
2024-09-11 16:33:51,595 [INFO] ADCParametersView:116 -                Rank 6 : true
2024-09-11 16:33:51,595 [INFO] ADCParametersView:116 -                Rank 7 : true
2024-09-11 16:33:51,595 [INFO] ADCParametersView:116 -                Rank 8 : true
2024-09-11 16:33:51,595 [INFO] ADCParametersView:116 -                Rank 6 : true
2024-09-11 16:33:51,595 [INFO] ADCParametersView:116 -                Rank 7 : true
2024-09-11 16:33:51,595 [INFO] ADCParametersView:116 -                Rank 8 : true
2024-09-11 16:33:51,596 [INFO] ADCParametersView:116 -                Rank 7 : true
2024-09-11 16:33:51,596 [INFO] ADCParametersView:116 -                Rank 8 : true
2024-09-11 16:33:51,596 [INFO] ADCParametersView:116 -                Rank 8 : true
2024-09-11 16:33:51,645 [INFO] ADCParametersView:116 -                Rank 1 : true
2024-09-11 16:33:51,645 [INFO] ADCParametersView:116 -                Rank 1 : true
2024-09-11 16:33:51,645 [INFO] ADCParametersView:116 -                Rank 2 : true
2024-09-11 16:33:51,645 [INFO] ADCParametersView:116 -                Rank 1 : true
2024-09-11 16:33:51,645 [INFO] ADCParametersView:116 -                Rank 2 : true
2024-09-11 16:33:51,645 [INFO] ADCParametersView:116 -                Rank 3 : true
2024-09-11 16:33:51,646 [INFO] ADCParametersView:116 -                Rank 1 : true
2024-09-11 16:33:51,646 [INFO] ADCParametersView:116 -                Rank 2 : true
2024-09-11 16:33:51,646 [INFO] ADCParametersView:116 -                Rank 3 : true
2024-09-11 16:33:51,646 [INFO] ADCParametersView:116 -                Rank 4 : true
2024-09-11 16:33:51,646 [INFO] ADCParametersView:116 -                Rank 1 : true
2024-09-11 16:33:51,646 [INFO] ADCParametersView:116 -                Rank 2 : true
2024-09-11 16:33:51,646 [INFO] ADCParametersView:116 -                Rank 3 : true
2024-09-11 16:33:51,646 [INFO] ADCParametersView:116 -                Rank 4 : true
2024-09-11 16:33:51,646 [INFO] ADCParametersView:116 -                Rank 5 : true
2024-09-11 16:33:51,646 [INFO] ADCParametersView:116 -                Rank 1 : true
2024-09-11 16:33:51,646 [INFO] ADCParametersView:116 -                Rank 2 : true
2024-09-11 16:33:51,646 [INFO] ADCParametersView:116 -                Rank 3 : true
2024-09-11 16:33:51,646 [INFO] ADCParametersView:116 -                Rank 4 : true
2024-09-11 16:33:51,646 [INFO] ADCParametersView:116 -                Rank 5 : true
2024-09-11 16:33:51,646 [INFO] ADCParametersView:116 -                Rank 6 : true
2024-09-11 16:33:51,647 [INFO] ADCParametersView:116 -                Rank 1 : true
2024-09-11 16:33:51,647 [INFO] ADCParametersView:116 -                Rank 2 : true
2024-09-11 16:33:51,647 [INFO] ADCParametersView:116 -                Rank 3 : true
2024-09-11 16:33:51,647 [INFO] ADCParametersView:116 -                Rank 4 : true
2024-09-11 16:33:51,647 [INFO] ADCParametersView:116 -                Rank 5 : true
2024-09-11 16:33:51,647 [INFO] ADCParametersView:116 -                Rank 6 : true
2024-09-11 16:33:51,647 [INFO] ADCParametersView:116 -                Rank 7 : true
2024-09-11 16:33:51,647 [INFO] ADCParametersView:116 -                Rank 1 : true
2024-09-11 16:33:51,647 [INFO] ADCParametersView:116 -                Rank 2 : true
2024-09-11 16:33:51,647 [INFO] ADCParametersView:116 -                Rank 3 : true
2024-09-11 16:33:51,647 [INFO] ADCParametersView:116 -                Rank 4 : true
2024-09-11 16:33:51,647 [INFO] ADCParametersView:116 -                Rank 5 : true
2024-09-11 16:33:51,647 [INFO] ADCParametersView:116 -                Rank 6 : true
2024-09-11 16:33:51,647 [INFO] ADCParametersView:116 -                Rank 7 : true
2024-09-11 16:33:51,647 [INFO] ADCParametersView:116 -                Rank 8 : true
2024-09-11 16:33:51,728 [INFO] ADCParametersView:116 -                Rank 1 : true
2024-09-11 16:33:51,729 [INFO] ADCParametersView:116 -                Rank 2 : true
2024-09-11 16:33:51,729 [INFO] ADCParametersView:116 -                Rank 3 : true
2024-09-11 16:33:51,729 [INFO] ADCParametersView:116 -                Rank 4 : true
2024-09-11 16:33:51,729 [INFO] ADCParametersView:116 -                Rank 5 : true
2024-09-11 16:33:51,729 [INFO] ADCParametersView:116 -                Rank 6 : true
2024-09-11 16:33:51,729 [INFO] ADCParametersView:116 -                Rank 7 : true
2024-09-11 16:33:51,729 [INFO] ADCParametersView:116 -                Rank 8 : true
2024-09-11 16:33:51,730 [INFO] ADCParametersView:116 -                Rank 1 : true
2024-09-11 16:33:51,730 [INFO] ADCParametersView:116 -                Rank 2 : true
2024-09-11 16:33:51,730 [INFO] ADCParametersView:116 -                Rank 3 : true
2024-09-11 16:33:51,730 [INFO] ADCParametersView:116 -                Rank 4 : true
2024-09-11 16:33:51,731 [INFO] ADCParametersView:116 -                Rank 5 : true
2024-09-11 16:33:51,731 [INFO] ADCParametersView:116 -                Rank 6 : true
2024-09-11 16:33:51,731 [INFO] ADCParametersView:116 -                Rank 7 : true
2024-09-11 16:33:51,731 [INFO] ADCParametersView:116 -                Rank 8 : true
2024-09-11 16:33:51,731 [INFO] ADCParametersView:116 -                Rank 1 : true
2024-09-11 16:33:51,731 [INFO] ADCParametersView:116 -                Rank 2 : true
2024-09-11 16:33:51,731 [INFO] ADCParametersView:116 -                Rank 3 : true
2024-09-11 16:33:51,731 [INFO] ADCParametersView:116 -                Rank 4 : true
2024-09-11 16:33:51,731 [INFO] ADCParametersView:116 -                Rank 5 : true
2024-09-11 16:33:51,731 [INFO] ADCParametersView:116 -                Rank 6 : true
2024-09-11 16:33:51,731 [INFO] ADCParametersView:116 -                Rank 7 : true
2024-09-11 16:33:51,731 [INFO] ADCParametersView:116 -                Rank 8 : true
2024-09-11 16:33:51,732 [INFO] ADCParametersView:116 -                Rank 1 : true
2024-09-11 16:33:51,732 [INFO] ADCParametersView:116 -                Rank 2 : true
2024-09-11 16:33:51,732 [INFO] ADCParametersView:116 -                Rank 3 : true
2024-09-11 16:33:51,732 [INFO] ADCParametersView:116 -                Rank 4 : true
2024-09-11 16:33:51,732 [INFO] ADCParametersView:116 -                Rank 5 : true
2024-09-11 16:33:51,732 [INFO] ADCParametersView:116 -                Rank 6 : true
2024-09-11 16:33:51,732 [INFO] ADCParametersView:116 -                Rank 7 : true
2024-09-11 16:33:51,732 [INFO] ADCParametersView:116 -                Rank 8 : true
2024-09-11 16:33:51,732 [INFO] ADCParametersView:116 -                Rank 1 : true
2024-09-11 16:33:51,732 [INFO] ADCParametersView:116 -                Rank 2 : true
2024-09-11 16:33:51,732 [INFO] ADCParametersView:116 -                Rank 3 : true
2024-09-11 16:33:51,732 [INFO] ADCParametersView:116 -                Rank 4 : true
2024-09-11 16:33:51,732 [INFO] ADCParametersView:116 -                Rank 5 : true
2024-09-11 16:33:51,732 [INFO] ADCParametersView:116 -                Rank 6 : true
2024-09-11 16:33:51,732 [INFO] ADCParametersView:116 -                Rank 7 : true
2024-09-11 16:33:51,732 [INFO] ADCParametersView:116 -                Rank 8 : true
2024-09-11 16:33:51,732 [INFO] ADCParametersView:116 -                Rank 1 : true
2024-09-11 16:33:51,732 [INFO] ADCParametersView:116 -                Rank 2 : true
2024-09-11 16:33:51,732 [INFO] ADCParametersView:116 -                Rank 3 : true
2024-09-11 16:33:51,732 [INFO] ADCParametersView:116 -                Rank 4 : true
2024-09-11 16:33:51,732 [INFO] ADCParametersView:116 -                Rank 5 : true
2024-09-11 16:33:51,733 [INFO] ADCParametersView:116 -                Rank 6 : true
2024-09-11 16:33:51,733 [INFO] ADCParametersView:116 -                Rank 7 : true
2024-09-11 16:33:51,733 [INFO] ADCParametersView:116 -                Rank 8 : true
2024-09-11 16:33:51,733 [INFO] ADCParametersView:116 -                Rank 1 : true
2024-09-11 16:33:51,733 [INFO] ADCParametersView:116 -                Rank 2 : true
2024-09-11 16:33:51,733 [INFO] ADCParametersView:116 -                Rank 3 : true
2024-09-11 16:33:51,733 [INFO] ADCParametersView:116 -                Rank 4 : true
2024-09-11 16:33:51,733 [INFO] ADCParametersView:116 -                Rank 5 : true
2024-09-11 16:33:51,733 [INFO] ADCParametersView:116 -                Rank 6 : true
2024-09-11 16:33:51,733 [INFO] ADCParametersView:116 -                Rank 7 : true
2024-09-11 16:33:51,733 [INFO] ADCParametersView:116 -                Rank 8 : true
2024-09-11 16:33:51,733 [INFO] ADCParametersView:116 -                Rank 1 : true
2024-09-11 16:33:51,733 [INFO] ADCParametersView:116 -                Rank 2 : true
2024-09-11 16:33:51,733 [INFO] ADCParametersView:116 -                Rank 3 : true
2024-09-11 16:33:51,733 [INFO] ADCParametersView:116 -                Rank 4 : true
2024-09-11 16:33:51,733 [INFO] ADCParametersView:116 -                Rank 5 : true
2024-09-11 16:33:51,733 [INFO] ADCParametersView:116 -                Rank 6 : true
2024-09-11 16:33:51,733 [INFO] ADCParametersView:116 -                Rank 7 : true
2024-09-11 16:33:51,733 [INFO] ADCParametersView:116 -                Rank 8 : true
2024-09-11 16:33:51,734 [INFO] ADCParametersView:116 -                Rank 1 : true
2024-09-11 16:33:51,734 [INFO] ADCParametersView:116 -                Rank 2 : true
2024-09-11 16:33:51,734 [INFO] ADCParametersView:116 -                Rank 3 : true
2024-09-11 16:33:51,734 [INFO] ADCParametersView:116 -                Rank 4 : true
2024-09-11 16:33:51,734 [INFO] ADCParametersView:116 -                Rank 5 : true
2024-09-11 16:33:51,734 [INFO] ADCParametersView:116 -                Rank 6 : true
2024-09-11 16:33:51,734 [INFO] ADCParametersView:116 -                Rank 7 : true
2024-09-11 16:33:51,734 [INFO] ADCParametersView:116 -                Rank 8 : true
2024-09-11 16:33:51,734 [INFO] ADCParametersView:116 -                Rank 1 : true
2024-09-11 16:33:51,734 [INFO] ADCParametersView:116 -                Rank 2 : true
2024-09-11 16:33:51,734 [INFO] ADCParametersView:116 -                Rank 3 : true
2024-09-11 16:33:51,734 [INFO] ADCParametersView:116 -                Rank 4 : true
2024-09-11 16:33:51,734 [INFO] ADCParametersView:116 -                Rank 5 : true
2024-09-11 16:33:51,734 [INFO] ADCParametersView:116 -                Rank 6 : true
2024-09-11 16:33:51,734 [INFO] ADCParametersView:116 -                Rank 7 : true
2024-09-11 16:33:51,734 [INFO] ADCParametersView:116 -                Rank 8 : true
2024-09-11 16:33:51,734 [INFO] ADCParametersView:116 -                Rank 1 : true
2024-09-11 16:33:51,734 [INFO] ADCParametersView:116 -                Rank 2 : true
2024-09-11 16:33:51,734 [INFO] ADCParametersView:116 -                Rank 3 : true
2024-09-11 16:33:51,734 [INFO] ADCParametersView:116 -                Rank 4 : true
2024-09-11 16:33:51,734 [INFO] ADCParametersView:116 -                Rank 5 : true
2024-09-11 16:33:51,734 [INFO] ADCParametersView:116 -                Rank 6 : true
2024-09-11 16:33:51,734 [INFO] ADCParametersView:116 -                Rank 7 : true
2024-09-11 16:33:51,734 [INFO] ADCParametersView:116 -                Rank 8 : true
2024-09-11 16:33:51,735 [INFO] ADCParametersView:116 -                Rank 1 : true
2024-09-11 16:33:51,735 [INFO] ADCParametersView:116 -                Rank 2 : true
2024-09-11 16:33:51,735 [INFO] ADCParametersView:116 -                Rank 3 : true
2024-09-11 16:33:51,735 [INFO] ADCParametersView:116 -                Rank 4 : true
2024-09-11 16:33:51,735 [INFO] ADCParametersView:116 -                Rank 5 : true
2024-09-11 16:33:51,735 [INFO] ADCParametersView:116 -                Rank 6 : true
2024-09-11 16:33:51,735 [INFO] ADCParametersView:116 -                Rank 7 : true
2024-09-11 16:33:51,735 [INFO] ADCParametersView:116 -                Rank 8 : true
2024-09-11 16:33:51,735 [INFO] ADCParametersView:116 -                Rank 1 : true
2024-09-11 16:33:51,735 [INFO] ADCParametersView:116 -                Rank 2 : true
2024-09-11 16:33:51,735 [INFO] ADCParametersView:116 -                Rank 3 : true
2024-09-11 16:33:51,735 [INFO] ADCParametersView:116 -                Rank 4 : true
2024-09-11 16:33:51,735 [INFO] ADCParametersView:116 -                Rank 5 : true
2024-09-11 16:33:51,735 [INFO] ADCParametersView:116 -                Rank 6 : true
2024-09-11 16:33:51,735 [INFO] ADCParametersView:116 -                Rank 7 : true
2024-09-11 16:33:51,735 [INFO] ADCParametersView:116 -                Rank 8 : true
2024-09-11 16:33:51,735 [INFO] ADCParametersView:116 -                Rank 1 : true
2024-09-11 16:33:51,735 [INFO] ADCParametersView:116 -                Rank 2 : true
2024-09-11 16:33:51,735 [INFO] ADCParametersView:116 -                Rank 3 : true
2024-09-11 16:33:51,735 [INFO] ADCParametersView:116 -                Rank 4 : true
2024-09-11 16:33:51,735 [INFO] ADCParametersView:116 -                Rank 5 : true
2024-09-11 16:33:51,735 [INFO] ADCParametersView:116 -                Rank 6 : true
2024-09-11 16:33:51,735 [INFO] ADCParametersView:116 -                Rank 7 : true
2024-09-11 16:33:51,735 [INFO] ADCParametersView:116 -                Rank 8 : true
2024-09-11 16:33:51,736 [INFO] ADCParametersView:116 -                Rank 2 : true
2024-09-11 16:33:51,736 [INFO] ADCParametersView:116 -                Rank 3 : true
2024-09-11 16:33:51,736 [INFO] ADCParametersView:116 -                Rank 4 : true
2024-09-11 16:33:51,736 [INFO] ADCParametersView:116 -                Rank 5 : true
2024-09-11 16:33:51,736 [INFO] ADCParametersView:116 -                Rank 6 : true
2024-09-11 16:33:51,736 [INFO] ADCParametersView:116 -                Rank 7 : true
2024-09-11 16:33:51,736 [INFO] ADCParametersView:116 -                Rank 8 : true
2024-09-11 16:33:51,736 [INFO] ADCParametersView:116 -                Rank 3 : true
2024-09-11 16:33:51,736 [INFO] ADCParametersView:116 -                Rank 4 : true
2024-09-11 16:33:51,736 [INFO] ADCParametersView:116 -                Rank 5 : true
2024-09-11 16:33:51,736 [INFO] ADCParametersView:116 -                Rank 6 : true
2024-09-11 16:33:51,736 [INFO] ADCParametersView:116 -                Rank 7 : true
2024-09-11 16:33:51,736 [INFO] ADCParametersView:116 -                Rank 8 : true
2024-09-11 16:33:51,736 [INFO] ADCParametersView:116 -                Rank 4 : true
2024-09-11 16:33:51,736 [INFO] ADCParametersView:116 -                Rank 5 : true
2024-09-11 16:33:51,736 [INFO] ADCParametersView:116 -                Rank 6 : true
2024-09-11 16:33:51,736 [INFO] ADCParametersView:116 -                Rank 7 : true
2024-09-11 16:33:51,736 [INFO] ADCParametersView:116 -                Rank 8 : true
2024-09-11 16:33:51,736 [INFO] ADCParametersView:116 -                Rank 5 : true
2024-09-11 16:33:51,736 [INFO] ADCParametersView:116 -                Rank 6 : true
2024-09-11 16:33:51,736 [INFO] ADCParametersView:116 -                Rank 7 : true
2024-09-11 16:33:51,736 [INFO] ADCParametersView:116 -                Rank 8 : true
2024-09-11 16:33:51,736 [INFO] ADCParametersView:116 -                Rank 6 : true
2024-09-11 16:33:51,736 [INFO] ADCParametersView:116 -                Rank 7 : true
2024-09-11 16:33:51,737 [INFO] ADCParametersView:116 -                Rank 8 : true
2024-09-11 16:33:51,737 [INFO] ADCParametersView:116 -                Rank 7 : true
2024-09-11 16:33:51,737 [INFO] ADCParametersView:116 -                Rank 8 : true
2024-09-11 16:33:51,737 [INFO] ADCParametersView:116 -                Rank 8 : true
2024-09-11 16:33:51,775 [INFO] ADCParametersView:116 -                Rank 1 : true
2024-09-11 16:33:51,775 [INFO] ADCParametersView:116 -                Rank 1 : true
2024-09-11 16:33:51,775 [INFO] ADCParametersView:116 -                Rank 2 : true
2024-09-11 16:33:51,775 [INFO] ADCParametersView:116 -                Rank 1 : true
2024-09-11 16:33:51,775 [INFO] ADCParametersView:116 -                Rank 2 : true
2024-09-11 16:33:51,775 [INFO] ADCParametersView:116 -                Rank 3 : true
2024-09-11 16:33:51,776 [INFO] ADCParametersView:116 -                Rank 1 : true
2024-09-11 16:33:51,776 [INFO] ADCParametersView:116 -                Rank 2 : true
2024-09-11 16:33:51,776 [INFO] ADCParametersView:116 -                Rank 3 : true
2024-09-11 16:33:51,776 [INFO] ADCParametersView:116 -                Rank 4 : true
2024-09-11 16:33:51,776 [INFO] ADCParametersView:116 -                Rank 1 : true
2024-09-11 16:33:51,776 [INFO] ADCParametersView:116 -                Rank 2 : true
2024-09-11 16:33:51,776 [INFO] ADCParametersView:116 -                Rank 3 : true
2024-09-11 16:33:51,776 [INFO] ADCParametersView:116 -                Rank 4 : true
2024-09-11 16:33:51,776 [INFO] ADCParametersView:116 -                Rank 5 : true
2024-09-11 16:33:51,776 [INFO] ADCParametersView:116 -                Rank 1 : true
2024-09-11 16:33:51,776 [INFO] ADCParametersView:116 -                Rank 2 : true
2024-09-11 16:33:51,776 [INFO] ADCParametersView:116 -                Rank 3 : true
2024-09-11 16:33:51,777 [INFO] ADCParametersView:116 -                Rank 4 : true
2024-09-11 16:33:51,777 [INFO] ADCParametersView:116 -                Rank 5 : true
2024-09-11 16:33:51,777 [INFO] ADCParametersView:116 -                Rank 6 : true
2024-09-11 16:33:51,777 [INFO] ADCParametersView:116 -                Rank 1 : true
2024-09-11 16:33:51,777 [INFO] ADCParametersView:116 -                Rank 2 : true
2024-09-11 16:33:51,777 [INFO] ADCParametersView:116 -                Rank 3 : true
2024-09-11 16:33:51,777 [INFO] ADCParametersView:116 -                Rank 4 : true
2024-09-11 16:33:51,777 [INFO] ADCParametersView:116 -                Rank 5 : true
2024-09-11 16:33:51,777 [INFO] ADCParametersView:116 -                Rank 6 : true
2024-09-11 16:33:51,777 [INFO] ADCParametersView:116 -                Rank 7 : true
2024-09-11 16:33:51,777 [INFO] ADCParametersView:116 -                Rank 1 : true
2024-09-11 16:33:51,777 [INFO] ADCParametersView:116 -                Rank 2 : true
2024-09-11 16:33:51,777 [INFO] ADCParametersView:116 -                Rank 3 : true
2024-09-11 16:33:51,777 [INFO] ADCParametersView:116 -                Rank 4 : true
2024-09-11 16:33:51,777 [INFO] ADCParametersView:116 -                Rank 5 : true
2024-09-11 16:33:51,777 [INFO] ADCParametersView:116 -                Rank 6 : true
2024-09-11 16:33:51,777 [INFO] ADCParametersView:116 -                Rank 7 : true
2024-09-11 16:33:51,777 [INFO] ADCParametersView:116 -                Rank 8 : true
2024-09-11 16:33:56,320 [INFO] NvicIntPanel:101 - NVIC parent = com.st.microxplorer.plugins.ip.nvic.MultiNvicIntPanel[,0,0,0x0,invalid,layout=javax.swing.BoxLayout,alignmentX=0.0,alignmentY=0.0,border=,flags=9,maximumSize=,minimumSize=,preferredSize=]
2024-09-11 16:33:56,366 [INFO] ADCParametersView:116 -                Rank 1 : true
2024-09-11 16:33:56,366 [INFO] ADCParametersView:116 -                Rank 2 : true
2024-09-11 16:33:56,366 [INFO] ADCParametersView:116 -                Rank 3 : true
2024-09-11 16:33:56,366 [INFO] ADCParametersView:116 -                Rank 4 : true
2024-09-11 16:33:56,366 [INFO] ADCParametersView:116 -                Rank 5 : true
2024-09-11 16:33:56,366 [INFO] ADCParametersView:116 -                Rank 6 : true
2024-09-11 16:33:56,366 [INFO] ADCParametersView:116 -                Rank 7 : true
2024-09-11 16:33:56,366 [INFO] ADCParametersView:116 -                Rank 8 : true
2024-09-11 16:33:56,367 [INFO] ADCParametersView:116 -                Rank 1 : true
2024-09-11 16:33:56,367 [INFO] ADCParametersView:116 -                Rank 2 : true
2024-09-11 16:33:56,367 [INFO] ADCParametersView:116 -                Rank 3 : true
2024-09-11 16:33:56,368 [INFO] ADCParametersView:116 -                Rank 4 : true
2024-09-11 16:33:56,368 [INFO] ADCParametersView:116 -                Rank 5 : true
2024-09-11 16:33:56,368 [INFO] ADCParametersView:116 -                Rank 6 : true
2024-09-11 16:33:56,368 [INFO] ADCParametersView:116 -                Rank 7 : true
2024-09-11 16:33:56,368 [INFO] ADCParametersView:116 -                Rank 8 : true
2024-09-11 16:33:56,368 [INFO] ADCParametersView:116 -                Rank 1 : true
2024-09-11 16:33:56,368 [INFO] ADCParametersView:116 -                Rank 2 : true
2024-09-11 16:33:56,368 [INFO] ADCParametersView:116 -                Rank 3 : true
2024-09-11 16:33:56,368 [INFO] ADCParametersView:116 -                Rank 4 : true
2024-09-11 16:33:56,368 [INFO] ADCParametersView:116 -                Rank 5 : true
2024-09-11 16:33:56,368 [INFO] ADCParametersView:116 -                Rank 6 : true
2024-09-11 16:33:56,368 [INFO] ADCParametersView:116 -                Rank 7 : true
2024-09-11 16:33:56,368 [INFO] ADCParametersView:116 -                Rank 8 : true
2024-09-11 16:33:56,368 [INFO] ADCParametersView:116 -                Rank 1 : true
2024-09-11 16:33:56,368 [INFO] ADCParametersView:116 -                Rank 2 : true
2024-09-11 16:33:56,368 [INFO] ADCParametersView:116 -                Rank 3 : true
2024-09-11 16:33:56,368 [INFO] ADCParametersView:116 -                Rank 4 : true
2024-09-11 16:33:56,368 [INFO] ADCParametersView:116 -                Rank 5 : true
2024-09-11 16:33:56,368 [INFO] ADCParametersView:116 -                Rank 6 : true
2024-09-11 16:33:56,368 [INFO] ADCParametersView:116 -                Rank 7 : true
2024-09-11 16:33:56,368 [INFO] ADCParametersView:116 -                Rank 8 : true
2024-09-11 16:33:56,369 [INFO] ADCParametersView:116 -                Rank 1 : true
2024-09-11 16:33:56,369 [INFO] ADCParametersView:116 -                Rank 2 : true
2024-09-11 16:33:56,369 [INFO] ADCParametersView:116 -                Rank 3 : true
2024-09-11 16:33:56,369 [INFO] ADCParametersView:116 -                Rank 4 : true
2024-09-11 16:33:56,369 [INFO] ADCParametersView:116 -                Rank 5 : true
2024-09-11 16:33:56,369 [INFO] ADCParametersView:116 -                Rank 6 : true
2024-09-11 16:33:56,369 [INFO] ADCParametersView:116 -                Rank 7 : true
2024-09-11 16:33:56,369 [INFO] ADCParametersView:116 -                Rank 8 : true
2024-09-11 16:33:56,369 [INFO] ADCParametersView:116 -                Rank 1 : true
2024-09-11 16:33:56,369 [INFO] ADCParametersView:116 -                Rank 2 : true
2024-09-11 16:33:56,369 [INFO] ADCParametersView:116 -                Rank 3 : true
2024-09-11 16:33:56,369 [INFO] ADCParametersView:116 -                Rank 4 : true
2024-09-11 16:33:56,369 [INFO] ADCParametersView:116 -                Rank 5 : true
2024-09-11 16:33:56,369 [INFO] ADCParametersView:116 -                Rank 6 : true
2024-09-11 16:33:56,369 [INFO] ADCParametersView:116 -                Rank 7 : true
2024-09-11 16:33:56,369 [INFO] ADCParametersView:116 -                Rank 8 : true
2024-09-11 16:33:56,369 [INFO] ADCParametersView:116 -                Rank 1 : true
2024-09-11 16:33:56,369 [INFO] ADCParametersView:116 -                Rank 2 : true
2024-09-11 16:33:56,369 [INFO] ADCParametersView:116 -                Rank 3 : true
2024-09-11 16:33:56,369 [INFO] ADCParametersView:116 -                Rank 4 : true
2024-09-11 16:33:56,370 [INFO] ADCParametersView:116 -                Rank 5 : true
2024-09-11 16:33:56,370 [INFO] ADCParametersView:116 -                Rank 6 : true
2024-09-11 16:33:56,370 [INFO] ADCParametersView:116 -                Rank 7 : true
2024-09-11 16:33:56,370 [INFO] ADCParametersView:116 -                Rank 8 : true
2024-09-11 16:33:56,370 [INFO] ADCParametersView:116 -                Rank 1 : true
2024-09-11 16:33:56,370 [INFO] ADCParametersView:116 -                Rank 2 : true
2024-09-11 16:33:56,370 [INFO] ADCParametersView:116 -                Rank 3 : true
2024-09-11 16:33:56,370 [INFO] ADCParametersView:116 -                Rank 4 : true
2024-09-11 16:33:56,370 [INFO] ADCParametersView:116 -                Rank 5 : true
2024-09-11 16:33:56,370 [INFO] ADCParametersView:116 -                Rank 6 : true
2024-09-11 16:33:56,370 [INFO] ADCParametersView:116 -                Rank 7 : true
2024-09-11 16:33:56,370 [INFO] ADCParametersView:116 -                Rank 8 : true
2024-09-11 16:33:56,370 [INFO] ADCParametersView:116 -                Rank 1 : true
2024-09-11 16:33:56,370 [INFO] ADCParametersView:116 -                Rank 2 : true
2024-09-11 16:33:56,370 [INFO] ADCParametersView:116 -                Rank 3 : true
2024-09-11 16:33:56,370 [INFO] ADCParametersView:116 -                Rank 4 : true
2024-09-11 16:33:56,370 [INFO] ADCParametersView:116 -                Rank 5 : true
2024-09-11 16:33:56,370 [INFO] ADCParametersView:116 -                Rank 6 : true
2024-09-11 16:33:56,370 [INFO] ADCParametersView:116 -                Rank 7 : true
2024-09-11 16:33:56,370 [INFO] ADCParametersView:116 -                Rank 8 : true
2024-09-11 16:33:56,370 [INFO] ADCParametersView:116 -                Rank 1 : true
2024-09-11 16:33:56,370 [INFO] ADCParametersView:116 -                Rank 2 : true
2024-09-11 16:33:56,370 [INFO] ADCParametersView:116 -                Rank 3 : true
2024-09-11 16:33:56,371 [INFO] ADCParametersView:116 -                Rank 4 : true
2024-09-11 16:33:56,371 [INFO] ADCParametersView:116 -                Rank 5 : true
2024-09-11 16:33:56,371 [INFO] ADCParametersView:116 -                Rank 6 : true
2024-09-11 16:33:56,371 [INFO] ADCParametersView:116 -                Rank 7 : true
2024-09-11 16:33:56,371 [INFO] ADCParametersView:116 -                Rank 8 : true
2024-09-11 16:33:56,371 [INFO] ADCParametersView:116 -                Rank 1 : true
2024-09-11 16:33:56,371 [INFO] ADCParametersView:116 -                Rank 2 : true
2024-09-11 16:33:56,371 [INFO] ADCParametersView:116 -                Rank 3 : true
2024-09-11 16:33:56,371 [INFO] ADCParametersView:116 -                Rank 4 : true
2024-09-11 16:33:56,371 [INFO] ADCParametersView:116 -                Rank 5 : true
2024-09-11 16:33:56,371 [INFO] ADCParametersView:116 -                Rank 6 : true
2024-09-11 16:33:56,371 [INFO] ADCParametersView:116 -                Rank 7 : true
2024-09-11 16:33:56,371 [INFO] ADCParametersView:116 -                Rank 8 : true
2024-09-11 16:33:56,371 [INFO] ADCParametersView:116 -                Rank 1 : true
2024-09-11 16:33:56,371 [INFO] ADCParametersView:116 -                Rank 2 : true
2024-09-11 16:33:56,371 [INFO] ADCParametersView:116 -                Rank 3 : true
2024-09-11 16:33:56,371 [INFO] ADCParametersView:116 -                Rank 4 : true
2024-09-11 16:33:56,371 [INFO] ADCParametersView:116 -                Rank 5 : true
2024-09-11 16:33:56,371 [INFO] ADCParametersView:116 -                Rank 6 : true
2024-09-11 16:33:56,371 [INFO] ADCParametersView:116 -                Rank 7 : true
2024-09-11 16:33:56,371 [INFO] ADCParametersView:116 -                Rank 8 : true
2024-09-11 16:33:56,371 [INFO] ADCParametersView:116 -                Rank 1 : true
2024-09-11 16:33:56,371 [INFO] ADCParametersView:116 -                Rank 2 : true
2024-09-11 16:33:56,371 [INFO] ADCParametersView:116 -                Rank 3 : true
2024-09-11 16:33:56,371 [INFO] ADCParametersView:116 -                Rank 4 : true
2024-09-11 16:33:56,372 [INFO] ADCParametersView:116 -                Rank 5 : true
2024-09-11 16:33:56,372 [INFO] ADCParametersView:116 -                Rank 6 : true
2024-09-11 16:33:56,372 [INFO] ADCParametersView:116 -                Rank 7 : true
2024-09-11 16:33:56,372 [INFO] ADCParametersView:116 -                Rank 8 : true
2024-09-11 16:33:56,372 [INFO] ADCParametersView:116 -                Rank 1 : true
2024-09-11 16:33:56,372 [INFO] ADCParametersView:116 -                Rank 2 : true
2024-09-11 16:33:56,372 [INFO] ADCParametersView:116 -                Rank 3 : true
2024-09-11 16:33:56,372 [INFO] ADCParametersView:116 -                Rank 4 : true
2024-09-11 16:33:56,372 [INFO] ADCParametersView:116 -                Rank 5 : true
2024-09-11 16:33:56,372 [INFO] ADCParametersView:116 -                Rank 6 : true
2024-09-11 16:33:56,372 [INFO] ADCParametersView:116 -                Rank 7 : true
2024-09-11 16:33:56,372 [INFO] ADCParametersView:116 -                Rank 8 : true
2024-09-11 16:33:56,372 [INFO] ADCParametersView:116 -                Rank 2 : true
2024-09-11 16:33:56,372 [INFO] ADCParametersView:116 -                Rank 3 : true
2024-09-11 16:33:56,372 [INFO] ADCParametersView:116 -                Rank 4 : true
2024-09-11 16:33:56,372 [INFO] ADCParametersView:116 -                Rank 5 : true
2024-09-11 16:33:56,372 [INFO] ADCParametersView:116 -                Rank 6 : true
2024-09-11 16:33:56,372 [INFO] ADCParametersView:116 -                Rank 7 : true
2024-09-11 16:33:56,372 [INFO] ADCParametersView:116 -                Rank 8 : true
2024-09-11 16:33:56,372 [INFO] ADCParametersView:116 -                Rank 3 : true
2024-09-11 16:33:56,372 [INFO] ADCParametersView:116 -                Rank 4 : true
2024-09-11 16:33:56,372 [INFO] ADCParametersView:116 -                Rank 5 : true
2024-09-11 16:33:56,372 [INFO] ADCParametersView:116 -                Rank 6 : true
2024-09-11 16:33:56,372 [INFO] ADCParametersView:116 -                Rank 7 : true
2024-09-11 16:33:56,372 [INFO] ADCParametersView:116 -                Rank 8 : true
2024-09-11 16:33:56,372 [INFO] ADCParametersView:116 -                Rank 4 : true
2024-09-11 16:33:56,372 [INFO] ADCParametersView:116 -                Rank 5 : true
2024-09-11 16:33:56,373 [INFO] ADCParametersView:116 -                Rank 6 : true
2024-09-11 16:33:56,373 [INFO] ADCParametersView:116 -                Rank 7 : true
2024-09-11 16:33:56,373 [INFO] ADCParametersView:116 -                Rank 8 : true
2024-09-11 16:33:56,373 [INFO] ADCParametersView:116 -                Rank 5 : true
2024-09-11 16:33:56,373 [INFO] ADCParametersView:116 -                Rank 6 : true
2024-09-11 16:33:56,373 [INFO] ADCParametersView:116 -                Rank 7 : true
2024-09-11 16:33:56,373 [INFO] ADCParametersView:116 -                Rank 8 : true
2024-09-11 16:33:56,373 [INFO] ADCParametersView:116 -                Rank 6 : true
2024-09-11 16:33:56,373 [INFO] ADCParametersView:116 -                Rank 7 : true
2024-09-11 16:33:56,373 [INFO] ADCParametersView:116 -                Rank 8 : true
2024-09-11 16:33:56,373 [INFO] ADCParametersView:116 -                Rank 7 : true
2024-09-11 16:33:56,373 [INFO] ADCParametersView:116 -                Rank 8 : true
2024-09-11 16:33:56,373 [INFO] ADCParametersView:116 -                Rank 8 : true
2024-09-11 16:33:56,409 [INFO] ADCParametersView:116 -                Rank 1 : true
2024-09-11 16:33:56,409 [INFO] ADCParametersView:116 -                Rank 1 : true
2024-09-11 16:33:56,409 [INFO] ADCParametersView:116 -                Rank 2 : true
2024-09-11 16:33:56,410 [INFO] ADCParametersView:116 -                Rank 1 : true
2024-09-11 16:33:56,410 [INFO] ADCParametersView:116 -                Rank 2 : true
2024-09-11 16:33:56,410 [INFO] ADCParametersView:116 -                Rank 3 : true
2024-09-11 16:33:56,410 [INFO] ADCParametersView:116 -                Rank 1 : true
2024-09-11 16:33:56,410 [INFO] ADCParametersView:116 -                Rank 2 : true
2024-09-11 16:33:56,410 [INFO] ADCParametersView:116 -                Rank 3 : true
2024-09-11 16:33:56,410 [INFO] ADCParametersView:116 -                Rank 4 : true
2024-09-11 16:33:56,410 [INFO] ADCParametersView:116 -                Rank 1 : true
2024-09-11 16:33:56,410 [INFO] ADCParametersView:116 -                Rank 2 : true
2024-09-11 16:33:56,410 [INFO] ADCParametersView:116 -                Rank 3 : true
2024-09-11 16:33:56,410 [INFO] ADCParametersView:116 -                Rank 4 : true
2024-09-11 16:33:56,410 [INFO] ADCParametersView:116 -                Rank 5 : true
2024-09-11 16:33:56,411 [INFO] ADCParametersView:116 -                Rank 1 : true
2024-09-11 16:33:56,411 [INFO] ADCParametersView:116 -                Rank 2 : true
2024-09-11 16:33:56,411 [INFO] ADCParametersView:116 -                Rank 3 : true
2024-09-11 16:33:56,411 [INFO] ADCParametersView:116 -                Rank 4 : true
2024-09-11 16:33:56,411 [INFO] ADCParametersView:116 -                Rank 5 : true
2024-09-11 16:33:56,411 [INFO] ADCParametersView:116 -                Rank 6 : true
2024-09-11 16:33:56,411 [INFO] ADCParametersView:116 -                Rank 1 : true
2024-09-11 16:33:56,411 [INFO] ADCParametersView:116 -                Rank 2 : true
2024-09-11 16:33:56,411 [INFO] ADCParametersView:116 -                Rank 3 : true
2024-09-11 16:33:56,411 [INFO] ADCParametersView:116 -                Rank 4 : true
2024-09-11 16:33:56,411 [INFO] ADCParametersView:116 -                Rank 5 : true
2024-09-11 16:33:56,411 [INFO] ADCParametersView:116 -                Rank 6 : true
2024-09-11 16:33:56,411 [INFO] ADCParametersView:116 -                Rank 7 : true
2024-09-11 16:33:56,411 [INFO] ADCParametersView:116 -                Rank 1 : true
2024-09-11 16:33:56,411 [INFO] ADCParametersView:116 -                Rank 2 : true
2024-09-11 16:33:56,411 [INFO] ADCParametersView:116 -                Rank 3 : true
2024-09-11 16:33:56,411 [INFO] ADCParametersView:116 -                Rank 4 : true
2024-09-11 16:33:56,411 [INFO] ADCParametersView:116 -                Rank 5 : true
2024-09-11 16:33:56,411 [INFO] ADCParametersView:116 -                Rank 6 : true
2024-09-11 16:33:56,412 [INFO] ADCParametersView:116 -                Rank 7 : true
2024-09-11 16:33:56,412 [INFO] ADCParametersView:116 -                Rank 8 : true
2024-09-11 16:34:52,044 [INFO] ADCParametersView:116 -                Rank 1 : true
2024-09-11 16:34:52,047 [INFO] ADCParametersView:116 -                Rank 2 : true
2024-09-11 16:34:52,047 [INFO] ADCParametersView:116 -                Rank 3 : true
2024-09-11 16:34:52,047 [INFO] ADCParametersView:116 -                Rank 4 : true
2024-09-11 16:34:52,047 [INFO] ADCParametersView:116 -                Rank 5 : true
2024-09-11 16:34:52,047 [INFO] ADCParametersView:116 -                Rank 6 : true
2024-09-11 16:34:52,047 [INFO] ADCParametersView:116 -                Rank 7 : true
2024-09-11 16:34:52,047 [INFO] ADCParametersView:116 -                Rank 8 : true
2024-09-11 16:34:52,057 [INFO] ADCParametersView:116 -                Rank 1 : true
2024-09-11 16:34:52,057 [INFO] ADCParametersView:116 -                Rank 2 : true
2024-09-11 16:34:52,057 [INFO] ADCParametersView:116 -                Rank 3 : true
2024-09-11 16:34:52,057 [INFO] ADCParametersView:116 -                Rank 4 : true
2024-09-11 16:34:52,057 [INFO] ADCParametersView:116 -                Rank 5 : true
2024-09-11 16:34:52,057 [INFO] ADCParametersView:116 -                Rank 6 : true
2024-09-11 16:34:52,057 [INFO] ADCParametersView:116 -                Rank 7 : true
2024-09-11 16:34:52,057 [INFO] ADCParametersView:116 -                Rank 8 : true
2024-09-11 16:34:52,058 [INFO] ADCParametersView:116 -                Rank 1 : true
2024-09-11 16:34:52,058 [INFO] ADCParametersView:116 -                Rank 2 : true
2024-09-11 16:34:52,058 [INFO] ADCParametersView:116 -                Rank 3 : true
2024-09-11 16:34:52,058 [INFO] ADCParametersView:116 -                Rank 4 : true
2024-09-11 16:34:52,058 [INFO] ADCParametersView:116 -                Rank 5 : true
2024-09-11 16:34:52,058 [INFO] ADCParametersView:116 -                Rank 6 : true
2024-09-11 16:34:52,058 [INFO] ADCParametersView:116 -                Rank 7 : true
2024-09-11 16:34:52,058 [INFO] ADCParametersView:116 -                Rank 8 : true
2024-09-11 16:34:52,058 [INFO] ADCParametersView:116 -                Rank 1 : true
2024-09-11 16:34:52,058 [INFO] ADCParametersView:116 -                Rank 2 : true
2024-09-11 16:34:52,058 [INFO] ADCParametersView:116 -                Rank 3 : true
2024-09-11 16:34:52,058 [INFO] ADCParametersView:116 -                Rank 4 : true
2024-09-11 16:34:52,058 [INFO] ADCParametersView:116 -                Rank 5 : true
2024-09-11 16:34:52,058 [INFO] ADCParametersView:116 -                Rank 6 : true
2024-09-11 16:34:52,058 [INFO] ADCParametersView:116 -                Rank 7 : true
2024-09-11 16:34:52,058 [INFO] ADCParametersView:116 -                Rank 8 : true
2024-09-11 16:34:52,059 [INFO] ADCParametersView:116 -                Rank 1 : true
2024-09-11 16:34:52,059 [INFO] ADCParametersView:116 -                Rank 2 : true
2024-09-11 16:34:52,059 [INFO] ADCParametersView:116 -                Rank 3 : true
2024-09-11 16:34:52,059 [INFO] ADCParametersView:116 -                Rank 4 : true
2024-09-11 16:34:52,059 [INFO] ADCParametersView:116 -                Rank 5 : true
2024-09-11 16:34:52,059 [INFO] ADCParametersView:116 -                Rank 6 : true
2024-09-11 16:34:52,059 [INFO] ADCParametersView:116 -                Rank 7 : true
2024-09-11 16:34:52,059 [INFO] ADCParametersView:116 -                Rank 8 : true
2024-09-11 16:34:52,059 [INFO] ADCParametersView:116 -                Rank 1 : true
2024-09-11 16:34:52,059 [INFO] ADCParametersView:116 -                Rank 2 : true
2024-09-11 16:34:52,059 [INFO] ADCParametersView:116 -                Rank 3 : true
2024-09-11 16:34:52,059 [INFO] ADCParametersView:116 -                Rank 4 : true
2024-09-11 16:34:52,059 [INFO] ADCParametersView:116 -                Rank 5 : true
2024-09-11 16:34:52,059 [INFO] ADCParametersView:116 -                Rank 6 : true
2024-09-11 16:34:52,059 [INFO] ADCParametersView:116 -                Rank 7 : true
2024-09-11 16:34:52,059 [INFO] ADCParametersView:116 -                Rank 8 : true
2024-09-11 16:34:52,059 [INFO] ADCParametersView:116 -                Rank 1 : true
2024-09-11 16:34:52,059 [INFO] ADCParametersView:116 -                Rank 2 : true
2024-09-11 16:34:52,059 [INFO] ADCParametersView:116 -                Rank 3 : true
2024-09-11 16:34:52,059 [INFO] ADCParametersView:116 -                Rank 4 : true
2024-09-11 16:34:52,059 [INFO] ADCParametersView:116 -                Rank 5 : true
2024-09-11 16:34:52,060 [INFO] ADCParametersView:116 -                Rank 6 : true
2024-09-11 16:34:52,060 [INFO] ADCParametersView:116 -                Rank 7 : true
2024-09-11 16:34:52,060 [INFO] ADCParametersView:116 -                Rank 8 : true
2024-09-11 16:34:52,060 [INFO] ADCParametersView:116 -                Rank 1 : true
2024-09-11 16:34:52,060 [INFO] ADCParametersView:116 -                Rank 2 : true
2024-09-11 16:34:52,060 [INFO] ADCParametersView:116 -                Rank 3 : true
2024-09-11 16:34:52,060 [INFO] ADCParametersView:116 -                Rank 4 : true
2024-09-11 16:34:52,060 [INFO] ADCParametersView:116 -                Rank 5 : true
2024-09-11 16:34:52,060 [INFO] ADCParametersView:116 -                Rank 6 : true
2024-09-11 16:34:52,060 [INFO] ADCParametersView:116 -                Rank 7 : true
2024-09-11 16:34:52,060 [INFO] ADCParametersView:116 -                Rank 8 : true
2024-09-11 16:34:52,060 [INFO] ADCParametersView:116 -                Rank 1 : true
2024-09-11 16:34:52,060 [INFO] ADCParametersView:116 -                Rank 2 : true
2024-09-11 16:34:52,060 [INFO] ADCParametersView:116 -                Rank 3 : true
2024-09-11 16:34:52,060 [INFO] ADCParametersView:116 -                Rank 4 : true
2024-09-11 16:34:52,060 [INFO] ADCParametersView:116 -                Rank 5 : true
2024-09-11 16:34:52,061 [INFO] ADCParametersView:116 -                Rank 6 : true
2024-09-11 16:34:52,061 [INFO] ADCParametersView:116 -                Rank 7 : true
2024-09-11 16:34:52,061 [INFO] ADCParametersView:116 -                Rank 8 : true
2024-09-11 16:34:52,061 [INFO] ADCParametersView:116 -                Rank 1 : true
2024-09-11 16:34:52,061 [INFO] ADCParametersView:116 -                Rank 2 : true
2024-09-11 16:34:52,061 [INFO] ADCParametersView:116 -                Rank 3 : true
2024-09-11 16:34:52,061 [INFO] ADCParametersView:116 -                Rank 4 : true
2024-09-11 16:34:52,061 [INFO] ADCParametersView:116 -                Rank 5 : true
2024-09-11 16:34:52,061 [INFO] ADCParametersView:116 -                Rank 6 : true
2024-09-11 16:34:52,061 [INFO] ADCParametersView:116 -                Rank 7 : true
2024-09-11 16:34:52,061 [INFO] ADCParametersView:116 -                Rank 8 : true
2024-09-11 16:34:52,061 [INFO] ADCParametersView:116 -                Rank 1 : true
2024-09-11 16:34:52,061 [INFO] ADCParametersView:116 -                Rank 2 : true
2024-09-11 16:34:52,061 [INFO] ADCParametersView:116 -                Rank 3 : true
2024-09-11 16:34:52,061 [INFO] ADCParametersView:116 -                Rank 4 : true
2024-09-11 16:34:52,061 [INFO] ADCParametersView:116 -                Rank 5 : true
2024-09-11 16:34:52,061 [INFO] ADCParametersView:116 -                Rank 6 : true
2024-09-11 16:34:52,061 [INFO] ADCParametersView:116 -                Rank 7 : true
2024-09-11 16:34:52,061 [INFO] ADCParametersView:116 -                Rank 8 : true
2024-09-11 16:34:52,062 [INFO] ADCParametersView:116 -                Rank 1 : true
2024-09-11 16:34:52,062 [INFO] ADCParametersView:116 -                Rank 2 : true
2024-09-11 16:34:52,062 [INFO] ADCParametersView:116 -                Rank 3 : true
2024-09-11 16:34:52,062 [INFO] ADCParametersView:116 -                Rank 4 : true
2024-09-11 16:34:52,062 [INFO] ADCParametersView:116 -                Rank 5 : true
2024-09-11 16:34:52,062 [INFO] ADCParametersView:116 -                Rank 6 : true
2024-09-11 16:34:52,062 [INFO] ADCParametersView:116 -                Rank 7 : true
2024-09-11 16:34:52,062 [INFO] ADCParametersView:116 -                Rank 8 : true
2024-09-11 16:34:52,062 [INFO] ADCParametersView:116 -                Rank 1 : true
2024-09-11 16:34:52,062 [INFO] ADCParametersView:116 -                Rank 2 : true
2024-09-11 16:34:52,062 [INFO] ADCParametersView:116 -                Rank 3 : true
2024-09-11 16:34:52,062 [INFO] ADCParametersView:116 -                Rank 4 : true
2024-09-11 16:34:52,062 [INFO] ADCParametersView:116 -                Rank 5 : true
2024-09-11 16:34:52,062 [INFO] ADCParametersView:116 -                Rank 6 : true
2024-09-11 16:34:52,062 [INFO] ADCParametersView:116 -                Rank 7 : true
2024-09-11 16:34:52,062 [INFO] ADCParametersView:116 -                Rank 8 : true
2024-09-11 16:34:52,062 [INFO] ADCParametersView:116 -                Rank 1 : true
2024-09-11 16:34:52,062 [INFO] ADCParametersView:116 -                Rank 2 : true
2024-09-11 16:34:52,062 [INFO] ADCParametersView:116 -                Rank 3 : true
2024-09-11 16:34:52,062 [INFO] ADCParametersView:116 -                Rank 4 : true
2024-09-11 16:34:52,062 [INFO] ADCParametersView:116 -                Rank 5 : true
2024-09-11 16:34:52,062 [INFO] ADCParametersView:116 -                Rank 6 : true
2024-09-11 16:34:52,062 [INFO] ADCParametersView:116 -                Rank 7 : true
2024-09-11 16:34:52,062 [INFO] ADCParametersView:116 -                Rank 8 : true
2024-09-11 16:34:52,062 [INFO] ADCParametersView:116 -                Rank 2 : true
2024-09-11 16:34:52,063 [INFO] ADCParametersView:116 -                Rank 3 : true
2024-09-11 16:34:52,063 [INFO] ADCParametersView:116 -                Rank 4 : true
2024-09-11 16:34:52,063 [INFO] ADCParametersView:116 -                Rank 5 : true
2024-09-11 16:34:52,063 [INFO] ADCParametersView:116 -                Rank 6 : true
2024-09-11 16:34:52,063 [INFO] ADCParametersView:116 -                Rank 7 : true
2024-09-11 16:34:52,063 [INFO] ADCParametersView:116 -                Rank 8 : true
2024-09-11 16:34:52,063 [INFO] ADCParametersView:116 -                Rank 3 : true
2024-09-11 16:34:52,063 [INFO] ADCParametersView:116 -                Rank 4 : true
2024-09-11 16:34:52,063 [INFO] ADCParametersView:116 -                Rank 5 : true
2024-09-11 16:34:52,063 [INFO] ADCParametersView:116 -                Rank 6 : true
2024-09-11 16:34:52,063 [INFO] ADCParametersView:116 -                Rank 7 : true
2024-09-11 16:34:52,063 [INFO] ADCParametersView:116 -                Rank 8 : true
2024-09-11 16:34:52,063 [INFO] ADCParametersView:116 -                Rank 4 : true
2024-09-11 16:34:52,063 [INFO] ADCParametersView:116 -                Rank 5 : true
2024-09-11 16:34:52,063 [INFO] ADCParametersView:116 -                Rank 6 : true
2024-09-11 16:34:52,063 [INFO] ADCParametersView:116 -                Rank 7 : true
2024-09-11 16:34:52,063 [INFO] ADCParametersView:116 -                Rank 8 : true
2024-09-11 16:34:52,063 [INFO] ADCParametersView:116 -                Rank 5 : true
2024-09-11 16:34:52,063 [INFO] ADCParametersView:116 -                Rank 6 : true
2024-09-11 16:34:52,063 [INFO] ADCParametersView:116 -                Rank 7 : true
2024-09-11 16:34:52,063 [INFO] ADCParametersView:116 -                Rank 8 : true
2024-09-11 16:34:52,063 [INFO] ADCParametersView:116 -                Rank 6 : true
2024-09-11 16:34:52,063 [INFO] ADCParametersView:116 -                Rank 7 : true
2024-09-11 16:34:52,063 [INFO] ADCParametersView:116 -                Rank 8 : true
2024-09-11 16:34:52,063 [INFO] ADCParametersView:116 -                Rank 7 : true
2024-09-11 16:34:52,063 [INFO] ADCParametersView:116 -                Rank 8 : true
2024-09-11 16:34:52,064 [INFO] ADCParametersView:116 -                Rank 8 : true
2024-09-11 16:34:52,133 [INFO] ADCParametersView:116 -                Rank 1 : true
2024-09-11 16:34:52,134 [INFO] ADCParametersView:116 -                Rank 1 : true
2024-09-11 16:34:52,134 [INFO] ADCParametersView:116 -                Rank 2 : true
2024-09-11 16:34:52,134 [INFO] ADCParametersView:116 -                Rank 1 : true
2024-09-11 16:34:52,134 [INFO] ADCParametersView:116 -                Rank 2 : true
2024-09-11 16:34:52,134 [INFO] ADCParametersView:116 -                Rank 3 : true
2024-09-11 16:34:52,134 [INFO] ADCParametersView:116 -                Rank 1 : true
2024-09-11 16:34:52,134 [INFO] ADCParametersView:116 -                Rank 2 : true
2024-09-11 16:34:52,134 [INFO] ADCParametersView:116 -                Rank 3 : true
2024-09-11 16:34:52,134 [INFO] ADCParametersView:116 -                Rank 4 : true
2024-09-11 16:34:52,135 [INFO] ADCParametersView:116 -                Rank 1 : true
2024-09-11 16:34:52,135 [INFO] ADCParametersView:116 -                Rank 2 : true
2024-09-11 16:34:52,135 [INFO] ADCParametersView:116 -                Rank 3 : true
2024-09-11 16:34:52,135 [INFO] ADCParametersView:116 -                Rank 4 : true
2024-09-11 16:34:52,135 [INFO] ADCParametersView:116 -                Rank 5 : true
2024-09-11 16:34:52,135 [INFO] ADCParametersView:116 -                Rank 1 : true
2024-09-11 16:34:52,135 [INFO] ADCParametersView:116 -                Rank 2 : true
2024-09-11 16:34:52,135 [INFO] ADCParametersView:116 -                Rank 3 : true
2024-09-11 16:34:52,135 [INFO] ADCParametersView:116 -                Rank 4 : true
2024-09-11 16:34:52,135 [INFO] ADCParametersView:116 -                Rank 5 : true
2024-09-11 16:34:52,135 [INFO] ADCParametersView:116 -                Rank 6 : true
2024-09-11 16:34:52,135 [INFO] ADCParametersView:116 -                Rank 1 : true
2024-09-11 16:34:52,135 [INFO] ADCParametersView:116 -                Rank 2 : true
2024-09-11 16:34:52,135 [INFO] ADCParametersView:116 -                Rank 3 : true
2024-09-11 16:34:52,135 [INFO] ADCParametersView:116 -                Rank 4 : true
2024-09-11 16:34:52,135 [INFO] ADCParametersView:116 -                Rank 5 : true
2024-09-11 16:34:52,135 [INFO] ADCParametersView:116 -                Rank 6 : true
2024-09-11 16:34:52,136 [INFO] ADCParametersView:116 -                Rank 7 : true
2024-09-11 16:34:52,136 [INFO] ADCParametersView:116 -                Rank 1 : true
2024-09-11 16:34:52,136 [INFO] ADCParametersView:116 -                Rank 2 : true
2024-09-11 16:34:52,136 [INFO] ADCParametersView:116 -                Rank 3 : true
2024-09-11 16:34:52,136 [INFO] ADCParametersView:116 -                Rank 4 : true
2024-09-11 16:34:52,136 [INFO] ADCParametersView:116 -                Rank 5 : true
2024-09-11 16:34:52,136 [INFO] ADCParametersView:116 -                Rank 6 : true
2024-09-11 16:34:52,136 [INFO] ADCParametersView:116 -                Rank 7 : true
2024-09-11 16:34:52,136 [INFO] ADCParametersView:116 -                Rank 8 : true
2024-09-11 16:34:52,199 [INFO] ADCParametersView:116 -                Rank 1 : true
2024-09-11 16:34:52,199 [INFO] ADCParametersView:116 -                Rank 2 : true
2024-09-11 16:34:52,199 [INFO] ADCParametersView:116 -                Rank 3 : true
2024-09-11 16:34:52,199 [INFO] ADCParametersView:116 -                Rank 4 : true
2024-09-11 16:34:52,199 [INFO] ADCParametersView:116 -                Rank 5 : true
2024-09-11 16:34:52,199 [INFO] ADCParametersView:116 -                Rank 6 : true
2024-09-11 16:34:52,199 [INFO] ADCParametersView:116 -                Rank 7 : true
2024-09-11 16:34:52,199 [INFO] ADCParametersView:116 -                Rank 8 : true
2024-09-11 16:34:52,201 [INFO] ADCParametersView:116 -                Rank 1 : true
2024-09-11 16:34:52,201 [INFO] ADCParametersView:116 -                Rank 2 : true
2024-09-11 16:34:52,201 [INFO] ADCParametersView:116 -                Rank 3 : true
2024-09-11 16:34:52,201 [INFO] ADCParametersView:116 -                Rank 4 : true
2024-09-11 16:34:52,201 [INFO] ADCParametersView:116 -                Rank 5 : true
2024-09-11 16:34:52,201 [INFO] ADCParametersView:116 -                Rank 6 : true
2024-09-11 16:34:52,201 [INFO] ADCParametersView:116 -                Rank 7 : true
2024-09-11 16:34:52,201 [INFO] ADCParametersView:116 -                Rank 8 : true
2024-09-11 16:34:52,202 [INFO] ADCParametersView:116 -                Rank 1 : true
2024-09-11 16:34:52,202 [INFO] ADCParametersView:116 -                Rank 2 : true
2024-09-11 16:34:52,202 [INFO] ADCParametersView:116 -                Rank 3 : true
2024-09-11 16:34:52,202 [INFO] ADCParametersView:116 -                Rank 4 : true
2024-09-11 16:34:52,202 [INFO] ADCParametersView:116 -                Rank 5 : true
2024-09-11 16:34:52,202 [INFO] ADCParametersView:116 -                Rank 6 : true
2024-09-11 16:34:52,202 [INFO] ADCParametersView:116 -                Rank 7 : true
2024-09-11 16:34:52,202 [INFO] ADCParametersView:116 -                Rank 8 : true
2024-09-11 16:34:52,202 [INFO] ADCParametersView:116 -                Rank 1 : true
2024-09-11 16:34:52,202 [INFO] ADCParametersView:116 -                Rank 2 : true
2024-09-11 16:34:52,202 [INFO] ADCParametersView:116 -                Rank 3 : true
2024-09-11 16:34:52,202 [INFO] ADCParametersView:116 -                Rank 4 : true
2024-09-11 16:34:52,202 [INFO] ADCParametersView:116 -                Rank 5 : true
2024-09-11 16:34:52,202 [INFO] ADCParametersView:116 -                Rank 6 : true
2024-09-11 16:34:52,202 [INFO] ADCParametersView:116 -                Rank 7 : true
2024-09-11 16:34:52,202 [INFO] ADCParametersView:116 -                Rank 8 : true
2024-09-11 16:34:52,202 [INFO] ADCParametersView:116 -                Rank 1 : true
2024-09-11 16:34:52,202 [INFO] ADCParametersView:116 -                Rank 2 : true
2024-09-11 16:34:52,202 [INFO] ADCParametersView:116 -                Rank 3 : true
2024-09-11 16:34:52,202 [INFO] ADCParametersView:116 -                Rank 4 : true
2024-09-11 16:34:52,202 [INFO] ADCParametersView:116 -                Rank 5 : true
2024-09-11 16:34:52,202 [INFO] ADCParametersView:116 -                Rank 6 : true
2024-09-11 16:34:52,202 [INFO] ADCParametersView:116 -                Rank 7 : true
2024-09-11 16:34:52,202 [INFO] ADCParametersView:116 -                Rank 8 : true
2024-09-11 16:34:52,203 [INFO] ADCParametersView:116 -                Rank 1 : true
2024-09-11 16:34:52,203 [INFO] ADCParametersView:116 -                Rank 2 : true
2024-09-11 16:34:52,203 [INFO] ADCParametersView:116 -                Rank 3 : true
2024-09-11 16:34:52,203 [INFO] ADCParametersView:116 -                Rank 4 : true
2024-09-11 16:34:52,203 [INFO] ADCParametersView:116 -                Rank 5 : true
2024-09-11 16:34:52,203 [INFO] ADCParametersView:116 -                Rank 6 : true
2024-09-11 16:34:52,203 [INFO] ADCParametersView:116 -                Rank 7 : true
2024-09-11 16:34:52,203 [INFO] ADCParametersView:116 -                Rank 8 : true
2024-09-11 16:34:52,203 [INFO] ADCParametersView:116 -                Rank 1 : true
2024-09-11 16:34:52,203 [INFO] ADCParametersView:116 -                Rank 2 : true
2024-09-11 16:34:52,203 [INFO] ADCParametersView:116 -                Rank 3 : true
2024-09-11 16:34:52,203 [INFO] ADCParametersView:116 -                Rank 4 : true
2024-09-11 16:34:52,203 [INFO] ADCParametersView:116 -                Rank 5 : true
2024-09-11 16:34:52,203 [INFO] ADCParametersView:116 -                Rank 6 : true
2024-09-11 16:34:52,203 [INFO] ADCParametersView:116 -                Rank 7 : true
2024-09-11 16:34:52,203 [INFO] ADCParametersView:116 -                Rank 8 : true
2024-09-11 16:34:52,203 [INFO] ADCParametersView:116 -                Rank 1 : true
2024-09-11 16:34:52,203 [INFO] ADCParametersView:116 -                Rank 2 : true
2024-09-11 16:34:52,203 [INFO] ADCParametersView:116 -                Rank 3 : true
2024-09-11 16:34:52,203 [INFO] ADCParametersView:116 -                Rank 4 : true
2024-09-11 16:34:52,204 [INFO] ADCParametersView:116 -                Rank 5 : true
2024-09-11 16:34:52,204 [INFO] ADCParametersView:116 -                Rank 6 : true
2024-09-11 16:34:52,204 [INFO] ADCParametersView:116 -                Rank 7 : true
2024-09-11 16:34:52,204 [INFO] ADCParametersView:116 -                Rank 8 : true
2024-09-11 16:34:52,204 [INFO] ADCParametersView:116 -                Rank 1 : true
2024-09-11 16:34:52,204 [INFO] ADCParametersView:116 -                Rank 2 : true
2024-09-11 16:34:52,204 [INFO] ADCParametersView:116 -                Rank 3 : true
2024-09-11 16:34:52,204 [INFO] ADCParametersView:116 -                Rank 4 : true
2024-09-11 16:34:52,204 [INFO] ADCParametersView:116 -                Rank 5 : true
2024-09-11 16:34:52,204 [INFO] ADCParametersView:116 -                Rank 6 : true
2024-09-11 16:34:52,204 [INFO] ADCParametersView:116 -                Rank 7 : true
2024-09-11 16:34:52,204 [INFO] ADCParametersView:116 -                Rank 8 : true
2024-09-11 16:34:52,204 [INFO] ADCParametersView:116 -                Rank 1 : true
2024-09-11 16:34:52,204 [INFO] ADCParametersView:116 -                Rank 2 : true
2024-09-11 16:34:52,204 [INFO] ADCParametersView:116 -                Rank 3 : true
2024-09-11 16:34:52,204 [INFO] ADCParametersView:116 -                Rank 4 : true
2024-09-11 16:34:52,204 [INFO] ADCParametersView:116 -                Rank 5 : true
2024-09-11 16:34:52,204 [INFO] ADCParametersView:116 -                Rank 6 : true
2024-09-11 16:34:52,204 [INFO] ADCParametersView:116 -                Rank 7 : true
2024-09-11 16:34:52,204 [INFO] ADCParametersView:116 -                Rank 8 : true
2024-09-11 16:34:52,204 [INFO] ADCParametersView:116 -                Rank 1 : true
2024-09-11 16:34:52,204 [INFO] ADCParametersView:116 -                Rank 2 : true
2024-09-11 16:34:52,204 [INFO] ADCParametersView:116 -                Rank 3 : true
2024-09-11 16:34:52,205 [INFO] ADCParametersView:116 -                Rank 4 : true
2024-09-11 16:34:52,205 [INFO] ADCParametersView:116 -                Rank 5 : true
2024-09-11 16:34:52,205 [INFO] ADCParametersView:116 -                Rank 6 : true
2024-09-11 16:34:52,205 [INFO] ADCParametersView:116 -                Rank 7 : true
2024-09-11 16:34:52,205 [INFO] ADCParametersView:116 -                Rank 8 : true
2024-09-11 16:34:52,205 [INFO] ADCParametersView:116 -                Rank 1 : true
2024-09-11 16:34:52,205 [INFO] ADCParametersView:116 -                Rank 2 : true
2024-09-11 16:34:52,205 [INFO] ADCParametersView:116 -                Rank 3 : true
2024-09-11 16:34:52,205 [INFO] ADCParametersView:116 -                Rank 4 : true
2024-09-11 16:34:52,205 [INFO] ADCParametersView:116 -                Rank 5 : true
2024-09-11 16:34:52,205 [INFO] ADCParametersView:116 -                Rank 6 : true
2024-09-11 16:34:52,205 [INFO] ADCParametersView:116 -                Rank 7 : true
2024-09-11 16:34:52,205 [INFO] ADCParametersView:116 -                Rank 8 : true
2024-09-11 16:34:52,205 [INFO] ADCParametersView:116 -                Rank 1 : true
2024-09-11 16:34:52,205 [INFO] ADCParametersView:116 -                Rank 2 : true
2024-09-11 16:34:52,205 [INFO] ADCParametersView:116 -                Rank 3 : true
2024-09-11 16:34:52,205 [INFO] ADCParametersView:116 -                Rank 4 : true
2024-09-11 16:34:52,205 [INFO] ADCParametersView:116 -                Rank 5 : true
2024-09-11 16:34:52,205 [INFO] ADCParametersView:116 -                Rank 6 : true
2024-09-11 16:34:52,205 [INFO] ADCParametersView:116 -                Rank 7 : true
2024-09-11 16:34:52,205 [INFO] ADCParametersView:116 -                Rank 8 : true
2024-09-11 16:34:52,205 [INFO] ADCParametersView:116 -                Rank 1 : true
2024-09-11 16:34:52,205 [INFO] ADCParametersView:116 -                Rank 2 : true
2024-09-11 16:34:52,205 [INFO] ADCParametersView:116 -                Rank 3 : true
2024-09-11 16:34:52,206 [INFO] ADCParametersView:116 -                Rank 4 : true
2024-09-11 16:34:52,206 [INFO] ADCParametersView:116 -                Rank 5 : true
2024-09-11 16:34:52,206 [INFO] ADCParametersView:116 -                Rank 6 : true
2024-09-11 16:34:52,206 [INFO] ADCParametersView:116 -                Rank 7 : true
2024-09-11 16:34:52,206 [INFO] ADCParametersView:116 -                Rank 8 : true
2024-09-11 16:34:52,206 [INFO] ADCParametersView:116 -                Rank 2 : true
2024-09-11 16:34:52,206 [INFO] ADCParametersView:116 -                Rank 3 : true
2024-09-11 16:34:52,206 [INFO] ADCParametersView:116 -                Rank 4 : true
2024-09-11 16:34:52,206 [INFO] ADCParametersView:116 -                Rank 5 : true
2024-09-11 16:34:52,206 [INFO] ADCParametersView:116 -                Rank 6 : true
2024-09-11 16:34:52,206 [INFO] ADCParametersView:116 -                Rank 7 : true
2024-09-11 16:34:52,206 [INFO] ADCParametersView:116 -                Rank 8 : true
2024-09-11 16:34:52,206 [INFO] ADCParametersView:116 -                Rank 3 : true
2024-09-11 16:34:52,206 [INFO] ADCParametersView:116 -                Rank 4 : true
2024-09-11 16:34:52,206 [INFO] ADCParametersView:116 -                Rank 5 : true
2024-09-11 16:34:52,206 [INFO] ADCParametersView:116 -                Rank 6 : true
2024-09-11 16:34:52,206 [INFO] ADCParametersView:116 -                Rank 7 : true
2024-09-11 16:34:52,206 [INFO] ADCParametersView:116 -                Rank 8 : true
2024-09-11 16:34:52,206 [INFO] ADCParametersView:116 -                Rank 4 : true
2024-09-11 16:34:52,206 [INFO] ADCParametersView:116 -                Rank 5 : true
2024-09-11 16:34:52,206 [INFO] ADCParametersView:116 -                Rank 6 : true
2024-09-11 16:34:52,206 [INFO] ADCParametersView:116 -                Rank 7 : true
2024-09-11 16:34:52,206 [INFO] ADCParametersView:116 -                Rank 8 : true
2024-09-11 16:34:52,206 [INFO] ADCParametersView:116 -                Rank 5 : true
2024-09-11 16:34:52,206 [INFO] ADCParametersView:116 -                Rank 6 : true
2024-09-11 16:34:52,206 [INFO] ADCParametersView:116 -                Rank 7 : true
2024-09-11 16:34:52,206 [INFO] ADCParametersView:116 -                Rank 8 : true
2024-09-11 16:34:52,207 [INFO] ADCParametersView:116 -                Rank 6 : true
2024-09-11 16:34:52,207 [INFO] ADCParametersView:116 -                Rank 7 : true
2024-09-11 16:34:52,207 [INFO] ADCParametersView:116 -                Rank 8 : true
2024-09-11 16:34:52,207 [INFO] ADCParametersView:116 -                Rank 7 : true
2024-09-11 16:34:52,207 [INFO] ADCParametersView:116 -                Rank 8 : true
2024-09-11 16:34:52,207 [INFO] ADCParametersView:116 -                Rank 8 : true
2024-09-11 16:34:52,240 [INFO] ADCParametersView:116 -                Rank 1 : true
2024-09-11 16:34:52,240 [INFO] ADCParametersView:116 -                Rank 1 : true
2024-09-11 16:34:52,240 [INFO] ADCParametersView:116 -                Rank 2 : true
2024-09-11 16:34:52,241 [INFO] ADCParametersView:116 -                Rank 1 : true
2024-09-11 16:34:52,241 [INFO] ADCParametersView:116 -                Rank 2 : true
2024-09-11 16:34:52,241 [INFO] ADCParametersView:116 -                Rank 3 : true
2024-09-11 16:34:52,241 [INFO] ADCParametersView:116 -                Rank 1 : true
2024-09-11 16:34:52,241 [INFO] ADCParametersView:116 -                Rank 2 : true
2024-09-11 16:34:52,241 [INFO] ADCParametersView:116 -                Rank 3 : true
2024-09-11 16:34:52,241 [INFO] ADCParametersView:116 -                Rank 4 : true
2024-09-11 16:34:52,241 [INFO] ADCParametersView:116 -                Rank 1 : true
2024-09-11 16:34:52,241 [INFO] ADCParametersView:116 -                Rank 2 : true
2024-09-11 16:34:52,241 [INFO] ADCParametersView:116 -                Rank 3 : true
2024-09-11 16:34:52,241 [INFO] ADCParametersView:116 -                Rank 4 : true
2024-09-11 16:34:52,241 [INFO] ADCParametersView:116 -                Rank 5 : true
2024-09-11 16:34:52,242 [INFO] ADCParametersView:116 -                Rank 1 : true
2024-09-11 16:34:52,242 [INFO] ADCParametersView:116 -                Rank 2 : true
2024-09-11 16:34:52,242 [INFO] ADCParametersView:116 -                Rank 3 : true
2024-09-11 16:34:52,242 [INFO] ADCParametersView:116 -                Rank 4 : true
2024-09-11 16:34:52,242 [INFO] ADCParametersView:116 -                Rank 5 : true
2024-09-11 16:34:52,242 [INFO] ADCParametersView:116 -                Rank 6 : true
2024-09-11 16:34:52,242 [INFO] ADCParametersView:116 -                Rank 1 : true
2024-09-11 16:34:52,242 [INFO] ADCParametersView:116 -                Rank 2 : true
2024-09-11 16:34:52,242 [INFO] ADCParametersView:116 -                Rank 3 : true
2024-09-11 16:34:52,242 [INFO] ADCParametersView:116 -                Rank 4 : true
2024-09-11 16:34:52,242 [INFO] ADCParametersView:116 -                Rank 5 : true
2024-09-11 16:34:52,242 [INFO] ADCParametersView:116 -                Rank 6 : true
2024-09-11 16:34:52,242 [INFO] ADCParametersView:116 -                Rank 7 : true
2024-09-11 16:34:52,242 [INFO] ADCParametersView:116 -                Rank 1 : true
2024-09-11 16:34:52,242 [INFO] ADCParametersView:116 -                Rank 2 : true
2024-09-11 16:34:52,242 [INFO] ADCParametersView:116 -                Rank 3 : true
2024-09-11 16:34:52,242 [INFO] ADCParametersView:116 -                Rank 4 : true
2024-09-11 16:34:52,242 [INFO] ADCParametersView:116 -                Rank 5 : true
2024-09-11 16:34:52,242 [INFO] ADCParametersView:116 -                Rank 6 : true
2024-09-11 16:34:52,242 [INFO] ADCParametersView:116 -                Rank 7 : true
2024-09-11 16:34:52,242 [INFO] ADCParametersView:116 -                Rank 8 : true
2024-09-11 16:35:11,281 [INFO] UtilMem:75 - End SaveConfig() Used Memory: 938193152 Bytes (1073741824)
2024-09-11 16:35:11,409 [INFO] UtilMem:75 - End SaveConfig() Used Memory: 338114848 Bytes (1073741824)
2024-09-11 16:35:13,594 [INFO] UtilMem:75 - End SaveConfig() Used Memory: 390021408 Bytes (1073741824)
2024-09-11 16:35:13,714 [INFO] BlockDiagram:2766 - set Specific Code input for plugin: SYS
2024-09-11 16:35:13,715 [INFO] BlockDiagram:2766 - set Specific Code input for plugin: ADC
2024-09-11 16:35:13,715 [INFO] BlockDiagram:2766 - set Specific Code input for plugin: RCC
2024-09-11 16:35:13,715 [INFO] BlockDiagram:2766 - set Specific Code input for plugin: NVIC
2024-09-11 16:35:13,715 [INFO] BlockDiagram:2766 - set Specific Code input for plugin: CORTEX_M7
2024-09-11 16:35:13,715 [INFO] BlockDiagram:2766 - set Specific Code input for plugin: DMA
2024-09-11 16:35:13,715 [INFO] BlockDiagram:2766 - set Specific Code input for plugin: GPIO
2024-09-11 16:35:13,716 [INFO] CodeGenerator:807 - code generatio: config db path: /Applications/STM32CubeIDE.app/Contents/Eclipse/plugins/com.st.stm32cube.common.mx_6.12.0.202406281431//db/
2024-09-11 16:35:14,011 [INFO] CodeEngine:255 - oldGeneratedFile, /Users/kitton/STM32CubeIDE/MAD_LAB/SpecialLab02/MXTmpFiles/license.tmp_save
2024-09-11 16:35:14,096 [INFO] CodeEngine:279 - Generated code: /Users/kitton/STM32CubeIDE/MAD_LAB/SpecialLab02/MXTmpFiles/license.tmp
2024-09-11 16:35:14,144 [INFO] CodeEngine:255 - oldGeneratedFile, /Users/kitton/STM32CubeIDE/MAD_LAB/SpecialLab02/Core/Src/gpio.c_save
2024-09-11 16:35:14,199 [INFO] CodeEngine:279 - Generated code: /Users/kitton/STM32CubeIDE/MAD_LAB/SpecialLab02/Core/Src/gpio.c
2024-09-11 16:35:14,200 [INFO] CodeEngine:255 - oldGeneratedFile, /Users/kitton/STM32CubeIDE/MAD_LAB/SpecialLab02/Core/Inc/gpio.h_save
2024-09-11 16:35:14,238 [INFO] CodeEngine:279 - Generated code: /Users/kitton/STM32CubeIDE/MAD_LAB/SpecialLab02/Core/Inc/gpio.h
2024-09-11 16:35:14,304 [INFO] CodeEngine:255 - oldGeneratedFile, /Users/kitton/STM32CubeIDE/MAD_LAB/SpecialLab02/Core/Src/adc.c_save
2024-09-11 16:35:14,391 [INFO] CodeEngine:279 - Generated code: /Users/kitton/STM32CubeIDE/MAD_LAB/SpecialLab02/Core/Src/adc.c
2024-09-11 16:35:14,396 [INFO] CodeEngine:255 - oldGeneratedFile, /Users/kitton/STM32CubeIDE/MAD_LAB/SpecialLab02/Core/Inc/adc.h_save
2024-09-11 16:35:14,465 [INFO] CodeEngine:279 - Generated code: /Users/kitton/STM32CubeIDE/MAD_LAB/SpecialLab02/Core/Inc/adc.h
2024-09-11 16:35:14,477 [INFO] CodeEngine:255 - oldGeneratedFile, /Users/kitton/STM32CubeIDE/MAD_LAB/SpecialLab02/MXTmpFiles/cortex.tmp_save
2024-09-11 16:35:14,530 [INFO] CodeEngine:279 - Generated code: /Users/kitton/STM32CubeIDE/MAD_LAB/SpecialLab02/MXTmpFiles/cortex.tmp
2024-09-11 16:35:14,550 [INFO] CodeEngine:255 - oldGeneratedFile, /Users/kitton/STM32CubeIDE/MAD_LAB/SpecialLab02/Core/Src/dma.c_save
2024-09-11 16:35:14,597 [INFO] CodeEngine:279 - Generated code: /Users/kitton/STM32CubeIDE/MAD_LAB/SpecialLab02/Core/Src/dma.c
2024-09-11 16:35:14,598 [INFO] CodeEngine:255 - oldGeneratedFile, /Users/kitton/STM32CubeIDE/MAD_LAB/SpecialLab02/Core/Inc/dma.h_save
2024-09-11 16:35:14,640 [INFO] CodeEngine:279 - Generated code: /Users/kitton/STM32CubeIDE/MAD_LAB/SpecialLab02/Core/Inc/dma.h
2024-09-11 16:35:14,645 [INFO] CodeEngine:255 - oldGeneratedFile, /Users/kitton/STM32CubeIDE/MAD_LAB/SpecialLab02/Core/Src/stm32f7xx_it.c_save
2024-09-11 16:35:14,699 [INFO] CodeEngine:279 - Generated code: /Users/kitton/STM32CubeIDE/MAD_LAB/SpecialLab02/Core/Src/stm32f7xx_it.c
2024-09-11 16:35:14,700 [INFO] CodeEngine:255 - oldGeneratedFile, /Users/kitton/STM32CubeIDE/MAD_LAB/SpecialLab02/Core/Inc/stm32f7xx_it.h_save
2024-09-11 16:35:14,740 [INFO] CodeEngine:279 - Generated code: /Users/kitton/STM32CubeIDE/MAD_LAB/SpecialLab02/Core/Inc/stm32f7xx_it.h
2024-09-11 16:35:14,745 [INFO] CodeEngine:255 - oldGeneratedFile, /Users/kitton/STM32CubeIDE/MAD_LAB/SpecialLab02/Core/Src/stm32f7xx_hal_msp.c_save
2024-09-11 16:35:14,801 [INFO] CodeEngine:279 - Generated code: /Users/kitton/STM32CubeIDE/MAD_LAB/SpecialLab02/Core/Src/stm32f7xx_hal_msp.c
2024-09-11 16:35:14,802 [INFO] CodeEngine:255 - oldGeneratedFile, /Users/kitton/STM32CubeIDE/MAD_LAB/SpecialLab02/MXTmpFiles/system.tmp_save
2024-09-11 16:35:14,838 [INFO] CodeEngine:279 - Generated code: /Users/kitton/STM32CubeIDE/MAD_LAB/SpecialLab02/MXTmpFiles/system.tmp
2024-09-11 16:35:14,842 [INFO] CodeEngine:311 - oldGeneratedFile, /Users/kitton/STM32CubeIDE/MAD_LAB/SpecialLab02/Core/Inc/stm32f7xx_hal_conf.h_save
2024-09-11 16:35:14,887 [INFO] CodeEngine:335 - Generated code: /Users/kitton/STM32CubeIDE/MAD_LAB/SpecialLab02/Core/Inc/stm32f7xx_hal_conf.h
2024-09-11 16:35:14,899 [INFO] CodeEngine:255 - oldGeneratedFile, /Users/kitton/STM32CubeIDE/MAD_LAB/SpecialLab02/Core/Inc/main.h_save
2024-09-11 16:35:14,951 [INFO] CodeEngine:279 - Generated code: /Users/kitton/STM32CubeIDE/MAD_LAB/SpecialLab02/Core/Inc/main.h
2024-09-11 16:35:14,952 [INFO] CodeEngine:255 - oldGeneratedFile, /Users/kitton/STM32CubeIDE/MAD_LAB/SpecialLab02/Core/Src/main.c_save
2024-09-11 16:35:15,010 [INFO] CodeEngine:279 - Generated code: /Users/kitton/STM32CubeIDE/MAD_LAB/SpecialLab02/Core/Src/main.c
2024-09-11 16:35:15,203 [INFO] ProjectBuilder:3249 - Time for Copy HAL[1] : 60mS.
2024-09-11 16:35:15,205 [INFO] ProjectBuilder:4828 - Project Generator version: 4.4.0-B60
2024-09-11 16:35:15,254 [INFO] ConfigFileManager:1531 - The Die is : DIE451
2024-09-11 16:35:16,138 [INFO] ProjectBuilder:5097 - Time for Generating toolchain IDE Files: 931mS.
2024-09-11 16:35:16,142 [INFO] ProjectBuilder:3107 - Time for Copy CMSIS : 0mS.
2024-09-11 16:35:16,143 [INFO] ProjectBuilder:3107 - Time for Copy CMSIS : 0mS.
2024-09-11 16:38:09,854 [INFO] ADCParametersView:116 -                Rank 1 : true
2024-09-11 16:38:09,857 [INFO] ADCParametersView:116 -                Rank 2 : true
2024-09-11 16:38:09,857 [INFO] ADCParametersView:116 -                Rank 3 : true
2024-09-11 16:38:09,857 [INFO] ADCParametersView:116 -                Rank 4 : true
2024-09-11 16:38:09,857 [INFO] ADCParametersView:116 -                Rank 5 : true
2024-09-11 16:38:09,857 [INFO] ADCParametersView:116 -                Rank 6 : true
2024-09-11 16:38:09,857 [INFO] ADCParametersView:116 -                Rank 7 : true
2024-09-11 16:38:09,857 [INFO] ADCParametersView:116 -                Rank 8 : true
2024-09-11 16:38:09,868 [INFO] ADCParametersView:116 -                Rank 1 : true
2024-09-11 16:38:09,868 [INFO] ADCParametersView:116 -                Rank 2 : true
2024-09-11 16:38:09,868 [INFO] ADCParametersView:116 -                Rank 3 : true
2024-09-11 16:38:09,868 [INFO] ADCParametersView:116 -                Rank 4 : true
2024-09-11 16:38:09,868 [INFO] ADCParametersView:116 -                Rank 5 : true
2024-09-11 16:38:09,868 [INFO] ADCParametersView:116 -                Rank 6 : true
2024-09-11 16:38:09,868 [INFO] ADCParametersView:116 -                Rank 7 : true
2024-09-11 16:38:09,868 [INFO] ADCParametersView:116 -                Rank 8 : true
2024-09-11 16:38:09,869 [INFO] ADCParametersView:116 -                Rank 1 : true
2024-09-11 16:38:09,869 [INFO] ADCParametersView:116 -                Rank 2 : true
2024-09-11 16:38:09,869 [INFO] ADCParametersView:116 -                Rank 3 : true
2024-09-11 16:38:09,869 [INFO] ADCParametersView:116 -                Rank 4 : true
2024-09-11 16:38:09,869 [INFO] ADCParametersView:116 -                Rank 5 : true
2024-09-11 16:38:09,869 [INFO] ADCParametersView:116 -                Rank 6 : true
2024-09-11 16:38:09,869 [INFO] ADCParametersView:116 -                Rank 7 : true
2024-09-11 16:38:09,869 [INFO] ADCParametersView:116 -                Rank 8 : true
2024-09-11 16:38:09,869 [INFO] ADCParametersView:116 -                Rank 1 : true
2024-09-11 16:38:09,869 [INFO] ADCParametersView:116 -                Rank 2 : true
2024-09-11 16:38:09,869 [INFO] ADCParametersView:116 -                Rank 3 : true
2024-09-11 16:38:09,869 [INFO] ADCParametersView:116 -                Rank 4 : true
2024-09-11 16:38:09,869 [INFO] ADCParametersView:116 -                Rank 5 : true
2024-09-11 16:38:09,869 [INFO] ADCParametersView:116 -                Rank 6 : true
2024-09-11 16:38:09,869 [INFO] ADCParametersView:116 -                Rank 7 : true
2024-09-11 16:38:09,869 [INFO] ADCParametersView:116 -                Rank 8 : true
2024-09-11 16:38:09,869 [INFO] ADCParametersView:116 -                Rank 1 : true
2024-09-11 16:38:09,869 [INFO] ADCParametersView:116 -                Rank 2 : true
2024-09-11 16:38:09,869 [INFO] ADCParametersView:116 -                Rank 3 : true
2024-09-11 16:38:09,869 [INFO] ADCParametersView:116 -                Rank 4 : true
2024-09-11 16:38:09,869 [INFO] ADCParametersView:116 -                Rank 5 : true
2024-09-11 16:38:09,869 [INFO] ADCParametersView:116 -                Rank 6 : true
2024-09-11 16:38:09,870 [INFO] ADCParametersView:116 -                Rank 7 : true
2024-09-11 16:38:09,870 [INFO] ADCParametersView:116 -                Rank 8 : true
2024-09-11 16:38:09,870 [INFO] ADCParametersView:116 -                Rank 1 : true
2024-09-11 16:38:09,870 [INFO] ADCParametersView:116 -                Rank 2 : true
2024-09-11 16:38:09,870 [INFO] ADCParametersView:116 -                Rank 3 : true
2024-09-11 16:38:09,870 [INFO] ADCParametersView:116 -                Rank 4 : true
2024-09-11 16:38:09,870 [INFO] ADCParametersView:116 -                Rank 5 : true
2024-09-11 16:38:09,870 [INFO] ADCParametersView:116 -                Rank 6 : true
2024-09-11 16:38:09,870 [INFO] ADCParametersView:116 -                Rank 7 : true
2024-09-11 16:38:09,870 [INFO] ADCParametersView:116 -                Rank 8 : true
2024-09-11 16:38:09,870 [INFO] ADCParametersView:116 -                Rank 1 : true
2024-09-11 16:38:09,870 [INFO] ADCParametersView:116 -                Rank 2 : true
2024-09-11 16:38:09,870 [INFO] ADCParametersView:116 -                Rank 3 : true
2024-09-11 16:38:09,870 [INFO] ADCParametersView:116 -                Rank 4 : true
2024-09-11 16:38:09,870 [INFO] ADCParametersView:116 -                Rank 5 : true
2024-09-11 16:38:09,870 [INFO] ADCParametersView:116 -                Rank 6 : true
2024-09-11 16:38:09,870 [INFO] ADCParametersView:116 -                Rank 7 : true
2024-09-11 16:38:09,870 [INFO] ADCParametersView:116 -                Rank 8 : true
2024-09-11 16:38:09,871 [INFO] ADCParametersView:116 -                Rank 1 : true
2024-09-11 16:38:09,871 [INFO] ADCParametersView:116 -                Rank 2 : true
2024-09-11 16:38:09,871 [INFO] ADCParametersView:116 -                Rank 3 : true
2024-09-11 16:38:09,871 [INFO] ADCParametersView:116 -                Rank 4 : true
2024-09-11 16:38:09,871 [INFO] ADCParametersView:116 -                Rank 5 : true
2024-09-11 16:38:09,871 [INFO] ADCParametersView:116 -                Rank 6 : true
2024-09-11 16:38:09,871 [INFO] ADCParametersView:116 -                Rank 7 : true
2024-09-11 16:38:09,871 [INFO] ADCParametersView:116 -                Rank 8 : true
2024-09-11 16:38:09,871 [INFO] ADCParametersView:116 -                Rank 1 : true
2024-09-11 16:38:09,871 [INFO] ADCParametersView:116 -                Rank 2 : true
2024-09-11 16:38:09,871 [INFO] ADCParametersView:116 -                Rank 3 : true
2024-09-11 16:38:09,871 [INFO] ADCParametersView:116 -                Rank 4 : true
2024-09-11 16:38:09,871 [INFO] ADCParametersView:116 -                Rank 5 : true
2024-09-11 16:38:09,871 [INFO] ADCParametersView:116 -                Rank 6 : true
2024-09-11 16:38:09,871 [INFO] ADCParametersView:116 -                Rank 7 : true
2024-09-11 16:38:09,871 [INFO] ADCParametersView:116 -                Rank 8 : true
2024-09-11 16:38:09,871 [INFO] ADCParametersView:116 -                Rank 1 : true
2024-09-11 16:38:09,871 [INFO] ADCParametersView:116 -                Rank 2 : true
2024-09-11 16:38:09,871 [INFO] ADCParametersView:116 -                Rank 3 : true
2024-09-11 16:38:09,871 [INFO] ADCParametersView:116 -                Rank 4 : true
2024-09-11 16:38:09,871 [INFO] ADCParametersView:116 -                Rank 5 : true
2024-09-11 16:38:09,871 [INFO] ADCParametersView:116 -                Rank 6 : true
2024-09-11 16:38:09,871 [INFO] ADCParametersView:116 -                Rank 7 : true
2024-09-11 16:38:09,871 [INFO] ADCParametersView:116 -                Rank 8 : true
2024-09-11 16:38:09,872 [INFO] ADCParametersView:116 -                Rank 1 : true
2024-09-11 16:38:09,872 [INFO] ADCParametersView:116 -                Rank 2 : true
2024-09-11 16:38:09,872 [INFO] ADCParametersView:116 -                Rank 3 : true
2024-09-11 16:38:09,872 [INFO] ADCParametersView:116 -                Rank 4 : true
2024-09-11 16:38:09,872 [INFO] ADCParametersView:116 -                Rank 5 : true
2024-09-11 16:38:09,872 [INFO] ADCParametersView:116 -                Rank 6 : true
2024-09-11 16:38:09,872 [INFO] ADCParametersView:116 -                Rank 7 : true
2024-09-11 16:38:09,872 [INFO] ADCParametersView:116 -                Rank 8 : true
2024-09-11 16:38:09,872 [INFO] ADCParametersView:116 -                Rank 1 : true
2024-09-11 16:38:09,872 [INFO] ADCParametersView:116 -                Rank 2 : true
2024-09-11 16:38:09,872 [INFO] ADCParametersView:116 -                Rank 3 : true
2024-09-11 16:38:09,872 [INFO] ADCParametersView:116 -                Rank 4 : true
2024-09-11 16:38:09,872 [INFO] ADCParametersView:116 -                Rank 5 : true
2024-09-11 16:38:09,872 [INFO] ADCParametersView:116 -                Rank 6 : true
2024-09-11 16:38:09,872 [INFO] ADCParametersView:116 -                Rank 7 : true
2024-09-11 16:38:09,872 [INFO] ADCParametersView:116 -                Rank 8 : true
2024-09-11 16:38:09,872 [INFO] ADCParametersView:116 -                Rank 1 : true
2024-09-11 16:38:09,872 [INFO] ADCParametersView:116 -                Rank 2 : true
2024-09-11 16:38:09,872 [INFO] ADCParametersView:116 -                Rank 3 : true
2024-09-11 16:38:09,872 [INFO] ADCParametersView:116 -                Rank 4 : true
2024-09-11 16:38:09,872 [INFO] ADCParametersView:116 -                Rank 5 : true
2024-09-11 16:38:09,872 [INFO] ADCParametersView:116 -                Rank 6 : true
2024-09-11 16:38:09,872 [INFO] ADCParametersView:116 -                Rank 7 : true
2024-09-11 16:38:09,872 [INFO] ADCParametersView:116 -                Rank 8 : true
2024-09-11 16:38:09,873 [INFO] ADCParametersView:116 -                Rank 1 : true
2024-09-11 16:38:09,873 [INFO] ADCParametersView:116 -                Rank 2 : true
2024-09-11 16:38:09,873 [INFO] ADCParametersView:116 -                Rank 3 : true
2024-09-11 16:38:09,873 [INFO] ADCParametersView:116 -                Rank 4 : true
2024-09-11 16:38:09,873 [INFO] ADCParametersView:116 -                Rank 5 : true
2024-09-11 16:38:09,873 [INFO] ADCParametersView:116 -                Rank 6 : true
2024-09-11 16:38:09,873 [INFO] ADCParametersView:116 -                Rank 7 : true
2024-09-11 16:38:09,873 [INFO] ADCParametersView:116 -                Rank 8 : true
2024-09-11 16:38:09,873 [INFO] ADCParametersView:116 -                Rank 2 : true
2024-09-11 16:38:09,873 [INFO] ADCParametersView:116 -                Rank 3 : true
2024-09-11 16:38:09,873 [INFO] ADCParametersView:116 -                Rank 4 : true
2024-09-11 16:38:09,873 [INFO] ADCParametersView:116 -                Rank 5 : true
2024-09-11 16:38:09,873 [INFO] ADCParametersView:116 -                Rank 6 : true
2024-09-11 16:38:09,873 [INFO] ADCParametersView:116 -                Rank 7 : true
2024-09-11 16:38:09,873 [INFO] ADCParametersView:116 -                Rank 8 : true
2024-09-11 16:38:09,873 [INFO] ADCParametersView:116 -                Rank 3 : true
2024-09-11 16:38:09,873 [INFO] ADCParametersView:116 -                Rank 4 : true
2024-09-11 16:38:09,873 [INFO] ADCParametersView:116 -                Rank 5 : true
2024-09-11 16:38:09,873 [INFO] ADCParametersView:116 -                Rank 6 : true
2024-09-11 16:38:09,873 [INFO] ADCParametersView:116 -                Rank 7 : true
2024-09-11 16:38:09,873 [INFO] ADCParametersView:116 -                Rank 8 : true
2024-09-11 16:38:09,873 [INFO] ADCParametersView:116 -                Rank 4 : true
2024-09-11 16:38:09,873 [INFO] ADCParametersView:116 -                Rank 5 : true
2024-09-11 16:38:09,873 [INFO] ADCParametersView:116 -                Rank 6 : true
2024-09-11 16:38:09,873 [INFO] ADCParametersView:116 -                Rank 7 : true
2024-09-11 16:38:09,873 [INFO] ADCParametersView:116 -                Rank 8 : true
2024-09-11 16:38:09,874 [INFO] ADCParametersView:116 -                Rank 5 : true
2024-09-11 16:38:09,874 [INFO] ADCParametersView:116 -                Rank 6 : true
2024-09-11 16:38:09,874 [INFO] ADCParametersView:116 -                Rank 7 : true
2024-09-11 16:38:09,874 [INFO] ADCParametersView:116 -                Rank 8 : true
2024-09-11 16:38:09,874 [INFO] ADCParametersView:116 -                Rank 6 : true
2024-09-11 16:38:09,874 [INFO] ADCParametersView:116 -                Rank 7 : true
2024-09-11 16:38:09,874 [INFO] ADCParametersView:116 -                Rank 8 : true
2024-09-11 16:38:09,874 [INFO] ADCParametersView:116 -                Rank 7 : true
2024-09-11 16:38:09,874 [INFO] ADCParametersView:116 -                Rank 8 : true
2024-09-11 16:38:09,874 [INFO] ADCParametersView:116 -                Rank 8 : true
2024-09-11 16:38:09,935 [INFO] ADCParametersView:116 -                Rank 1 : true
2024-09-11 16:38:09,935 [INFO] ADCParametersView:116 -                Rank 1 : true
2024-09-11 16:38:09,935 [INFO] ADCParametersView:116 -                Rank 2 : true
2024-09-11 16:38:09,935 [INFO] ADCParametersView:116 -                Rank 1 : true
2024-09-11 16:38:09,935 [INFO] ADCParametersView:116 -                Rank 2 : true
2024-09-11 16:38:09,935 [INFO] ADCParametersView:116 -                Rank 3 : true
2024-09-11 16:38:09,936 [INFO] ADCParametersView:116 -                Rank 1 : true
2024-09-11 16:38:09,936 [INFO] ADCParametersView:116 -                Rank 2 : true
2024-09-11 16:38:09,936 [INFO] ADCParametersView:116 -                Rank 3 : true
2024-09-11 16:38:09,936 [INFO] ADCParametersView:116 -                Rank 4 : true
2024-09-11 16:38:09,936 [INFO] ADCParametersView:116 -                Rank 1 : true
2024-09-11 16:38:09,936 [INFO] ADCParametersView:116 -                Rank 2 : true
2024-09-11 16:38:09,936 [INFO] ADCParametersView:116 -                Rank 3 : true
2024-09-11 16:38:09,936 [INFO] ADCParametersView:116 -                Rank 4 : true
2024-09-11 16:38:09,936 [INFO] ADCParametersView:116 -                Rank 5 : true
2024-09-11 16:38:09,936 [INFO] ADCParametersView:116 -                Rank 1 : true
2024-09-11 16:38:09,936 [INFO] ADCParametersView:116 -                Rank 2 : true
2024-09-11 16:38:09,936 [INFO] ADCParametersView:116 -                Rank 3 : true
2024-09-11 16:38:09,936 [INFO] ADCParametersView:116 -                Rank 4 : true
2024-09-11 16:38:09,936 [INFO] ADCParametersView:116 -                Rank 5 : true
2024-09-11 16:38:09,936 [INFO] ADCParametersView:116 -                Rank 6 : true
2024-09-11 16:38:09,937 [INFO] ADCParametersView:116 -                Rank 1 : true
2024-09-11 16:38:09,937 [INFO] ADCParametersView:116 -                Rank 2 : true
2024-09-11 16:38:09,937 [INFO] ADCParametersView:116 -                Rank 3 : true
2024-09-11 16:38:09,937 [INFO] ADCParametersView:116 -                Rank 4 : true
2024-09-11 16:38:09,937 [INFO] ADCParametersView:116 -                Rank 5 : true
2024-09-11 16:38:09,937 [INFO] ADCParametersView:116 -                Rank 6 : true
2024-09-11 16:38:09,937 [INFO] ADCParametersView:116 -                Rank 7 : true
2024-09-11 16:38:09,937 [INFO] ADCParametersView:116 -                Rank 1 : true
2024-09-11 16:38:09,937 [INFO] ADCParametersView:116 -                Rank 2 : true
2024-09-11 16:38:09,937 [INFO] ADCParametersView:116 -                Rank 3 : true
2024-09-11 16:38:09,937 [INFO] ADCParametersView:116 -                Rank 4 : true
2024-09-11 16:38:09,937 [INFO] ADCParametersView:116 -                Rank 5 : true
2024-09-11 16:38:09,937 [INFO] ADCParametersView:116 -                Rank 6 : true
2024-09-11 16:38:09,937 [INFO] ADCParametersView:116 -                Rank 7 : true
2024-09-11 16:38:09,937 [INFO] ADCParametersView:116 -                Rank 8 : true
2024-09-11 16:38:10,007 [INFO] ADCParametersView:116 -                Rank 1 : true
2024-09-11 16:38:10,007 [INFO] ADCParametersView:116 -                Rank 2 : true
2024-09-11 16:38:10,007 [INFO] ADCParametersView:116 -                Rank 3 : true
2024-09-11 16:38:10,007 [INFO] ADCParametersView:116 -                Rank 4 : true
2024-09-11 16:38:10,007 [INFO] ADCParametersView:116 -                Rank 5 : true
2024-09-11 16:38:10,007 [INFO] ADCParametersView:116 -                Rank 6 : true
2024-09-11 16:38:10,007 [INFO] ADCParametersView:116 -                Rank 7 : true
2024-09-11 16:38:10,007 [INFO] ADCParametersView:116 -                Rank 8 : true
2024-09-11 16:38:10,008 [INFO] ADCParametersView:116 -                Rank 1 : true
2024-09-11 16:38:10,008 [INFO] ADCParametersView:116 -                Rank 2 : true
2024-09-11 16:38:10,008 [INFO] ADCParametersView:116 -                Rank 3 : true
2024-09-11 16:38:10,008 [INFO] ADCParametersView:116 -                Rank 4 : true
2024-09-11 16:38:10,008 [INFO] ADCParametersView:116 -                Rank 5 : true
2024-09-11 16:38:10,008 [INFO] ADCParametersView:116 -                Rank 6 : true
2024-09-11 16:38:10,008 [INFO] ADCParametersView:116 -                Rank 7 : true
2024-09-11 16:38:10,008 [INFO] ADCParametersView:116 -                Rank 8 : true
2024-09-11 16:38:10,008 [INFO] ADCParametersView:116 -                Rank 1 : true
2024-09-11 16:38:10,008 [INFO] ADCParametersView:116 -                Rank 2 : true
2024-09-11 16:38:10,009 [INFO] ADCParametersView:116 -                Rank 3 : true
2024-09-11 16:38:10,009 [INFO] ADCParametersView:116 -                Rank 4 : true
2024-09-11 16:38:10,009 [INFO] ADCParametersView:116 -                Rank 5 : true
2024-09-11 16:38:10,009 [INFO] ADCParametersView:116 -                Rank 6 : true
2024-09-11 16:38:10,009 [INFO] ADCParametersView:116 -                Rank 7 : true
2024-09-11 16:38:10,009 [INFO] ADCParametersView:116 -                Rank 8 : true
2024-09-11 16:38:10,009 [INFO] ADCParametersView:116 -                Rank 1 : true
2024-09-11 16:38:10,009 [INFO] ADCParametersView:116 -                Rank 2 : true
2024-09-11 16:38:10,009 [INFO] ADCParametersView:116 -                Rank 3 : true
2024-09-11 16:38:10,009 [INFO] ADCParametersView:116 -                Rank 4 : true
2024-09-11 16:38:10,009 [INFO] ADCParametersView:116 -                Rank 5 : true
2024-09-11 16:38:10,009 [INFO] ADCParametersView:116 -                Rank 6 : true
2024-09-11 16:38:10,009 [INFO] ADCParametersView:116 -                Rank 7 : true
2024-09-11 16:38:10,009 [INFO] ADCParametersView:116 -                Rank 8 : true
2024-09-11 16:38:10,009 [INFO] ADCParametersView:116 -                Rank 1 : true
2024-09-11 16:38:10,009 [INFO] ADCParametersView:116 -                Rank 2 : true
2024-09-11 16:38:10,009 [INFO] ADCParametersView:116 -                Rank 3 : true
2024-09-11 16:38:10,009 [INFO] ADCParametersView:116 -                Rank 4 : true
2024-09-11 16:38:10,009 [INFO] ADCParametersView:116 -                Rank 5 : true
2024-09-11 16:38:10,009 [INFO] ADCParametersView:116 -                Rank 6 : true
2024-09-11 16:38:10,009 [INFO] ADCParametersView:116 -                Rank 7 : true
2024-09-11 16:38:10,009 [INFO] ADCParametersView:116 -                Rank 8 : true
2024-09-11 16:38:10,010 [INFO] ADCParametersView:116 -                Rank 1 : true
2024-09-11 16:38:10,010 [INFO] ADCParametersView:116 -                Rank 2 : true
2024-09-11 16:38:10,010 [INFO] ADCParametersView:116 -                Rank 3 : true
2024-09-11 16:38:10,010 [INFO] ADCParametersView:116 -                Rank 4 : true
2024-09-11 16:38:10,010 [INFO] ADCParametersView:116 -                Rank 5 : true
2024-09-11 16:38:10,010 [INFO] ADCParametersView:116 -                Rank 6 : true
2024-09-11 16:38:10,010 [INFO] ADCParametersView:116 -                Rank 7 : true
2024-09-11 16:38:10,010 [INFO] ADCParametersView:116 -                Rank 8 : true
2024-09-11 16:38:10,010 [INFO] ADCParametersView:116 -                Rank 1 : true
2024-09-11 16:38:10,010 [INFO] ADCParametersView:116 -                Rank 2 : true
2024-09-11 16:38:10,010 [INFO] ADCParametersView:116 -                Rank 3 : true
2024-09-11 16:38:10,010 [INFO] ADCParametersView:116 -                Rank 4 : true
2024-09-11 16:38:10,010 [INFO] ADCParametersView:116 -                Rank 5 : true
2024-09-11 16:38:10,010 [INFO] ADCParametersView:116 -                Rank 6 : true
2024-09-11 16:38:10,010 [INFO] ADCParametersView:116 -                Rank 7 : true
2024-09-11 16:38:10,010 [INFO] ADCParametersView:116 -                Rank 8 : true
2024-09-11 16:38:10,010 [INFO] ADCParametersView:116 -                Rank 1 : true
2024-09-11 16:38:10,010 [INFO] ADCParametersView:116 -                Rank 2 : true
2024-09-11 16:38:10,010 [INFO] ADCParametersView:116 -                Rank 3 : true
2024-09-11 16:38:10,010 [INFO] ADCParametersView:116 -                Rank 4 : true
2024-09-11 16:38:10,010 [INFO] ADCParametersView:116 -                Rank 5 : true
2024-09-11 16:38:10,011 [INFO] ADCParametersView:116 -                Rank 6 : true
2024-09-11 16:38:10,011 [INFO] ADCParametersView:116 -                Rank 7 : true
2024-09-11 16:38:10,011 [INFO] ADCParametersView:116 -                Rank 8 : true
2024-09-11 16:38:10,011 [INFO] ADCParametersView:116 -                Rank 1 : true
2024-09-11 16:38:10,011 [INFO] ADCParametersView:116 -                Rank 2 : true
2024-09-11 16:38:10,011 [INFO] ADCParametersView:116 -                Rank 3 : true
2024-09-11 16:38:10,011 [INFO] ADCParametersView:116 -                Rank 4 : true
2024-09-11 16:38:10,011 [INFO] ADCParametersView:116 -                Rank 5 : true
2024-09-11 16:38:10,011 [INFO] ADCParametersView:116 -                Rank 6 : true
2024-09-11 16:38:10,011 [INFO] ADCParametersView:116 -                Rank 7 : true
2024-09-11 16:38:10,011 [INFO] ADCParametersView:116 -                Rank 8 : true
2024-09-11 16:38:10,011 [INFO] ADCParametersView:116 -                Rank 1 : true
2024-09-11 16:38:10,011 [INFO] ADCParametersView:116 -                Rank 2 : true
2024-09-11 16:38:10,011 [INFO] ADCParametersView:116 -                Rank 3 : true
2024-09-11 16:38:10,011 [INFO] ADCParametersView:116 -                Rank 4 : true
2024-09-11 16:38:10,011 [INFO] ADCParametersView:116 -                Rank 5 : true
2024-09-11 16:38:10,011 [INFO] ADCParametersView:116 -                Rank 6 : true
2024-09-11 16:38:10,011 [INFO] ADCParametersView:116 -                Rank 7 : true
2024-09-11 16:38:10,011 [INFO] ADCParametersView:116 -                Rank 8 : true
2024-09-11 16:38:10,011 [INFO] ADCParametersView:116 -                Rank 1 : true
2024-09-11 16:38:10,011 [INFO] ADCParametersView:116 -                Rank 2 : true
2024-09-11 16:38:10,011 [INFO] ADCParametersView:116 -                Rank 3 : true
2024-09-11 16:38:10,011 [INFO] ADCParametersView:116 -                Rank 4 : true
2024-09-11 16:38:10,011 [INFO] ADCParametersView:116 -                Rank 5 : true
2024-09-11 16:38:10,011 [INFO] ADCParametersView:116 -                Rank 6 : true
2024-09-11 16:38:10,012 [INFO] ADCParametersView:116 -                Rank 7 : true
2024-09-11 16:38:10,012 [INFO] ADCParametersView:116 -                Rank 8 : true
2024-09-11 16:38:10,012 [INFO] ADCParametersView:116 -                Rank 1 : true
2024-09-11 16:38:10,012 [INFO] ADCParametersView:116 -                Rank 2 : true
2024-09-11 16:38:10,012 [INFO] ADCParametersView:116 -                Rank 3 : true
2024-09-11 16:38:10,012 [INFO] ADCParametersView:116 -                Rank 4 : true
2024-09-11 16:38:10,012 [INFO] ADCParametersView:116 -                Rank 5 : true
2024-09-11 16:38:10,012 [INFO] ADCParametersView:116 -                Rank 6 : true
2024-09-11 16:38:10,012 [INFO] ADCParametersView:116 -                Rank 7 : true
2024-09-11 16:38:10,012 [INFO] ADCParametersView:116 -                Rank 8 : true
2024-09-11 16:38:10,012 [INFO] ADCParametersView:116 -                Rank 1 : true
2024-09-11 16:38:10,012 [INFO] ADCParametersView:116 -                Rank 2 : true
2024-09-11 16:38:10,012 [INFO] ADCParametersView:116 -                Rank 3 : true
2024-09-11 16:38:10,012 [INFO] ADCParametersView:116 -                Rank 4 : true
2024-09-11 16:38:10,012 [INFO] ADCParametersView:116 -                Rank 5 : true
2024-09-11 16:38:10,012 [INFO] ADCParametersView:116 -                Rank 6 : true
2024-09-11 16:38:10,012 [INFO] ADCParametersView:116 -                Rank 7 : true
2024-09-11 16:38:10,012 [INFO] ADCParametersView:116 -                Rank 8 : true
2024-09-11 16:38:10,012 [INFO] ADCParametersView:116 -                Rank 1 : true
2024-09-11 16:38:10,012 [INFO] ADCParametersView:116 -                Rank 2 : true
2024-09-11 16:38:10,012 [INFO] ADCParametersView:116 -                Rank 3 : true
2024-09-11 16:38:10,012 [INFO] ADCParametersView:116 -                Rank 4 : true
2024-09-11 16:38:10,012 [INFO] ADCParametersView:116 -                Rank 5 : true
2024-09-11 16:38:10,012 [INFO] ADCParametersView:116 -                Rank 6 : true
2024-09-11 16:38:10,013 [INFO] ADCParametersView:116 -                Rank 7 : true
2024-09-11 16:38:10,013 [INFO] ADCParametersView:116 -                Rank 8 : true
2024-09-11 16:38:10,013 [INFO] ADCParametersView:116 -                Rank 2 : true
2024-09-11 16:38:10,013 [INFO] ADCParametersView:116 -                Rank 3 : true
2024-09-11 16:38:10,013 [INFO] ADCParametersView:116 -                Rank 4 : true
2024-09-11 16:38:10,013 [INFO] ADCParametersView:116 -                Rank 5 : true
2024-09-11 16:38:10,013 [INFO] ADCParametersView:116 -                Rank 6 : true
2024-09-11 16:38:10,013 [INFO] ADCParametersView:116 -                Rank 7 : true
2024-09-11 16:38:10,013 [INFO] ADCParametersView:116 -                Rank 8 : true
2024-09-11 16:38:10,013 [INFO] ADCParametersView:116 -                Rank 3 : true
2024-09-11 16:38:10,013 [INFO] ADCParametersView:116 -                Rank 4 : true
2024-09-11 16:38:10,013 [INFO] ADCParametersView:116 -                Rank 5 : true
2024-09-11 16:38:10,013 [INFO] ADCParametersView:116 -                Rank 6 : true
2024-09-11 16:38:10,013 [INFO] ADCParametersView:116 -                Rank 7 : true
2024-09-11 16:38:10,013 [INFO] ADCParametersView:116 -                Rank 8 : true
2024-09-11 16:38:10,013 [INFO] ADCParametersView:116 -                Rank 4 : true
2024-09-11 16:38:10,013 [INFO] ADCParametersView:116 -                Rank 5 : true
2024-09-11 16:38:10,013 [INFO] ADCParametersView:116 -                Rank 6 : true
2024-09-11 16:38:10,013 [INFO] ADCParametersView:116 -                Rank 7 : true
2024-09-11 16:38:10,013 [INFO] ADCParametersView:116 -                Rank 8 : true
2024-09-11 16:38:10,013 [INFO] ADCParametersView:116 -                Rank 5 : true
2024-09-11 16:38:10,013 [INFO] ADCParametersView:116 -                Rank 6 : true
2024-09-11 16:38:10,013 [INFO] ADCParametersView:116 -                Rank 7 : true
2024-09-11 16:38:10,013 [INFO] ADCParametersView:116 -                Rank 8 : true
2024-09-11 16:38:10,013 [INFO] ADCParametersView:116 -                Rank 6 : true
2024-09-11 16:38:10,013 [INFO] ADCParametersView:116 -                Rank 7 : true
2024-09-11 16:38:10,013 [INFO] ADCParametersView:116 -                Rank 8 : true
2024-09-11 16:38:10,014 [INFO] ADCParametersView:116 -                Rank 7 : true
2024-09-11 16:38:10,014 [INFO] ADCParametersView:116 -                Rank 8 : true
2024-09-11 16:38:10,014 [INFO] ADCParametersView:116 -                Rank 8 : true
2024-09-11 16:38:10,049 [INFO] ADCParametersView:116 -                Rank 1 : true
2024-09-11 16:38:10,050 [INFO] ADCParametersView:116 -                Rank 1 : true
2024-09-11 16:38:10,050 [INFO] ADCParametersView:116 -                Rank 2 : true
2024-09-11 16:38:10,050 [INFO] ADCParametersView:116 -                Rank 1 : true
2024-09-11 16:38:10,050 [INFO] ADCParametersView:116 -                Rank 2 : true
2024-09-11 16:38:10,050 [INFO] ADCParametersView:116 -                Rank 3 : true
2024-09-11 16:38:10,050 [INFO] ADCParametersView:116 -                Rank 1 : true
2024-09-11 16:38:10,050 [INFO] ADCParametersView:116 -                Rank 2 : true
2024-09-11 16:38:10,050 [INFO] ADCParametersView:116 -                Rank 3 : true
2024-09-11 16:38:10,050 [INFO] ADCParametersView:116 -                Rank 4 : true
2024-09-11 16:38:10,050 [INFO] ADCParametersView:116 -                Rank 1 : true
2024-09-11 16:38:10,050 [INFO] ADCParametersView:116 -                Rank 2 : true
2024-09-11 16:38:10,050 [INFO] ADCParametersView:116 -                Rank 3 : true
2024-09-11 16:38:10,050 [INFO] ADCParametersView:116 -                Rank 4 : true
2024-09-11 16:38:10,050 [INFO] ADCParametersView:116 -                Rank 5 : true
2024-09-11 16:38:10,051 [INFO] ADCParametersView:116 -                Rank 1 : true
2024-09-11 16:38:10,051 [INFO] ADCParametersView:116 -                Rank 2 : true
2024-09-11 16:38:10,051 [INFO] ADCParametersView:116 -                Rank 3 : true
2024-09-11 16:38:10,051 [INFO] ADCParametersView:116 -                Rank 4 : true
2024-09-11 16:38:10,051 [INFO] ADCParametersView:116 -                Rank 5 : true
2024-09-11 16:38:10,051 [INFO] ADCParametersView:116 -                Rank 6 : true
2024-09-11 16:38:10,051 [INFO] ADCParametersView:116 -                Rank 1 : true
2024-09-11 16:38:10,051 [INFO] ADCParametersView:116 -                Rank 2 : true
2024-09-11 16:38:10,051 [INFO] ADCParametersView:116 -                Rank 3 : true
2024-09-11 16:38:10,051 [INFO] ADCParametersView:116 -                Rank 4 : true
2024-09-11 16:38:10,051 [INFO] ADCParametersView:116 -                Rank 5 : true
2024-09-11 16:38:10,051 [INFO] ADCParametersView:116 -                Rank 6 : true
2024-09-11 16:38:10,051 [INFO] ADCParametersView:116 -                Rank 7 : true
2024-09-11 16:38:10,051 [INFO] ADCParametersView:116 -                Rank 1 : true
2024-09-11 16:38:10,051 [INFO] ADCParametersView:116 -                Rank 2 : true
2024-09-11 16:38:10,051 [INFO] ADCParametersView:116 -                Rank 3 : true
2024-09-11 16:38:10,052 [INFO] ADCParametersView:116 -                Rank 4 : true
2024-09-11 16:38:10,052 [INFO] ADCParametersView:116 -                Rank 5 : true
2024-09-11 16:38:10,052 [INFO] ADCParametersView:116 -                Rank 6 : true
2024-09-11 16:38:10,052 [INFO] ADCParametersView:116 -                Rank 7 : true
2024-09-11 16:38:10,052 [INFO] ADCParametersView:116 -                Rank 8 : true
2024-09-11 16:48:54,027 [INFO] ADCParametersView:116 -                Rank 1 : true
2024-09-11 16:48:54,036 [INFO] ADCParametersView:116 -                Rank 2 : true
2024-09-11 16:48:54,036 [INFO] ADCParametersView:116 -                Rank 3 : true
2024-09-11 16:48:54,036 [INFO] ADCParametersView:116 -                Rank 4 : true
2024-09-11 16:48:54,036 [INFO] ADCParametersView:116 -                Rank 5 : true
2024-09-11 16:48:54,037 [INFO] ADCParametersView:116 -                Rank 6 : true
2024-09-11 16:48:54,037 [INFO] ADCParametersView:116 -                Rank 7 : true
2024-09-11 16:48:54,037 [INFO] ADCParametersView:116 -                Rank 8 : true
2024-09-11 16:48:54,050 [INFO] ADCParametersView:116 -                Rank 1 : true
2024-09-11 16:48:54,050 [INFO] ADCParametersView:116 -                Rank 2 : true
2024-09-11 16:48:54,050 [INFO] ADCParametersView:116 -                Rank 3 : true
2024-09-11 16:48:54,050 [INFO] ADCParametersView:116 -                Rank 4 : true
2024-09-11 16:48:54,050 [INFO] ADCParametersView:116 -                Rank 5 : true
2024-09-11 16:48:54,050 [INFO] ADCParametersView:116 -                Rank 6 : true
2024-09-11 16:48:54,050 [INFO] ADCParametersView:116 -                Rank 7 : true
2024-09-11 16:48:54,050 [INFO] ADCParametersView:116 -                Rank 8 : true
2024-09-11 16:48:54,050 [INFO] ADCParametersView:116 -                Rank 1 : true
2024-09-11 16:48:54,050 [INFO] ADCParametersView:116 -                Rank 2 : true
2024-09-11 16:48:54,050 [INFO] ADCParametersView:116 -                Rank 3 : true
2024-09-11 16:48:54,050 [INFO] ADCParametersView:116 -                Rank 4 : true
2024-09-11 16:48:54,050 [INFO] ADCParametersView:116 -                Rank 5 : true
2024-09-11 16:48:54,050 [INFO] ADCParametersView:116 -                Rank 6 : true
2024-09-11 16:48:54,051 [INFO] ADCParametersView:116 -                Rank 7 : true
2024-09-11 16:48:54,051 [INFO] ADCParametersView:116 -                Rank 8 : true
2024-09-11 16:48:54,051 [INFO] ADCParametersView:116 -                Rank 1 : true
2024-09-11 16:48:54,051 [INFO] ADCParametersView:116 -                Rank 2 : true
2024-09-11 16:48:54,051 [INFO] ADCParametersView:116 -                Rank 3 : true
2024-09-11 16:48:54,051 [INFO] ADCParametersView:116 -                Rank 4 : true
2024-09-11 16:48:54,051 [INFO] ADCParametersView:116 -                Rank 5 : true
2024-09-11 16:48:54,051 [INFO] ADCParametersView:116 -                Rank 6 : true
2024-09-11 16:48:54,051 [INFO] ADCParametersView:116 -                Rank 7 : true
2024-09-11 16:48:54,051 [INFO] ADCParametersView:116 -                Rank 8 : true
2024-09-11 16:48:54,051 [INFO] ADCParametersView:116 -                Rank 1 : true
2024-09-11 16:48:54,051 [INFO] ADCParametersView:116 -                Rank 2 : true
2024-09-11 16:48:54,051 [INFO] ADCParametersView:116 -                Rank 3 : true
2024-09-11 16:48:54,051 [INFO] ADCParametersView:116 -                Rank 4 : true
2024-09-11 16:48:54,051 [INFO] ADCParametersView:116 -                Rank 5 : true
2024-09-11 16:48:54,051 [INFO] ADCParametersView:116 -                Rank 6 : true
2024-09-11 16:48:54,051 [INFO] ADCParametersView:116 -                Rank 7 : true
2024-09-11 16:48:54,051 [INFO] ADCParametersView:116 -                Rank 8 : true
2024-09-11 16:48:54,052 [INFO] ADCParametersView:116 -                Rank 1 : true
2024-09-11 16:48:54,052 [INFO] ADCParametersView:116 -                Rank 2 : true
2024-09-11 16:48:54,052 [INFO] ADCParametersView:116 -                Rank 3 : true
2024-09-11 16:48:54,052 [INFO] ADCParametersView:116 -                Rank 4 : true
2024-09-11 16:48:54,052 [INFO] ADCParametersView:116 -                Rank 5 : true
2024-09-11 16:48:54,052 [INFO] ADCParametersView:116 -                Rank 6 : true
2024-09-11 16:48:54,052 [INFO] ADCParametersView:116 -                Rank 7 : true
2024-09-11 16:48:54,052 [INFO] ADCParametersView:116 -                Rank 8 : true
2024-09-11 16:48:54,052 [INFO] ADCParametersView:116 -                Rank 1 : true
2024-09-11 16:48:54,052 [INFO] ADCParametersView:116 -                Rank 2 : true
2024-09-11 16:48:54,052 [INFO] ADCParametersView:116 -                Rank 3 : true
2024-09-11 16:48:54,052 [INFO] ADCParametersView:116 -                Rank 4 : true
2024-09-11 16:48:54,052 [INFO] ADCParametersView:116 -                Rank 5 : true
2024-09-11 16:48:54,052 [INFO] ADCParametersView:116 -                Rank 6 : true
2024-09-11 16:48:54,052 [INFO] ADCParametersView:116 -                Rank 7 : true
2024-09-11 16:48:54,052 [INFO] ADCParametersView:116 -                Rank 8 : true
2024-09-11 16:48:54,052 [INFO] ADCParametersView:116 -                Rank 1 : true
2024-09-11 16:48:54,052 [INFO] ADCParametersView:116 -                Rank 2 : true
2024-09-11 16:48:54,052 [INFO] ADCParametersView:116 -                Rank 3 : true
2024-09-11 16:48:54,052 [INFO] ADCParametersView:116 -                Rank 4 : true
2024-09-11 16:48:54,052 [INFO] ADCParametersView:116 -                Rank 5 : true
2024-09-11 16:48:54,053 [INFO] ADCParametersView:116 -                Rank 6 : true
2024-09-11 16:48:54,053 [INFO] ADCParametersView:116 -                Rank 7 : true
2024-09-11 16:48:54,053 [INFO] ADCParametersView:116 -                Rank 8 : true
2024-09-11 16:48:54,053 [INFO] ADCParametersView:116 -                Rank 1 : true
2024-09-11 16:48:54,053 [INFO] ADCParametersView:116 -                Rank 2 : true
2024-09-11 16:48:54,053 [INFO] ADCParametersView:116 -                Rank 3 : true
2024-09-11 16:48:54,053 [INFO] ADCParametersView:116 -                Rank 4 : true
2024-09-11 16:48:54,053 [INFO] ADCParametersView:116 -                Rank 5 : true
2024-09-11 16:48:54,053 [INFO] ADCParametersView:116 -                Rank 6 : true
2024-09-11 16:48:54,053 [INFO] ADCParametersView:116 -                Rank 7 : true
2024-09-11 16:48:54,053 [INFO] ADCParametersView:116 -                Rank 8 : true
2024-09-11 16:48:54,053 [INFO] ADCParametersView:116 -                Rank 1 : true
2024-09-11 16:48:54,053 [INFO] ADCParametersView:116 -                Rank 2 : true
2024-09-11 16:48:54,053 [INFO] ADCParametersView:116 -                Rank 3 : true
2024-09-11 16:48:54,053 [INFO] ADCParametersView:116 -                Rank 4 : true
2024-09-11 16:48:54,053 [INFO] ADCParametersView:116 -                Rank 5 : true
2024-09-11 16:48:54,053 [INFO] ADCParametersView:116 -                Rank 6 : true
2024-09-11 16:48:54,053 [INFO] ADCParametersView:116 -                Rank 7 : true
2024-09-11 16:48:54,053 [INFO] ADCParametersView:116 -                Rank 8 : true
2024-09-11 16:48:54,053 [INFO] ADCParametersView:116 -                Rank 1 : true
2024-09-11 16:48:54,054 [INFO] ADCParametersView:116 -                Rank 2 : true
2024-09-11 16:48:54,054 [INFO] ADCParametersView:116 -                Rank 3 : true
2024-09-11 16:48:54,054 [INFO] ADCParametersView:116 -                Rank 4 : true
2024-09-11 16:48:54,054 [INFO] ADCParametersView:116 -                Rank 5 : true
2024-09-11 16:48:54,054 [INFO] ADCParametersView:116 -                Rank 6 : true
2024-09-11 16:48:54,054 [INFO] ADCParametersView:116 -                Rank 7 : true
2024-09-11 16:48:54,054 [INFO] ADCParametersView:116 -                Rank 8 : true
2024-09-11 16:48:54,054 [INFO] ADCParametersView:116 -                Rank 1 : true
2024-09-11 16:48:54,054 [INFO] ADCParametersView:116 -                Rank 2 : true
2024-09-11 16:48:54,054 [INFO] ADCParametersView:116 -                Rank 3 : true
2024-09-11 16:48:54,054 [INFO] ADCParametersView:116 -                Rank 4 : true
2024-09-11 16:48:54,054 [INFO] ADCParametersView:116 -                Rank 5 : true
2024-09-11 16:48:54,054 [INFO] ADCParametersView:116 -                Rank 6 : true
2024-09-11 16:48:54,054 [INFO] ADCParametersView:116 -                Rank 7 : true
2024-09-11 16:48:54,054 [INFO] ADCParametersView:116 -                Rank 8 : true
2024-09-11 16:48:54,054 [INFO] ADCParametersView:116 -                Rank 1 : true
2024-09-11 16:48:54,055 [INFO] ADCParametersView:116 -                Rank 2 : true
2024-09-11 16:48:54,055 [INFO] ADCParametersView:116 -                Rank 3 : true
2024-09-11 16:48:54,055 [INFO] ADCParametersView:116 -                Rank 4 : true
2024-09-11 16:48:54,055 [INFO] ADCParametersView:116 -                Rank 5 : true
2024-09-11 16:48:54,055 [INFO] ADCParametersView:116 -                Rank 6 : true
2024-09-11 16:48:54,056 [INFO] ADCParametersView:116 -                Rank 7 : true
2024-09-11 16:48:54,056 [INFO] ADCParametersView:116 -                Rank 8 : true
2024-09-11 16:48:54,056 [INFO] ADCParametersView:116 -                Rank 1 : true
2024-09-11 16:48:54,056 [INFO] ADCParametersView:116 -                Rank 2 : true
2024-09-11 16:48:54,056 [INFO] ADCParametersView:116 -                Rank 3 : true
2024-09-11 16:48:54,056 [INFO] ADCParametersView:116 -                Rank 4 : true
2024-09-11 16:48:54,056 [INFO] ADCParametersView:116 -                Rank 5 : true
2024-09-11 16:48:54,056 [INFO] ADCParametersView:116 -                Rank 6 : true
2024-09-11 16:48:54,056 [INFO] ADCParametersView:116 -                Rank 7 : true
2024-09-11 16:48:54,056 [INFO] ADCParametersView:116 -                Rank 8 : true
2024-09-11 16:48:54,056 [INFO] ADCParametersView:116 -                Rank 2 : true
2024-09-11 16:48:54,056 [INFO] ADCParametersView:116 -                Rank 3 : true
2024-09-11 16:48:54,056 [INFO] ADCParametersView:116 -                Rank 4 : true
2024-09-11 16:48:54,056 [INFO] ADCParametersView:116 -                Rank 5 : true
2024-09-11 16:48:54,056 [INFO] ADCParametersView:116 -                Rank 6 : true
2024-09-11 16:48:54,056 [INFO] ADCParametersView:116 -                Rank 7 : true
2024-09-11 16:48:54,056 [INFO] ADCParametersView:116 -                Rank 8 : true
2024-09-11 16:48:54,056 [INFO] ADCParametersView:116 -                Rank 3 : true
2024-09-11 16:48:54,056 [INFO] ADCParametersView:116 -                Rank 4 : true
2024-09-11 16:48:54,057 [INFO] ADCParametersView:116 -                Rank 5 : true
2024-09-11 16:48:54,057 [INFO] ADCParametersView:116 -                Rank 6 : true
2024-09-11 16:48:54,057 [INFO] ADCParametersView:116 -                Rank 7 : true
2024-09-11 16:48:54,057 [INFO] ADCParametersView:116 -                Rank 8 : true
2024-09-11 16:48:54,057 [INFO] ADCParametersView:116 -                Rank 4 : true
2024-09-11 16:48:54,057 [INFO] ADCParametersView:116 -                Rank 5 : true
2024-09-11 16:48:54,057 [INFO] ADCParametersView:116 -                Rank 6 : true
2024-09-11 16:48:54,057 [INFO] ADCParametersView:116 -                Rank 7 : true
2024-09-11 16:48:54,057 [INFO] ADCParametersView:116 -                Rank 8 : true
2024-09-11 16:48:54,057 [INFO] ADCParametersView:116 -                Rank 5 : true
2024-09-11 16:48:54,057 [INFO] ADCParametersView:116 -                Rank 6 : true
2024-09-11 16:48:54,057 [INFO] ADCParametersView:116 -                Rank 7 : true
2024-09-11 16:48:54,057 [INFO] ADCParametersView:116 -                Rank 8 : true
2024-09-11 16:48:54,057 [INFO] ADCParametersView:116 -                Rank 6 : true
2024-09-11 16:48:54,057 [INFO] ADCParametersView:116 -                Rank 7 : true
2024-09-11 16:48:54,057 [INFO] ADCParametersView:116 -                Rank 8 : true
2024-09-11 16:48:54,057 [INFO] ADCParametersView:116 -                Rank 7 : true
2024-09-11 16:48:54,057 [INFO] ADCParametersView:116 -                Rank 8 : true
2024-09-11 16:48:54,057 [INFO] ADCParametersView:116 -                Rank 8 : true
2024-09-11 16:48:54,108 [INFO] ADCParametersView:116 -                Rank 1 : true
2024-09-11 16:48:54,109 [INFO] ADCParametersView:116 -                Rank 1 : true
2024-09-11 16:48:54,109 [INFO] ADCParametersView:116 -                Rank 2 : true
2024-09-11 16:48:54,109 [INFO] ADCParametersView:116 -                Rank 1 : true
2024-09-11 16:48:54,109 [INFO] ADCParametersView:116 -                Rank 2 : true
2024-09-11 16:48:54,109 [INFO] ADCParametersView:116 -                Rank 3 : true
2024-09-11 16:48:54,109 [INFO] ADCParametersView:116 -                Rank 1 : true
2024-09-11 16:48:54,109 [INFO] ADCParametersView:116 -                Rank 2 : true
2024-09-11 16:48:54,109 [INFO] ADCParametersView:116 -                Rank 3 : true
2024-09-11 16:48:54,109 [INFO] ADCParametersView:116 -                Rank 4 : true
2024-09-11 16:48:54,109 [INFO] ADCParametersView:116 -                Rank 1 : true
2024-09-11 16:48:54,110 [INFO] ADCParametersView:116 -                Rank 2 : true
2024-09-11 16:48:54,110 [INFO] ADCParametersView:116 -                Rank 3 : true
2024-09-11 16:48:54,110 [INFO] ADCParametersView:116 -                Rank 4 : true
2024-09-11 16:48:54,110 [INFO] ADCParametersView:116 -                Rank 5 : true
2024-09-11 16:48:54,110 [INFO] ADCParametersView:116 -                Rank 1 : true
2024-09-11 16:48:54,110 [INFO] ADCParametersView:116 -                Rank 2 : true
2024-09-11 16:48:54,110 [INFO] ADCParametersView:116 -                Rank 3 : true
2024-09-11 16:48:54,110 [INFO] ADCParametersView:116 -                Rank 4 : true
2024-09-11 16:48:54,110 [INFO] ADCParametersView:116 -                Rank 5 : true
2024-09-11 16:48:54,110 [INFO] ADCParametersView:116 -                Rank 6 : true
2024-09-11 16:48:54,110 [INFO] ADCParametersView:116 -                Rank 1 : true
2024-09-11 16:48:54,110 [INFO] ADCParametersView:116 -                Rank 2 : true
2024-09-11 16:48:54,110 [INFO] ADCParametersView:116 -                Rank 3 : true
2024-09-11 16:48:54,110 [INFO] ADCParametersView:116 -                Rank 4 : true
2024-09-11 16:48:54,110 [INFO] ADCParametersView:116 -                Rank 5 : true
2024-09-11 16:48:54,110 [INFO] ADCParametersView:116 -                Rank 6 : true
2024-09-11 16:48:54,110 [INFO] ADCParametersView:116 -                Rank 7 : true
2024-09-11 16:48:54,111 [INFO] ADCParametersView:116 -                Rank 1 : true
2024-09-11 16:48:54,111 [INFO] ADCParametersView:116 -                Rank 2 : true
2024-09-11 16:48:54,111 [INFO] ADCParametersView:116 -                Rank 3 : true
2024-09-11 16:48:54,111 [INFO] ADCParametersView:116 -                Rank 4 : true
2024-09-11 16:48:54,111 [INFO] ADCParametersView:116 -                Rank 5 : true
2024-09-11 16:48:54,111 [INFO] ADCParametersView:116 -                Rank 6 : true
2024-09-11 16:48:54,111 [INFO] ADCParametersView:116 -                Rank 7 : true
2024-09-11 16:48:54,111 [INFO] ADCParametersView:116 -                Rank 8 : true
2024-09-11 16:48:54,206 [INFO] ADCParametersView:116 -                Rank 1 : true
2024-09-11 16:48:54,206 [INFO] ADCParametersView:116 -                Rank 2 : true
2024-09-11 16:48:54,206 [INFO] ADCParametersView:116 -                Rank 3 : true
2024-09-11 16:48:54,206 [INFO] ADCParametersView:116 -                Rank 4 : true
2024-09-11 16:48:54,206 [INFO] ADCParametersView:116 -                Rank 5 : true
2024-09-11 16:48:54,206 [INFO] ADCParametersView:116 -                Rank 6 : true
2024-09-11 16:48:54,206 [INFO] ADCParametersView:116 -                Rank 7 : true
2024-09-11 16:48:54,207 [INFO] ADCParametersView:116 -                Rank 8 : true
2024-09-11 16:48:54,208 [INFO] ADCParametersView:116 -                Rank 1 : true
2024-09-11 16:48:54,208 [INFO] ADCParametersView:116 -                Rank 2 : true
2024-09-11 16:48:54,208 [INFO] ADCParametersView:116 -                Rank 3 : true
2024-09-11 16:48:54,208 [INFO] ADCParametersView:116 -                Rank 4 : true
2024-09-11 16:48:54,208 [INFO] ADCParametersView:116 -                Rank 5 : true
2024-09-11 16:48:54,208 [INFO] ADCParametersView:116 -                Rank 6 : true
2024-09-11 16:48:54,208 [INFO] ADCParametersView:116 -                Rank 7 : true
2024-09-11 16:48:54,208 [INFO] ADCParametersView:116 -                Rank 8 : true
2024-09-11 16:48:54,208 [INFO] ADCParametersView:116 -                Rank 1 : true
2024-09-11 16:48:54,208 [INFO] ADCParametersView:116 -                Rank 2 : true
2024-09-11 16:48:54,208 [INFO] ADCParametersView:116 -                Rank 3 : true
2024-09-11 16:48:54,209 [INFO] ADCParametersView:116 -                Rank 4 : true
2024-09-11 16:48:54,209 [INFO] ADCParametersView:116 -                Rank 5 : true
2024-09-11 16:48:54,209 [INFO] ADCParametersView:116 -                Rank 6 : true
2024-09-11 16:48:54,209 [INFO] ADCParametersView:116 -                Rank 7 : true
2024-09-11 16:48:54,209 [INFO] ADCParametersView:116 -                Rank 8 : true
2024-09-11 16:48:54,209 [INFO] ADCParametersView:116 -                Rank 1 : true
2024-09-11 16:48:54,209 [INFO] ADCParametersView:116 -                Rank 2 : true
2024-09-11 16:48:54,209 [INFO] ADCParametersView:116 -                Rank 3 : true
2024-09-11 16:48:54,209 [INFO] ADCParametersView:116 -                Rank 4 : true
2024-09-11 16:48:54,209 [INFO] ADCParametersView:116 -                Rank 5 : true
2024-09-11 16:48:54,209 [INFO] ADCParametersView:116 -                Rank 6 : true
2024-09-11 16:48:54,209 [INFO] ADCParametersView:116 -                Rank 7 : true
2024-09-11 16:48:54,209 [INFO] ADCParametersView:116 -                Rank 8 : true
2024-09-11 16:48:54,209 [INFO] ADCParametersView:116 -                Rank 1 : true
2024-09-11 16:48:54,209 [INFO] ADCParametersView:116 -                Rank 2 : true
2024-09-11 16:48:54,209 [INFO] ADCParametersView:116 -                Rank 3 : true
2024-09-11 16:48:54,209 [INFO] ADCParametersView:116 -                Rank 4 : true
2024-09-11 16:48:54,209 [INFO] ADCParametersView:116 -                Rank 5 : true
2024-09-11 16:48:54,209 [INFO] ADCParametersView:116 -                Rank 6 : true
2024-09-11 16:48:54,209 [INFO] ADCParametersView:116 -                Rank 7 : true
2024-09-11 16:48:54,209 [INFO] ADCParametersView:116 -                Rank 8 : true
2024-09-11 16:48:54,210 [INFO] ADCParametersView:116 -                Rank 1 : true
2024-09-11 16:48:54,210 [INFO] ADCParametersView:116 -                Rank 2 : true
2024-09-11 16:48:54,210 [INFO] ADCParametersView:116 -                Rank 3 : true
2024-09-11 16:48:54,210 [INFO] ADCParametersView:116 -                Rank 4 : true
2024-09-11 16:48:54,210 [INFO] ADCParametersView:116 -                Rank 5 : true
2024-09-11 16:48:54,210 [INFO] ADCParametersView:116 -                Rank 6 : true
2024-09-11 16:48:54,210 [INFO] ADCParametersView:116 -                Rank 7 : true
2024-09-11 16:48:54,210 [INFO] ADCParametersView:116 -                Rank 8 : true
2024-09-11 16:48:54,210 [INFO] ADCParametersView:116 -                Rank 1 : true
2024-09-11 16:48:54,210 [INFO] ADCParametersView:116 -                Rank 2 : true
2024-09-11 16:48:54,210 [INFO] ADCParametersView:116 -                Rank 3 : true
2024-09-11 16:48:54,210 [INFO] ADCParametersView:116 -                Rank 4 : true
2024-09-11 16:48:54,210 [INFO] ADCParametersView:116 -                Rank 5 : true
2024-09-11 16:48:54,210 [INFO] ADCParametersView:116 -                Rank 6 : true
2024-09-11 16:48:54,210 [INFO] ADCParametersView:116 -                Rank 7 : true
2024-09-11 16:48:54,210 [INFO] ADCParametersView:116 -                Rank 8 : true
2024-09-11 16:48:54,210 [INFO] ADCParametersView:116 -                Rank 1 : true
2024-09-11 16:48:54,210 [INFO] ADCParametersView:116 -                Rank 2 : true
2024-09-11 16:48:54,211 [INFO] ADCParametersView:116 -                Rank 3 : true
2024-09-11 16:48:54,211 [INFO] ADCParametersView:116 -                Rank 4 : true
2024-09-11 16:48:54,211 [INFO] ADCParametersView:116 -                Rank 5 : true
2024-09-11 16:48:54,211 [INFO] ADCParametersView:116 -                Rank 6 : true
2024-09-11 16:48:54,211 [INFO] ADCParametersView:116 -                Rank 7 : true
2024-09-11 16:48:54,211 [INFO] ADCParametersView:116 -                Rank 8 : true
2024-09-11 16:48:54,211 [INFO] ADCParametersView:116 -                Rank 1 : true
2024-09-11 16:48:54,211 [INFO] ADCParametersView:116 -                Rank 2 : true
2024-09-11 16:48:54,211 [INFO] ADCParametersView:116 -                Rank 3 : true
2024-09-11 16:48:54,211 [INFO] ADCParametersView:116 -                Rank 4 : true
2024-09-11 16:48:54,211 [INFO] ADCParametersView:116 -                Rank 5 : true
2024-09-11 16:48:54,211 [INFO] ADCParametersView:116 -                Rank 6 : true
2024-09-11 16:48:54,211 [INFO] ADCParametersView:116 -                Rank 7 : true
2024-09-11 16:48:54,211 [INFO] ADCParametersView:116 -                Rank 8 : true
2024-09-11 16:48:54,211 [INFO] ADCParametersView:116 -                Rank 1 : true
2024-09-11 16:48:54,211 [INFO] ADCParametersView:116 -                Rank 2 : true
2024-09-11 16:48:54,211 [INFO] ADCParametersView:116 -                Rank 3 : true
2024-09-11 16:48:54,211 [INFO] ADCParametersView:116 -                Rank 4 : true
2024-09-11 16:48:54,211 [INFO] ADCParametersView:116 -                Rank 5 : true
2024-09-11 16:48:54,211 [INFO] ADCParametersView:116 -                Rank 6 : true
2024-09-11 16:48:54,211 [INFO] ADCParametersView:116 -                Rank 7 : true
2024-09-11 16:48:54,211 [INFO] ADCParametersView:116 -                Rank 8 : true
2024-09-11 16:48:54,212 [INFO] ADCParametersView:116 -                Rank 1 : true
2024-09-11 16:48:54,212 [INFO] ADCParametersView:116 -                Rank 2 : true
2024-09-11 16:48:54,212 [INFO] ADCParametersView:116 -                Rank 3 : true
2024-09-11 16:48:54,212 [INFO] ADCParametersView:116 -                Rank 4 : true
2024-09-11 16:48:54,212 [INFO] ADCParametersView:116 -                Rank 5 : true
2024-09-11 16:48:54,212 [INFO] ADCParametersView:116 -                Rank 6 : true
2024-09-11 16:48:54,212 [INFO] ADCParametersView:116 -                Rank 7 : true
2024-09-11 16:48:54,212 [INFO] ADCParametersView:116 -                Rank 8 : true
2024-09-11 16:48:54,212 [INFO] ADCParametersView:116 -                Rank 1 : true
2024-09-11 16:48:54,212 [INFO] ADCParametersView:116 -                Rank 2 : true
2024-09-11 16:48:54,212 [INFO] ADCParametersView:116 -                Rank 3 : true
2024-09-11 16:48:54,212 [INFO] ADCParametersView:116 -                Rank 4 : true
2024-09-11 16:48:54,212 [INFO] ADCParametersView:116 -                Rank 5 : true
2024-09-11 16:48:54,212 [INFO] ADCParametersView:116 -                Rank 6 : true
2024-09-11 16:48:54,212 [INFO] ADCParametersView:116 -                Rank 7 : true
2024-09-11 16:48:54,212 [INFO] ADCParametersView:116 -                Rank 8 : true
2024-09-11 16:48:54,212 [INFO] ADCParametersView:116 -                Rank 1 : true
2024-09-11 16:48:54,212 [INFO] ADCParametersView:116 -                Rank 2 : true
2024-09-11 16:48:54,212 [INFO] ADCParametersView:116 -                Rank 3 : true
2024-09-11 16:48:54,212 [INFO] ADCParametersView:116 -                Rank 4 : true
2024-09-11 16:48:54,212 [INFO] ADCParametersView:116 -                Rank 5 : true
2024-09-11 16:48:54,212 [INFO] ADCParametersView:116 -                Rank 6 : true
2024-09-11 16:48:54,212 [INFO] ADCParametersView:116 -                Rank 7 : true
2024-09-11 16:48:54,212 [INFO] ADCParametersView:116 -                Rank 8 : true
2024-09-11 16:48:54,213 [INFO] ADCParametersView:116 -                Rank 1 : true
2024-09-11 16:48:54,213 [INFO] ADCParametersView:116 -                Rank 2 : true
2024-09-11 16:48:54,213 [INFO] ADCParametersView:116 -                Rank 3 : true
2024-09-11 16:48:54,213 [INFO] ADCParametersView:116 -                Rank 4 : true
2024-09-11 16:48:54,213 [INFO] ADCParametersView:116 -                Rank 5 : true
2024-09-11 16:48:54,213 [INFO] ADCParametersView:116 -                Rank 6 : true
2024-09-11 16:48:54,213 [INFO] ADCParametersView:116 -                Rank 7 : true
2024-09-11 16:48:54,213 [INFO] ADCParametersView:116 -                Rank 8 : true
2024-09-11 16:48:54,213 [INFO] ADCParametersView:116 -                Rank 2 : true
2024-09-11 16:48:54,213 [INFO] ADCParametersView:116 -                Rank 3 : true
2024-09-11 16:48:54,213 [INFO] ADCParametersView:116 -                Rank 4 : true
2024-09-11 16:48:54,213 [INFO] ADCParametersView:116 -                Rank 5 : true
2024-09-11 16:48:54,213 [INFO] ADCParametersView:116 -                Rank 6 : true
2024-09-11 16:48:54,213 [INFO] ADCParametersView:116 -                Rank 7 : true
2024-09-11 16:48:54,213 [INFO] ADCParametersView:116 -                Rank 8 : true
2024-09-11 16:48:54,213 [INFO] ADCParametersView:116 -                Rank 3 : true
2024-09-11 16:48:54,213 [INFO] ADCParametersView:116 -                Rank 4 : true
2024-09-11 16:48:54,213 [INFO] ADCParametersView:116 -                Rank 5 : true
2024-09-11 16:48:54,213 [INFO] ADCParametersView:116 -                Rank 6 : true
2024-09-11 16:48:54,213 [INFO] ADCParametersView:116 -                Rank 7 : true
2024-09-11 16:48:54,213 [INFO] ADCParametersView:116 -                Rank 8 : true
2024-09-11 16:48:54,213 [INFO] ADCParametersView:116 -                Rank 4 : true
2024-09-11 16:48:54,213 [INFO] ADCParametersView:116 -                Rank 5 : true
2024-09-11 16:48:54,213 [INFO] ADCParametersView:116 -                Rank 6 : true
2024-09-11 16:48:54,213 [INFO] ADCParametersView:116 -                Rank 7 : true
2024-09-11 16:48:54,213 [INFO] ADCParametersView:116 -                Rank 8 : true
2024-09-11 16:48:54,214 [INFO] ADCParametersView:116 -                Rank 5 : true
2024-09-11 16:48:54,214 [INFO] ADCParametersView:116 -                Rank 6 : true
2024-09-11 16:48:54,214 [INFO] ADCParametersView:116 -                Rank 7 : true
2024-09-11 16:48:54,214 [INFO] ADCParametersView:116 -                Rank 8 : true
2024-09-11 16:48:54,214 [INFO] ADCParametersView:116 -                Rank 6 : true
2024-09-11 16:48:54,214 [INFO] ADCParametersView:116 -                Rank 7 : true
2024-09-11 16:48:54,214 [INFO] ADCParametersView:116 -                Rank 8 : true
2024-09-11 16:48:54,214 [INFO] ADCParametersView:116 -                Rank 7 : true
2024-09-11 16:48:54,214 [INFO] ADCParametersView:116 -                Rank 8 : true
2024-09-11 16:48:54,214 [INFO] ADCParametersView:116 -                Rank 8 : true
2024-09-11 16:48:54,253 [INFO] ADCParametersView:116 -                Rank 1 : true
2024-09-11 16:48:54,253 [INFO] ADCParametersView:116 -                Rank 1 : true
2024-09-11 16:48:54,253 [INFO] ADCParametersView:116 -                Rank 2 : true
2024-09-11 16:48:54,253 [INFO] ADCParametersView:116 -                Rank 1 : true
2024-09-11 16:48:54,253 [INFO] ADCParametersView:116 -                Rank 2 : true
2024-09-11 16:48:54,254 [INFO] ADCParametersView:116 -                Rank 3 : true
2024-09-11 16:48:54,254 [INFO] ADCParametersView:116 -                Rank 1 : true
2024-09-11 16:48:54,254 [INFO] ADCParametersView:116 -                Rank 2 : true
2024-09-11 16:48:54,254 [INFO] ADCParametersView:116 -                Rank 3 : true
2024-09-11 16:48:54,255 [INFO] ADCParametersView:116 -                Rank 4 : true
2024-09-11 16:48:54,255 [INFO] ADCParametersView:116 -                Rank 1 : true
2024-09-11 16:48:54,255 [INFO] ADCParametersView:116 -                Rank 2 : true
2024-09-11 16:48:54,255 [INFO] ADCParametersView:116 -                Rank 3 : true
2024-09-11 16:48:54,255 [INFO] ADCParametersView:116 -                Rank 4 : true
2024-09-11 16:48:54,255 [INFO] ADCParametersView:116 -                Rank 5 : true
2024-09-11 16:48:54,255 [INFO] ADCParametersView:116 -                Rank 1 : true
2024-09-11 16:48:54,255 [INFO] ADCParametersView:116 -                Rank 2 : true
2024-09-11 16:48:54,255 [INFO] ADCParametersView:116 -                Rank 3 : true
2024-09-11 16:48:54,256 [INFO] ADCParametersView:116 -                Rank 4 : true
2024-09-11 16:48:54,256 [INFO] ADCParametersView:116 -                Rank 5 : true
2024-09-11 16:48:54,256 [INFO] ADCParametersView:116 -                Rank 6 : true
2024-09-11 16:48:54,256 [INFO] ADCParametersView:116 -                Rank 1 : true
2024-09-11 16:48:54,256 [INFO] ADCParametersView:116 -                Rank 2 : true
2024-09-11 16:48:54,256 [INFO] ADCParametersView:116 -                Rank 3 : true
2024-09-11 16:48:54,256 [INFO] ADCParametersView:116 -                Rank 4 : true
2024-09-11 16:48:54,256 [INFO] ADCParametersView:116 -                Rank 5 : true
2024-09-11 16:48:54,256 [INFO] ADCParametersView:116 -                Rank 6 : true
2024-09-11 16:48:54,256 [INFO] ADCParametersView:116 -                Rank 7 : true
2024-09-11 16:48:54,256 [INFO] ADCParametersView:116 -                Rank 1 : true
2024-09-11 16:48:54,256 [INFO] ADCParametersView:116 -                Rank 2 : true
2024-09-11 16:48:54,256 [INFO] ADCParametersView:116 -                Rank 3 : true
2024-09-11 16:48:54,256 [INFO] ADCParametersView:116 -                Rank 4 : true
2024-09-11 16:48:54,256 [INFO] ADCParametersView:116 -                Rank 5 : true
2024-09-11 16:48:54,256 [INFO] ADCParametersView:116 -                Rank 6 : true
2024-09-11 16:48:54,256 [INFO] ADCParametersView:116 -                Rank 7 : true
2024-09-11 16:48:54,257 [INFO] ADCParametersView:116 -                Rank 8 : true
2024-09-11 16:48:57,827 [INFO] UtilMem:75 - End SaveConfig() Used Memory: 475860728 Bytes (1073741824)
2024-09-11 16:48:57,929 [INFO] UtilMem:75 - End SaveConfig() Used Memory: 504723320 Bytes (1073741824)
2024-09-11 16:48:59,397 [INFO] UtilMem:75 - End SaveConfig() Used Memory: 557684696 Bytes (1073741824)
2024-09-11 16:48:59,509 [INFO] BlockDiagram:2766 - set Specific Code input for plugin: SYS
2024-09-11 16:48:59,509 [INFO] BlockDiagram:2766 - set Specific Code input for plugin: ADC
2024-09-11 16:48:59,509 [INFO] BlockDiagram:2766 - set Specific Code input for plugin: RCC
2024-09-11 16:48:59,509 [INFO] BlockDiagram:2766 - set Specific Code input for plugin: NVIC
2024-09-11 16:48:59,509 [INFO] BlockDiagram:2766 - set Specific Code input for plugin: CORTEX_M7
2024-09-11 16:48:59,509 [INFO] BlockDiagram:2766 - set Specific Code input for plugin: DMA
2024-09-11 16:48:59,509 [INFO] BlockDiagram:2766 - set Specific Code input for plugin: GPIO
2024-09-11 16:48:59,510 [INFO] CodeGenerator:807 - code generatio: config db path: /Applications/STM32CubeIDE.app/Contents/Eclipse/plugins/com.st.stm32cube.common.mx_6.12.0.202406281431//db/
2024-09-11 16:48:59,525 [INFO] Argument:325 - Argument : hdmavalue: null
2024-09-11 16:48:59,525 [INFO] Argument:327 - 	 sub Args: 
2024-09-11 16:48:59,525 [INFO] Argument:325 - Argument : Instancevalue: DMA2_Stream0
2024-09-11 16:48:59,525 [INFO] Argument:335 - Argument : Instancevalue: DMA2_Stream0
2024-09-11 16:48:59,525 [INFO] Argument:325 - Argument : Initvalue: null
2024-09-11 16:48:59,525 [INFO] Argument:327 - 	 sub Args: 
2024-09-11 16:48:59,525 [INFO] Argument:325 - Argument : Channelvalue: DMA_CHANNEL_0
2024-09-11 16:48:59,525 [INFO] Argument:335 - Argument : Channelvalue: DMA_CHANNEL_0
2024-09-11 16:48:59,525 [INFO] Argument:325 - Argument : Directionvalue: DMA_PERIPH_TO_MEMORY
2024-09-11 16:48:59,525 [INFO] Argument:335 - Argument : Directionvalue: DMA_PERIPH_TO_MEMORY
2024-09-11 16:48:59,525 [INFO] Argument:325 - Argument : PeriphIncvalue: DMA_PINC_DISABLE
2024-09-11 16:48:59,525 [INFO] Argument:335 - Argument : PeriphIncvalue: DMA_PINC_DISABLE
2024-09-11 16:48:59,525 [INFO] Argument:325 - Argument : MemIncvalue: DMA_MINC_ENABLE
2024-09-11 16:48:59,525 [INFO] Argument:335 - Argument : MemIncvalue: DMA_MINC_ENABLE
2024-09-11 16:48:59,525 [INFO] Argument:325 - Argument : PeriphDataAlignmentvalue: DMA_PDATAALIGN_WORD
2024-09-11 16:48:59,525 [INFO] Argument:335 - Argument : PeriphDataAlignmentvalue: DMA_PDATAALIGN_WORD
2024-09-11 16:48:59,525 [INFO] Argument:325 - Argument : MemDataAlignmentvalue: DMA_MDATAALIGN_WORD
2024-09-11 16:48:59,525 [INFO] Argument:335 - Argument : MemDataAlignmentvalue: DMA_MDATAALIGN_WORD
2024-09-11 16:48:59,525 [INFO] Argument:325 - Argument : Modevalue: DMA_CIRCULAR
2024-09-11 16:48:59,525 [INFO] Argument:335 - Argument : Modevalue: DMA_CIRCULAR
2024-09-11 16:48:59,525 [INFO] Argument:325 - Argument : Priorityvalue: DMA_PRIORITY_LOW
2024-09-11 16:48:59,525 [INFO] Argument:335 - Argument : Priorityvalue: DMA_PRIORITY_LOW
2024-09-11 16:48:59,525 [INFO] Argument:325 - Argument : FIFOModevalue: DMA_FIFOMODE_ENABLE
2024-09-11 16:48:59,525 [INFO] Argument:335 - Argument : FIFOModevalue: DMA_FIFOMODE_ENABLE
2024-09-11 16:48:59,525 [INFO] Argument:325 - Argument : FIFOThresholdvalue: DMA_FIFO_THRESHOLD_FULL
2024-09-11 16:48:59,525 [INFO] Argument:335 - Argument : FIFOThresholdvalue: DMA_FIFO_THRESHOLD_FULL
2024-09-11 16:48:59,525 [INFO] Argument:325 - Argument : MemBurstvalue: DMA_MBURST_SINGLE
2024-09-11 16:48:59,525 [INFO] Argument:335 - Argument : MemBurstvalue: DMA_MBURST_SINGLE
2024-09-11 16:48:59,525 [INFO] Argument:325 - Argument : PeriphBurstvalue: DMA_PBURST_SINGLE
2024-09-11 16:48:59,525 [INFO] Argument:335 - Argument : PeriphBurstvalue: DMA_PBURST_SINGLE
2024-09-11 16:48:59,525 [INFO] Argument:325 - Argument : Lockvalue: null
2024-09-11 16:48:59,525 [INFO] Argument:335 - Argument : Lockvalue: null
2024-09-11 16:48:59,525 [INFO] Argument:325 - Argument : Statevalue: null
2024-09-11 16:48:59,525 [INFO] Argument:335 - Argument : Statevalue: null
2024-09-11 16:48:59,525 [INFO] Argument:325 - Argument : Parentvalue: null
2024-09-11 16:48:59,525 [INFO] Argument:335 - Argument : Parentvalue: null
2024-09-11 16:48:59,525 [INFO] Argument:325 - Argument : XferCpltCallbackvalue: null
2024-09-11 16:48:59,525 [INFO] Argument:335 - Argument : XferCpltCallbackvalue: null
2024-09-11 16:48:59,525 [INFO] Argument:325 - Argument : XferHalfCpltCallbackvalue: null
2024-09-11 16:48:59,525 [INFO] Argument:335 - Argument : XferHalfCpltCallbackvalue: null
2024-09-11 16:48:59,525 [INFO] Argument:325 - Argument : XferM1CpltCallbackvalue: null
2024-09-11 16:48:59,525 [INFO] Argument:335 - Argument : XferM1CpltCallbackvalue: null
2024-09-11 16:48:59,525 [INFO] Argument:325 - Argument : XferErrorCallbackvalue: null
2024-09-11 16:48:59,525 [INFO] Argument:335 - Argument : XferErrorCallbackvalue: null
2024-09-11 16:48:59,525 [INFO] Argument:325 - Argument : ErrorCodevalue: null
2024-09-11 16:48:59,525 [INFO] Argument:335 - Argument : ErrorCodevalue: null
2024-09-11 16:48:59,783 [INFO] CodeEngine:255 - oldGeneratedFile, /Users/kitton/STM32CubeIDE/MAD_LAB/SpecialLab02/MXTmpFiles/license.tmp_save
2024-09-11 16:49:00,080 [INFO] CodeEngine:279 - Generated code: /Users/kitton/STM32CubeIDE/MAD_LAB/SpecialLab02/MXTmpFiles/license.tmp
2024-09-11 16:49:00,119 [INFO] CodeEngine:255 - oldGeneratedFile, /Users/kitton/STM32CubeIDE/MAD_LAB/SpecialLab02/Core/Src/gpio.c_save
2024-09-11 16:49:00,201 [INFO] CodeEngine:279 - Generated code: /Users/kitton/STM32CubeIDE/MAD_LAB/SpecialLab02/Core/Src/gpio.c
2024-09-11 16:49:00,210 [INFO] CodeEngine:255 - oldGeneratedFile, /Users/kitton/STM32CubeIDE/MAD_LAB/SpecialLab02/Core/Inc/gpio.h_save
2024-09-11 16:49:00,252 [INFO] CodeEngine:279 - Generated code: /Users/kitton/STM32CubeIDE/MAD_LAB/SpecialLab02/Core/Inc/gpio.h
2024-09-11 16:49:00,325 [INFO] CodeEngine:255 - oldGeneratedFile, /Users/kitton/STM32CubeIDE/MAD_LAB/SpecialLab02/Core/Src/adc.c_save
2024-09-11 16:49:00,404 [INFO] CodeEngine:279 - Generated code: /Users/kitton/STM32CubeIDE/MAD_LAB/SpecialLab02/Core/Src/adc.c
2024-09-11 16:49:00,406 [INFO] CodeEngine:255 - oldGeneratedFile, /Users/kitton/STM32CubeIDE/MAD_LAB/SpecialLab02/Core/Inc/adc.h_save
2024-09-11 16:49:00,446 [INFO] CodeEngine:279 - Generated code: /Users/kitton/STM32CubeIDE/MAD_LAB/SpecialLab02/Core/Inc/adc.h
2024-09-11 16:49:00,452 [INFO] CodeEngine:255 - oldGeneratedFile, /Users/kitton/STM32CubeIDE/MAD_LAB/SpecialLab02/MXTmpFiles/cortex.tmp_save
2024-09-11 16:49:00,490 [INFO] CodeEngine:279 - Generated code: /Users/kitton/STM32CubeIDE/MAD_LAB/SpecialLab02/MXTmpFiles/cortex.tmp
2024-09-11 16:49:00,503 [INFO] CodeEngine:255 - oldGeneratedFile, /Users/kitton/STM32CubeIDE/MAD_LAB/SpecialLab02/Core/Src/dma.c_save
2024-09-11 16:49:00,544 [INFO] CodeEngine:279 - Generated code: /Users/kitton/STM32CubeIDE/MAD_LAB/SpecialLab02/Core/Src/dma.c
2024-09-11 16:49:00,545 [INFO] CodeEngine:255 - oldGeneratedFile, /Users/kitton/STM32CubeIDE/MAD_LAB/SpecialLab02/Core/Inc/dma.h_save
2024-09-11 16:49:00,583 [INFO] CodeEngine:279 - Generated code: /Users/kitton/STM32CubeIDE/MAD_LAB/SpecialLab02/Core/Inc/dma.h
2024-09-11 16:49:00,591 [INFO] CodeEngine:255 - oldGeneratedFile, /Users/kitton/STM32CubeIDE/MAD_LAB/SpecialLab02/Core/Src/stm32f7xx_it.c_save
2024-09-11 16:49:00,700 [INFO] CodeEngine:279 - Generated code: /Users/kitton/STM32CubeIDE/MAD_LAB/SpecialLab02/Core/Src/stm32f7xx_it.c
2024-09-11 16:49:00,701 [INFO] CodeEngine:255 - oldGeneratedFile, /Users/kitton/STM32CubeIDE/MAD_LAB/SpecialLab02/Core/Inc/stm32f7xx_it.h_save
2024-09-11 16:49:00,741 [INFO] CodeEngine:279 - Generated code: /Users/kitton/STM32CubeIDE/MAD_LAB/SpecialLab02/Core/Inc/stm32f7xx_it.h
2024-09-11 16:49:00,752 [INFO] CodeEngine:255 - oldGeneratedFile, /Users/kitton/STM32CubeIDE/MAD_LAB/SpecialLab02/Core/Src/stm32f7xx_hal_msp.c_save
2024-09-11 16:49:00,806 [INFO] CodeEngine:279 - Generated code: /Users/kitton/STM32CubeIDE/MAD_LAB/SpecialLab02/Core/Src/stm32f7xx_hal_msp.c
2024-09-11 16:49:00,807 [INFO] CodeEngine:255 - oldGeneratedFile, /Users/kitton/STM32CubeIDE/MAD_LAB/SpecialLab02/MXTmpFiles/system.tmp_save
2024-09-11 16:49:00,844 [INFO] CodeEngine:279 - Generated code: /Users/kitton/STM32CubeIDE/MAD_LAB/SpecialLab02/MXTmpFiles/system.tmp
2024-09-11 16:49:00,848 [INFO] CodeEngine:311 - oldGeneratedFile, /Users/kitton/STM32CubeIDE/MAD_LAB/SpecialLab02/Core/Inc/stm32f7xx_hal_conf.h_save
2024-09-11 16:49:00,895 [INFO] CodeEngine:335 - Generated code: /Users/kitton/STM32CubeIDE/MAD_LAB/SpecialLab02/Core/Inc/stm32f7xx_hal_conf.h
2024-09-11 16:49:00,912 [INFO] CodeEngine:255 - oldGeneratedFile, /Users/kitton/STM32CubeIDE/MAD_LAB/SpecialLab02/Core/Inc/main.h_save
2024-09-11 16:49:00,971 [INFO] CodeEngine:279 - Generated code: /Users/kitton/STM32CubeIDE/MAD_LAB/SpecialLab02/Core/Inc/main.h
2024-09-11 16:49:00,973 [INFO] CodeEngine:255 - oldGeneratedFile, /Users/kitton/STM32CubeIDE/MAD_LAB/SpecialLab02/Core/Src/main.c_save
2024-09-11 16:49:01,045 [INFO] CodeEngine:279 - Generated code: /Users/kitton/STM32CubeIDE/MAD_LAB/SpecialLab02/Core/Src/main.c
2024-09-11 16:49:01,239 [INFO] ProjectBuilder:3249 - Time for Copy HAL[1] : 60mS.
2024-09-11 16:49:01,242 [INFO] ProjectBuilder:4828 - Project Generator version: 4.4.0-B60
2024-09-11 16:49:01,290 [INFO] ConfigFileManager:1531 - The Die is : DIE451
2024-09-11 16:49:01,961 [INFO] ProjectBuilder:5097 - Time for Generating toolchain IDE Files: 719mS.
2024-09-11 16:49:01,961 [INFO] ProjectBuilder:3107 - Time for Copy CMSIS : 0mS.
2024-09-11 16:49:01,962 [INFO] ProjectBuilder:3107 - Time for Copy CMSIS : 0mS.
2024-09-11 16:56:25,961 [INFO] UtilMem:75 - End SaveConfig() Used Memory: 510136432 Bytes (1073741824)
2024-09-11 16:56:26,088 [INFO] UtilMem:75 - End SaveConfig() Used Memory: 540545136 Bytes (1073741824)
2024-09-11 16:56:27,871 [INFO] UtilMem:75 - End SaveConfig() Used Memory: 590354544 Bytes (1073741824)
2024-09-11 16:56:27,969 [INFO] BlockDiagram:2766 - set Specific Code input for plugin: SYS
2024-09-11 16:56:27,969 [INFO] BlockDiagram:2766 - set Specific Code input for plugin: ADC
2024-09-11 16:56:27,969 [INFO] BlockDiagram:2766 - set Specific Code input for plugin: RCC
2024-09-11 16:56:27,969 [INFO] BlockDiagram:2766 - set Specific Code input for plugin: NVIC
2024-09-11 16:56:27,969 [INFO] BlockDiagram:2766 - set Specific Code input for plugin: CORTEX_M7
2024-09-11 16:56:27,969 [INFO] BlockDiagram:2766 - set Specific Code input for plugin: DMA
2024-09-11 16:56:27,970 [INFO] BlockDiagram:2766 - set Specific Code input for plugin: GPIO
2024-09-11 16:56:27,971 [INFO] CodeGenerator:807 - code generatio: config db path: /Applications/STM32CubeIDE.app/Contents/Eclipse/plugins/com.st.stm32cube.common.mx_6.12.0.202406281431//db/
2024-09-11 16:56:27,982 [INFO] Argument:325 - Argument : hdmavalue: null
2024-09-11 16:56:27,982 [INFO] Argument:327 - 	 sub Args: 
2024-09-11 16:56:27,982 [INFO] Argument:325 - Argument : Instancevalue: DMA2_Stream0
2024-09-11 16:56:27,982 [INFO] Argument:335 - Argument : Instancevalue: DMA2_Stream0
2024-09-11 16:56:27,982 [INFO] Argument:325 - Argument : Initvalue: null
2024-09-11 16:56:27,982 [INFO] Argument:327 - 	 sub Args: 
2024-09-11 16:56:27,982 [INFO] Argument:325 - Argument : Channelvalue: DMA_CHANNEL_0
2024-09-11 16:56:27,982 [INFO] Argument:335 - Argument : Channelvalue: DMA_CHANNEL_0
2024-09-11 16:56:27,982 [INFO] Argument:325 - Argument : Directionvalue: DMA_PERIPH_TO_MEMORY
2024-09-11 16:56:27,982 [INFO] Argument:335 - Argument : Directionvalue: DMA_PERIPH_TO_MEMORY
2024-09-11 16:56:27,982 [INFO] Argument:325 - Argument : PeriphIncvalue: DMA_PINC_DISABLE
2024-09-11 16:56:27,982 [INFO] Argument:335 - Argument : PeriphIncvalue: DMA_PINC_DISABLE
2024-09-11 16:56:27,982 [INFO] Argument:325 - Argument : MemIncvalue: DMA_MINC_ENABLE
2024-09-11 16:56:27,982 [INFO] Argument:335 - Argument : MemIncvalue: DMA_MINC_ENABLE
2024-09-11 16:56:27,982 [INFO] Argument:325 - Argument : PeriphDataAlignmentvalue: DMA_PDATAALIGN_WORD
2024-09-11 16:56:27,982 [INFO] Argument:335 - Argument : PeriphDataAlignmentvalue: DMA_PDATAALIGN_WORD
2024-09-11 16:56:27,982 [INFO] Argument:325 - Argument : MemDataAlignmentvalue: DMA_MDATAALIGN_WORD
2024-09-11 16:56:27,982 [INFO] Argument:335 - Argument : MemDataAlignmentvalue: DMA_MDATAALIGN_WORD
2024-09-11 16:56:27,982 [INFO] Argument:325 - Argument : Modevalue: DMA_CIRCULAR
2024-09-11 16:56:27,982 [INFO] Argument:335 - Argument : Modevalue: DMA_CIRCULAR
2024-09-11 16:56:27,982 [INFO] Argument:325 - Argument : Priorityvalue: DMA_PRIORITY_LOW
2024-09-11 16:56:27,982 [INFO] Argument:335 - Argument : Priorityvalue: DMA_PRIORITY_LOW
2024-09-11 16:56:27,982 [INFO] Argument:325 - Argument : FIFOModevalue: DMA_FIFOMODE_ENABLE
2024-09-11 16:56:27,982 [INFO] Argument:335 - Argument : FIFOModevalue: DMA_FIFOMODE_ENABLE
2024-09-11 16:56:27,982 [INFO] Argument:325 - Argument : FIFOThresholdvalue: DMA_FIFO_THRESHOLD_FULL
2024-09-11 16:56:27,982 [INFO] Argument:335 - Argument : FIFOThresholdvalue: DMA_FIFO_THRESHOLD_FULL
2024-09-11 16:56:27,982 [INFO] Argument:325 - Argument : MemBurstvalue: DMA_MBURST_SINGLE
2024-09-11 16:56:27,982 [INFO] Argument:335 - Argument : MemBurstvalue: DMA_MBURST_SINGLE
2024-09-11 16:56:27,982 [INFO] Argument:325 - Argument : PeriphBurstvalue: DMA_PBURST_SINGLE
2024-09-11 16:56:27,982 [INFO] Argument:335 - Argument : PeriphBurstvalue: DMA_PBURST_SINGLE
2024-09-11 16:56:27,983 [INFO] Argument:325 - Argument : Lockvalue: null
2024-09-11 16:56:27,983 [INFO] Argument:335 - Argument : Lockvalue: null
2024-09-11 16:56:27,983 [INFO] Argument:325 - Argument : Statevalue: null
2024-09-11 16:56:27,983 [INFO] Argument:335 - Argument : Statevalue: null
2024-09-11 16:56:27,983 [INFO] Argument:325 - Argument : Parentvalue: null
2024-09-11 16:56:27,983 [INFO] Argument:335 - Argument : Parentvalue: null
2024-09-11 16:56:27,983 [INFO] Argument:325 - Argument : XferCpltCallbackvalue: null
2024-09-11 16:56:27,983 [INFO] Argument:335 - Argument : XferCpltCallbackvalue: null
2024-09-11 16:56:27,983 [INFO] Argument:325 - Argument : XferHalfCpltCallbackvalue: null
2024-09-11 16:56:27,983 [INFO] Argument:335 - Argument : XferHalfCpltCallbackvalue: null
2024-09-11 16:56:27,983 [INFO] Argument:325 - Argument : XferM1CpltCallbackvalue: null
2024-09-11 16:56:27,983 [INFO] Argument:335 - Argument : XferM1CpltCallbackvalue: null
2024-09-11 16:56:27,983 [INFO] Argument:325 - Argument : XferErrorCallbackvalue: null
2024-09-11 16:56:27,983 [INFO] Argument:335 - Argument : XferErrorCallbackvalue: null
2024-09-11 16:56:27,983 [INFO] Argument:325 - Argument : ErrorCodevalue: null
2024-09-11 16:56:27,983 [INFO] Argument:335 - Argument : ErrorCodevalue: null
2024-09-11 16:56:28,044 [INFO] CodeEngine:255 - oldGeneratedFile, /Users/kitton/STM32CubeIDE/MAD_LAB/SpecialLab02/MXTmpFiles/license.tmp_save
2024-09-11 16:56:28,099 [INFO] CodeEngine:279 - Generated code: /Users/kitton/STM32CubeIDE/MAD_LAB/SpecialLab02/MXTmpFiles/license.tmp
2024-09-11 16:56:28,112 [INFO] CodeEngine:255 - oldGeneratedFile, /Users/kitton/STM32CubeIDE/MAD_LAB/SpecialLab02/Core/Src/gpio.c_save
2024-09-11 16:56:28,170 [INFO] CodeEngine:279 - Generated code: /Users/kitton/STM32CubeIDE/MAD_LAB/SpecialLab02/Core/Src/gpio.c
2024-09-11 16:56:28,174 [INFO] CodeEngine:255 - oldGeneratedFile, /Users/kitton/STM32CubeIDE/MAD_LAB/SpecialLab02/Core/Inc/gpio.h_save
2024-09-11 16:56:28,214 [INFO] CodeEngine:279 - Generated code: /Users/kitton/STM32CubeIDE/MAD_LAB/SpecialLab02/Core/Inc/gpio.h
2024-09-11 16:56:28,276 [INFO] CodeEngine:255 - oldGeneratedFile, /Users/kitton/STM32CubeIDE/MAD_LAB/SpecialLab02/Core/Src/adc.c_save
2024-09-11 16:56:28,348 [INFO] CodeEngine:279 - Generated code: /Users/kitton/STM32CubeIDE/MAD_LAB/SpecialLab02/Core/Src/adc.c
2024-09-11 16:56:28,351 [INFO] CodeEngine:255 - oldGeneratedFile, /Users/kitton/STM32CubeIDE/MAD_LAB/SpecialLab02/Core/Inc/adc.h_save
2024-09-11 16:56:28,391 [INFO] CodeEngine:279 - Generated code: /Users/kitton/STM32CubeIDE/MAD_LAB/SpecialLab02/Core/Inc/adc.h
2024-09-11 16:56:28,393 [INFO] CodeEngine:255 - oldGeneratedFile, /Users/kitton/STM32CubeIDE/MAD_LAB/SpecialLab02/MXTmpFiles/cortex.tmp_save
2024-09-11 16:56:28,430 [INFO] CodeEngine:279 - Generated code: /Users/kitton/STM32CubeIDE/MAD_LAB/SpecialLab02/MXTmpFiles/cortex.tmp
2024-09-11 16:56:28,445 [INFO] CodeEngine:255 - oldGeneratedFile, /Users/kitton/STM32CubeIDE/MAD_LAB/SpecialLab02/Core/Src/dma.c_save
2024-09-11 16:56:28,481 [INFO] CodeEngine:279 - Generated code: /Users/kitton/STM32CubeIDE/MAD_LAB/SpecialLab02/Core/Src/dma.c
2024-09-11 16:56:28,483 [INFO] CodeEngine:255 - oldGeneratedFile, /Users/kitton/STM32CubeIDE/MAD_LAB/SpecialLab02/Core/Inc/dma.h_save
2024-09-11 16:56:28,518 [INFO] CodeEngine:279 - Generated code: /Users/kitton/STM32CubeIDE/MAD_LAB/SpecialLab02/Core/Inc/dma.h
2024-09-11 16:56:28,522 [INFO] CodeEngine:255 - oldGeneratedFile, /Users/kitton/STM32CubeIDE/MAD_LAB/SpecialLab02/Core/Src/stm32f7xx_it.c_save
2024-09-11 16:56:28,565 [INFO] CodeEngine:279 - Generated code: /Users/kitton/STM32CubeIDE/MAD_LAB/SpecialLab02/Core/Src/stm32f7xx_it.c
2024-09-11 16:56:28,566 [INFO] CodeEngine:255 - oldGeneratedFile, /Users/kitton/STM32CubeIDE/MAD_LAB/SpecialLab02/Core/Inc/stm32f7xx_it.h_save
2024-09-11 16:56:28,601 [INFO] CodeEngine:279 - Generated code: /Users/kitton/STM32CubeIDE/MAD_LAB/SpecialLab02/Core/Inc/stm32f7xx_it.h
2024-09-11 16:56:28,605 [INFO] CodeEngine:255 - oldGeneratedFile, /Users/kitton/STM32CubeIDE/MAD_LAB/SpecialLab02/Core/Src/stm32f7xx_hal_msp.c_save
2024-09-11 16:56:28,668 [INFO] CodeEngine:279 - Generated code: /Users/kitton/STM32CubeIDE/MAD_LAB/SpecialLab02/Core/Src/stm32f7xx_hal_msp.c
2024-09-11 16:56:28,669 [INFO] CodeEngine:255 - oldGeneratedFile, /Users/kitton/STM32CubeIDE/MAD_LAB/SpecialLab02/MXTmpFiles/system.tmp_save
2024-09-11 16:56:28,707 [INFO] CodeEngine:279 - Generated code: /Users/kitton/STM32CubeIDE/MAD_LAB/SpecialLab02/MXTmpFiles/system.tmp
2024-09-11 16:56:28,710 [INFO] CodeEngine:311 - oldGeneratedFile, /Users/kitton/STM32CubeIDE/MAD_LAB/SpecialLab02/Core/Inc/stm32f7xx_hal_conf.h_save
2024-09-11 16:56:28,753 [INFO] CodeEngine:335 - Generated code: /Users/kitton/STM32CubeIDE/MAD_LAB/SpecialLab02/Core/Inc/stm32f7xx_hal_conf.h
2024-09-11 16:56:28,763 [INFO] CodeEngine:255 - oldGeneratedFile, /Users/kitton/STM32CubeIDE/MAD_LAB/SpecialLab02/Core/Inc/main.h_save
2024-09-11 16:56:28,805 [INFO] CodeEngine:279 - Generated code: /Users/kitton/STM32CubeIDE/MAD_LAB/SpecialLab02/Core/Inc/main.h
2024-09-11 16:56:28,807 [INFO] CodeEngine:255 - oldGeneratedFile, /Users/kitton/STM32CubeIDE/MAD_LAB/SpecialLab02/Core/Src/main.c_save
2024-09-11 16:56:28,863 [INFO] CodeEngine:279 - Generated code: /Users/kitton/STM32CubeIDE/MAD_LAB/SpecialLab02/Core/Src/main.c
2024-09-11 16:56:29,131 [INFO] ProjectBuilder:3249 - Time for Copy HAL[1] : 159mS.
2024-09-11 16:56:29,137 [INFO] ProjectBuilder:4828 - Project Generator version: 4.4.0-B60
2024-09-11 16:56:29,228 [INFO] ConfigFileManager:1531 - The Die is : DIE451
2024-09-11 16:56:30,104 [INFO] ProjectBuilder:5097 - Time for Generating toolchain IDE Files: 965mS.
2024-09-11 16:56:30,105 [INFO] ProjectBuilder:3107 - Time for Copy CMSIS : 0mS.
2024-09-11 16:56:30,107 [INFO] ProjectBuilder:3107 - Time for Copy CMSIS : 1mS.
2024-09-11 16:57:32,870 [INFO] Gpio:277 - dependency for GPIO [ADC1]
2024-09-11 17:01:46,215 [INFO] Gpio:277 - dependency for GPIO [ADC1]
2024-09-11 17:01:56,847 [INFO] Gpio:277 - dependency for GPIO [ADC1]
2024-09-11 17:02:03,046 [INFO] UtilMem:75 - End SaveConfig() Used Memory: 857552816 Bytes (1073741824)
2024-09-11 17:02:03,150 [INFO] UtilMem:75 - End SaveConfig() Used Memory: 886937840 Bytes (1073741824)
2024-09-11 17:02:04,953 [INFO] UtilMem:75 - End SaveConfig() Used Memory: 396906464 Bytes (1073741824)
2024-09-11 17:02:05,058 [INFO] BlockDiagram:2766 - set Specific Code input for plugin: SYS
2024-09-11 17:02:05,058 [INFO] BlockDiagram:2766 - set Specific Code input for plugin: ADC
2024-09-11 17:02:05,058 [INFO] BlockDiagram:2766 - set Specific Code input for plugin: RCC
2024-09-11 17:02:05,058 [INFO] BlockDiagram:2766 - set Specific Code input for plugin: NVIC
2024-09-11 17:02:05,058 [INFO] BlockDiagram:2766 - set Specific Code input for plugin: CORTEX_M7
2024-09-11 17:02:05,058 [INFO] BlockDiagram:2766 - set Specific Code input for plugin: DMA
2024-09-11 17:02:05,060 [INFO] BlockDiagram:2766 - set Specific Code input for plugin: GPIO
2024-09-11 17:02:05,061 [INFO] CodeGenerator:807 - code generatio: config db path: /Applications/STM32CubeIDE.app/Contents/Eclipse/plugins/com.st.stm32cube.common.mx_6.12.0.202406281431//db/
2024-09-11 17:02:05,079 [INFO] Argument:325 - Argument : hdmavalue: null
2024-09-11 17:02:05,079 [INFO] Argument:327 - 	 sub Args: 
2024-09-11 17:02:05,079 [INFO] Argument:325 - Argument : Instancevalue: DMA2_Stream0
2024-09-11 17:02:05,079 [INFO] Argument:335 - Argument : Instancevalue: DMA2_Stream0
2024-09-11 17:02:05,079 [INFO] Argument:325 - Argument : Initvalue: null
2024-09-11 17:02:05,079 [INFO] Argument:327 - 	 sub Args: 
2024-09-11 17:02:05,079 [INFO] Argument:325 - Argument : Channelvalue: DMA_CHANNEL_0
2024-09-11 17:02:05,079 [INFO] Argument:335 - Argument : Channelvalue: DMA_CHANNEL_0
2024-09-11 17:02:05,079 [INFO] Argument:325 - Argument : Directionvalue: DMA_PERIPH_TO_MEMORY
2024-09-11 17:02:05,079 [INFO] Argument:335 - Argument : Directionvalue: DMA_PERIPH_TO_MEMORY
2024-09-11 17:02:05,079 [INFO] Argument:325 - Argument : PeriphIncvalue: DMA_PINC_DISABLE
2024-09-11 17:02:05,080 [INFO] Argument:335 - Argument : PeriphIncvalue: DMA_PINC_DISABLE
2024-09-11 17:02:05,080 [INFO] Argument:325 - Argument : MemIncvalue: DMA_MINC_ENABLE
2024-09-11 17:02:05,080 [INFO] Argument:335 - Argument : MemIncvalue: DMA_MINC_ENABLE
2024-09-11 17:02:05,080 [INFO] Argument:325 - Argument : PeriphDataAlignmentvalue: DMA_PDATAALIGN_WORD
2024-09-11 17:02:05,080 [INFO] Argument:335 - Argument : PeriphDataAlignmentvalue: DMA_PDATAALIGN_WORD
2024-09-11 17:02:05,080 [INFO] Argument:325 - Argument : MemDataAlignmentvalue: DMA_MDATAALIGN_WORD
2024-09-11 17:02:05,080 [INFO] Argument:335 - Argument : MemDataAlignmentvalue: DMA_MDATAALIGN_WORD
2024-09-11 17:02:05,080 [INFO] Argument:325 - Argument : Modevalue: DMA_CIRCULAR
2024-09-11 17:02:05,080 [INFO] Argument:335 - Argument : Modevalue: DMA_CIRCULAR
2024-09-11 17:02:05,080 [INFO] Argument:325 - Argument : Priorityvalue: DMA_PRIORITY_LOW
2024-09-11 17:02:05,080 [INFO] Argument:335 - Argument : Priorityvalue: DMA_PRIORITY_LOW
2024-09-11 17:02:05,080 [INFO] Argument:325 - Argument : FIFOModevalue: DMA_FIFOMODE_DISABLE
2024-09-11 17:02:05,080 [INFO] Argument:335 - Argument : FIFOModevalue: DMA_FIFOMODE_DISABLE
2024-09-11 17:02:05,080 [INFO] Argument:325 - Argument : FIFOThresholdvalue: null
2024-09-11 17:02:05,080 [INFO] Argument:335 - Argument : FIFOThresholdvalue: null
2024-09-11 17:02:05,080 [INFO] Argument:325 - Argument : MemBurstvalue: null
2024-09-11 17:02:05,080 [INFO] Argument:335 - Argument : MemBurstvalue: null
2024-09-11 17:02:05,080 [INFO] Argument:325 - Argument : PeriphBurstvalue: null
2024-09-11 17:02:05,080 [INFO] Argument:335 - Argument : PeriphBurstvalue: null
2024-09-11 17:02:05,080 [INFO] Argument:325 - Argument : Lockvalue: null
2024-09-11 17:02:05,080 [INFO] Argument:335 - Argument : Lockvalue: null
2024-09-11 17:02:05,080 [INFO] Argument:325 - Argument : Statevalue: null
2024-09-11 17:02:05,080 [INFO] Argument:335 - Argument : Statevalue: null
2024-09-11 17:02:05,080 [INFO] Argument:325 - Argument : Parentvalue: null
2024-09-11 17:02:05,080 [INFO] Argument:335 - Argument : Parentvalue: null
2024-09-11 17:02:05,080 [INFO] Argument:325 - Argument : XferCpltCallbackvalue: null
2024-09-11 17:02:05,080 [INFO] Argument:335 - Argument : XferCpltCallbackvalue: null
2024-09-11 17:02:05,080 [INFO] Argument:325 - Argument : XferHalfCpltCallbackvalue: null
2024-09-11 17:02:05,080 [INFO] Argument:335 - Argument : XferHalfCpltCallbackvalue: null
2024-09-11 17:02:05,080 [INFO] Argument:325 - Argument : XferM1CpltCallbackvalue: null
2024-09-11 17:02:05,080 [INFO] Argument:335 - Argument : XferM1CpltCallbackvalue: null
2024-09-11 17:02:05,080 [INFO] Argument:325 - Argument : XferErrorCallbackvalue: null
2024-09-11 17:02:05,080 [INFO] Argument:335 - Argument : XferErrorCallbackvalue: null
2024-09-11 17:02:05,080 [INFO] Argument:325 - Argument : ErrorCodevalue: null
2024-09-11 17:02:05,080 [INFO] Argument:335 - Argument : ErrorCodevalue: null
2024-09-11 17:02:05,340 [INFO] CodeEngine:255 - oldGeneratedFile, /Users/kitton/STM32CubeIDE/MAD_LAB/SpecialLab02/MXTmpFiles/license.tmp_save
2024-09-11 17:02:05,461 [INFO] CodeEngine:279 - Generated code: /Users/kitton/STM32CubeIDE/MAD_LAB/SpecialLab02/MXTmpFiles/license.tmp
2024-09-11 17:02:05,475 [INFO] CodeEngine:255 - oldGeneratedFile, /Users/kitton/STM32CubeIDE/MAD_LAB/SpecialLab02/Core/Src/gpio.c_save
2024-09-11 17:02:05,525 [INFO] CodeEngine:279 - Generated code: /Users/kitton/STM32CubeIDE/MAD_LAB/SpecialLab02/Core/Src/gpio.c
2024-09-11 17:02:05,526 [INFO] CodeEngine:255 - oldGeneratedFile, /Users/kitton/STM32CubeIDE/MAD_LAB/SpecialLab02/Core/Inc/gpio.h_save
2024-09-11 17:02:05,563 [INFO] CodeEngine:279 - Generated code: /Users/kitton/STM32CubeIDE/MAD_LAB/SpecialLab02/Core/Inc/gpio.h
2024-09-11 17:02:05,618 [INFO] CodeEngine:255 - oldGeneratedFile, /Users/kitton/STM32CubeIDE/MAD_LAB/SpecialLab02/Core/Src/adc.c_save
2024-09-11 17:02:05,684 [INFO] CodeEngine:279 - Generated code: /Users/kitton/STM32CubeIDE/MAD_LAB/SpecialLab02/Core/Src/adc.c
2024-09-11 17:02:05,685 [INFO] CodeEngine:255 - oldGeneratedFile, /Users/kitton/STM32CubeIDE/MAD_LAB/SpecialLab02/Core/Inc/adc.h_save
2024-09-11 17:02:05,724 [INFO] CodeEngine:279 - Generated code: /Users/kitton/STM32CubeIDE/MAD_LAB/SpecialLab02/Core/Inc/adc.h
2024-09-11 17:02:05,728 [INFO] CodeEngine:255 - oldGeneratedFile, /Users/kitton/STM32CubeIDE/MAD_LAB/SpecialLab02/MXTmpFiles/cortex.tmp_save
2024-09-11 17:02:05,764 [INFO] CodeEngine:279 - Generated code: /Users/kitton/STM32CubeIDE/MAD_LAB/SpecialLab02/MXTmpFiles/cortex.tmp
2024-09-11 17:02:05,769 [INFO] CodeEngine:255 - oldGeneratedFile, /Users/kitton/STM32CubeIDE/MAD_LAB/SpecialLab02/Core/Src/dma.c_save
2024-09-11 17:02:05,807 [INFO] CodeEngine:279 - Generated code: /Users/kitton/STM32CubeIDE/MAD_LAB/SpecialLab02/Core/Src/dma.c
2024-09-11 17:02:05,809 [INFO] CodeEngine:255 - oldGeneratedFile, /Users/kitton/STM32CubeIDE/MAD_LAB/SpecialLab02/Core/Inc/dma.h_save
2024-09-11 17:02:05,847 [INFO] CodeEngine:279 - Generated code: /Users/kitton/STM32CubeIDE/MAD_LAB/SpecialLab02/Core/Inc/dma.h
2024-09-11 17:02:05,850 [INFO] CodeEngine:255 - oldGeneratedFile, /Users/kitton/STM32CubeIDE/MAD_LAB/SpecialLab02/Core/Src/stm32f7xx_it.c_save
2024-09-11 17:02:05,891 [INFO] CodeEngine:279 - Generated code: /Users/kitton/STM32CubeIDE/MAD_LAB/SpecialLab02/Core/Src/stm32f7xx_it.c
2024-09-11 17:02:05,895 [INFO] CodeEngine:255 - oldGeneratedFile, /Users/kitton/STM32CubeIDE/MAD_LAB/SpecialLab02/Core/Inc/stm32f7xx_it.h_save
2024-09-11 17:02:05,931 [INFO] CodeEngine:279 - Generated code: /Users/kitton/STM32CubeIDE/MAD_LAB/SpecialLab02/Core/Inc/stm32f7xx_it.h
2024-09-11 17:02:05,935 [INFO] CodeEngine:255 - oldGeneratedFile, /Users/kitton/STM32CubeIDE/MAD_LAB/SpecialLab02/Core/Src/stm32f7xx_hal_msp.c_save
2024-09-11 17:02:05,990 [INFO] CodeEngine:279 - Generated code: /Users/kitton/STM32CubeIDE/MAD_LAB/SpecialLab02/Core/Src/stm32f7xx_hal_msp.c
2024-09-11 17:02:05,991 [INFO] CodeEngine:255 - oldGeneratedFile, /Users/kitton/STM32CubeIDE/MAD_LAB/SpecialLab02/MXTmpFiles/system.tmp_save
2024-09-11 17:02:06,026 [INFO] CodeEngine:279 - Generated code: /Users/kitton/STM32CubeIDE/MAD_LAB/SpecialLab02/MXTmpFiles/system.tmp
2024-09-11 17:02:06,029 [INFO] CodeEngine:311 - oldGeneratedFile, /Users/kitton/STM32CubeIDE/MAD_LAB/SpecialLab02/Core/Inc/stm32f7xx_hal_conf.h_save
2024-09-11 17:02:06,074 [INFO] CodeEngine:335 - Generated code: /Users/kitton/STM32CubeIDE/MAD_LAB/SpecialLab02/Core/Inc/stm32f7xx_hal_conf.h
2024-09-11 17:02:06,086 [INFO] CodeEngine:255 - oldGeneratedFile, /Users/kitton/STM32CubeIDE/MAD_LAB/SpecialLab02/Core/Inc/main.h_save
2024-09-11 17:02:06,127 [INFO] CodeEngine:279 - Generated code: /Users/kitton/STM32CubeIDE/MAD_LAB/SpecialLab02/Core/Inc/main.h
2024-09-11 17:02:06,128 [INFO] CodeEngine:255 - oldGeneratedFile, /Users/kitton/STM32CubeIDE/MAD_LAB/SpecialLab02/Core/Src/main.c_save
2024-09-11 17:02:06,234 [INFO] CodeEngine:279 - Generated code: /Users/kitton/STM32CubeIDE/MAD_LAB/SpecialLab02/Core/Src/main.c
2024-09-11 17:02:06,442 [INFO] ProjectBuilder:3249 - Time for Copy HAL[1] : 47mS.
2024-09-11 17:02:06,445 [INFO] ProjectBuilder:4828 - Project Generator version: 4.4.0-B60
2024-09-11 17:02:06,499 [INFO] ConfigFileManager:1531 - The Die is : DIE451
2024-09-11 17:02:07,157 [INFO] ProjectBuilder:5097 - Time for Generating toolchain IDE Files: 712mS.
2024-09-11 17:02:07,157 [INFO] ProjectBuilder:3107 - Time for Copy CMSIS : 0mS.
2024-09-11 17:02:07,158 [INFO] ProjectBuilder:3107 - Time for Copy CMSIS : 0mS.
2024-09-11 17:06:01,031 [INFO] Gpio:277 - dependency for GPIO [ADC1]
2024-09-11 17:06:07,106 [INFO] Gpio:277 - dependency for GPIO [ADC1]
2024-09-11 17:06:12,241 [INFO] Gpio:277 - dependency for GPIO [ADC1]
2024-09-11 17:06:22,308 [INFO] UtilMem:75 - End SaveConfig() Used Memory: 957132248 Bytes (1073741824)
2024-09-11 17:06:22,613 [INFO] UtilMem:75 - End SaveConfig() Used Memory: 392605464 Bytes (1073741824)
2024-09-11 17:06:24,220 [INFO] UtilMem:75 - End SaveConfig() Used Memory: 449869600 Bytes (1073741824)
2024-09-11 17:06:24,327 [INFO] BlockDiagram:2766 - set Specific Code input for plugin: SYS
2024-09-11 17:06:24,327 [INFO] BlockDiagram:2766 - set Specific Code input for plugin: ADC
2024-09-11 17:06:24,327 [INFO] BlockDiagram:2766 - set Specific Code input for plugin: RCC
2024-09-11 17:06:24,327 [INFO] BlockDiagram:2766 - set Specific Code input for plugin: NVIC
2024-09-11 17:06:24,327 [INFO] BlockDiagram:2766 - set Specific Code input for plugin: USART
2024-09-11 17:06:24,327 [INFO] BlockDiagram:2766 - set Specific Code input for plugin: CORTEX_M7
2024-09-11 17:06:24,327 [INFO] BlockDiagram:2766 - set Specific Code input for plugin: DMA
2024-09-11 17:06:24,328 [INFO] BlockDiagram:2766 - set Specific Code input for plugin: GPIO
2024-09-11 17:06:24,328 [INFO] CodeGenerator:807 - code generatio: config db path: /Applications/STM32CubeIDE.app/Contents/Eclipse/plugins/com.st.stm32cube.common.mx_6.12.0.202406281431//db/
2024-09-11 17:06:24,341 [INFO] Argument:325 - Argument : hdmavalue: null
2024-09-11 17:06:24,341 [INFO] Argument:327 - 	 sub Args: 
2024-09-11 17:06:24,341 [INFO] Argument:325 - Argument : Instancevalue: DMA2_Stream0
2024-09-11 17:06:24,341 [INFO] Argument:335 - Argument : Instancevalue: DMA2_Stream0
2024-09-11 17:06:24,341 [INFO] Argument:325 - Argument : Initvalue: null
2024-09-11 17:06:24,341 [INFO] Argument:327 - 	 sub Args: 
2024-09-11 17:06:24,341 [INFO] Argument:325 - Argument : Channelvalue: DMA_CHANNEL_0
2024-09-11 17:06:24,341 [INFO] Argument:335 - Argument : Channelvalue: DMA_CHANNEL_0
2024-09-11 17:06:24,341 [INFO] Argument:325 - Argument : Directionvalue: DMA_PERIPH_TO_MEMORY
2024-09-11 17:06:24,341 [INFO] Argument:335 - Argument : Directionvalue: DMA_PERIPH_TO_MEMORY
2024-09-11 17:06:24,341 [INFO] Argument:325 - Argument : PeriphIncvalue: DMA_PINC_DISABLE
2024-09-11 17:06:24,341 [INFO] Argument:335 - Argument : PeriphIncvalue: DMA_PINC_DISABLE
2024-09-11 17:06:24,341 [INFO] Argument:325 - Argument : MemIncvalue: DMA_MINC_ENABLE
2024-09-11 17:06:24,341 [INFO] Argument:335 - Argument : MemIncvalue: DMA_MINC_ENABLE
2024-09-11 17:06:24,341 [INFO] Argument:325 - Argument : PeriphDataAlignmentvalue: DMA_PDATAALIGN_WORD
2024-09-11 17:06:24,341 [INFO] Argument:335 - Argument : PeriphDataAlignmentvalue: DMA_PDATAALIGN_WORD
2024-09-11 17:06:24,341 [INFO] Argument:325 - Argument : MemDataAlignmentvalue: DMA_MDATAALIGN_WORD
2024-09-11 17:06:24,341 [INFO] Argument:335 - Argument : MemDataAlignmentvalue: DMA_MDATAALIGN_WORD
2024-09-11 17:06:24,341 [INFO] Argument:325 - Argument : Modevalue: DMA_CIRCULAR
2024-09-11 17:06:24,341 [INFO] Argument:335 - Argument : Modevalue: DMA_CIRCULAR
2024-09-11 17:06:24,341 [INFO] Argument:325 - Argument : Priorityvalue: DMA_PRIORITY_LOW
2024-09-11 17:06:24,341 [INFO] Argument:335 - Argument : Priorityvalue: DMA_PRIORITY_LOW
2024-09-11 17:06:24,341 [INFO] Argument:325 - Argument : FIFOModevalue: DMA_FIFOMODE_DISABLE
2024-09-11 17:06:24,341 [INFO] Argument:335 - Argument : FIFOModevalue: DMA_FIFOMODE_DISABLE
2024-09-11 17:06:24,341 [INFO] Argument:325 - Argument : FIFOThresholdvalue: null
2024-09-11 17:06:24,341 [INFO] Argument:335 - Argument : FIFOThresholdvalue: null
2024-09-11 17:06:24,341 [INFO] Argument:325 - Argument : MemBurstvalue: null
2024-09-11 17:06:24,341 [INFO] Argument:335 - Argument : MemBurstvalue: null
2024-09-11 17:06:24,341 [INFO] Argument:325 - Argument : PeriphBurstvalue: null
2024-09-11 17:06:24,341 [INFO] Argument:335 - Argument : PeriphBurstvalue: null
2024-09-11 17:06:24,341 [INFO] Argument:325 - Argument : Lockvalue: null
2024-09-11 17:06:24,341 [INFO] Argument:335 - Argument : Lockvalue: null
2024-09-11 17:06:24,341 [INFO] Argument:325 - Argument : Statevalue: null
2024-09-11 17:06:24,341 [INFO] Argument:335 - Argument : Statevalue: null
2024-09-11 17:06:24,341 [INFO] Argument:325 - Argument : Parentvalue: null
2024-09-11 17:06:24,342 [INFO] Argument:335 - Argument : Parentvalue: null
2024-09-11 17:06:24,342 [INFO] Argument:325 - Argument : XferCpltCallbackvalue: null
2024-09-11 17:06:24,342 [INFO] Argument:335 - Argument : XferCpltCallbackvalue: null
2024-09-11 17:06:24,342 [INFO] Argument:325 - Argument : XferHalfCpltCallbackvalue: null
2024-09-11 17:06:24,342 [INFO] Argument:335 - Argument : XferHalfCpltCallbackvalue: null
2024-09-11 17:06:24,342 [INFO] Argument:325 - Argument : XferM1CpltCallbackvalue: null
2024-09-11 17:06:24,342 [INFO] Argument:335 - Argument : XferM1CpltCallbackvalue: null
2024-09-11 17:06:24,342 [INFO] Argument:325 - Argument : XferErrorCallbackvalue: null
2024-09-11 17:06:24,342 [INFO] Argument:335 - Argument : XferErrorCallbackvalue: null
2024-09-11 17:06:24,342 [INFO] Argument:325 - Argument : ErrorCodevalue: null
2024-09-11 17:06:24,342 [INFO] Argument:335 - Argument : ErrorCodevalue: null
2024-09-11 17:06:24,408 [INFO] CodeEngine:255 - oldGeneratedFile, /Users/kitton/STM32CubeIDE/MAD_LAB/SpecialLab02/MXTmpFiles/license.tmp_save
2024-09-11 17:06:24,466 [INFO] CodeEngine:279 - Generated code: /Users/kitton/STM32CubeIDE/MAD_LAB/SpecialLab02/MXTmpFiles/license.tmp
2024-09-11 17:06:24,481 [INFO] CodeEngine:255 - oldGeneratedFile, /Users/kitton/STM32CubeIDE/MAD_LAB/SpecialLab02/Core/Src/gpio.c_save
2024-09-11 17:06:24,527 [INFO] CodeEngine:279 - Generated code: /Users/kitton/STM32CubeIDE/MAD_LAB/SpecialLab02/Core/Src/gpio.c
2024-09-11 17:06:24,529 [INFO] CodeEngine:255 - oldGeneratedFile, /Users/kitton/STM32CubeIDE/MAD_LAB/SpecialLab02/Core/Inc/gpio.h_save
2024-09-11 17:06:24,565 [INFO] CodeEngine:279 - Generated code: /Users/kitton/STM32CubeIDE/MAD_LAB/SpecialLab02/Core/Inc/gpio.h
2024-09-11 17:06:24,669 [INFO] CodeEngine:255 - oldGeneratedFile, /Users/kitton/STM32CubeIDE/MAD_LAB/SpecialLab02/Core/Src/adc.c_save
2024-09-11 17:06:24,727 [INFO] CodeEngine:279 - Generated code: /Users/kitton/STM32CubeIDE/MAD_LAB/SpecialLab02/Core/Src/adc.c
2024-09-11 17:06:24,729 [INFO] CodeEngine:255 - oldGeneratedFile, /Users/kitton/STM32CubeIDE/MAD_LAB/SpecialLab02/Core/Inc/adc.h_save
2024-09-11 17:06:24,765 [INFO] CodeEngine:279 - Generated code: /Users/kitton/STM32CubeIDE/MAD_LAB/SpecialLab02/Core/Inc/adc.h
2024-09-11 17:06:24,767 [INFO] CodeEngine:255 - oldGeneratedFile, /Users/kitton/STM32CubeIDE/MAD_LAB/SpecialLab02/MXTmpFiles/cortex.tmp_save
2024-09-11 17:06:24,805 [INFO] CodeEngine:279 - Generated code: /Users/kitton/STM32CubeIDE/MAD_LAB/SpecialLab02/MXTmpFiles/cortex.tmp
2024-09-11 17:06:24,812 [INFO] CodeEngine:255 - oldGeneratedFile, /Users/kitton/STM32CubeIDE/MAD_LAB/SpecialLab02/Core/Src/dma.c_save
2024-09-11 17:06:24,851 [INFO] CodeEngine:279 - Generated code: /Users/kitton/STM32CubeIDE/MAD_LAB/SpecialLab02/Core/Src/dma.c
2024-09-11 17:06:24,854 [INFO] CodeEngine:255 - oldGeneratedFile, /Users/kitton/STM32CubeIDE/MAD_LAB/SpecialLab02/Core/Inc/dma.h_save
2024-09-11 17:06:24,889 [INFO] CodeEngine:279 - Generated code: /Users/kitton/STM32CubeIDE/MAD_LAB/SpecialLab02/Core/Inc/dma.h
2024-09-11 17:06:24,892 [INFO] CodeEngine:255 - oldGeneratedFile, /Users/kitton/STM32CubeIDE/MAD_LAB/SpecialLab02/Core/Src/usart.c_save
2024-09-11 17:06:24,944 [INFO] CodeEngine:279 - Generated code: /Users/kitton/STM32CubeIDE/MAD_LAB/SpecialLab02/Core/Src/usart.c
2024-09-11 17:06:24,945 [INFO] CodeEngine:255 - oldGeneratedFile, /Users/kitton/STM32CubeIDE/MAD_LAB/SpecialLab02/Core/Inc/usart.h_save
2024-09-11 17:06:24,982 [INFO] CodeEngine:279 - Generated code: /Users/kitton/STM32CubeIDE/MAD_LAB/SpecialLab02/Core/Inc/usart.h
2024-09-11 17:06:24,986 [INFO] CodeEngine:255 - oldGeneratedFile, /Users/kitton/STM32CubeIDE/MAD_LAB/SpecialLab02/Core/Src/stm32f7xx_it.c_save
2024-09-11 17:06:25,026 [INFO] CodeEngine:279 - Generated code: /Users/kitton/STM32CubeIDE/MAD_LAB/SpecialLab02/Core/Src/stm32f7xx_it.c
2024-09-11 17:06:25,027 [INFO] CodeEngine:255 - oldGeneratedFile, /Users/kitton/STM32CubeIDE/MAD_LAB/SpecialLab02/Core/Inc/stm32f7xx_it.h_save
2024-09-11 17:06:25,062 [INFO] CodeEngine:279 - Generated code: /Users/kitton/STM32CubeIDE/MAD_LAB/SpecialLab02/Core/Inc/stm32f7xx_it.h
2024-09-11 17:06:25,067 [INFO] CodeEngine:255 - oldGeneratedFile, /Users/kitton/STM32CubeIDE/MAD_LAB/SpecialLab02/Core/Src/stm32f7xx_hal_msp.c_save
2024-09-11 17:06:25,118 [INFO] CodeEngine:279 - Generated code: /Users/kitton/STM32CubeIDE/MAD_LAB/SpecialLab02/Core/Src/stm32f7xx_hal_msp.c
2024-09-11 17:06:25,120 [INFO] CodeEngine:255 - oldGeneratedFile, /Users/kitton/STM32CubeIDE/MAD_LAB/SpecialLab02/MXTmpFiles/system.tmp_save
2024-09-11 17:06:25,155 [INFO] CodeEngine:279 - Generated code: /Users/kitton/STM32CubeIDE/MAD_LAB/SpecialLab02/MXTmpFiles/system.tmp
2024-09-11 17:06:25,157 [INFO] CodeEngine:311 - oldGeneratedFile, /Users/kitton/STM32CubeIDE/MAD_LAB/SpecialLab02/Core/Inc/stm32f7xx_hal_conf.h_save
2024-09-11 17:06:25,199 [INFO] CodeEngine:335 - Generated code: /Users/kitton/STM32CubeIDE/MAD_LAB/SpecialLab02/Core/Inc/stm32f7xx_hal_conf.h
2024-09-11 17:06:25,208 [INFO] CodeEngine:255 - oldGeneratedFile, /Users/kitton/STM32CubeIDE/MAD_LAB/SpecialLab02/Core/Inc/main.h_save
2024-09-11 17:06:25,252 [INFO] CodeEngine:279 - Generated code: /Users/kitton/STM32CubeIDE/MAD_LAB/SpecialLab02/Core/Inc/main.h
2024-09-11 17:06:25,253 [INFO] CodeEngine:255 - oldGeneratedFile, /Users/kitton/STM32CubeIDE/MAD_LAB/SpecialLab02/Core/Src/main.c_save
2024-09-11 17:06:25,306 [INFO] CodeEngine:279 - Generated code: /Users/kitton/STM32CubeIDE/MAD_LAB/SpecialLab02/Core/Src/main.c
2024-09-11 17:06:25,449 [INFO] ProjectBuilder:3249 - Time for Copy HAL[1] : 56mS.
2024-09-11 17:06:25,451 [INFO] ProjectBuilder:4828 - Project Generator version: 4.4.0-B60
2024-09-11 17:06:25,496 [INFO] ConfigFileManager:1531 - The Die is : DIE451
2024-09-11 17:06:26,005 [INFO] ProjectBuilder:5097 - Time for Generating toolchain IDE Files: 554mS.
2024-09-11 17:06:26,005 [INFO] ProjectBuilder:3107 - Time for Copy CMSIS : 0mS.
2024-09-11 17:06:26,006 [INFO] ProjectBuilder:3107 - Time for Copy CMSIS : 0mS.
2024-09-11 17:16:33,662 [INFO] UtilMem:75 - End SaveConfig() Used Memory: 673914976 Bytes (1073741824)
2024-09-11 17:16:33,763 [INFO] UtilMem:75 - End SaveConfig() Used Memory: 704850016 Bytes (1073741824)
2024-09-11 17:16:36,043 [INFO] UtilMem:75 - End SaveConfig() Used Memory: 763570272 Bytes (1073741824)
2024-09-11 17:16:36,139 [INFO] BlockDiagram:2766 - set Specific Code input for plugin: SYS
2024-09-11 17:16:36,139 [INFO] BlockDiagram:2766 - set Specific Code input for plugin: ADC
2024-09-11 17:16:36,139 [INFO] BlockDiagram:2766 - set Specific Code input for plugin: RCC
2024-09-11 17:16:36,139 [INFO] BlockDiagram:2766 - set Specific Code input for plugin: NVIC
2024-09-11 17:16:36,139 [INFO] BlockDiagram:2766 - set Specific Code input for plugin: USART
2024-09-11 17:16:36,139 [INFO] BlockDiagram:2766 - set Specific Code input for plugin: CORTEX_M7
2024-09-11 17:16:36,139 [INFO] BlockDiagram:2766 - set Specific Code input for plugin: DMA
2024-09-11 17:16:36,139 [INFO] BlockDiagram:2766 - set Specific Code input for plugin: GPIO
2024-09-11 17:16:36,140 [INFO] CodeGenerator:807 - code generatio: config db path: /Applications/STM32CubeIDE.app/Contents/Eclipse/plugins/com.st.stm32cube.common.mx_6.12.0.202406281431//db/
2024-09-11 17:16:36,155 [INFO] Argument:325 - Argument : hdmavalue: null
2024-09-11 17:16:36,155 [INFO] Argument:327 - 	 sub Args: 
2024-09-11 17:16:36,155 [INFO] Argument:325 - Argument : Instancevalue: DMA2_Stream0
2024-09-11 17:16:36,155 [INFO] Argument:335 - Argument : Instancevalue: DMA2_Stream0
2024-09-11 17:16:36,155 [INFO] Argument:325 - Argument : Initvalue: null
2024-09-11 17:16:36,155 [INFO] Argument:327 - 	 sub Args: 
2024-09-11 17:16:36,155 [INFO] Argument:325 - Argument : Channelvalue: DMA_CHANNEL_0
2024-09-11 17:16:36,155 [INFO] Argument:335 - Argument : Channelvalue: DMA_CHANNEL_0
2024-09-11 17:16:36,155 [INFO] Argument:325 - Argument : Directionvalue: DMA_PERIPH_TO_MEMORY
2024-09-11 17:16:36,155 [INFO] Argument:335 - Argument : Directionvalue: DMA_PERIPH_TO_MEMORY
2024-09-11 17:16:36,155 [INFO] Argument:325 - Argument : PeriphIncvalue: DMA_PINC_DISABLE
2024-09-11 17:16:36,155 [INFO] Argument:335 - Argument : PeriphIncvalue: DMA_PINC_DISABLE
2024-09-11 17:16:36,155 [INFO] Argument:325 - Argument : MemIncvalue: DMA_MINC_ENABLE
2024-09-11 17:16:36,155 [INFO] Argument:335 - Argument : MemIncvalue: DMA_MINC_ENABLE
2024-09-11 17:16:36,155 [INFO] Argument:325 - Argument : PeriphDataAlignmentvalue: DMA_PDATAALIGN_WORD
2024-09-11 17:16:36,155 [INFO] Argument:335 - Argument : PeriphDataAlignmentvalue: DMA_PDATAALIGN_WORD
2024-09-11 17:16:36,155 [INFO] Argument:325 - Argument : MemDataAlignmentvalue: DMA_MDATAALIGN_WORD
2024-09-11 17:16:36,155 [INFO] Argument:335 - Argument : MemDataAlignmentvalue: DMA_MDATAALIGN_WORD
2024-09-11 17:16:36,155 [INFO] Argument:325 - Argument : Modevalue: DMA_CIRCULAR
2024-09-11 17:16:36,155 [INFO] Argument:335 - Argument : Modevalue: DMA_CIRCULAR
2024-09-11 17:16:36,155 [INFO] Argument:325 - Argument : Priorityvalue: DMA_PRIORITY_LOW
2024-09-11 17:16:36,155 [INFO] Argument:335 - Argument : Priorityvalue: DMA_PRIORITY_LOW
2024-09-11 17:16:36,155 [INFO] Argument:325 - Argument : FIFOModevalue: DMA_FIFOMODE_DISABLE
2024-09-11 17:16:36,155 [INFO] Argument:335 - Argument : FIFOModevalue: DMA_FIFOMODE_DISABLE
2024-09-11 17:16:36,155 [INFO] Argument:325 - Argument : FIFOThresholdvalue: null
2024-09-11 17:16:36,155 [INFO] Argument:335 - Argument : FIFOThresholdvalue: null
2024-09-11 17:16:36,155 [INFO] Argument:325 - Argument : MemBurstvalue: null
2024-09-11 17:16:36,155 [INFO] Argument:335 - Argument : MemBurstvalue: null
2024-09-11 17:16:36,155 [INFO] Argument:325 - Argument : PeriphBurstvalue: null
2024-09-11 17:16:36,155 [INFO] Argument:335 - Argument : PeriphBurstvalue: null
2024-09-11 17:16:36,155 [INFO] Argument:325 - Argument : Lockvalue: null
2024-09-11 17:16:36,155 [INFO] Argument:335 - Argument : Lockvalue: null
2024-09-11 17:16:36,155 [INFO] Argument:325 - Argument : Statevalue: null
2024-09-11 17:16:36,155 [INFO] Argument:335 - Argument : Statevalue: null
2024-09-11 17:16:36,155 [INFO] Argument:325 - Argument : Parentvalue: null
2024-09-11 17:16:36,155 [INFO] Argument:335 - Argument : Parentvalue: null
2024-09-11 17:16:36,155 [INFO] Argument:325 - Argument : XferCpltCallbackvalue: null
2024-09-11 17:16:36,155 [INFO] Argument:335 - Argument : XferCpltCallbackvalue: null
2024-09-11 17:16:36,155 [INFO] Argument:325 - Argument : XferHalfCpltCallbackvalue: null
2024-09-11 17:16:36,155 [INFO] Argument:335 - Argument : XferHalfCpltCallbackvalue: null
2024-09-11 17:16:36,155 [INFO] Argument:325 - Argument : XferM1CpltCallbackvalue: null
2024-09-11 17:16:36,155 [INFO] Argument:335 - Argument : XferM1CpltCallbackvalue: null
2024-09-11 17:16:36,155 [INFO] Argument:325 - Argument : XferErrorCallbackvalue: null
2024-09-11 17:16:36,155 [INFO] Argument:335 - Argument : XferErrorCallbackvalue: null
2024-09-11 17:16:36,155 [INFO] Argument:325 - Argument : ErrorCodevalue: null
2024-09-11 17:16:36,155 [INFO] Argument:335 - Argument : ErrorCodevalue: null
2024-09-11 17:16:36,418 [INFO] CodeEngine:255 - oldGeneratedFile, /Users/kitton/STM32CubeIDE/MAD_LAB/SpecialLab02/MXTmpFiles/license.tmp_save
2024-09-11 17:16:36,508 [INFO] CodeEngine:279 - Generated code: /Users/kitton/STM32CubeIDE/MAD_LAB/SpecialLab02/MXTmpFiles/license.tmp
2024-09-11 17:16:36,538 [INFO] CodeEngine:255 - oldGeneratedFile, /Users/kitton/STM32CubeIDE/MAD_LAB/SpecialLab02/Core/Src/gpio.c_save
2024-09-11 17:16:36,590 [INFO] CodeEngine:279 - Generated code: /Users/kitton/STM32CubeIDE/MAD_LAB/SpecialLab02/Core/Src/gpio.c
2024-09-11 17:16:36,592 [INFO] CodeEngine:255 - oldGeneratedFile, /Users/kitton/STM32CubeIDE/MAD_LAB/SpecialLab02/Core/Inc/gpio.h_save
2024-09-11 17:16:36,627 [INFO] CodeEngine:279 - Generated code: /Users/kitton/STM32CubeIDE/MAD_LAB/SpecialLab02/Core/Inc/gpio.h
2024-09-11 17:16:36,704 [INFO] CodeEngine:255 - oldGeneratedFile, /Users/kitton/STM32CubeIDE/MAD_LAB/SpecialLab02/Core/Src/adc.c_save
2024-09-11 17:16:36,772 [INFO] CodeEngine:279 - Generated code: /Users/kitton/STM32CubeIDE/MAD_LAB/SpecialLab02/Core/Src/adc.c
2024-09-11 17:16:36,773 [INFO] CodeEngine:255 - oldGeneratedFile, /Users/kitton/STM32CubeIDE/MAD_LAB/SpecialLab02/Core/Inc/adc.h_save
2024-09-11 17:16:36,809 [INFO] CodeEngine:279 - Generated code: /Users/kitton/STM32CubeIDE/MAD_LAB/SpecialLab02/Core/Inc/adc.h
2024-09-11 17:16:36,811 [INFO] CodeEngine:255 - oldGeneratedFile, /Users/kitton/STM32CubeIDE/MAD_LAB/SpecialLab02/MXTmpFiles/cortex.tmp_save
2024-09-11 17:16:36,846 [INFO] CodeEngine:279 - Generated code: /Users/kitton/STM32CubeIDE/MAD_LAB/SpecialLab02/MXTmpFiles/cortex.tmp
2024-09-11 17:16:36,854 [INFO] CodeEngine:255 - oldGeneratedFile, /Users/kitton/STM32CubeIDE/MAD_LAB/SpecialLab02/Core/Src/dma.c_save
2024-09-11 17:16:36,892 [INFO] CodeEngine:279 - Generated code: /Users/kitton/STM32CubeIDE/MAD_LAB/SpecialLab02/Core/Src/dma.c
2024-09-11 17:16:36,893 [INFO] CodeEngine:255 - oldGeneratedFile, /Users/kitton/STM32CubeIDE/MAD_LAB/SpecialLab02/Core/Inc/dma.h_save
2024-09-11 17:16:36,928 [INFO] CodeEngine:279 - Generated code: /Users/kitton/STM32CubeIDE/MAD_LAB/SpecialLab02/Core/Inc/dma.h
2024-09-11 17:16:36,931 [INFO] CodeEngine:255 - oldGeneratedFile, /Users/kitton/STM32CubeIDE/MAD_LAB/SpecialLab02/Core/Src/usart.c_save
2024-09-11 17:16:36,983 [INFO] CodeEngine:279 - Generated code: /Users/kitton/STM32CubeIDE/MAD_LAB/SpecialLab02/Core/Src/usart.c
2024-09-11 17:16:36,987 [INFO] CodeEngine:255 - oldGeneratedFile, /Users/kitton/STM32CubeIDE/MAD_LAB/SpecialLab02/Core/Inc/usart.h_save
2024-09-11 17:16:37,022 [INFO] CodeEngine:279 - Generated code: /Users/kitton/STM32CubeIDE/MAD_LAB/SpecialLab02/Core/Inc/usart.h
2024-09-11 17:16:37,028 [INFO] CodeEngine:255 - oldGeneratedFile, /Users/kitton/STM32CubeIDE/MAD_LAB/SpecialLab02/Core/Src/stm32f7xx_it.c_save
2024-09-11 17:16:37,121 [INFO] CodeEngine:279 - Generated code: /Users/kitton/STM32CubeIDE/MAD_LAB/SpecialLab02/Core/Src/stm32f7xx_it.c
2024-09-11 17:16:37,123 [INFO] CodeEngine:255 - oldGeneratedFile, /Users/kitton/STM32CubeIDE/MAD_LAB/SpecialLab02/Core/Inc/stm32f7xx_it.h_save
2024-09-11 17:16:37,166 [INFO] CodeEngine:279 - Generated code: /Users/kitton/STM32CubeIDE/MAD_LAB/SpecialLab02/Core/Inc/stm32f7xx_it.h
2024-09-11 17:16:37,174 [INFO] CodeEngine:255 - oldGeneratedFile, /Users/kitton/STM32CubeIDE/MAD_LAB/SpecialLab02/Core/Src/stm32f7xx_hal_msp.c_save
2024-09-11 17:16:37,226 [INFO] CodeEngine:279 - Generated code: /Users/kitton/STM32CubeIDE/MAD_LAB/SpecialLab02/Core/Src/stm32f7xx_hal_msp.c
2024-09-11 17:16:37,227 [INFO] CodeEngine:255 - oldGeneratedFile, /Users/kitton/STM32CubeIDE/MAD_LAB/SpecialLab02/MXTmpFiles/system.tmp_save
2024-09-11 17:16:37,268 [INFO] CodeEngine:279 - Generated code: /Users/kitton/STM32CubeIDE/MAD_LAB/SpecialLab02/MXTmpFiles/system.tmp
2024-09-11 17:16:37,272 [INFO] CodeEngine:311 - oldGeneratedFile, /Users/kitton/STM32CubeIDE/MAD_LAB/SpecialLab02/Core/Inc/stm32f7xx_hal_conf.h_save
2024-09-11 17:16:37,314 [INFO] CodeEngine:335 - Generated code: /Users/kitton/STM32CubeIDE/MAD_LAB/SpecialLab02/Core/Inc/stm32f7xx_hal_conf.h
2024-09-11 17:16:37,322 [INFO] CodeEngine:255 - oldGeneratedFile, /Users/kitton/STM32CubeIDE/MAD_LAB/SpecialLab02/Core/Inc/main.h_save
2024-09-11 17:16:37,376 [INFO] CodeEngine:279 - Generated code: /Users/kitton/STM32CubeIDE/MAD_LAB/SpecialLab02/Core/Inc/main.h
2024-09-11 17:16:37,377 [INFO] CodeEngine:255 - oldGeneratedFile, /Users/kitton/STM32CubeIDE/MAD_LAB/SpecialLab02/Core/Src/main.c_save
2024-09-11 17:16:37,433 [INFO] CodeEngine:279 - Generated code: /Users/kitton/STM32CubeIDE/MAD_LAB/SpecialLab02/Core/Src/main.c
2024-09-11 17:16:37,608 [INFO] ProjectBuilder:3249 - Time for Copy HAL[1] : 62mS.
2024-09-11 17:16:37,610 [INFO] ProjectBuilder:4828 - Project Generator version: 4.4.0-B60
2024-09-11 17:16:37,659 [INFO] ConfigFileManager:1531 - The Die is : DIE451
2024-09-11 17:16:38,309 [INFO] ProjectBuilder:5097 - Time for Generating toolchain IDE Files: 699mS.
2024-09-11 17:16:38,309 [INFO] ProjectBuilder:3107 - Time for Copy CMSIS : 0mS.
2024-09-11 17:16:38,309 [INFO] ProjectBuilder:3107 - Time for Copy CMSIS : 0mS.
2024-09-11 17:21:52,153 [INFO] UtilMem:75 - End SaveConfig() Used Memory: 590854240 Bytes (1073741824)
2024-09-11 17:21:52,271 [INFO] UtilMem:75 - End SaveConfig() Used Memory: 620740704 Bytes (1073741824)
2024-09-11 17:21:54,300 [INFO] UtilMem:75 - End SaveConfig() Used Memory: 681558112 Bytes (1073741824)
2024-09-11 17:21:54,396 [INFO] BlockDiagram:2766 - set Specific Code input for plugin: SYS
2024-09-11 17:21:54,396 [INFO] BlockDiagram:2766 - set Specific Code input for plugin: ADC
2024-09-11 17:21:54,396 [INFO] BlockDiagram:2766 - set Specific Code input for plugin: RCC
2024-09-11 17:21:54,396 [INFO] BlockDiagram:2766 - set Specific Code input for plugin: NVIC
2024-09-11 17:21:54,396 [INFO] BlockDiagram:2766 - set Specific Code input for plugin: USART
2024-09-11 17:21:54,396 [INFO] BlockDiagram:2766 - set Specific Code input for plugin: CORTEX_M7
2024-09-11 17:21:54,396 [INFO] BlockDiagram:2766 - set Specific Code input for plugin: DMA
2024-09-11 17:21:54,396 [INFO] BlockDiagram:2766 - set Specific Code input for plugin: GPIO
2024-09-11 17:21:54,397 [INFO] CodeGenerator:807 - code generatio: config db path: /Applications/STM32CubeIDE.app/Contents/Eclipse/plugins/com.st.stm32cube.common.mx_6.12.0.202406281431//db/
2024-09-11 17:21:54,409 [INFO] Argument:325 - Argument : hdmavalue: null
2024-09-11 17:21:54,409 [INFO] Argument:327 - 	 sub Args: 
2024-09-11 17:21:54,409 [INFO] Argument:325 - Argument : Instancevalue: DMA2_Stream0
2024-09-11 17:21:54,409 [INFO] Argument:335 - Argument : Instancevalue: DMA2_Stream0
2024-09-11 17:21:54,409 [INFO] Argument:325 - Argument : Initvalue: null
2024-09-11 17:21:54,409 [INFO] Argument:327 - 	 sub Args: 
2024-09-11 17:21:54,409 [INFO] Argument:325 - Argument : Channelvalue: DMA_CHANNEL_0
2024-09-11 17:21:54,409 [INFO] Argument:335 - Argument : Channelvalue: DMA_CHANNEL_0
2024-09-11 17:21:54,409 [INFO] Argument:325 - Argument : Directionvalue: DMA_PERIPH_TO_MEMORY
2024-09-11 17:21:54,409 [INFO] Argument:335 - Argument : Directionvalue: DMA_PERIPH_TO_MEMORY
2024-09-11 17:21:54,409 [INFO] Argument:325 - Argument : PeriphIncvalue: DMA_PINC_DISABLE
2024-09-11 17:21:54,409 [INFO] Argument:335 - Argument : PeriphIncvalue: DMA_PINC_DISABLE
2024-09-11 17:21:54,409 [INFO] Argument:325 - Argument : MemIncvalue: DMA_MINC_ENABLE
2024-09-11 17:21:54,409 [INFO] Argument:335 - Argument : MemIncvalue: DMA_MINC_ENABLE
2024-09-11 17:21:54,409 [INFO] Argument:325 - Argument : PeriphDataAlignmentvalue: DMA_PDATAALIGN_WORD
2024-09-11 17:21:54,409 [INFO] Argument:335 - Argument : PeriphDataAlignmentvalue: DMA_PDATAALIGN_WORD
2024-09-11 17:21:54,409 [INFO] Argument:325 - Argument : MemDataAlignmentvalue: DMA_MDATAALIGN_WORD
2024-09-11 17:21:54,409 [INFO] Argument:335 - Argument : MemDataAlignmentvalue: DMA_MDATAALIGN_WORD
2024-09-11 17:21:54,409 [INFO] Argument:325 - Argument : Modevalue: DMA_CIRCULAR
2024-09-11 17:21:54,409 [INFO] Argument:335 - Argument : Modevalue: DMA_CIRCULAR
2024-09-11 17:21:54,409 [INFO] Argument:325 - Argument : Priorityvalue: DMA_PRIORITY_LOW
2024-09-11 17:21:54,409 [INFO] Argument:335 - Argument : Priorityvalue: DMA_PRIORITY_LOW
2024-09-11 17:21:54,409 [INFO] Argument:325 - Argument : FIFOModevalue: DMA_FIFOMODE_DISABLE
2024-09-11 17:21:54,410 [INFO] Argument:335 - Argument : FIFOModevalue: DMA_FIFOMODE_DISABLE
2024-09-11 17:21:54,410 [INFO] Argument:325 - Argument : FIFOThresholdvalue: null
2024-09-11 17:21:54,410 [INFO] Argument:335 - Argument : FIFOThresholdvalue: null
2024-09-11 17:21:54,410 [INFO] Argument:325 - Argument : MemBurstvalue: null
2024-09-11 17:21:54,410 [INFO] Argument:335 - Argument : MemBurstvalue: null
2024-09-11 17:21:54,410 [INFO] Argument:325 - Argument : PeriphBurstvalue: null
2024-09-11 17:21:54,410 [INFO] Argument:335 - Argument : PeriphBurstvalue: null
2024-09-11 17:21:54,410 [INFO] Argument:325 - Argument : Lockvalue: null
2024-09-11 17:21:54,410 [INFO] Argument:335 - Argument : Lockvalue: null
2024-09-11 17:21:54,410 [INFO] Argument:325 - Argument : Statevalue: null
2024-09-11 17:21:54,410 [INFO] Argument:335 - Argument : Statevalue: null
2024-09-11 17:21:54,410 [INFO] Argument:325 - Argument : Parentvalue: null
2024-09-11 17:21:54,410 [INFO] Argument:335 - Argument : Parentvalue: null
2024-09-11 17:21:54,410 [INFO] Argument:325 - Argument : XferCpltCallbackvalue: null
2024-09-11 17:21:54,410 [INFO] Argument:335 - Argument : XferCpltCallbackvalue: null
2024-09-11 17:21:54,410 [INFO] Argument:325 - Argument : XferHalfCpltCallbackvalue: null
2024-09-11 17:21:54,410 [INFO] Argument:335 - Argument : XferHalfCpltCallbackvalue: null
2024-09-11 17:21:54,410 [INFO] Argument:325 - Argument : XferM1CpltCallbackvalue: null
2024-09-11 17:21:54,410 [INFO] Argument:335 - Argument : XferM1CpltCallbackvalue: null
2024-09-11 17:21:54,410 [INFO] Argument:325 - Argument : XferErrorCallbackvalue: null
2024-09-11 17:21:54,410 [INFO] Argument:335 - Argument : XferErrorCallbackvalue: null
2024-09-11 17:21:54,410 [INFO] Argument:325 - Argument : ErrorCodevalue: null
2024-09-11 17:21:54,410 [INFO] Argument:335 - Argument : ErrorCodevalue: null
2024-09-11 17:21:54,477 [INFO] CodeEngine:255 - oldGeneratedFile, /Users/kitton/STM32CubeIDE/MAD_LAB/SpecialLab02/MXTmpFiles/license.tmp_save
2024-09-11 17:21:54,534 [INFO] CodeEngine:279 - Generated code: /Users/kitton/STM32CubeIDE/MAD_LAB/SpecialLab02/MXTmpFiles/license.tmp
2024-09-11 17:21:54,547 [INFO] CodeEngine:255 - oldGeneratedFile, /Users/kitton/STM32CubeIDE/MAD_LAB/SpecialLab02/Core/Src/gpio.c_save
2024-09-11 17:21:54,594 [INFO] CodeEngine:279 - Generated code: /Users/kitton/STM32CubeIDE/MAD_LAB/SpecialLab02/Core/Src/gpio.c
2024-09-11 17:21:54,595 [INFO] CodeEngine:255 - oldGeneratedFile, /Users/kitton/STM32CubeIDE/MAD_LAB/SpecialLab02/Core/Inc/gpio.h_save
2024-09-11 17:21:54,632 [INFO] CodeEngine:279 - Generated code: /Users/kitton/STM32CubeIDE/MAD_LAB/SpecialLab02/Core/Inc/gpio.h
2024-09-11 17:21:54,724 [INFO] CodeEngine:255 - oldGeneratedFile, /Users/kitton/STM32CubeIDE/MAD_LAB/SpecialLab02/Core/Src/adc.c_save
2024-09-11 17:21:54,786 [INFO] CodeEngine:279 - Generated code: /Users/kitton/STM32CubeIDE/MAD_LAB/SpecialLab02/Core/Src/adc.c
2024-09-11 17:21:54,787 [INFO] CodeEngine:255 - oldGeneratedFile, /Users/kitton/STM32CubeIDE/MAD_LAB/SpecialLab02/Core/Inc/adc.h_save
2024-09-11 17:21:54,822 [INFO] CodeEngine:279 - Generated code: /Users/kitton/STM32CubeIDE/MAD_LAB/SpecialLab02/Core/Inc/adc.h
2024-09-11 17:21:54,824 [INFO] CodeEngine:255 - oldGeneratedFile, /Users/kitton/STM32CubeIDE/MAD_LAB/SpecialLab02/MXTmpFiles/cortex.tmp_save
2024-09-11 17:21:54,859 [INFO] CodeEngine:279 - Generated code: /Users/kitton/STM32CubeIDE/MAD_LAB/SpecialLab02/MXTmpFiles/cortex.tmp
2024-09-11 17:21:54,866 [INFO] CodeEngine:255 - oldGeneratedFile, /Users/kitton/STM32CubeIDE/MAD_LAB/SpecialLab02/Core/Src/dma.c_save
2024-09-11 17:21:54,903 [INFO] CodeEngine:279 - Generated code: /Users/kitton/STM32CubeIDE/MAD_LAB/SpecialLab02/Core/Src/dma.c
2024-09-11 17:21:54,904 [INFO] CodeEngine:255 - oldGeneratedFile, /Users/kitton/STM32CubeIDE/MAD_LAB/SpecialLab02/Core/Inc/dma.h_save
2024-09-11 17:21:54,939 [INFO] CodeEngine:279 - Generated code: /Users/kitton/STM32CubeIDE/MAD_LAB/SpecialLab02/Core/Inc/dma.h
2024-09-11 17:21:54,942 [INFO] CodeEngine:255 - oldGeneratedFile, /Users/kitton/STM32CubeIDE/MAD_LAB/SpecialLab02/Core/Src/usart.c_save
2024-09-11 17:21:54,994 [INFO] CodeEngine:279 - Generated code: /Users/kitton/STM32CubeIDE/MAD_LAB/SpecialLab02/Core/Src/usart.c
2024-09-11 17:21:54,999 [INFO] CodeEngine:255 - oldGeneratedFile, /Users/kitton/STM32CubeIDE/MAD_LAB/SpecialLab02/Core/Inc/usart.h_save
2024-09-11 17:21:55,039 [INFO] CodeEngine:279 - Generated code: /Users/kitton/STM32CubeIDE/MAD_LAB/SpecialLab02/Core/Inc/usart.h
2024-09-11 17:21:55,045 [INFO] CodeEngine:255 - oldGeneratedFile, /Users/kitton/STM32CubeIDE/MAD_LAB/SpecialLab02/Core/Src/stm32f7xx_it.c_save
2024-09-11 17:21:55,089 [INFO] CodeEngine:279 - Generated code: /Users/kitton/STM32CubeIDE/MAD_LAB/SpecialLab02/Core/Src/stm32f7xx_it.c
2024-09-11 17:21:55,090 [INFO] CodeEngine:255 - oldGeneratedFile, /Users/kitton/STM32CubeIDE/MAD_LAB/SpecialLab02/Core/Inc/stm32f7xx_it.h_save
2024-09-11 17:21:55,136 [INFO] CodeEngine:279 - Generated code: /Users/kitton/STM32CubeIDE/MAD_LAB/SpecialLab02/Core/Inc/stm32f7xx_it.h
2024-09-11 17:21:55,148 [INFO] CodeEngine:255 - oldGeneratedFile, /Users/kitton/STM32CubeIDE/MAD_LAB/SpecialLab02/Core/Src/stm32f7xx_hal_msp.c_save
2024-09-11 17:21:55,237 [INFO] CodeEngine:279 - Generated code: /Users/kitton/STM32CubeIDE/MAD_LAB/SpecialLab02/Core/Src/stm32f7xx_hal_msp.c
2024-09-11 17:21:55,244 [INFO] CodeEngine:255 - oldGeneratedFile, /Users/kitton/STM32CubeIDE/MAD_LAB/SpecialLab02/MXTmpFiles/system.tmp_save
2024-09-11 17:21:55,288 [INFO] CodeEngine:279 - Generated code: /Users/kitton/STM32CubeIDE/MAD_LAB/SpecialLab02/MXTmpFiles/system.tmp
2024-09-11 17:21:55,296 [INFO] CodeEngine:311 - oldGeneratedFile, /Users/kitton/STM32CubeIDE/MAD_LAB/SpecialLab02/Core/Inc/stm32f7xx_hal_conf.h_save
2024-09-11 17:21:55,349 [INFO] CodeEngine:335 - Generated code: /Users/kitton/STM32CubeIDE/MAD_LAB/SpecialLab02/Core/Inc/stm32f7xx_hal_conf.h
2024-09-11 17:21:55,370 [INFO] CodeEngine:255 - oldGeneratedFile, /Users/kitton/STM32CubeIDE/MAD_LAB/SpecialLab02/Core/Inc/main.h_save
2024-09-11 17:21:55,425 [INFO] CodeEngine:279 - Generated code: /Users/kitton/STM32CubeIDE/MAD_LAB/SpecialLab02/Core/Inc/main.h
2024-09-11 17:21:55,428 [INFO] CodeEngine:255 - oldGeneratedFile, /Users/kitton/STM32CubeIDE/MAD_LAB/SpecialLab02/Core/Src/main.c_save
2024-09-11 17:21:55,492 [INFO] CodeEngine:279 - Generated code: /Users/kitton/STM32CubeIDE/MAD_LAB/SpecialLab02/Core/Src/main.c
2024-09-11 17:21:55,804 [INFO] ProjectBuilder:3249 - Time for Copy HAL[1] : 47mS.
2024-09-11 17:21:55,811 [INFO] ProjectBuilder:4828 - Project Generator version: 4.4.0-B60
2024-09-11 17:21:55,889 [INFO] ConfigFileManager:1531 - The Die is : DIE451
2024-09-11 17:21:56,521 [INFO] ProjectBuilder:5097 - Time for Generating toolchain IDE Files: 710mS.
2024-09-11 17:21:56,521 [INFO] ProjectBuilder:3107 - Time for Copy CMSIS : 0mS.
2024-09-11 17:21:56,522 [INFO] ProjectBuilder:3107 - Time for Copy CMSIS : 0mS.
2024-09-11 17:25:54,183 [INFO] UtilMem:75 - End SaveConfig() Used Memory: 613815904 Bytes (1073741824)
2024-09-11 17:25:54,311 [INFO] UtilMem:75 - End SaveConfig() Used Memory: 644746848 Bytes (1073741824)
2024-09-11 17:25:56,213 [INFO] UtilMem:75 - End SaveConfig() Used Memory: 744361568 Bytes (1073741824)
2024-09-11 17:25:56,307 [INFO] BlockDiagram:2766 - set Specific Code input for plugin: SYS
2024-09-11 17:25:56,307 [INFO] BlockDiagram:2766 - set Specific Code input for plugin: ADC
2024-09-11 17:25:56,307 [INFO] BlockDiagram:2766 - set Specific Code input for plugin: RCC
2024-09-11 17:25:56,307 [INFO] BlockDiagram:2766 - set Specific Code input for plugin: NVIC
2024-09-11 17:25:56,307 [INFO] BlockDiagram:2766 - set Specific Code input for plugin: USART
2024-09-11 17:25:56,307 [INFO] BlockDiagram:2766 - set Specific Code input for plugin: CORTEX_M7
2024-09-11 17:25:56,307 [INFO] BlockDiagram:2766 - set Specific Code input for plugin: DMA
2024-09-11 17:25:56,307 [INFO] BlockDiagram:2766 - set Specific Code input for plugin: GPIO
2024-09-11 17:25:56,308 [INFO] CodeGenerator:807 - code generatio: config db path: /Applications/STM32CubeIDE.app/Contents/Eclipse/plugins/com.st.stm32cube.common.mx_6.12.0.202406281431//db/
2024-09-11 17:25:56,321 [INFO] Argument:325 - Argument : hdmavalue: null
2024-09-11 17:25:56,321 [INFO] Argument:327 - 	 sub Args: 
2024-09-11 17:25:56,321 [INFO] Argument:325 - Argument : Instancevalue: DMA2_Stream0
2024-09-11 17:25:56,321 [INFO] Argument:335 - Argument : Instancevalue: DMA2_Stream0
2024-09-11 17:25:56,321 [INFO] Argument:325 - Argument : Initvalue: null
2024-09-11 17:25:56,321 [INFO] Argument:327 - 	 sub Args: 
2024-09-11 17:25:56,321 [INFO] Argument:325 - Argument : Channelvalue: DMA_CHANNEL_0
2024-09-11 17:25:56,321 [INFO] Argument:335 - Argument : Channelvalue: DMA_CHANNEL_0
2024-09-11 17:25:56,321 [INFO] Argument:325 - Argument : Directionvalue: DMA_PERIPH_TO_MEMORY
2024-09-11 17:25:56,321 [INFO] Argument:335 - Argument : Directionvalue: DMA_PERIPH_TO_MEMORY
2024-09-11 17:25:56,321 [INFO] Argument:325 - Argument : PeriphIncvalue: DMA_PINC_DISABLE
2024-09-11 17:25:56,321 [INFO] Argument:335 - Argument : PeriphIncvalue: DMA_PINC_DISABLE
2024-09-11 17:25:56,321 [INFO] Argument:325 - Argument : MemIncvalue: DMA_MINC_ENABLE
2024-09-11 17:25:56,321 [INFO] Argument:335 - Argument : MemIncvalue: DMA_MINC_ENABLE
2024-09-11 17:25:56,321 [INFO] Argument:325 - Argument : PeriphDataAlignmentvalue: DMA_PDATAALIGN_WORD
2024-09-11 17:25:56,321 [INFO] Argument:335 - Argument : PeriphDataAlignmentvalue: DMA_PDATAALIGN_WORD
2024-09-11 17:25:56,321 [INFO] Argument:325 - Argument : MemDataAlignmentvalue: DMA_MDATAALIGN_WORD
2024-09-11 17:25:56,321 [INFO] Argument:335 - Argument : MemDataAlignmentvalue: DMA_MDATAALIGN_WORD
2024-09-11 17:25:56,321 [INFO] Argument:325 - Argument : Modevalue: DMA_CIRCULAR
2024-09-11 17:25:56,321 [INFO] Argument:335 - Argument : Modevalue: DMA_CIRCULAR
2024-09-11 17:25:56,321 [INFO] Argument:325 - Argument : Priorityvalue: DMA_PRIORITY_LOW
2024-09-11 17:25:56,321 [INFO] Argument:335 - Argument : Priorityvalue: DMA_PRIORITY_LOW
2024-09-11 17:25:56,321 [INFO] Argument:325 - Argument : FIFOModevalue: DMA_FIFOMODE_DISABLE
2024-09-11 17:25:56,321 [INFO] Argument:335 - Argument : FIFOModevalue: DMA_FIFOMODE_DISABLE
2024-09-11 17:25:56,321 [INFO] Argument:325 - Argument : FIFOThresholdvalue: null
2024-09-11 17:25:56,321 [INFO] Argument:335 - Argument : FIFOThresholdvalue: null
2024-09-11 17:25:56,321 [INFO] Argument:325 - Argument : MemBurstvalue: null
2024-09-11 17:25:56,321 [INFO] Argument:335 - Argument : MemBurstvalue: null
2024-09-11 17:25:56,321 [INFO] Argument:325 - Argument : PeriphBurstvalue: null
2024-09-11 17:25:56,321 [INFO] Argument:335 - Argument : PeriphBurstvalue: null
2024-09-11 17:25:56,321 [INFO] Argument:325 - Argument : Lockvalue: null
2024-09-11 17:25:56,321 [INFO] Argument:335 - Argument : Lockvalue: null
2024-09-11 17:25:56,321 [INFO] Argument:325 - Argument : Statevalue: null
2024-09-11 17:25:56,321 [INFO] Argument:335 - Argument : Statevalue: null
2024-09-11 17:25:56,321 [INFO] Argument:325 - Argument : Parentvalue: null
2024-09-11 17:25:56,321 [INFO] Argument:335 - Argument : Parentvalue: null
2024-09-11 17:25:56,321 [INFO] Argument:325 - Argument : XferCpltCallbackvalue: null
2024-09-11 17:25:56,321 [INFO] Argument:335 - Argument : XferCpltCallbackvalue: null
2024-09-11 17:25:56,321 [INFO] Argument:325 - Argument : XferHalfCpltCallbackvalue: null
2024-09-11 17:25:56,321 [INFO] Argument:335 - Argument : XferHalfCpltCallbackvalue: null
2024-09-11 17:25:56,321 [INFO] Argument:325 - Argument : XferM1CpltCallbackvalue: null
2024-09-11 17:25:56,321 [INFO] Argument:335 - Argument : XferM1CpltCallbackvalue: null
2024-09-11 17:25:56,321 [INFO] Argument:325 - Argument : XferErrorCallbackvalue: null
2024-09-11 17:25:56,321 [INFO] Argument:335 - Argument : XferErrorCallbackvalue: null
2024-09-11 17:25:56,321 [INFO] Argument:325 - Argument : ErrorCodevalue: null
2024-09-11 17:25:56,321 [INFO] Argument:335 - Argument : ErrorCodevalue: null
2024-09-11 17:25:56,414 [INFO] CodeEngine:255 - oldGeneratedFile, /Users/kitton/STM32CubeIDE/MAD_LAB/SpecialLab02/MXTmpFiles/license.tmp_save
2024-09-11 17:25:56,478 [INFO] CodeEngine:279 - Generated code: /Users/kitton/STM32CubeIDE/MAD_LAB/SpecialLab02/MXTmpFiles/license.tmp
2024-09-11 17:25:56,613 [INFO] CodeEngine:255 - oldGeneratedFile, /Users/kitton/STM32CubeIDE/MAD_LAB/SpecialLab02/Core/Src/gpio.c_save
2024-09-11 17:25:56,700 [INFO] CodeEngine:279 - Generated code: /Users/kitton/STM32CubeIDE/MAD_LAB/SpecialLab02/Core/Src/gpio.c
2024-09-11 17:25:56,708 [INFO] CodeEngine:255 - oldGeneratedFile, /Users/kitton/STM32CubeIDE/MAD_LAB/SpecialLab02/Core/Inc/gpio.h_save
2024-09-11 17:25:56,743 [INFO] CodeEngine:279 - Generated code: /Users/kitton/STM32CubeIDE/MAD_LAB/SpecialLab02/Core/Inc/gpio.h
2024-09-11 17:25:56,828 [INFO] CodeEngine:255 - oldGeneratedFile, /Users/kitton/STM32CubeIDE/MAD_LAB/SpecialLab02/Core/Src/adc.c_save
2024-09-11 17:25:56,887 [INFO] CodeEngine:279 - Generated code: /Users/kitton/STM32CubeIDE/MAD_LAB/SpecialLab02/Core/Src/adc.c
2024-09-11 17:25:56,888 [INFO] CodeEngine:255 - oldGeneratedFile, /Users/kitton/STM32CubeIDE/MAD_LAB/SpecialLab02/Core/Inc/adc.h_save
2024-09-11 17:25:56,927 [INFO] CodeEngine:279 - Generated code: /Users/kitton/STM32CubeIDE/MAD_LAB/SpecialLab02/Core/Inc/adc.h
2024-09-11 17:25:56,930 [INFO] CodeEngine:255 - oldGeneratedFile, /Users/kitton/STM32CubeIDE/MAD_LAB/SpecialLab02/MXTmpFiles/cortex.tmp_save
2024-09-11 17:25:56,964 [INFO] CodeEngine:279 - Generated code: /Users/kitton/STM32CubeIDE/MAD_LAB/SpecialLab02/MXTmpFiles/cortex.tmp
2024-09-11 17:25:56,973 [INFO] CodeEngine:255 - oldGeneratedFile, /Users/kitton/STM32CubeIDE/MAD_LAB/SpecialLab02/Core/Src/dma.c_save
2024-09-11 17:25:57,009 [INFO] CodeEngine:279 - Generated code: /Users/kitton/STM32CubeIDE/MAD_LAB/SpecialLab02/Core/Src/dma.c
2024-09-11 17:25:57,010 [INFO] CodeEngine:255 - oldGeneratedFile, /Users/kitton/STM32CubeIDE/MAD_LAB/SpecialLab02/Core/Inc/dma.h_save
2024-09-11 17:25:57,045 [INFO] CodeEngine:279 - Generated code: /Users/kitton/STM32CubeIDE/MAD_LAB/SpecialLab02/Core/Inc/dma.h
2024-09-11 17:25:57,048 [INFO] CodeEngine:255 - oldGeneratedFile, /Users/kitton/STM32CubeIDE/MAD_LAB/SpecialLab02/Core/Src/usart.c_save
2024-09-11 17:25:57,105 [INFO] CodeEngine:279 - Generated code: /Users/kitton/STM32CubeIDE/MAD_LAB/SpecialLab02/Core/Src/usart.c
2024-09-11 17:25:57,106 [INFO] CodeEngine:255 - oldGeneratedFile, /Users/kitton/STM32CubeIDE/MAD_LAB/SpecialLab02/Core/Inc/usart.h_save
2024-09-11 17:25:57,141 [INFO] CodeEngine:279 - Generated code: /Users/kitton/STM32CubeIDE/MAD_LAB/SpecialLab02/Core/Inc/usart.h
2024-09-11 17:25:57,147 [INFO] CodeEngine:255 - oldGeneratedFile, /Users/kitton/STM32CubeIDE/MAD_LAB/SpecialLab02/Core/Src/stm32f7xx_it.c_save
2024-09-11 17:25:57,186 [INFO] CodeEngine:279 - Generated code: /Users/kitton/STM32CubeIDE/MAD_LAB/SpecialLab02/Core/Src/stm32f7xx_it.c
2024-09-11 17:25:57,187 [INFO] CodeEngine:255 - oldGeneratedFile, /Users/kitton/STM32CubeIDE/MAD_LAB/SpecialLab02/Core/Inc/stm32f7xx_it.h_save
2024-09-11 17:25:57,221 [INFO] CodeEngine:279 - Generated code: /Users/kitton/STM32CubeIDE/MAD_LAB/SpecialLab02/Core/Inc/stm32f7xx_it.h
2024-09-11 17:25:57,227 [INFO] CodeEngine:255 - oldGeneratedFile, /Users/kitton/STM32CubeIDE/MAD_LAB/SpecialLab02/Core/Src/stm32f7xx_hal_msp.c_save
2024-09-11 17:25:57,280 [INFO] CodeEngine:279 - Generated code: /Users/kitton/STM32CubeIDE/MAD_LAB/SpecialLab02/Core/Src/stm32f7xx_hal_msp.c
2024-09-11 17:25:57,282 [INFO] CodeEngine:255 - oldGeneratedFile, /Users/kitton/STM32CubeIDE/MAD_LAB/SpecialLab02/MXTmpFiles/system.tmp_save
2024-09-11 17:25:57,316 [INFO] CodeEngine:279 - Generated code: /Users/kitton/STM32CubeIDE/MAD_LAB/SpecialLab02/MXTmpFiles/system.tmp
2024-09-11 17:25:57,319 [INFO] CodeEngine:311 - oldGeneratedFile, /Users/kitton/STM32CubeIDE/MAD_LAB/SpecialLab02/Core/Inc/stm32f7xx_hal_conf.h_save
2024-09-11 17:25:57,360 [INFO] CodeEngine:335 - Generated code: /Users/kitton/STM32CubeIDE/MAD_LAB/SpecialLab02/Core/Inc/stm32f7xx_hal_conf.h
2024-09-11 17:25:57,371 [INFO] CodeEngine:255 - oldGeneratedFile, /Users/kitton/STM32CubeIDE/MAD_LAB/SpecialLab02/Core/Inc/main.h_save
2024-09-11 17:25:57,410 [INFO] CodeEngine:279 - Generated code: /Users/kitton/STM32CubeIDE/MAD_LAB/SpecialLab02/Core/Inc/main.h
2024-09-11 17:25:57,412 [INFO] CodeEngine:255 - oldGeneratedFile, /Users/kitton/STM32CubeIDE/MAD_LAB/SpecialLab02/Core/Src/main.c_save
2024-09-11 17:25:57,482 [INFO] CodeEngine:279 - Generated code: /Users/kitton/STM32CubeIDE/MAD_LAB/SpecialLab02/Core/Src/main.c
2024-09-11 17:25:57,673 [INFO] ProjectBuilder:3249 - Time for Copy HAL[1] : 62mS.
2024-09-11 17:25:57,675 [INFO] ProjectBuilder:4828 - Project Generator version: 4.4.0-B60
2024-09-11 17:25:57,721 [INFO] ConfigFileManager:1531 - The Die is : DIE451
2024-09-11 17:25:58,317 [INFO] ProjectBuilder:5097 - Time for Generating toolchain IDE Files: 641mS.
2024-09-11 17:25:58,317 [INFO] ProjectBuilder:3107 - Time for Copy CMSIS : 0mS.
2024-09-11 17:25:58,318 [INFO] ProjectBuilder:3107 - Time for Copy CMSIS : 0mS.
2024-09-11 17:31:05,972 [INFO] UtilMem:75 - End SaveConfig() Used Memory: 764854016 Bytes (1073741824)
2024-09-11 17:31:06,098 [INFO] UtilMem:75 - End SaveConfig() Used Memory: 794214144 Bytes (1073741824)
2024-09-11 17:31:10,612 [INFO] UtilMem:75 - End SaveConfig() Used Memory: 453696224 Bytes (1073741824)
2024-09-11 17:31:10,754 [INFO] BlockDiagram:2766 - set Specific Code input for plugin: SYS
2024-09-11 17:31:10,754 [INFO] BlockDiagram:2766 - set Specific Code input for plugin: ADC
2024-09-11 17:31:10,755 [INFO] BlockDiagram:2766 - set Specific Code input for plugin: RCC
2024-09-11 17:31:10,755 [INFO] BlockDiagram:2766 - set Specific Code input for plugin: NVIC
2024-09-11 17:31:10,755 [INFO] BlockDiagram:2766 - set Specific Code input for plugin: USART
2024-09-11 17:31:10,755 [INFO] BlockDiagram:2766 - set Specific Code input for plugin: CORTEX_M7
2024-09-11 17:31:10,755 [INFO] BlockDiagram:2766 - set Specific Code input for plugin: DMA
2024-09-11 17:31:10,755 [INFO] BlockDiagram:2766 - set Specific Code input for plugin: GPIO
2024-09-11 17:31:10,756 [INFO] CodeGenerator:807 - code generatio: config db path: /Applications/STM32CubeIDE.app/Contents/Eclipse/plugins/com.st.stm32cube.common.mx_6.12.0.202406281431//db/
2024-09-11 17:31:10,770 [INFO] Argument:325 - Argument : hdmavalue: null
2024-09-11 17:31:10,771 [INFO] Argument:327 - 	 sub Args: 
2024-09-11 17:31:10,771 [INFO] Argument:325 - Argument : Instancevalue: DMA2_Stream0
2024-09-11 17:31:10,771 [INFO] Argument:335 - Argument : Instancevalue: DMA2_Stream0
2024-09-11 17:31:10,771 [INFO] Argument:325 - Argument : Initvalue: null
2024-09-11 17:31:10,771 [INFO] Argument:327 - 	 sub Args: 
2024-09-11 17:31:10,771 [INFO] Argument:325 - Argument : Channelvalue: DMA_CHANNEL_0
2024-09-11 17:31:10,771 [INFO] Argument:335 - Argument : Channelvalue: DMA_CHANNEL_0
2024-09-11 17:31:10,771 [INFO] Argument:325 - Argument : Directionvalue: DMA_PERIPH_TO_MEMORY
2024-09-11 17:31:10,771 [INFO] Argument:335 - Argument : Directionvalue: DMA_PERIPH_TO_MEMORY
2024-09-11 17:31:10,771 [INFO] Argument:325 - Argument : PeriphIncvalue: DMA_PINC_DISABLE
2024-09-11 17:31:10,771 [INFO] Argument:335 - Argument : PeriphIncvalue: DMA_PINC_DISABLE
2024-09-11 17:31:10,771 [INFO] Argument:325 - Argument : MemIncvalue: DMA_MINC_ENABLE
2024-09-11 17:31:10,771 [INFO] Argument:335 - Argument : MemIncvalue: DMA_MINC_ENABLE
2024-09-11 17:31:10,771 [INFO] Argument:325 - Argument : PeriphDataAlignmentvalue: DMA_PDATAALIGN_WORD
2024-09-11 17:31:10,771 [INFO] Argument:335 - Argument : PeriphDataAlignmentvalue: DMA_PDATAALIGN_WORD
2024-09-11 17:31:10,771 [INFO] Argument:325 - Argument : MemDataAlignmentvalue: DMA_MDATAALIGN_WORD
2024-09-11 17:31:10,771 [INFO] Argument:335 - Argument : MemDataAlignmentvalue: DMA_MDATAALIGN_WORD
2024-09-11 17:31:10,771 [INFO] Argument:325 - Argument : Modevalue: DMA_CIRCULAR
2024-09-11 17:31:10,771 [INFO] Argument:335 - Argument : Modevalue: DMA_CIRCULAR
2024-09-11 17:31:10,771 [INFO] Argument:325 - Argument : Priorityvalue: DMA_PRIORITY_LOW
2024-09-11 17:31:10,771 [INFO] Argument:335 - Argument : Priorityvalue: DMA_PRIORITY_LOW
2024-09-11 17:31:10,771 [INFO] Argument:325 - Argument : FIFOModevalue: DMA_FIFOMODE_DISABLE
2024-09-11 17:31:10,771 [INFO] Argument:335 - Argument : FIFOModevalue: DMA_FIFOMODE_DISABLE
2024-09-11 17:31:10,771 [INFO] Argument:325 - Argument : FIFOThresholdvalue: null
2024-09-11 17:31:10,771 [INFO] Argument:335 - Argument : FIFOThresholdvalue: null
2024-09-11 17:31:10,771 [INFO] Argument:325 - Argument : MemBurstvalue: null
2024-09-11 17:31:10,771 [INFO] Argument:335 - Argument : MemBurstvalue: null
2024-09-11 17:31:10,771 [INFO] Argument:325 - Argument : PeriphBurstvalue: null
2024-09-11 17:31:10,771 [INFO] Argument:335 - Argument : PeriphBurstvalue: null
2024-09-11 17:31:10,771 [INFO] Argument:325 - Argument : Lockvalue: null
2024-09-11 17:31:10,771 [INFO] Argument:335 - Argument : Lockvalue: null
2024-09-11 17:31:10,771 [INFO] Argument:325 - Argument : Statevalue: null
2024-09-11 17:31:10,771 [INFO] Argument:335 - Argument : Statevalue: null
2024-09-11 17:31:10,771 [INFO] Argument:325 - Argument : Parentvalue: null
2024-09-11 17:31:10,771 [INFO] Argument:335 - Argument : Parentvalue: null
2024-09-11 17:31:10,771 [INFO] Argument:325 - Argument : XferCpltCallbackvalue: null
2024-09-11 17:31:10,771 [INFO] Argument:335 - Argument : XferCpltCallbackvalue: null
2024-09-11 17:31:10,771 [INFO] Argument:325 - Argument : XferHalfCpltCallbackvalue: null
2024-09-11 17:31:10,771 [INFO] Argument:335 - Argument : XferHalfCpltCallbackvalue: null
2024-09-11 17:31:10,771 [INFO] Argument:325 - Argument : XferM1CpltCallbackvalue: null
2024-09-11 17:31:10,771 [INFO] Argument:335 - Argument : XferM1CpltCallbackvalue: null
2024-09-11 17:31:10,771 [INFO] Argument:325 - Argument : XferErrorCallbackvalue: null
2024-09-11 17:31:10,771 [INFO] Argument:335 - Argument : XferErrorCallbackvalue: null
2024-09-11 17:31:10,771 [INFO] Argument:325 - Argument : ErrorCodevalue: null
2024-09-11 17:31:10,771 [INFO] Argument:335 - Argument : ErrorCodevalue: null
2024-09-11 17:31:10,999 [INFO] CodeEngine:255 - oldGeneratedFile, /Users/kitton/STM32CubeIDE/MAD_LAB/SpecialLab02/MXTmpFiles/license.tmp_save
2024-09-11 17:31:11,082 [INFO] CodeEngine:279 - Generated code: /Users/kitton/STM32CubeIDE/MAD_LAB/SpecialLab02/MXTmpFiles/license.tmp
2024-09-11 17:31:11,104 [INFO] CodeEngine:255 - oldGeneratedFile, /Users/kitton/STM32CubeIDE/MAD_LAB/SpecialLab02/Core/Src/gpio.c_save
2024-09-11 17:31:11,156 [INFO] CodeEngine:279 - Generated code: /Users/kitton/STM32CubeIDE/MAD_LAB/SpecialLab02/Core/Src/gpio.c
2024-09-11 17:31:11,159 [INFO] CodeEngine:255 - oldGeneratedFile, /Users/kitton/STM32CubeIDE/MAD_LAB/SpecialLab02/Core/Inc/gpio.h_save
2024-09-11 17:31:11,196 [INFO] CodeEngine:279 - Generated code: /Users/kitton/STM32CubeIDE/MAD_LAB/SpecialLab02/Core/Inc/gpio.h
2024-09-11 17:31:11,282 [INFO] CodeEngine:255 - oldGeneratedFile, /Users/kitton/STM32CubeIDE/MAD_LAB/SpecialLab02/Core/Src/adc.c_save
2024-09-11 17:31:11,344 [INFO] CodeEngine:279 - Generated code: /Users/kitton/STM32CubeIDE/MAD_LAB/SpecialLab02/Core/Src/adc.c
2024-09-11 17:31:11,346 [INFO] CodeEngine:255 - oldGeneratedFile, /Users/kitton/STM32CubeIDE/MAD_LAB/SpecialLab02/Core/Inc/adc.h_save
2024-09-11 17:31:11,385 [INFO] CodeEngine:279 - Generated code: /Users/kitton/STM32CubeIDE/MAD_LAB/SpecialLab02/Core/Inc/adc.h
2024-09-11 17:31:11,387 [INFO] CodeEngine:255 - oldGeneratedFile, /Users/kitton/STM32CubeIDE/MAD_LAB/SpecialLab02/MXTmpFiles/cortex.tmp_save
2024-09-11 17:31:11,424 [INFO] CodeEngine:279 - Generated code: /Users/kitton/STM32CubeIDE/MAD_LAB/SpecialLab02/MXTmpFiles/cortex.tmp
2024-09-11 17:31:11,442 [INFO] CodeEngine:255 - oldGeneratedFile, /Users/kitton/STM32CubeIDE/MAD_LAB/SpecialLab02/Core/Src/dma.c_save
2024-09-11 17:31:11,478 [INFO] CodeEngine:279 - Generated code: /Users/kitton/STM32CubeIDE/MAD_LAB/SpecialLab02/Core/Src/dma.c
2024-09-11 17:31:11,480 [INFO] CodeEngine:255 - oldGeneratedFile, /Users/kitton/STM32CubeIDE/MAD_LAB/SpecialLab02/Core/Inc/dma.h_save
2024-09-11 17:31:11,514 [INFO] CodeEngine:279 - Generated code: /Users/kitton/STM32CubeIDE/MAD_LAB/SpecialLab02/Core/Inc/dma.h
2024-09-11 17:31:11,517 [INFO] CodeEngine:255 - oldGeneratedFile, /Users/kitton/STM32CubeIDE/MAD_LAB/SpecialLab02/Core/Src/usart.c_save
2024-09-11 17:31:11,574 [INFO] CodeEngine:279 - Generated code: /Users/kitton/STM32CubeIDE/MAD_LAB/SpecialLab02/Core/Src/usart.c
2024-09-11 17:31:11,575 [INFO] CodeEngine:255 - oldGeneratedFile, /Users/kitton/STM32CubeIDE/MAD_LAB/SpecialLab02/Core/Inc/usart.h_save
2024-09-11 17:31:11,612 [INFO] CodeEngine:279 - Generated code: /Users/kitton/STM32CubeIDE/MAD_LAB/SpecialLab02/Core/Inc/usart.h
2024-09-11 17:31:11,617 [INFO] CodeEngine:255 - oldGeneratedFile, /Users/kitton/STM32CubeIDE/MAD_LAB/SpecialLab02/Core/Src/stm32f7xx_it.c_save
2024-09-11 17:31:11,659 [INFO] CodeEngine:279 - Generated code: /Users/kitton/STM32CubeIDE/MAD_LAB/SpecialLab02/Core/Src/stm32f7xx_it.c
2024-09-11 17:31:11,660 [INFO] CodeEngine:255 - oldGeneratedFile, /Users/kitton/STM32CubeIDE/MAD_LAB/SpecialLab02/Core/Inc/stm32f7xx_it.h_save
2024-09-11 17:31:11,696 [INFO] CodeEngine:279 - Generated code: /Users/kitton/STM32CubeIDE/MAD_LAB/SpecialLab02/Core/Inc/stm32f7xx_it.h
2024-09-11 17:31:11,704 [INFO] CodeEngine:255 - oldGeneratedFile, /Users/kitton/STM32CubeIDE/MAD_LAB/SpecialLab02/Core/Src/stm32f7xx_hal_msp.c_save
2024-09-11 17:31:11,755 [INFO] CodeEngine:279 - Generated code: /Users/kitton/STM32CubeIDE/MAD_LAB/SpecialLab02/Core/Src/stm32f7xx_hal_msp.c
2024-09-11 17:31:11,759 [INFO] CodeEngine:255 - oldGeneratedFile, /Users/kitton/STM32CubeIDE/MAD_LAB/SpecialLab02/MXTmpFiles/system.tmp_save
2024-09-11 17:31:11,794 [INFO] CodeEngine:279 - Generated code: /Users/kitton/STM32CubeIDE/MAD_LAB/SpecialLab02/MXTmpFiles/system.tmp
2024-09-11 17:31:11,797 [INFO] CodeEngine:311 - oldGeneratedFile, /Users/kitton/STM32CubeIDE/MAD_LAB/SpecialLab02/Core/Inc/stm32f7xx_hal_conf.h_save
2024-09-11 17:31:11,845 [INFO] CodeEngine:335 - Generated code: /Users/kitton/STM32CubeIDE/MAD_LAB/SpecialLab02/Core/Inc/stm32f7xx_hal_conf.h
2024-09-11 17:31:11,853 [INFO] CodeEngine:255 - oldGeneratedFile, /Users/kitton/STM32CubeIDE/MAD_LAB/SpecialLab02/Core/Inc/main.h_save
2024-09-11 17:31:11,895 [INFO] CodeEngine:279 - Generated code: /Users/kitton/STM32CubeIDE/MAD_LAB/SpecialLab02/Core/Inc/main.h
2024-09-11 17:31:11,896 [INFO] CodeEngine:255 - oldGeneratedFile, /Users/kitton/STM32CubeIDE/MAD_LAB/SpecialLab02/Core/Src/main.c_save
2024-09-11 17:31:11,952 [INFO] CodeEngine:279 - Generated code: /Users/kitton/STM32CubeIDE/MAD_LAB/SpecialLab02/Core/Src/main.c
2024-09-11 17:31:12,123 [INFO] ProjectBuilder:3249 - Time for Copy HAL[1] : 58mS.
2024-09-11 17:31:12,125 [INFO] ProjectBuilder:4828 - Project Generator version: 4.4.0-B60
2024-09-11 17:31:12,172 [INFO] ConfigFileManager:1531 - The Die is : DIE451
2024-09-11 17:31:12,711 [INFO] ProjectBuilder:5097 - Time for Generating toolchain IDE Files: 586mS.
2024-09-11 17:31:12,711 [INFO] ProjectBuilder:3107 - Time for Copy CMSIS : 0mS.
2024-09-11 17:31:12,712 [INFO] ProjectBuilder:3107 - Time for Copy CMSIS : 0mS.
2024-09-11 18:41:19,228 [INFO] WebApp:189 - Connection lost
2024-09-11 18:41:23,869 [INFO] WebApp:186 - Connection restablished
2024-09-11 18:41:52,433 [INFO] WebApp:189 - Connection lost
2024-09-11 18:41:58,222 [INFO] WebApp:186 - Connection restablished
2024-09-11 18:42:33,859 [INFO] WebApp:189 - Connection lost
2024-09-11 18:42:39,314 [INFO] WebApp:186 - Connection restablished
2024-09-11 18:43:26,532 [INFO] WebApp:189 - Connection lost
2024-09-11 18:47:03,409 [INFO] WebApp:186 - Connection restablished
2024-09-11 18:47:48,556 [INFO] WebApp:189 - Connection lost
2024-09-11 18:48:00,175 [INFO] WebApp:186 - Connection restablished
2024-09-11 18:49:06,220 [INFO] WebApp:189 - Connection lost
2024-09-11 18:50:11,140 [INFO] WebApp:186 - Connection restablished
2024-09-11 18:50:47,106 [INFO] WebApp:189 - Connection lost
2024-09-11 18:58:37,240 [INFO] WebApp:186 - Connection restablished
2024-09-11 19:07:10,424 [ERROR] LogOutputStream:75 - [STDERR_REDIRECT] 
2024-09-11 20:23:06,070 [INFO] Activator:176 - 


2024-09-11 20:23:06,073 [INFO] Activator:177 - !SESSION log4j initialized
2024-09-11 20:23:09,560 [INFO] LogOutputStream:77 - [STDOUT_REDIRECT] 
2024-09-11 20:23:11,161 [ERROR] LogOutputStream:75 - [STDERR_REDIRECT] 
2024-09-11 20:23:13,125 [INFO] LogOutputStream:77 - [STDOUT_REDIRECT] 
2024-09-11 20:23:15,220 [ERROR] LogOutputStream:75 - [STDERR_REDIRECT] [Fatal Error] :2:10: DOCTYPE is disallowed when the feature "http://apache.org/xml/features/disallow-doctype-decl" set to true.
2024-09-11 20:23:15,223 [ERROR] LogOutputStream:75 - [STDERR_REDIRECT] 
2024-09-11 20:23:15,362 [INFO] ApplicationProperties:184 - Using Application install path: /Applications/STM32CubeIDE.app/Contents/Eclipse/plugins/com.st.stm32cube.common.mx_6.12.0.202406281431
2024-09-11 20:23:15,372 [INFO] DbMcusXml:78 - Set database path to: /Applications/STM32CubeIDE.app/Contents/Eclipse/plugins/com.st.stm32cube.common.mx_6.12.0.202406281431//db//mcu/
2024-09-11 20:23:15,372 [INFO] ApiDb:274 - Set plugin database path to: /Applications/STM32CubeIDE.app/Contents/Eclipse/plugins/com.st.stm32cube.common.mx_6.12.0.202406281431//db//plugins/boardmanager/
2024-09-11 20:23:15,373 [WARN] ApiDb:259 - Overriding images path with different value:  => /Applications/STM32CubeIDE.app/Contents/Eclipse/plugins/com.st.stm32cube.common.mx_6.12.0.202406281431//db//plugins/mcufinder/images/
2024-09-11 20:23:15,377 [INFO] ApiDb:250 - Set database path to: /Users/kitton/.stmcufinder/plugins/mcufinder//mcu/
2024-09-11 20:23:15,378 [INFO] DbMcusAds:125 - Set database path to: /Users/kitton/.stmcufinder/plugins/mcufinder//mcu/
2024-09-11 20:23:15,380 [INFO] CrossReferenceDbSqlite:203 - Set database path to: /Users/kitton/.stmcufinder/plugins/mcufinder//mcu/cs/
2024-09-11 20:23:15,539 [INFO] RulesReader:64 - Compatibility file has been processed (297 Rules)
2024-09-11 20:23:15,600 [INFO] DbMcusXml:78 - Set database path to: /Applications/STM32CubeIDE.app/Contents/Eclipse/plugins/com.st.stm32cube.common.mx_6.12.0.202406281431//db//mcu/
2024-09-11 20:23:15,600 [INFO] ApiDb:274 - Set plugin database path to: /Applications/STM32CubeIDE.app/Contents/Eclipse/plugins/com.st.stm32cube.common.mx_6.12.0.202406281431//db//plugins/boardmanager/
2024-09-11 20:23:15,602 [INFO] ApiDb:261 - Set plugin images path to: /Applications/STM32CubeIDE.app/Contents/Eclipse/plugins/com.st.stm32cube.common.mx_6.12.0.202406281431//db//plugins/mcufinder/images/
2024-09-11 20:23:15,603 [WARN] DbFile:41 - Overriding database path with different value: /Users/kitton/.stmcufinder/plugins/mcufinder/ => /Users/kitton/.stmcufinder/plugins/mcufinder
2024-09-11 20:23:15,603 [INFO] ApiDb:250 - Set database path to: /Users/kitton/.stmcufinder/plugins/mcufinder//mcu/
2024-09-11 20:23:15,603 [WARN] DbFile:41 - Overriding database path with different value: /Users/kitton/.stmcufinder/plugins/mcufinder/ => /Users/kitton/.stmcufinder/plugins/mcufinder
2024-09-11 20:23:15,603 [INFO] DbMcusAds:125 - Set database path to: /Users/kitton/.stmcufinder/plugins/mcufinder//mcu/
2024-09-11 20:23:15,603 [WARN] DbFile:41 - Overriding database path with different value: /Users/kitton/.stmcufinder/plugins/mcufinder/ => /Users/kitton/.stmcufinder/plugins/mcufinder
2024-09-11 20:23:15,603 [WARN] DbFile:41 - Overriding database path with different value: /Users/kitton/.stmcufinder/plugins/mcufinder/ => /Users/kitton/.stmcufinder/plugins/mcufinder
2024-09-11 20:23:15,603 [INFO] CrossReferenceDbSqlite:203 - Set database path to: /Users/kitton/.stmcufinder/plugins/mcufinder//mcu/cs/
2024-09-11 20:23:15,725 [INFO] MainPanel:268 - HeapMemory: 298844160
2024-09-11 20:23:16,210 [INFO] DbMcusXml:78 - Set database path to: /Applications/STM32CubeIDE.app/Contents/Eclipse/plugins/com.st.stm32cube.common.mx_6.12.0.202406281431//db//mcu/
2024-09-11 20:23:16,210 [INFO] ApiDb:274 - Set plugin database path to: /Applications/STM32CubeIDE.app/Contents/Eclipse/plugins/com.st.stm32cube.common.mx_6.12.0.202406281431//db//plugins/boardmanager/
2024-09-11 20:23:16,210 [INFO] ApiDb:261 - Set plugin images path to: /Applications/STM32CubeIDE.app/Contents/Eclipse/plugins/com.st.stm32cube.common.mx_6.12.0.202406281431//db//plugins/mcufinder/images/
2024-09-11 20:23:16,211 [WARN] DbFile:41 - Overriding database path with different value: /Users/kitton/.stmcufinder/plugins/mcufinder/ => /Users/kitton/.stmcufinder/plugins/mcufinder
2024-09-11 20:23:16,211 [INFO] ApiDb:250 - Set database path to: /Users/kitton/.stmcufinder/plugins/mcufinder//mcu/
2024-09-11 20:23:16,211 [WARN] DbFile:41 - Overriding database path with different value: /Users/kitton/.stmcufinder/plugins/mcufinder/ => /Users/kitton/.stmcufinder/plugins/mcufinder
2024-09-11 20:23:16,211 [INFO] DbMcusAds:125 - Set database path to: /Users/kitton/.stmcufinder/plugins/mcufinder//mcu/
2024-09-11 20:23:16,211 [WARN] DbFile:41 - Overriding database path with different value: /Users/kitton/.stmcufinder/plugins/mcufinder/ => /Users/kitton/.stmcufinder/plugins/mcufinder
2024-09-11 20:23:16,211 [WARN] DbFile:41 - Overriding database path with different value: /Users/kitton/.stmcufinder/plugins/mcufinder/ => /Users/kitton/.stmcufinder/plugins/mcufinder
2024-09-11 20:23:16,211 [INFO] CrossReferenceDbSqlite:203 - Set database path to: /Users/kitton/.stmcufinder/plugins/mcufinder//mcu/cs/
2024-09-11 20:23:16,225 [INFO] ApplicationProperties:184 - Using Application install path: /Applications/STM32CubeIDE.app/Contents/Eclipse/plugins/com.st.stm32cube.common.mx_6.12.0.202406281431
2024-09-11 20:23:16,226 [INFO] PluginManage:196 - Search for loadable plugins [exclusion list=, ]
2024-09-11 20:23:16,227 [INFO] PluginManage:310 - Check plugin analytics
2024-09-11 20:23:16,395 [INFO] AnalyticsPlugin:253 - Accepted Software Licenses: 
2024-09-11 20:23:16,395 [INFO] AnalyticsPlugin:255 - Accepted CMSIS Pack Licenses: 
2024-09-11 20:23:16,395 [INFO] AnalyticsPlugin:257 - Accepted Firmware Licenses: FW.F7.1.17.0
2024-09-11 20:23:16,403 [INFO] PluginManage:359 - Loaded plugin analytics (category:tool,tabindex:-1)
2024-09-11 20:23:16,405 [INFO] PluginManage:310 - Check plugin cadmodel
2024-09-11 20:23:16,416 [INFO] CADModel:105 - Init CAD model plugin
2024-09-11 20:23:16,416 [INFO] PluginManage:359 - Loaded plugin cadmodel (category:power,tabindex:5)
2024-09-11 20:23:16,416 [INFO] PluginManage:310 - Check plugin clock
2024-09-11 20:23:16,424 [INFO] PluginManage:359 - Loaded plugin clock (category:base,tabindex:2)
2024-09-11 20:23:16,424 [INFO] PluginManage:310 - Check plugin ddr
2024-09-11 20:23:16,426 [INFO] PluginManage:359 - Loaded plugin ddr (category:tool,tabindex:6)
2024-09-11 20:23:16,426 [INFO] PluginManage:310 - Check plugin filemanager
2024-09-11 20:23:16,532 [INFO] PluginManage:359 - Loaded plugin filemanager (category:base,tabindex:10)
2024-09-11 20:23:16,532 [INFO] PluginManage:310 - Check plugin ipmanager
2024-09-11 20:23:16,541 [INFO] PluginManage:359 - Loaded plugin ipmanager (category:base,tabindex:5)
2024-09-11 20:23:16,541 [INFO] PluginManage:310 - Check plugin lpbam
2024-09-11 20:23:16,554 [INFO] PluginManage:359 - Loaded plugin lpbam (category:base,tabindex:0)
2024-09-11 20:23:16,554 [INFO] PluginManage:310 - Check plugin memorymap
2024-09-11 20:23:16,561 [INFO] PluginManage:359 - Loaded plugin memorymap (category:base,tabindex:4)
2024-09-11 20:23:16,561 [INFO] PluginManage:310 - Check plugin pinoutandconfiguration
2024-09-11 20:23:16,565 [INFO] PluginManage:359 - Loaded plugin pinoutandconfiguration (category:base,tabindex:1)
2024-09-11 20:23:16,565 [INFO] PluginManage:310 - Check plugin pinoutconfig
2024-09-11 20:23:16,620 [WARN] SupportedApi:132 - Cannot load RTOS API schema: s4s-elt-must-match.1: The content of 'definitions' must match (annotation?, (simpleType | complexType)?, (unique | key | keyref)*)). A problem was found starting at: attribute.
2024-09-11 20:23:16,822 [INFO] PluginManage:359 - Loaded plugin pinoutconfig (category:base,tabindex:0)
2024-09-11 20:23:16,824 [INFO] PluginManage:310 - Check plugin power
2024-09-11 20:23:16,845 [INFO] PluginManage:359 - Loaded plugin power (category:power,tabindex:4)
2024-09-11 20:23:16,846 [INFO] PluginManage:310 - Check plugin projectmanager
2024-09-11 20:23:16,879 [INFO] PluginManage:359 - Loaded plugin projectmanager (category:projectmanager,tabindex:4)
2024-09-11 20:23:16,879 [INFO] PluginManage:310 - Check plugin rif
2024-09-11 20:23:16,884 [INFO] PluginManage:359 - Loaded plugin rif (category:base,tabindex:3)
2024-09-11 20:23:16,884 [INFO] PluginManage:310 - Check plugin thirdparty
2024-09-11 20:23:17,032 [INFO] PluginManage:359 - Loaded plugin thirdparty (category:base,tabindex:-1)
2024-09-11 20:23:17,033 [INFO] PluginManage:310 - Check plugin tools
2024-09-11 20:23:17,032 [WARN] IntegrityCheckThread:84 - waiting for thirdparty lock release [integrity check]
2024-09-11 20:23:17,033 [INFO] IntegrityCheckThread:86 - entering critical section [integrity check]
2024-09-11 20:23:17,035 [INFO] ThirdPartyUpdaterWithRetryManager:70 - Updater plugin not ready yet. [1/15]
2024-09-11 20:23:17,038 [INFO] PluginManage:359 - Loaded plugin tools (category:base,tabindex:7)
2024-09-11 20:23:17,038 [INFO] PluginManage:310 - Check plugin tutovideos
2024-09-11 20:23:17,166 [INFO] PluginManage:359 - Loaded plugin tutovideos (category:base,tabindex:-1)
2024-09-11 20:23:17,166 [INFO] PluginManage:310 - Check plugin updater
2024-09-11 20:23:17,196 [INFO] PluginManage:359 - Loaded plugin updater (category:base,tabindex:12)
2024-09-11 20:23:17,196 [INFO] PluginManage:310 - Check plugin userauth
2024-09-11 20:23:17,203 [INFO] UserAuth:113 - Init User Auth plugin
2024-09-11 20:23:17,203 [INFO] PluginManage:359 - Loaded plugin userauth (category:base,tabindex:14)
2024-09-11 20:23:17,203 [INFO] PluginManage:283 - PluginManage : Loaded plugins [18]
2024-09-11 20:23:17,755 [INFO] PinOutPanel:1561 - setPackage(No Configuration,No Configuration)
2024-09-11 20:23:17,838 [INFO] CADModel:165 - CPN selected for project level
2024-09-11 20:23:17,838 [INFO] CADModel:114 - Register for checkConnection events
2024-09-11 20:23:17,846 [INFO] IPUIPlugin:80 - create IPUIPlugin
2024-09-11 20:23:17,846 [INFO] PluginManager:220 - loadIPPluginJar : add mdma
2024-09-11 20:23:17,850 [INFO] IPUIPlugin:80 - create IPUIPlugin
2024-09-11 20:23:17,850 [INFO] PluginManager:220 - loadIPPluginJar : add freertos
2024-09-11 20:23:17,852 [INFO] IPUIPlugin:80 - create IPUIPlugin
2024-09-11 20:23:17,852 [INFO] PluginManager:220 - loadIPPluginJar : add gic
2024-09-11 20:23:17,857 [INFO] IPUIPlugin:80 - create IPUIPlugin
2024-09-11 20:23:17,857 [INFO] PluginManager:220 - loadIPPluginJar : add adc
2024-09-11 20:23:17,858 [INFO] IPUIPlugin:80 - create IPUIPlugin
2024-09-11 20:23:17,858 [INFO] PluginManager:220 - loadIPPluginJar : add gtzc
2024-09-11 20:23:17,859 [INFO] IPUIPlugin:80 - create IPUIPlugin
2024-09-11 20:23:17,859 [INFO] PluginManager:220 - loadIPPluginJar : add quadspi
2024-09-11 20:23:17,861 [INFO] IPUIPlugin:80 - create IPUIPlugin
2024-09-11 20:23:17,861 [INFO] PluginManager:220 - loadIPPluginJar : add aes
2024-09-11 20:23:17,863 [INFO] IPUIPlugin:80 - create IPUIPlugin
2024-09-11 20:23:17,863 [INFO] PluginManager:220 - loadIPPluginJar : add pdm2pcm
2024-09-11 20:23:17,863 [INFO] IPUIPlugin:80 - create IPUIPlugin
2024-09-11 20:23:17,863 [INFO] PluginManager:220 - loadIPPluginJar : add hash
2024-09-11 20:23:17,864 [INFO] IPUIPlugin:80 - create IPUIPlugin
2024-09-11 20:23:17,864 [INFO] PluginManager:220 - loadIPPluginJar : add tim
2024-09-11 20:23:17,865 [INFO] IPUIPlugin:80 - create IPUIPlugin
2024-09-11 20:23:17,865 [INFO] PluginManager:220 - loadIPPluginJar : add tsc
2024-09-11 20:23:17,866 [INFO] IPUIPlugin:80 - create IPUIPlugin
2024-09-11 20:23:17,866 [INFO] PluginManager:220 - loadIPPluginJar : add extmemmanager
2024-09-11 20:23:17,867 [INFO] IPUIPlugin:80 - create IPUIPlugin
2024-09-11 20:23:17,867 [INFO] PluginManager:220 - loadIPPluginJar : add ts
2024-09-11 20:23:17,867 [INFO] IPUIPlugin:80 - create IPUIPlugin
2024-09-11 20:23:17,868 [INFO] PluginManager:220 - loadIPPluginJar : add radio
2024-09-11 20:23:17,868 [INFO] IPUIPlugin:80 - create IPUIPlugin
2024-09-11 20:23:17,868 [INFO] PluginManager:220 - loadIPPluginJar : add can
2024-09-11 20:23:17,878 [INFO] IPUIPlugin:80 - create IPUIPlugin
2024-09-11 20:23:17,878 [INFO] PluginManager:220 - loadIPPluginJar : add dma3
2024-09-11 20:23:17,879 [INFO] IPUIPlugin:80 - create IPUIPlugin
2024-09-11 20:23:17,879 [INFO] PluginManager:220 - loadIPPluginJar : add dfsdm
2024-09-11 20:23:17,880 [INFO] IPUIPlugin:80 - create IPUIPlugin
2024-09-11 20:23:17,880 [INFO] PluginManager:220 - loadIPPluginJar : add spi
2024-09-11 20:23:17,881 [INFO] IPUIPlugin:80 - create IPUIPlugin
2024-09-11 20:23:17,881 [INFO] PluginManager:220 - loadIPPluginJar : add gfxmmu
2024-09-11 20:23:17,883 [INFO] IPUIPlugin:80 - create IPUIPlugin
2024-09-11 20:23:17,883 [INFO] PluginManager:220 - loadIPPluginJar : add genericplugin
2024-09-11 20:23:17,885 [INFO] IPUIPlugin:80 - create IPUIPlugin
2024-09-11 20:23:17,886 [INFO] PluginManager:220 - loadIPPluginJar : add cryp
2024-09-11 20:23:17,888 [INFO] IPUIPlugin:80 - create IPUIPlugin
2024-09-11 20:23:17,888 [INFO] PluginManager:220 - loadIPPluginJar : add gpio
2024-09-11 20:23:17,889 [INFO] IPUIPlugin:80 - create IPUIPlugin
2024-09-11 20:23:17,889 [INFO] PluginManager:220 - loadIPPluginJar : add ddr_ctrl_phy
2024-09-11 20:23:17,890 [INFO] IPUIPlugin:80 - create IPUIPlugin
2024-09-11 20:23:17,890 [INFO] PluginManager:220 - loadIPPluginJar : add comp
2024-09-11 20:23:17,891 [INFO] IPUIPlugin:80 - create IPUIPlugin
2024-09-11 20:23:17,891 [INFO] PluginManager:220 - loadIPPluginJar : add tracer_emb
2024-09-11 20:23:17,892 [INFO] IPUIPlugin:80 - create IPUIPlugin
2024-09-11 20:23:17,892 [INFO] PluginManager:220 - loadIPPluginJar : add openamp
2024-09-11 20:23:17,895 [INFO] IPUIPlugin:80 - create IPUIPlugin
2024-09-11 20:23:17,895 [INFO] PluginManager:220 - loadIPPluginJar : add stm32_wpan
2024-09-11 20:23:17,899 [INFO] IPUIPlugin:80 - create IPUIPlugin
2024-09-11 20:23:17,901 [INFO] PluginManager:220 - loadIPPluginJar : add plateformsettings
2024-09-11 20:23:17,902 [INFO] IPUIPlugin:80 - create IPUIPlugin
2024-09-11 20:23:17,902 [INFO] PluginManager:220 - loadIPPluginJar : add ipddr
2024-09-11 20:23:17,903 [INFO] IPUIPlugin:80 - create IPUIPlugin
2024-09-11 20:23:17,903 [INFO] PluginManager:220 - loadIPPluginJar : add usart
2024-09-11 20:23:17,903 [INFO] IPUIPlugin:80 - create IPUIPlugin
2024-09-11 20:23:17,903 [INFO] PluginManager:220 - loadIPPluginJar : add ltdc
2024-09-11 20:23:17,905 [INFO] IPUIPlugin:80 - create IPUIPlugin
2024-09-11 20:23:17,905 [INFO] PluginManager:220 - loadIPPluginJar : add nvic
2024-09-11 20:23:17,906 [INFO] IPUIPlugin:80 - create IPUIPlugin
2024-09-11 20:23:17,906 [INFO] PluginManager:220 - loadIPPluginJar : add fatfs
2024-09-11 20:23:17,909 [INFO] IPUIPlugin:80 - create IPUIPlugin
2024-09-11 20:23:17,909 [INFO] PluginManager:220 - loadIPPluginJar : add linkedlist
2024-09-11 20:23:17,911 [INFO] IPUIPlugin:80 - create IPUIPlugin
2024-09-11 20:23:17,911 [INFO] PluginManager:220 - loadIPPluginJar : add dma
2024-09-11 20:23:17,913 [INFO] IPUIPlugin:80 - create IPUIPlugin
2024-09-11 20:23:17,913 [INFO] PluginManager:220 - loadIPPluginJar : add fmc
2024-09-11 20:23:17,914 [INFO] IPUIPlugin:80 - create IPUIPlugin
2024-09-11 20:23:17,914 [INFO] PluginManager:220 - loadIPPluginJar : add i2s
2024-09-11 20:23:17,915 [INFO] IPUIPlugin:80 - create IPUIPlugin
2024-09-11 20:23:17,915 [INFO] PluginManager:220 - loadIPPluginJar : add ucpd
2024-09-11 20:23:17,916 [INFO] IPUIPlugin:80 - create IPUIPlugin
2024-09-11 20:23:17,916 [INFO] PluginManager:220 - loadIPPluginJar : add lorawan
2024-09-11 20:23:17,917 [INFO] IPUIPlugin:80 - create IPUIPlugin
2024-09-11 20:23:17,917 [INFO] PluginManager:220 - loadIPPluginJar : add opamp
2024-09-11 20:23:17,918 [INFO] IPUIPlugin:80 - create IPUIPlugin
2024-09-11 20:23:17,918 [INFO] PluginManager:220 - loadIPPluginJar : add i3c
2024-09-11 20:23:17,919 [INFO] IPUIPlugin:80 - create IPUIPlugin
2024-09-11 20:23:17,921 [INFO] PluginManager:220 - loadIPPluginJar : add touchsensing
2024-09-11 20:23:17,922 [INFO] IPUIPlugin:80 - create IPUIPlugin
2024-09-11 20:23:17,923 [INFO] PluginManager:220 - loadIPPluginJar : add i2c
2024-09-11 20:23:17,924 [INFO] IPUIPlugin:80 - create IPUIPlugin
2024-09-11 20:23:17,924 [INFO] PluginManager:220 - loadIPPluginJar : add resmgrutility
2024-09-11 20:23:17,925 [INFO] IPUIPlugin:80 - create IPUIPlugin
2024-09-11 20:23:17,925 [INFO] PluginManager:220 - loadIPPluginJar : add sai
2024-09-11 20:23:17,927 [INFO] IPUIPlugin:80 - create IPUIPlugin
2024-09-11 20:23:17,927 [INFO] PluginManager:220 - loadIPPluginJar : add usbx
2024-09-11 20:23:18,035 [INFO] CADModel:165 - CPN selected for project level
2024-09-11 20:23:18,035 [INFO] CADModel:114 - Register for checkConnection events
2024-09-11 20:23:18,035 [FATAL] Updater:334 - Updater called before beeing initialized
2024-09-11 20:23:18,035 [ERROR] CADModel:125 - Updater not yet initialized, retry later 
2024-09-11 20:23:18,200 [INFO] CADModel:165 - CPN selected for project level
2024-09-11 20:23:18,200 [INFO] CADModel:114 - Register for checkConnection events
2024-09-11 20:23:18,200 [FATAL] Updater:334 - Updater called before beeing initialized
2024-09-11 20:23:18,200 [ERROR] CADModel:125 - Updater not yet initialized, retry later 
2024-09-11 20:23:18,202 [FATAL] Updater:334 - Updater called before beeing initialized
2024-09-11 20:23:18,316 [FATAL] Updater:334 - Updater called before beeing initialized
2024-09-11 20:23:18,321 [INFO] DbMcusAds:53 - JSON generation date=Thu May 16 16:22:00 ICT 2024 (1715851320667)
2024-09-11 20:23:18,321 [FATAL] Updater:334 - Updater called before beeing initialized
2024-09-11 20:23:18,386 [WARN] DetailPanel:346 - Failed to get advertising image, set to default
2024-09-11 20:23:18,461 [FATAL] Updater:334 - Updater called before beeing initialized
2024-09-11 20:23:18,467 [FATAL] Updater:334 - Updater called before beeing initialized
2024-09-11 20:23:18,467 [FATAL] Updater:334 - Updater called before beeing initialized
2024-09-11 20:23:18,468 [WARN] DetailPanel:346 - Failed to get advertising image, set to default
2024-09-11 20:23:18,473 [FATAL] Updater:334 - Updater called before beeing initialized
2024-09-11 20:23:18,563 [ERROR] Updater:1164 - MainUpdater not yet initialized. External WinMGr cannot be set.
2024-09-11 20:23:18,572 [INFO] Updater:1100 - Updater Version found : 6.12.0
2024-09-11 20:23:18,585 [INFO] ApplicationProperties:184 - Using Application install path: /Applications/STM32CubeIDE.app/Contents/Eclipse/plugins/com.st.stm32cube.common.mx_6.12.0.202406281431
2024-09-11 20:23:20,041 [INFO] ThirdPartyUpdaterWithRetryManager:70 - Updater plugin not ready yet. [2/15]
2024-09-11 20:23:20,986 [WARN] CheckConnectionManager:291 - Warning during Server Connection :  timeout Read timed out
2024-09-11 20:23:21,128 [INFO] MainUpdater:2873 - connection check result : 10
2024-09-11 20:23:21,129 [INFO] MainUpdater:290 - Updater Check For Update Now.
2024-09-11 20:23:21,129 [INFO] MicroXplorer:498 - Change Database Version : DB.6.0.120
2024-09-11 20:23:21,134 [INFO] McuFinderGlobals:63 - Set McuFinder mode to 2 (CubeIDE integrated)
2024-09-11 20:23:21,137 [INFO] UserAuth:417 - Internet connection configuration mode: 1
2024-09-11 20:23:21,153 [INFO] JxBrowserEngine:152 - Initiate JxBrowser Engine with user profile folder
2024-09-11 20:23:21,367 [INFO] CheckServerUpdateThread:120 - End of CheckServer Thread
2024-09-11 20:23:22,379 [INFO] McuFinderGlobals:63 - Set McuFinder mode to 2 (CubeIDE integrated)
2024-09-11 20:23:22,384 [INFO] MainUpdater:2873 - connection check result : 10
2024-09-11 20:23:22,385 [INFO] MainUpdater:2873 - connection check result : 10
2024-09-11 20:23:22,813 [INFO] RulesReader:64 - Compatibility file has been processed (297 Rules)
2024-09-11 20:23:22,825 [INFO] RulesReader:64 - Compatibility file has been processed (297 Rules)
2024-09-11 20:23:22,828 [INFO] MicroXplorer:468 - Change Database Path : 
2024-09-11 20:23:22,828 [INFO] MicroXplorer:498 - Change Database Version : DB.6.0.120
2024-09-11 20:23:22,834 [WARN] ThirdParty:871 - waiting for thirdparty lock release [close project]
2024-09-11 20:23:23,177 [WARN] PackLoader:240 - Cannot read IP mode file for STMicroelectronics.FP-SNS-MOTENVWB1.1.4.0
2024-09-11 20:23:23,206 [WARN] PackLoader:240 - Cannot read IP mode file for STMicroelectronics.X-CUBE-SMBUS.2.1.0
2024-09-11 20:23:23,252 [WARN] PackLoader:240 - Cannot read IP mode file for STMicroelectronics.X-CUBE-AZRTOS-F7.1.1.0
2024-09-11 20:23:23,394 [WARN] PackLoader:240 - Cannot read IP mode file for STMicroelectronics.X-CUBE-MEMS1.11.0.0
2024-09-11 20:23:23,557 [WARN] PackLoader:240 - Cannot read IP mode file for STMicroelectronics.FP-SNS-FLIGHT1.5.0.2
2024-09-11 20:23:23,571 [WARN] PackLoader:240 - Cannot read IP mode file for STMicroelectronics.X-CUBE-DISPLAY.3.0.0
2024-09-11 20:23:23,585 [WARN] PackLoader:240 - Cannot read IP mode file for STMicroelectronics.X-CUBE-BLE1.7.0.0
2024-09-11 20:23:23,596 [WARN] PackLoader:240 - Cannot read IP mode file for emotas.I-CUBE-CANOPEN.1.3.0
2024-09-11 20:23:23,611 [WARN] PackLoader:240 - Cannot read IP mode file for STMicroelectronics.X-CUBE-BLEMGR.3.1.0
2024-09-11 20:23:23,620 [WARN] PackLoader:240 - Cannot read IP mode file for STMicroelectronics.FP-SNS-SMARTAG2.1.2.0
2024-09-11 20:23:23,630 [INFO] LogOutputStream:77 - [STDOUT_REDIRECT] 1 : Invalid condition id : UX_CORESTACK_Condition cause : null
2024-09-11 20:23:23,632 [INFO] LogOutputStream:77 - [STDOUT_REDIRECT] 1 : Invalid condition id : UX_CORESTACK_Condition cause : null
2024-09-11 20:23:23,632 [INFO] LogOutputStream:77 - [STDOUT_REDIRECT] 1 : Invalid condition id : UX_CORESTACK_Condition cause : null
2024-09-11 20:23:23,633 [INFO] LogOutputStream:77 - [STDOUT_REDIRECT] 1 : Invalid condition id : UX_CORESTACK_Condition cause : null
2024-09-11 20:23:23,633 [INFO] LogOutputStream:77 - [STDOUT_REDIRECT] 1 : Invalid condition id : UX_CORESTACK_Condition cause : null
2024-09-11 20:23:23,638 [WARN] PackLoader:240 - Cannot read IP mode file for STMicroelectronics.X-CUBE-AZRTOS-WL.2.0.0
2024-09-11 20:23:23,645 [WARN] PackLoader:240 - Cannot read IP mode file for STMicroelectronics.FP-SNS-MOTENV1.5.0.0
2024-09-11 20:23:23,648 [WARN] PackLoader:240 - Cannot read IP mode file for wolfSSL.I-CUBE-wolfMQTT.1.19.0
2024-09-11 20:23:23,655 [WARN] PackLoader:240 - Cannot read IP mode file for WES.I-CUBE-Cesium.1.3.0
2024-09-11 20:23:23,662 [WARN] PackLoader:240 - Cannot read IP mode file for STMicroelectronics.X-CUBE-BLE2.3.3.0
2024-09-11 20:23:23,668 [WARN] PackLoader:240 - Cannot read IP mode file for STMicroelectronics.X-CUBE-TCPP.4.1.0
2024-09-11 20:23:23,691 [WARN] PackLoader:240 - Cannot read IP mode file for STMicroelectronics.X-CUBE-AZRTOS-G0.1.1.0
2024-09-11 20:23:23,705 [WARN] PackLoader:240 - Cannot read IP mode file for STMicroelectronics.X-CUBE-SAFEA1.1.2.2
2024-09-11 20:23:23,711 [WARN] PackLoader:240 - Cannot read IP mode file for STMicroelectronics.X-CUBE-NFC4.3.0.0
2024-09-11 20:23:23,725 [WARN] PackLoader:240 - Cannot read IP mode file for EmbeddedOffice.I-CUBE-FS-RTOS.1.0.1
2024-09-11 20:23:23,726 [ERROR] ConditionMgr:805 - Attr not supported : Dmpu
2024-09-11 20:23:23,727 [ERROR] ConditionMgr:805 - Attr not supported : Dmpu
2024-09-11 20:23:23,727 [ERROR] ConditionMgr:805 - Attr not supported : Dmpu
2024-09-11 20:23:23,728 [ERROR] ConditionMgr:805 - Attr not supported : Dmpu
2024-09-11 20:23:23,728 [ERROR] ConditionMgr:805 - Attr not supported : Dmpu
2024-09-11 20:23:23,728 [ERROR] ConditionMgr:805 - Attr not supported : Dmpu
2024-09-11 20:23:23,728 [ERROR] ConditionMgr:805 - Attr not supported : Dmpu
2024-09-11 20:23:23,728 [ERROR] ConditionMgr:805 - Attr not supported : Dmpu
2024-09-11 20:23:23,728 [ERROR] ConditionMgr:805 - Attr not supported : Dmpu
2024-09-11 20:23:23,728 [ERROR] ConditionMgr:805 - Attr not supported : Dmpu
2024-09-11 20:23:23,728 [ERROR] ConditionMgr:805 - Attr not supported : Dmpu
2024-09-11 20:23:23,728 [ERROR] ConditionMgr:805 - Attr not supported : Dmpu
2024-09-11 20:23:23,728 [ERROR] ConditionMgr:805 - Attr not supported : Dmpu
2024-09-11 20:23:23,728 [ERROR] ConditionMgr:805 - Attr not supported : Dmpu
2024-09-11 20:23:23,728 [ERROR] ConditionMgr:805 - Attr not supported : Dmpu
2024-09-11 20:23:23,728 [ERROR] ConditionMgr:805 - Attr not supported : Dmpu
2024-09-11 20:23:23,729 [ERROR] ConditionMgr:805 - Attr not supported : Dmpu
2024-09-11 20:23:23,729 [ERROR] ConditionMgr:805 - Attr not supported : Dmpu
2024-09-11 20:23:23,729 [ERROR] ConditionMgr:805 - Attr not supported : Dmpu
2024-09-11 20:23:23,729 [ERROR] ConditionMgr:805 - Attr not supported : Dmpu
2024-09-11 20:23:23,729 [ERROR] ConditionMgr:805 - Attr not supported : Dmpu
2024-09-11 20:23:23,729 [ERROR] ConditionMgr:805 - Attr not supported : Dmpu
2024-09-11 20:23:23,729 [ERROR] ConditionMgr:805 - Attr not supported : Dmpu
2024-09-11 20:23:23,729 [ERROR] ConditionMgr:805 - Attr not supported : Dmpu
2024-09-11 20:23:23,729 [ERROR] ConditionMgr:805 - Attr not supported : Dmpu
2024-09-11 20:23:23,729 [ERROR] ConditionMgr:805 - Attr not supported : Dmpu
2024-09-11 20:23:23,729 [ERROR] ConditionMgr:805 - Attr not supported : Dmpu
2024-09-11 20:23:23,729 [ERROR] ConditionMgr:805 - Attr not supported : Dmpu
2024-09-11 20:23:23,729 [ERROR] ConditionMgr:805 - Attr not supported : Dmpu
2024-09-11 20:23:23,730 [ERROR] ConditionMgr:805 - Attr not supported : Dmpu
2024-09-11 20:23:23,730 [ERROR] ConditionMgr:805 - Attr not supported : Dmpu
2024-09-11 20:23:23,730 [ERROR] ConditionMgr:805 - Attr not supported : Dmpu
2024-09-11 20:23:23,730 [ERROR] ConditionMgr:805 - Attr not supported : Dmpu
2024-09-11 20:23:23,730 [ERROR] ConditionMgr:805 - Attr not supported : Dmpu
2024-09-11 20:23:23,730 [ERROR] ConditionMgr:805 - Attr not supported : Dmpu
2024-09-11 20:23:23,730 [ERROR] ConditionMgr:805 - Attr not supported : Dmpu
2024-09-11 20:23:23,732 [ERROR] ConditionMgr:805 - Attr not supported : Dmpu
2024-09-11 20:23:23,734 [ERROR] ConditionMgr:805 - Attr not supported : Dmpu
2024-09-11 20:23:23,734 [ERROR] ConditionMgr:805 - Attr not supported : Dmpu
2024-09-11 20:23:23,734 [ERROR] ConditionMgr:805 - Attr not supported : Dmpu
2024-09-11 20:23:23,734 [ERROR] ConditionMgr:805 - Attr not supported : Dmpu
2024-09-11 20:23:23,734 [ERROR] ConditionMgr:805 - Attr not supported : Dmpu
2024-09-11 20:23:23,735 [ERROR] ConditionMgr:805 - Attr not supported : Dmpu
2024-09-11 20:23:23,735 [ERROR] ConditionMgr:805 - Attr not supported : Dmpu
2024-09-11 20:23:23,735 [ERROR] ConditionMgr:805 - Attr not supported : Dmpu
2024-09-11 20:23:23,735 [ERROR] ConditionMgr:805 - Attr not supported : Dmpu
2024-09-11 20:23:23,735 [ERROR] ConditionMgr:805 - Attr not supported : Dmpu
2024-09-11 20:23:23,735 [ERROR] ConditionMgr:805 - Attr not supported : Dmpu
2024-09-11 20:23:23,735 [ERROR] ConditionMgr:805 - Attr not supported : Dmpu
2024-09-11 20:23:23,735 [ERROR] ConditionMgr:805 - Attr not supported : Dmpu
2024-09-11 20:23:23,735 [ERROR] ConditionMgr:805 - Attr not supported : Dmpu
2024-09-11 20:23:23,735 [ERROR] ConditionMgr:805 - Attr not supported : Dmpu
2024-09-11 20:23:23,735 [ERROR] ConditionMgr:805 - Attr not supported : Dmpu
2024-09-11 20:23:23,735 [ERROR] ConditionMgr:805 - Attr not supported : Dmpu
2024-09-11 20:23:23,735 [ERROR] ConditionMgr:805 - Attr not supported : Dmpu
2024-09-11 20:23:23,735 [ERROR] ConditionMgr:805 - Attr not supported : Dmpu
2024-09-11 20:23:23,735 [ERROR] ConditionMgr:805 - Attr not supported : Dmpu
2024-09-11 20:23:23,735 [ERROR] ConditionMgr:805 - Attr not supported : Dmpu
2024-09-11 20:23:23,735 [ERROR] ConditionMgr:805 - Attr not supported : Dmpu
2024-09-11 20:23:23,735 [ERROR] ConditionMgr:805 - Attr not supported : Dmpu
2024-09-11 20:23:23,735 [ERROR] ConditionMgr:805 - Attr not supported : Dmpu
2024-09-11 20:23:23,735 [ERROR] ConditionMgr:805 - Attr not supported : Dmpu
2024-09-11 20:23:23,735 [ERROR] ConditionMgr:805 - Attr not supported : Dmpu
2024-09-11 20:23:23,735 [ERROR] ConditionMgr:805 - Attr not supported : Dmpu
2024-09-11 20:23:23,744 [WARN] PackLoader:240 - Cannot read IP mode file for RealThread.X-CUBE-RT-Thread_Nano.4.1.1
2024-09-11 20:23:23,747 [WARN] PackLoader:240 - Cannot read IP mode file for STMicroelectronics.FP-ATR-SIGFOX1.3.2.0
2024-09-11 20:23:23,751 [WARN] PackLoader:240 - Cannot read IP mode file for wolfSSL.I-CUBE-wolfSSL.5.7.2
2024-09-11 20:23:23,755 [WARN] PackLoader:240 - Cannot read IP mode file for STMicroelectronics.X-CUBE-EEPRMA1.5.1.0
2024-09-11 20:23:23,759 [WARN] PackLoader:240 - Cannot read IP mode file for ITTIA_DB.I-CUBE-ITTIADB.8.9.0
2024-09-11 20:23:23,822 [WARN] PackLoader:240 - Cannot read IP mode file for SEGGER.I-CUBE-embOS.1.3.1
2024-09-11 20:23:23,959 [WARN] PackLoader:240 - Cannot read IP mode file for STMicroelectronics.X-CUBE-ALGOBUILD.1.4.0
2024-09-11 20:23:23,968 [WARN] PackLoader:240 - Cannot read IP mode file for STMicroelectronics.X-CUBE-GNSS1.6.0.0
2024-09-11 20:23:23,986 [WARN] PackLoader:240 - Cannot read IP mode file for STMicroelectronics.X-CUBE-AZRTOS-F4.1.1.0
2024-09-11 20:23:24,000 [WARN] PackLoader:240 - Cannot read IP mode file for STMicroelectronics.X-CUBE-FREERTOS.1.2.0
2024-09-11 20:23:24,020 [WARN] PackLoader:240 - Cannot read IP mode file for STMicroelectronics.X-CUBE-AZRTOS-L5.2.0.0
2024-09-11 20:23:24,031 [WARN] PackLoader:240 - Cannot read IP mode file for STMicroelectronics.X-CUBE-NFC6.3.1.0
2024-09-11 20:23:24,041 [WARN] PackLoader:240 - Cannot read IP mode file for STMicroelectronics.X-CUBE-AI.9.0.0
2024-09-11 20:23:24,045 [WARN] PackLoader:240 - Cannot read IP mode file for STMicroelectronics.X-CUBE-NFC7.1.0.1
2024-09-11 20:23:24,066 [WARN] ConditionMgr:438 - getConditionDescription Invalid condition id : LAN8742 Phy interface Condition cause : null
2024-09-11 20:23:24,067 [WARN] PackLoader:240 - Cannot read IP mode file for STMicroelectronics.X-CUBE-AZRTOS-L4.2.0.0
2024-09-11 20:23:24,070 [WARN] ConditionMgr:1039 - genDependencies : Invalid condition id : LAN8742 Phy interface Condition cause : null
2024-09-11 20:23:24,070 [WARN] ConditionMgr:1039 - genDependencies : Invalid condition id : LAN8742 Phy interface Condition cause : null
2024-09-11 20:23:24,071 [WARN] ConditionMgr:1039 - genDependencies : Invalid condition id : LAN8742 Phy interface Condition cause : null
2024-09-11 20:23:24,085 [WARN] PackLoader:240 - Cannot read IP mode file for STMicroelectronics.X-CUBE-SFXS2LP1.4.0.0
2024-09-11 20:23:24,107 [WARN] PackLoader:240 - Cannot read IP mode file for STMicroelectronics.X-CUBE-AZRTOS-H7.3.3.0
2024-09-11 20:23:24,121 [WARN] ConditionMgr:438 - getConditionDescription Invalid condition id : UX DEVICE CLASS RTOS Condition cause : null
2024-09-11 20:23:24,121 [WARN] ConditionMgr:438 - getConditionDescription Invalid condition id : UX DEVICE CLASS RTOS Condition cause : null
2024-09-11 20:23:24,131 [WARN] PackLoader:240 - Cannot read IP mode file for STMicroelectronics.X-CUBE-AZRTOS-WB.2.0.0
2024-09-11 20:23:24,132 [WARN] ConditionMgr:1039 - genDependencies : Invalid condition id : UX DEVICE CLASS RTOS Condition cause : null
2024-09-11 20:23:24,132 [WARN] ConditionMgr:1039 - genDependencies : Invalid condition id : UX DEVICE CLASS RTOS Condition cause : null
2024-09-11 20:23:24,133 [WARN] ConditionMgr:1039 - genDependencies : Invalid condition id : UX DEVICE CLASS RTOS Condition cause : null
2024-09-11 20:23:24,134 [WARN] ConditionMgr:1039 - genDependencies : Invalid condition id : UX DEVICE CLASS RTOS Condition cause : null
2024-09-11 20:23:24,134 [WARN] ConditionMgr:1039 - genDependencies : Invalid condition id : UX DEVICE CLASS RTOS Condition cause : null
2024-09-11 20:23:24,141 [WARN] PackLoader:240 - Cannot read IP mode file for STMicroelectronics.X-CUBE-GNSS1.7.0.0
2024-09-11 20:23:24,153 [WARN] PackLoader:240 - Cannot read IP mode file for STMicroelectronics.X-CUBE-SUBG2.5.0.0
2024-09-11 20:23:24,164 [WARN] PackLoader:240 - Cannot read IP mode file for Cesanta.I-CUBE-Mongoose.7.13.0
2024-09-11 20:23:24,181 [WARN] PackLoader:240 - Cannot read IP mode file for STMicroelectronics.X-CUBE-AZRTOS-G4.2.0.0
2024-09-11 20:23:24,191 [WARN] PackLoader:240 - Cannot read IP mode file for STMicroelectronics.X-CUBE-ISPU.2.0.0
2024-09-11 20:23:24,195 [WARN] PackLoader:240 - Cannot read IP mode file for STMicroelectronics.X-CUBE-ALS.1.0.2
2024-09-11 20:23:24,203 [WARN] PackLoader:240 - Cannot read IP mode file for STMicroelectronics.X-CUBE-TOUCHGFX.4.24.0
2024-09-11 20:23:24,206 [WARN] PackLoader:240 - Cannot read IP mode file for wolfSSL.I-CUBE-wolfTPM.3.4.0
2024-09-11 20:23:24,209 [WARN] PackLoader:240 - Cannot read IP mode file for portGmbH.I-Cube-SoM-uGOAL.1.1.0
2024-09-11 20:23:24,239 [WARN] PackLoader:240 - Cannot read IP mode file for STMicroelectronics.X-CUBE-AZRTOS-H7RS.1.0.0
2024-09-11 20:23:24,275 [WARN] PackLoader:240 - Cannot read IP mode file for STMicroelectronics.FP-ATR-ASTRA1.2.0.0
2024-09-11 20:23:24,296 [WARN] PackLoader:240 - Cannot read IP mode file for STMicroelectronics.X-CUBE-TOF1.3.4.2
2024-09-11 20:23:24,327 [WARN] PackLoader:240 - Cannot read IP mode file for Infineon.AIROC-Wi-Fi-Bluetooth-STM32.1.6.1
2024-09-11 20:23:24,342 [WARN] PackLoader:240 - Cannot read IP mode file for wolfSSL.I-CUBE-wolfSSH.1.4.17
2024-09-11 20:23:24,349 [INFO] ThirdParty:978 - Integrity check success = true
2024-09-11 20:23:24,349 [INFO] IntegrityCheckThread:100 - exiting critical section [integrity check]
2024-09-11 20:23:24,349 [INFO] IntegrityCheckThread:103 - End integrity checks thread
2024-09-11 20:23:24,349 [INFO] ThirdParty:873 - entering critical section [close project]
2024-09-11 20:23:24,353 [INFO] ThirdParty:883 - exiting critical section [close project]
2024-09-11 20:23:24,361 [INFO] PinOutPanel:1561 - setPackage(No Configuration,No Configuration)
2024-09-11 20:23:24,373 [INFO] UtilMem:75 - Begin LoadConfig() Used Memory: 190878552 Bytes (298844160)
2024-09-11 20:23:24,376 [INFO] MicroXplorer:468 - Change Database Path : 
2024-09-11 20:23:24,376 [INFO] MicroXplorer:498 - Change Database Version : DB.6.0.120
2024-09-11 20:23:24,376 [INFO] OpenFileManager:332 - Change cursor
2024-09-11 20:23:24,435 [INFO] Mcu:2032 - Initializing MCU STM32F767ZITx STM32F767ZITx STM32F767ZIT6
2024-09-11 20:23:25,554 [INFO] WebApp:167 - Instantiating new browser for Auth
2024-09-11 20:23:27,197 [INFO] Context:742 - Trying to add GPIOservice into a context  which must be forbidden
2024-09-11 20:23:27,333 [INFO] WebApp:448 - Apply proxy settings
2024-09-11 20:23:27,351 [INFO] WebApp:493 - Chromium authenticates against Manually configured proxy
2024-09-11 20:23:27,387 [INFO] WebApp:501 - Username used for proxy authentication: 
2024-09-11 20:23:27,461 [INFO] WebApp:869 - Register for checkConnection events
2024-09-11 20:23:27,461 [INFO] WebApp:448 - Apply proxy settings
2024-09-11 20:23:27,466 [INFO] WebApp:493 - Chromium authenticates against Manually configured proxy
2024-09-11 20:23:27,466 [INFO] WebApp:501 - Username used for proxy authentication: 
2024-09-11 20:23:27,737 [INFO] WebApp:220 - Starting web application
2024-09-11 20:23:27,740 [INFO] WebApp:578 - Web application path used /Applications/STM32CubeIDE.app/Contents/Eclipse/plugins/com.st.stm32cube.common.mx_6.12.0.202406281431/db/plugins/mcufinder/reactClient1/index.html
2024-09-11 20:23:28,247 [INFO] WebApp:186 - Connection restablished
2024-09-11 20:23:28,398 [INFO] UserAuth:417 - Internet connection configuration mode: 1
2024-09-11 20:23:28,958 [INFO] RtosManager:555 - Registered RTOS mode: class=CMSIS, group=RTOS, mode=CMSIS_V1, owner=FREERTOS
2024-09-11 20:23:28,960 [INFO] RtosManager:555 - Registered RTOS mode: class=CMSIS, group=RTOS2, mode=CMSIS_V2, owner=FREERTOS
2024-09-11 20:23:28,960 [INFO] RtosManager:555 - Registered RTOS mode: class=RTOS, group=Core, mode=CMSIS_V1, owner=FREERTOS
2024-09-11 20:23:28,960 [INFO] RtosManager:555 - Registered RTOS mode: class=RTOS, group=Core, mode=CMSIS_V2, owner=FREERTOS
2024-09-11 20:23:28,962 [WARN] ModelIntegratedComponent:184 - Missing modes for component STMicroelectronics:FreeRTOS:0.0.1:STMicroelectronics:RTOS:FreeRTOS:Core:::10.2.0:
2024-09-11 20:23:28,991 [WARN] ModelIntegratedComponent:63 - No mode defined for component null
2024-09-11 20:23:28,991 [WARN] ModelIntegratedComponent:63 - No mode defined for component null
2024-09-11 20:23:28,991 [WARN] ModelIntegratedComponent:63 - No mode defined for component null
2024-09-11 20:23:28,992 [WARN] ModelIntegratedComponent:63 - No mode defined for component null
2024-09-11 20:23:28,992 [WARN] ModelIntegratedComponent:63 - No mode defined for component null
2024-09-11 20:23:28,992 [WARN] ModelIntegratedComponent:63 - No mode defined for component null
2024-09-11 20:23:28,992 [WARN] ModelIntegratedComponent:63 - No mode defined for component null
2024-09-11 20:23:28,992 [WARN] ModelIntegratedComponent:63 - No mode defined for component null
2024-09-11 20:23:28,992 [WARN] ModelIntegratedComponent:63 - No mode defined for component null
2024-09-11 20:23:28,992 [WARN] ModelIntegratedComponent:63 - No mode defined for component null
2024-09-11 20:23:28,992 [WARN] ModelIntegratedComponent:63 - No mode defined for component null
2024-09-11 20:23:28,992 [WARN] ModelIntegratedComponent:63 - No mode defined for component null
2024-09-11 20:23:28,993 [WARN] ModelIntegratedComponent:63 - No mode defined for component null
2024-09-11 20:23:28,993 [WARN] ModelIntegratedComponent:63 - No mode defined for component null
2024-09-11 20:23:28,993 [WARN] ModelIntegratedComponent:63 - No mode defined for component null
2024-09-11 20:23:28,993 [WARN] ModelIntegratedComponent:63 - No mode defined for component null
2024-09-11 20:23:28,993 [WARN] ModelIntegratedComponent:63 - No mode defined for component null
2024-09-11 20:23:28,993 [WARN] ModelIntegratedComponent:63 - No mode defined for component null
2024-09-11 20:23:28,993 [WARN] ModelIntegratedComponent:63 - No mode defined for component null
2024-09-11 20:23:28,993 [WARN] ModelIntegratedComponent:63 - No mode defined for component null
2024-09-11 20:23:28,993 [WARN] ModelIntegratedComponent:63 - No mode defined for component null
2024-09-11 20:23:28,993 [WARN] ModelIntegratedComponent:63 - No mode defined for component null
2024-09-11 20:23:28,993 [WARN] ModelIntegratedComponent:63 - No mode defined for component null
2024-09-11 20:23:28,993 [WARN] ModelIntegratedComponent:63 - No mode defined for component null
2024-09-11 20:23:28,993 [WARN] ModelIntegratedComponent:63 - No mode defined for component null
2024-09-11 20:23:28,993 [WARN] ModelIntegratedComponent:63 - No mode defined for component null
2024-09-11 20:23:28,994 [WARN] ModelIntegratedComponent:63 - No mode defined for component null
2024-09-11 20:23:28,994 [WARN] ModelIntegratedComponent:63 - No mode defined for component null
2024-09-11 20:23:28,994 [WARN] ModelIntegratedComponent:63 - No mode defined for component null
2024-09-11 20:23:28,994 [WARN] ModelIntegratedComponent:63 - No mode defined for component null
2024-09-11 20:23:28,994 [WARN] ModelIntegratedComponent:63 - No mode defined for component null
2024-09-11 20:23:28,994 [WARN] ModelIntegratedComponent:63 - No mode defined for component null
2024-09-11 20:23:28,994 [WARN] ModelIntegratedComponent:63 - No mode defined for component null
2024-09-11 20:23:28,994 [WARN] ModelIntegratedComponent:63 - No mode defined for component null
2024-09-11 20:23:28,994 [WARN] ModelIntegratedComponent:63 - No mode defined for component null
2024-09-11 20:23:28,996 [WARN] ModelPack:524 - Component already loaded: STMicroelectronics:HAL Drivers:0.0.0:STMicroelectronics:Device:STMicro_Driver:XSPI:HAL::0.0.1:HAL_XSPI
2024-09-11 20:23:29,053 [INFO] ThirdPartyModel:298 - Start build external matchings
2024-09-11 20:23:29,238 [INFO] ThirdPartyModel:316 - End build external matchings
2024-09-11 20:23:29,298 [INFO] ImportTextPane:205 - (OptionalMessage_ERROR) IP (DMA) : Parameter (Instance) has Id (ADC1) currently not set
2024-09-11 20:23:29,299 [INFO] ImportTextPane:205 - (OptionalMessage_ERROR) IP (DMA) : Parameter (Channel) has Id (ADC1) currently not set
2024-09-11 20:23:29,299 [INFO] ImportTextPane:205 - (OptionalMessage_ERROR) IP (DMA) : Parameter (Direction) has Id (ADC1) currently not set
2024-09-11 20:23:29,299 [INFO] ImportTextPane:205 - (OptionalMessage_ERROR) IP (DMA) : Parameter (PeriphInc) has Id (ADC1) currently not set
2024-09-11 20:23:29,299 [INFO] ImportTextPane:205 - (OptionalMessage_ERROR) IP (DMA) : Parameter (MemInc) has Id (ADC1) currently not set
2024-09-11 20:23:29,299 [INFO] ImportTextPane:205 - (OptionalMessage_ERROR) IP (DMA) : Parameter (PeriphDataAlignment) has Id (ADC1) currently not set
2024-09-11 20:23:29,300 [INFO] ImportTextPane:205 - (OptionalMessage_ERROR) IP (DMA) : Parameter (MemDataAlignment) has Id (ADC1) currently not set
2024-09-11 20:23:29,300 [INFO] ImportTextPane:205 - (OptionalMessage_ERROR) IP (DMA) : Parameter (Mode) has Id (ADC1) currently not set
2024-09-11 20:23:29,300 [INFO] ImportTextPane:205 - (OptionalMessage_ERROR) IP (DMA) : Parameter (Priority) has Id (ADC1) currently not set
2024-09-11 20:23:29,300 [INFO] ImportTextPane:205 - (OptionalMessage_ERROR) IP (DMA) : Parameter (FIFOMode) has Id (ADC1) currently not set
2024-09-11 20:23:30,886 [INFO] ApiDb:581 - Connected to CubeFinder SQLite database (/Users/kitton/.stmcufinder/plugins/mcufinder/mcu/cube-finder-db.db)
2024-09-11 20:23:30,932 [INFO] ApiDb:668 - CubeFinder database Data Model version=2.1
2024-09-11 20:23:30,932 [INFO] ApiDb:669 - CubeFinder database Configuration version=3.0.39
2024-09-11 20:23:30,933 [INFO] ApiDb:670 - CubeFinder database generation date=2024-08-06 (1722941618)
2024-09-11 20:23:30,933 [INFO] ApiDb:671 - CubeFinder database FW Pack versions=[FP-ATR-ASTRA1_V2.0.0, FP-SNS-FLIGHT1_V5.0.2, FP-SNS-MOTENV1_V5.0.0, FP-SNS-MOTENVWB1_V1.4.0, FP-SNS-SMARTAG2_V1.2.0, FP-SNS-STBOX1_V2.0.0, STM32Cube_FW_C0_V1.2.0, STM32Cube_FW_F4_V1.28.0, STM32Cube_FW_F7_V1.17.2, STM32Cube_FW_G0_V1.6.2, STM32Cube_FW_G4_V1.6.0, STM32Cube_FW_H5_V1.3.0, STM32Cube_FW_H7RS_V1.1.0, STM32Cube_FW_H7_V1.11.2, STM32Cube_FW_L0_V1.12.2, STM32Cube_FW_L5_V1.5.1, STM32Cube_FW_U0_V1.1.0, STM32Cube_FW_U5_V1.6.0, STM32Cube_FW_WB0_V1.0.0, STM32Cube_FW_WBA_V1.4.1, STM32Cube_FW_WB_V1.20.0, STM32Cube_FW_WL_V1.3.0, X-CUBE-ALGOBUILD_V1.4.0, X-CUBE-ALS_V1.0.2, X-CUBE-AZRTOS-F4_V1.1.0, X-CUBE-AZRTOS-F7_V1.1.0, X-CUBE-AZRTOS-G0_V1.1.0, X-CUBE-AZRTOS-G4_V2.0.0, X-CUBE-AZRTOS-H7RS_V1.0.0, X-CUBE-AZRTOS-H7_V3.2.0, X-CUBE-AZRTOS-L4_V2.0.0, X-CUBE-AZRTOS-L5_V1.1.0, X-CUBE-AZRTOS-WB_V2.0.0, X-CUBE-AZRTOS-WL_V2.0.0, X-CUBE-BLE1_V7.0.0, X-CUBE-BLE2_V3.3.0, X-CUBE-BLEMGR_V3.1.0, X-CUBE-EEPRMA1_V5.1.0, X-CUBE-FREERTOS_V1.2.0, X-CUBE-GNSS1_V6.0.0, X-CUBE-MEMS1_V10.0.0, X-CUBE-NFC4_V3.0.0, X-CUBE-NFC7_V1.0.1, X-CUBE-SFXS2LP1_V4.0.0, X-CUBE-SUBG2_V5.0.0, X-CUBE-TOF1_V3.4.2]
2024-09-11 20:23:31,026 [INFO] DbBoardsSqlite:226 - include board P-NUCLEO-WB55-NUCLEO as a kit item of type 'Nucleo-64'
2024-09-11 20:23:31,028 [INFO] DbBoardsSqlite:226 - include board P-NUCLEO-WB55-USBDONGLE as a kit item of type 'Nucleo USB Dongle'
2024-09-11 20:23:31,029 [INFO] DbBoardsSqlite:226 - include board STEVAL-IDP005V1 as a kit item of type 'Evaluation Board'
2024-09-11 20:23:31,029 [INFO] DbBoardsSqlite:226 - include board STEVAL-IDP005V2 as a kit item of type 'Evaluation Board'
2024-09-11 20:23:31,116 [INFO] ApiDb:240 - Found 646 in-development CPN: [B-G473E-ZEST1S, B-WB1M-WPAN1, B-WL5M-SUBG1, NUCLEO-C031C6, NUCLEO-C071RB, NUCLEO-H503RB, NUCLEO-H533RE, NUCLEO-H563ZI, NUCLEO-H7S3L8, NUCLEO-U031R8, NUCLEO-U083RC, NUCLEO-U545RE-Q, NUCLEO-U5A5ZJ-Q, NUCLEO-WB05KZ, NUCLEO-WB07CC, NUCLEO-WB09KE, NUCLEO-WBA52CG, NUCLEO-WBA55CG, STEVAL-PROTEUS1, STEVAL-SMARTAG2, STEVAL-STWINBX1, STM320518-EVAL, STM32C0116-DK, STM32C011D6Y3TR, STM32C011D6Y6TR, STM32C011F4P3, STM32C011F4P6, STM32C011F4U3, STM32C011F4U6TR, STM32C011F6P3, STM32C011F6P6, STM32C011F6U3, STM32C011F6U6TR, STM32C011J4M3, STM32C011J4M6, STM32C011J6M3, STM32C011J6M6, STM32C0316-DK, STM32C031C4T3, STM32C031C4T6, STM32C031C4U3, STM32C031C4U6, STM32C031C6T3, STM32C031C6T6, STM32C031C6U3, STM32C031C6U6, STM32C031F4P3, STM32C031F4P6, STM32C031F6P3, STM32C031F6P6, STM32C031G4U3, STM32C031G4U6, STM32C031G6U3, STM32C031G6U6, STM32C031K4T3, STM32C031K4T6, STM32C031K4U3, STM32C031K4U6, STM32C031K6T3, STM32C031K6T6, STM32C031K6U3, STM32C031K6U6, STM32C071C8T6, STM32C071C8T6N, STM32C071C8U6, STM32C071C8U6N, STM32C071CBT6, STM32C071CBT6N, STM32C071CBU6, STM32C071CBU6N, STM32C071F8P6, STM32C071F8P6N, STM32C071FBP6, STM32C071FBP6N, STM32C071FBY6TR, STM32C071G8U6, STM32C071G8U6N, STM32C071GBU6, STM32C071GBU6N, STM32C071K8T6, STM32C071K8T6N, STM32C071K8U6, STM32C071K8U6N, STM32C071KBT6, STM32C071KBT6N, STM32C071KBU6, STM32C071KBU6N, STM32C071R8T6, STM32C071R8T6N, STM32C071RBI6N, STM32C071RBT6, STM32C071RBT6N, STM32G071K8TXN, STM32G071K8UXN, STM32G081GBU6N, STM32G081KBT6N, STM32G081KBUXN, STM32G0B1CCT6N, STM32G0B1KCT6, STM32G0B1NEY6TR, STM32G0B1RCT6N, STM32G0C1CCT6, STM32G0C1CCT6N, STM32G0C1CCU6N, STM32G0C1CET6N, STM32G0C1CEU6N, STM32G0C1KCT6, STM32G0C1NEY6TR, STM32G0C1RCI6N, STM32G0C1RCT6N, STM32G0C1REI6N, STM32G0C1RET6N, STM32G0C1VCI6, STM32G0C1VEI6, STM32G411C6T3, STM32G411C6T6, STM32G411C6U3, STM32G411C6U6, STM32G411C8T3, STM32G411C8T6, STM32G411C8U3, STM32G411C8U6, STM32G411CBT3, STM32G411CBT6, STM32G411CBU3, STM32G411CBU6, STM32G411K6T3, STM32G411K6T6, STM32G411K6U3, STM32G411K6U6, STM32G411K8T3, STM32G411K8T6, STM32G411K8U3, STM32G411K8U6, STM32G411KBT3, STM32G411KBT6, STM32G411KBU3, STM32G411KBU6, STM32G411M6T3, STM32G411M6T6, STM32G411M8T3, STM32G411M8T6, STM32G411MBT3, STM32G411MBT6, STM32G411R6T3, STM32G411R6T6, STM32G411R8T3, STM32G411R8T6, STM32G411RBT3, STM32G411RBT6, STM32G414CBT3, STM32G414CBT6, STM32G414CBU3, STM32G414CBU6, STM32G414CCT3, STM32G414CCT6, STM32G414CCU3, STM32G414CCU6, STM32G414MBT3, STM32G414MBT6, STM32G414MCT3, STM32G414MCT6, STM32G414RBT3, STM32G414RBT6, STM32G414RCT3, STM32G414RCT6, STM32G414VBT3, STM32G414VBT6, STM32G414VCT3, STM32G414VCT6, STM32G431CBT3Z, STM32G431RBT3Z, STM32G471CCT6, STM32G471CCU6, STM32G471CET3, STM32G471CET6, STM32G471CEU3, STM32G471CEU6, STM32G471MCT6, STM32G471MET3, STM32G471MET6, STM32G471MEY6TR, STM32G471QCT6, STM32G471QET3, STM32G471RCT6, STM32G471RET3, STM32G471RET6, STM32G471VCH6, STM32G471VCI6, STM32G471VCT6, STM32G471VEH3, STM32G471VEH6, STM32G471VEI3, STM32G471VEI6, STM32G471VET3, STM32G471VET6, STM32G473QET3Z, STM32G473RET3Z, STM32G474CCT6, STM32G491RET3Z, STM32H503CBT6, STM32H503CBU6, STM32H503EBY6TR, STM32H503KBU6, STM32H503RBT6, STM32H523CCT6, STM32H523CCU6, STM32H523CET6, STM32H523CEU6, STM32H523HEY6TR, STM32H523RCT6, STM32H523RET6, STM32H523VCI6, STM32H523VCT6, STM32H523VEI6, STM32H523VET6, STM32H523ZCJ6, STM32H523ZCT6, STM32H523ZEJ6, STM32H523ZET6, STM32H533CET6, STM32H533CEU6, STM32H533HEY6TR, STM32H533RET6, STM32H533VEI6, STM32H533VET6, STM32H533ZEJ6, STM32H533ZET6, STM32H562AGI6, STM32H562AII6, STM32H562IGK6, STM32H562IGT6, STM32H562IIK6, STM32H562IIT6, STM32H562RGT6, STM32H562RGV6, STM32H562RIT6, STM32H562RIV6, STM32H562VGT6, STM32H562VIT6, STM32H562ZGT6, STM32H562ZIT6, STM32H563AGI6, STM32H563AII3Q, STM32H563AII6, STM32H563IGK6, STM32H563IGT6, STM32H563IIK3Q, STM32H563IIK6, STM32H563IIT3Q, STM32H563IIT6, STM32H563MIY3QTR, STM32H563RGT6, STM32H563RGV6, STM32H563RIT6, STM32H563RIV6, STM32H563VGT6, STM32H563VIT3Q, STM32H563VIT6, STM32H563ZGT6, STM32H563ZIT3Q, STM32H563ZIT6, STM32H573AII3Q, STM32H573AII6, STM32H573I-DK, STM32H573IIK3Q, STM32H573IIK6, STM32H573IIT3Q, STM32H573IIT6, STM32H573MIY3QTR, STM32H573RIT6, STM32H573RIV6, STM32H573VIT3Q, STM32H573VIT6, STM32H573ZIT3Q, STM32H573ZIT6, STM32H7R3A8I6, STM32H7R3I8K6, STM32H7R3I8T6, STM32H7R3L8H6, STM32H7R3L8H6H, STM32H7R3R8V6, STM32H7R3V8H6, STM32H7R3V8T6, STM32H7R3V8Y6TR, STM32H7R3Z8J6, STM32H7R3Z8T6, STM32H7R7A8I6, STM32H7R7I8K6, STM32H7R7I8T6, STM32H7R7L8H6, STM32H7R7L8H6H, STM32H7R7Z8J6, STM32H7S3A8I6, STM32H7S3I8K6, STM32H7S3I8T6, STM32H7S3L8H6, STM32H7S3L8H6H, STM32H7S3R8V6, STM32H7S3V8H6, STM32H7S3V8T6, STM32H7S3V8Y6TR, STM32H7S3Z8J6, STM32H7S3Z8T6, STM32H7S78-DK, STM32H7S7A8I6, STM32H7S7I8K6, STM32H7S7I8T6, STM32H7S7L8H6, STM32H7S7L8H6H, STM32H7S7Z8J6, STM32L4R5QGI6STR, STM32MP131AAE3, STM32MP131AAF3, STM32MP131AAG3, STM32MP131CAE3, STM32MP131CAF3, STM32MP131CAG3, STM32MP131DAE7, STM32MP131DAF7, STM32MP131DAG7, STM32MP131FAE7, STM32MP131FAF7, STM32MP131FAG7, STM32MP133AAE3, STM32MP133AAF3, STM32MP133AAG3, STM32MP133CAE3, STM32MP133CAF3, STM32MP133CAG3, STM32MP133DAE7, STM32MP133DAF7, STM32MP133DAG7, STM32MP133FAE7, STM32MP133FAF7, STM32MP133FAG7, STM32MP135AAE3, STM32MP135AAF3, STM32MP135AAG3, STM32MP135CAE3, STM32MP135CAF3, STM32MP135CAG3, STM32MP135DAE7, STM32MP135DAF7, STM32MP135DAG7, STM32MP135F-DK, STM32MP135FAE7, STM32MP135FAF7, STM32MP135FAF7T, STM32MP135FAF7U, STM32MP135FAG7, STM32MP251AAI3, STM32MP251AAK3, STM32MP251AAL3, STM32MP251CAI3, STM32MP251CAK3, STM32MP251CAL3, STM32MP251DAI3, STM32MP251DAK3, STM32MP251DAL3, STM32MP251FAI3, STM32MP251FAK3, STM32MP251FAL3, STM32MP253AAI3, STM32MP253AAK3, STM32MP253AAL3, STM32MP253CAI3, STM32MP253CAK3, STM32MP253CAL3, STM32MP253DAI3, STM32MP253DAK3, STM32MP253DAL3, STM32MP253FAI3, STM32MP253FAK3, STM32MP253FAL3, STM32MP255AAI3, STM32MP255AAK3, STM32MP255AAL3, STM32MP255CAI3, STM32MP255CAK3, STM32MP255CAL3, STM32MP255DAI3, STM32MP255DAK3, STM32MP255DAL3, STM32MP255FAI3, STM32MP255FAK3, STM32MP255FAL3, STM32MP257AAI3, STM32MP257AAK3, STM32MP257AAL3, STM32MP257CAI3, STM32MP257CAK3, STM32MP257CAL3, STM32MP257DAI3, STM32MP257DAK3, STM32MP257DAL3, STM32MP257F-DK, STM32MP257F-EV1, STM32MP257FAI3, STM32MP257FAK3, STM32MP257FAL3, STM32U031C6T6, STM32U031C6U6, STM32U031C8T6, STM32U031C8U6, STM32U031F4P6, STM32U031F6P6, STM32U031F8P6, STM32U031G6Y6TR, STM32U031G8Y6TR, STM32U031K4U6, STM32U031K6U6, STM32U031K8U6, STM32U031R6I6, STM32U031R6T6, STM32U031R8I6, STM32U031R8T6, STM32U073C8T6, STM32U073C8U6, STM32U073CBT6, STM32U073CBU6, STM32U073CCT6, STM32U073CCU6, STM32U073H8Y6TR, STM32U073HBY6TR, STM32U073HCY6TR, STM32U073K8U6, STM32U073KBU6, STM32U073KCU6, STM32U073M8I6, STM32U073M8T6, STM32U073MBI6, STM32U073MBT6, STM32U073MCI6, STM32U073MCT6, STM32U073R8I6, STM32U073R8T6, STM32U073RBI6, STM32U073RBT6, STM32U073RCI6, STM32U073RCT6, STM32U083C-DK, STM32U083CCT6, STM32U083CCU6, STM32U083HCY6TR, STM32U083KCU6, STM32U083MCI6, STM32U083MCT6, STM32U083RCI6, STM32U083RCT6, STM32U535CBT6, STM32U535CBT6Q, STM32U535CBU6, STM32U535CBU6Q, STM32U535CCT6, STM32U535CCT6Q, STM32U535CCU6, STM32U535CCU6Q, STM32U535CET6, STM32U535CET6Q, STM32U535CEU6, STM32U535CEU6Q, STM32U535JEY6QTR, STM32U535NCY6QTR, STM32U535NEY6QTR, STM32U535RBI6, STM32U535RBI6Q, STM32U535RBT6, STM32U535RBT6Q, STM32U535RCI6, STM32U535RCI6Q, STM32U535RCT6, STM32U535RCT6Q, STM32U535REI6, STM32U535REI6Q, STM32U535RET6, STM32U535RET6Q, STM32U535VCI6, STM32U535VCI6Q, STM32U535VCT6, STM32U535VCT6Q, STM32U535VEI6, STM32U535VEI6Q, STM32U535VET6, STM32U535VET6Q, STM32U545CET6, STM32U545CET6Q, STM32U545CEU6, STM32U545CEU6Q, STM32U545JEY6QTR, STM32U545NEY6QTR, STM32U545REI6, STM32U545REI6Q, STM32U545RET6, STM32U545RET6Q, STM32U545VEI6, STM32U545VEI6Q, STM32U545VET6, STM32U545VET6Q, STM32U595AIH6, STM32U595AIH6Q, STM32U595AJH6, STM32U595AJH6Q, STM32U595QII6, STM32U595QII6Q, STM32U595QJI6, STM32U595QJI6Q, STM32U595RIT6, STM32U595RIT6Q, STM32U595RJT6, STM32U595RJT6Q, STM32U595VIT6, STM32U595VIT6Q, STM32U595VJT6, STM32U595VJT6Q, STM32U595ZIT6, STM32U595ZIT6Q, STM32U595ZIY6QTR, STM32U595ZJT6, STM32U595ZJT6Q, STM32U595ZJY6QTR, STM32U599BJY6QTR, STM32U599NIH6Q, STM32U599NJH6Q, STM32U599VIT6Q, STM32U599VJT6, STM32U599VJT6Q, STM32U599ZIT6Q, STM32U599ZIY6QTR, STM32U599ZJT6Q, STM32U599ZJY6QTR, STM32U5A5AJH6, STM32U5A5AJH6Q, STM32U5A5QII3Q , STM32U5A5QJI6, STM32U5A5QJI6Q, STM32U5A5RJT6, STM32U5A5RJT6Q, STM32U5A5VJT6, STM32U5A5VJT6Q, STM32U5A5ZJT6, STM32U5A5ZJT6Q, STM32U5A5ZJY6QTR, STM32U5A9BJY6QTR, STM32U5A9J-DK, STM32U5A9NJH6Q, STM32U5A9VJT6Q, STM32U5A9ZJT6Q, STM32U5A9ZJY6QTR, STM32U5F7VIT6, STM32U5F7VIT6Q, STM32U5F7VJT6, STM32U5F7VJT6Q, STM32U5F9BJY6QTR, STM32U5F9NJH6Q, STM32U5F9VIT6Q, STM32U5F9VJT6Q, STM32U5F9ZIJ6QTR, STM32U5F9ZIT6Q, STM32U5F9ZJJ6QTR, STM32U5F9ZJT6Q, STM32U5G7VJT6, STM32U5G7VJT6Q, STM32U5G9BJY6QTR, STM32U5G9J-DK1, STM32U5G9J-DK2, STM32U5G9NJH6Q, STM32U5G9VJT6Q, STM32U5G9ZJJ6QTR, STM32U5G9ZJT6Q, STM32WB05KZV6TR, STM32WB05KZV7TR, STM32WB05TZF6TR, STM32WB05TZF7TR, STM32WB06CCF6TR, STM32WB06CCF7TR, STM32WB06CCV6TR, STM32WB06CCV7TR, STM32WB06KCV6TR, STM32WB06KCV7TR, STM32WB07CCF6TR, STM32WB07CCF7TR, STM32WB07CCV6TR, STM32WB07CCV7TR, STM32WB07KCV6TR, STM32WB07KCV7TR, STM32WB09KEV6TR, STM32WB09KEV7TR, STM32WB09TEF6TR, STM32WB09TEF7TR, STM32WB1MMCH6, STM32WBA50KGU6, STM32WBA50KGU6TR, STM32WBA52CEU6, STM32WBA52CEU6TR, STM32WBA52CEU7, STM32WBA52CEU7TR, STM32WBA52CGU6, STM32WBA52CGU6TR, STM32WBA52CGU6U, STM32WBA52CGU7, STM32WBA52CGU7TR, STM32WBA52KEU6, STM32WBA52KEU6TR, STM32WBA52KGU6, STM32WBA52KGU6TR, STM32WBA54CEU6, STM32WBA54CEU6TR, STM32WBA54CEU7, STM32WBA54CEU7TR, STM32WBA54CGU6, STM32WBA54CGU6TR, STM32WBA54CGU7, STM32WBA54CGU7TR, STM32WBA54KEU6, STM32WBA54KEU6TR, STM32WBA54KEU7, STM32WBA54KEU7TR, STM32WBA54KGU6, STM32WBA54KGU6TR, STM32WBA54KGU7, STM32WBA54KGU7TR, STM32WBA55CEU6, STM32WBA55CEU6TR, STM32WBA55CEU7, STM32WBA55CEU7TR, STM32WBA55CGU6, STM32WBA55CGU6TR, STM32WBA55CGU6U, STM32WBA55CGU7, STM32WBA55CGU7TR, STM32WBA55G-DK1, STM32WBA55HEF6, STM32WBA55HEF7, STM32WBA55HGF6, STM32WBA55HGF7, STM32WBA55UEI6, STM32WBA55UEI6TR, STM32WBA55UEI7, STM32WBA55UEI7TR, STM32WBA55UGI6, STM32WBA55UGI6TR, STM32WBA55UGI7, STM32WBA55UGI7TR, STM32WL5MOCH6, STM32WL5MOCH6TR]
2024-09-11 20:23:31,196 [INFO] BoardInfo:889 - No configuration file found for board P-NUCLEO-WB55
2024-09-11 20:23:31,196 [INFO] DbBoards:161 - Kit is not supported: P-NUCLEO-WB55
2024-09-11 20:23:31,204 [INFO] BoardInfo:889 - No configuration file found for board STEVAL-BFA001V1B
2024-09-11 20:23:31,204 [INFO] DbBoards:161 - Kit is not supported: STEVAL-BFA001V1B
2024-09-11 20:23:31,205 [INFO] BoardInfo:889 - No configuration file found for board STEVAL-BFA001V2B
2024-09-11 20:23:31,205 [INFO] DbBoards:161 - Kit is not supported: STEVAL-BFA001V2B
2024-09-11 20:23:31,286 [INFO] DbBoards:168 - Found 201 boards, 198 are supported
2024-09-11 20:23:31,286 [INFO] DbBoards:169 - Found 201 boards, 25 of them is supported for  Bsp
2024-09-11 20:23:31,290 [INFO] ApiDb:668 - CubeFinder database Data Model version=2.1
2024-09-11 20:23:31,290 [INFO] ApiDb:669 - CubeFinder database Configuration version=3.0.39
2024-09-11 20:23:31,290 [INFO] ApiDb:670 - CubeFinder database generation date=2024-08-06 (1722941618)
2024-09-11 20:23:31,290 [INFO] ApiDb:671 - CubeFinder database FW Pack versions=[FP-ATR-ASTRA1_V2.0.0, FP-SNS-FLIGHT1_V5.0.2, FP-SNS-MOTENV1_V5.0.0, FP-SNS-MOTENVWB1_V1.4.0, FP-SNS-SMARTAG2_V1.2.0, FP-SNS-STBOX1_V2.0.0, STM32Cube_FW_C0_V1.2.0, STM32Cube_FW_F4_V1.28.0, STM32Cube_FW_F7_V1.17.2, STM32Cube_FW_G0_V1.6.2, STM32Cube_FW_G4_V1.6.0, STM32Cube_FW_H5_V1.3.0, STM32Cube_FW_H7RS_V1.1.0, STM32Cube_FW_H7_V1.11.2, STM32Cube_FW_L0_V1.12.2, STM32Cube_FW_L5_V1.5.1, STM32Cube_FW_U0_V1.1.0, STM32Cube_FW_U5_V1.6.0, STM32Cube_FW_WB0_V1.0.0, STM32Cube_FW_WBA_V1.4.1, STM32Cube_FW_WB_V1.20.0, STM32Cube_FW_WL_V1.3.0, X-CUBE-ALGOBUILD_V1.4.0, X-CUBE-ALS_V1.0.2, X-CUBE-AZRTOS-F4_V1.1.0, X-CUBE-AZRTOS-F7_V1.1.0, X-CUBE-AZRTOS-G0_V1.1.0, X-CUBE-AZRTOS-G4_V2.0.0, X-CUBE-AZRTOS-H7RS_V1.0.0, X-CUBE-AZRTOS-H7_V3.2.0, X-CUBE-AZRTOS-L4_V2.0.0, X-CUBE-AZRTOS-L5_V1.1.0, X-CUBE-AZRTOS-WB_V2.0.0, X-CUBE-AZRTOS-WL_V2.0.0, X-CUBE-BLE1_V7.0.0, X-CUBE-BLE2_V3.3.0, X-CUBE-BLEMGR_V3.1.0, X-CUBE-EEPRMA1_V5.1.0, X-CUBE-FREERTOS_V1.2.0, X-CUBE-GNSS1_V6.0.0, X-CUBE-MEMS1_V10.0.0, X-CUBE-NFC4_V3.0.0, X-CUBE-NFC7_V1.0.1, X-CUBE-SFXS2LP1_V4.0.0, X-CUBE-SUBG2_V5.0.0, X-CUBE-TOF1_V3.4.2]
2024-09-11 20:23:32,361 [INFO] ApiDb:240 - Found 646 in-development CPN: [B-G473E-ZEST1S, B-WB1M-WPAN1, B-WL5M-SUBG1, NUCLEO-C031C6, NUCLEO-C071RB, NUCLEO-H503RB, NUCLEO-H533RE, NUCLEO-H563ZI, NUCLEO-H7S3L8, NUCLEO-U031R8, NUCLEO-U083RC, NUCLEO-U545RE-Q, NUCLEO-U5A5ZJ-Q, NUCLEO-WB05KZ, NUCLEO-WB07CC, NUCLEO-WB09KE, NUCLEO-WBA52CG, NUCLEO-WBA55CG, STEVAL-PROTEUS1, STEVAL-SMARTAG2, STEVAL-STWINBX1, STM320518-EVAL, STM32C0116-DK, STM32C011D6Y3TR, STM32C011D6Y6TR, STM32C011F4P3, STM32C011F4P6, STM32C011F4U3, STM32C011F4U6TR, STM32C011F6P3, STM32C011F6P6, STM32C011F6U3, STM32C011F6U6TR, STM32C011J4M3, STM32C011J4M6, STM32C011J6M3, STM32C011J6M6, STM32C0316-DK, STM32C031C4T3, STM32C031C4T6, STM32C031C4U3, STM32C031C4U6, STM32C031C6T3, STM32C031C6T6, STM32C031C6U3, STM32C031C6U6, STM32C031F4P3, STM32C031F4P6, STM32C031F6P3, STM32C031F6P6, STM32C031G4U3, STM32C031G4U6, STM32C031G6U3, STM32C031G6U6, STM32C031K4T3, STM32C031K4T6, STM32C031K4U3, STM32C031K4U6, STM32C031K6T3, STM32C031K6T6, STM32C031K6U3, STM32C031K6U6, STM32C071C8T6, STM32C071C8T6N, STM32C071C8U6, STM32C071C8U6N, STM32C071CBT6, STM32C071CBT6N, STM32C071CBU6, STM32C071CBU6N, STM32C071F8P6, STM32C071F8P6N, STM32C071FBP6, STM32C071FBP6N, STM32C071FBY6TR, STM32C071G8U6, STM32C071G8U6N, STM32C071GBU6, STM32C071GBU6N, STM32C071K8T6, STM32C071K8T6N, STM32C071K8U6, STM32C071K8U6N, STM32C071KBT6, STM32C071KBT6N, STM32C071KBU6, STM32C071KBU6N, STM32C071R8T6, STM32C071R8T6N, STM32C071RBI6N, STM32C071RBT6, STM32C071RBT6N, STM32G071K8TXN, STM32G071K8UXN, STM32G081GBU6N, STM32G081KBT6N, STM32G081KBUXN, STM32G0B1CCT6N, STM32G0B1KCT6, STM32G0B1NEY6TR, STM32G0B1RCT6N, STM32G0C1CCT6, STM32G0C1CCT6N, STM32G0C1CCU6N, STM32G0C1CET6N, STM32G0C1CEU6N, STM32G0C1KCT6, STM32G0C1NEY6TR, STM32G0C1RCI6N, STM32G0C1RCT6N, STM32G0C1REI6N, STM32G0C1RET6N, STM32G0C1VCI6, STM32G0C1VEI6, STM32G411C6T3, STM32G411C6T6, STM32G411C6U3, STM32G411C6U6, STM32G411C8T3, STM32G411C8T6, STM32G411C8U3, STM32G411C8U6, STM32G411CBT3, STM32G411CBT6, STM32G411CBU3, STM32G411CBU6, STM32G411K6T3, STM32G411K6T6, STM32G411K6U3, STM32G411K6U6, STM32G411K8T3, STM32G411K8T6, STM32G411K8U3, STM32G411K8U6, STM32G411KBT3, STM32G411KBT6, STM32G411KBU3, STM32G411KBU6, STM32G411M6T3, STM32G411M6T6, STM32G411M8T3, STM32G411M8T6, STM32G411MBT3, STM32G411MBT6, STM32G411R6T3, STM32G411R6T6, STM32G411R8T3, STM32G411R8T6, STM32G411RBT3, STM32G411RBT6, STM32G414CBT3, STM32G414CBT6, STM32G414CBU3, STM32G414CBU6, STM32G414CCT3, STM32G414CCT6, STM32G414CCU3, STM32G414CCU6, STM32G414MBT3, STM32G414MBT6, STM32G414MCT3, STM32G414MCT6, STM32G414RBT3, STM32G414RBT6, STM32G414RCT3, STM32G414RCT6, STM32G414VBT3, STM32G414VBT6, STM32G414VCT3, STM32G414VCT6, STM32G431CBT3Z, STM32G431RBT3Z, STM32G471CCT6, STM32G471CCU6, STM32G471CET3, STM32G471CET6, STM32G471CEU3, STM32G471CEU6, STM32G471MCT6, STM32G471MET3, STM32G471MET6, STM32G471MEY6TR, STM32G471QCT6, STM32G471QET3, STM32G471RCT6, STM32G471RET3, STM32G471RET6, STM32G471VCH6, STM32G471VCI6, STM32G471VCT6, STM32G471VEH3, STM32G471VEH6, STM32G471VEI3, STM32G471VEI6, STM32G471VET3, STM32G471VET6, STM32G473QET3Z, STM32G473RET3Z, STM32G474CCT6, STM32G491RET3Z, STM32H503CBT6, STM32H503CBU6, STM32H503EBY6TR, STM32H503KBU6, STM32H503RBT6, STM32H523CCT6, STM32H523CCU6, STM32H523CET6, STM32H523CEU6, STM32H523HEY6TR, STM32H523RCT6, STM32H523RET6, STM32H523VCI6, STM32H523VCT6, STM32H523VEI6, STM32H523VET6, STM32H523ZCJ6, STM32H523ZCT6, STM32H523ZEJ6, STM32H523ZET6, STM32H533CET6, STM32H533CEU6, STM32H533HEY6TR, STM32H533RET6, STM32H533VEI6, STM32H533VET6, STM32H533ZEJ6, STM32H533ZET6, STM32H562AGI6, STM32H562AII6, STM32H562IGK6, STM32H562IGT6, STM32H562IIK6, STM32H562IIT6, STM32H562RGT6, STM32H562RGV6, STM32H562RIT6, STM32H562RIV6, STM32H562VGT6, STM32H562VIT6, STM32H562ZGT6, STM32H562ZIT6, STM32H563AGI6, STM32H563AII3Q, STM32H563AII6, STM32H563IGK6, STM32H563IGT6, STM32H563IIK3Q, STM32H563IIK6, STM32H563IIT3Q, STM32H563IIT6, STM32H563MIY3QTR, STM32H563RGT6, STM32H563RGV6, STM32H563RIT6, STM32H563RIV6, STM32H563VGT6, STM32H563VIT3Q, STM32H563VIT6, STM32H563ZGT6, STM32H563ZIT3Q, STM32H563ZIT6, STM32H573AII3Q, STM32H573AII6, STM32H573I-DK, STM32H573IIK3Q, STM32H573IIK6, STM32H573IIT3Q, STM32H573IIT6, STM32H573MIY3QTR, STM32H573RIT6, STM32H573RIV6, STM32H573VIT3Q, STM32H573VIT6, STM32H573ZIT3Q, STM32H573ZIT6, STM32H7R3A8I6, STM32H7R3I8K6, STM32H7R3I8T6, STM32H7R3L8H6, STM32H7R3L8H6H, STM32H7R3R8V6, STM32H7R3V8H6, STM32H7R3V8T6, STM32H7R3V8Y6TR, STM32H7R3Z8J6, STM32H7R3Z8T6, STM32H7R7A8I6, STM32H7R7I8K6, STM32H7R7I8T6, STM32H7R7L8H6, STM32H7R7L8H6H, STM32H7R7Z8J6, STM32H7S3A8I6, STM32H7S3I8K6, STM32H7S3I8T6, STM32H7S3L8H6, STM32H7S3L8H6H, STM32H7S3R8V6, STM32H7S3V8H6, STM32H7S3V8T6, STM32H7S3V8Y6TR, STM32H7S3Z8J6, STM32H7S3Z8T6, STM32H7S78-DK, STM32H7S7A8I6, STM32H7S7I8K6, STM32H7S7I8T6, STM32H7S7L8H6, STM32H7S7L8H6H, STM32H7S7Z8J6, STM32L4R5QGI6STR, STM32MP131AAE3, STM32MP131AAF3, STM32MP131AAG3, STM32MP131CAE3, STM32MP131CAF3, STM32MP131CAG3, STM32MP131DAE7, STM32MP131DAF7, STM32MP131DAG7, STM32MP131FAE7, STM32MP131FAF7, STM32MP131FAG7, STM32MP133AAE3, STM32MP133AAF3, STM32MP133AAG3, STM32MP133CAE3, STM32MP133CAF3, STM32MP133CAG3, STM32MP133DAE7, STM32MP133DAF7, STM32MP133DAG7, STM32MP133FAE7, STM32MP133FAF7, STM32MP133FAG7, STM32MP135AAE3, STM32MP135AAF3, STM32MP135AAG3, STM32MP135CAE3, STM32MP135CAF3, STM32MP135CAG3, STM32MP135DAE7, STM32MP135DAF7, STM32MP135DAG7, STM32MP135F-DK, STM32MP135FAE7, STM32MP135FAF7, STM32MP135FAF7T, STM32MP135FAF7U, STM32MP135FAG7, STM32MP251AAI3, STM32MP251AAK3, STM32MP251AAL3, STM32MP251CAI3, STM32MP251CAK3, STM32MP251CAL3, STM32MP251DAI3, STM32MP251DAK3, STM32MP251DAL3, STM32MP251FAI3, STM32MP251FAK3, STM32MP251FAL3, STM32MP253AAI3, STM32MP253AAK3, STM32MP253AAL3, STM32MP253CAI3, STM32MP253CAK3, STM32MP253CAL3, STM32MP253DAI3, STM32MP253DAK3, STM32MP253DAL3, STM32MP253FAI3, STM32MP253FAK3, STM32MP253FAL3, STM32MP255AAI3, STM32MP255AAK3, STM32MP255AAL3, STM32MP255CAI3, STM32MP255CAK3, STM32MP255CAL3, STM32MP255DAI3, STM32MP255DAK3, STM32MP255DAL3, STM32MP255FAI3, STM32MP255FAK3, STM32MP255FAL3, STM32MP257AAI3, STM32MP257AAK3, STM32MP257AAL3, STM32MP257CAI3, STM32MP257CAK3, STM32MP257CAL3, STM32MP257DAI3, STM32MP257DAK3, STM32MP257DAL3, STM32MP257F-DK, STM32MP257F-EV1, STM32MP257FAI3, STM32MP257FAK3, STM32MP257FAL3, STM32U031C6T6, STM32U031C6U6, STM32U031C8T6, STM32U031C8U6, STM32U031F4P6, STM32U031F6P6, STM32U031F8P6, STM32U031G6Y6TR, STM32U031G8Y6TR, STM32U031K4U6, STM32U031K6U6, STM32U031K8U6, STM32U031R6I6, STM32U031R6T6, STM32U031R8I6, STM32U031R8T6, STM32U073C8T6, STM32U073C8U6, STM32U073CBT6, STM32U073CBU6, STM32U073CCT6, STM32U073CCU6, STM32U073H8Y6TR, STM32U073HBY6TR, STM32U073HCY6TR, STM32U073K8U6, STM32U073KBU6, STM32U073KCU6, STM32U073M8I6, STM32U073M8T6, STM32U073MBI6, STM32U073MBT6, STM32U073MCI6, STM32U073MCT6, STM32U073R8I6, STM32U073R8T6, STM32U073RBI6, STM32U073RBT6, STM32U073RCI6, STM32U073RCT6, STM32U083C-DK, STM32U083CCT6, STM32U083CCU6, STM32U083HCY6TR, STM32U083KCU6, STM32U083MCI6, STM32U083MCT6, STM32U083RCI6, STM32U083RCT6, STM32U535CBT6, STM32U535CBT6Q, STM32U535CBU6, STM32U535CBU6Q, STM32U535CCT6, STM32U535CCT6Q, STM32U535CCU6, STM32U535CCU6Q, STM32U535CET6, STM32U535CET6Q, STM32U535CEU6, STM32U535CEU6Q, STM32U535JEY6QTR, STM32U535NCY6QTR, STM32U535NEY6QTR, STM32U535RBI6, STM32U535RBI6Q, STM32U535RBT6, STM32U535RBT6Q, STM32U535RCI6, STM32U535RCI6Q, STM32U535RCT6, STM32U535RCT6Q, STM32U535REI6, STM32U535REI6Q, STM32U535RET6, STM32U535RET6Q, STM32U535VCI6, STM32U535VCI6Q, STM32U535VCT6, STM32U535VCT6Q, STM32U535VEI6, STM32U535VEI6Q, STM32U535VET6, STM32U535VET6Q, STM32U545CET6, STM32U545CET6Q, STM32U545CEU6, STM32U545CEU6Q, STM32U545JEY6QTR, STM32U545NEY6QTR, STM32U545REI6, STM32U545REI6Q, STM32U545RET6, STM32U545RET6Q, STM32U545VEI6, STM32U545VEI6Q, STM32U545VET6, STM32U545VET6Q, STM32U595AIH6, STM32U595AIH6Q, STM32U595AJH6, STM32U595AJH6Q, STM32U595QII6, STM32U595QII6Q, STM32U595QJI6, STM32U595QJI6Q, STM32U595RIT6, STM32U595RIT6Q, STM32U595RJT6, STM32U595RJT6Q, STM32U595VIT6, STM32U595VIT6Q, STM32U595VJT6, STM32U595VJT6Q, STM32U595ZIT6, STM32U595ZIT6Q, STM32U595ZIY6QTR, STM32U595ZJT6, STM32U595ZJT6Q, STM32U595ZJY6QTR, STM32U599BJY6QTR, STM32U599NIH6Q, STM32U599NJH6Q, STM32U599VIT6Q, STM32U599VJT6, STM32U599VJT6Q, STM32U599ZIT6Q, STM32U599ZIY6QTR, STM32U599ZJT6Q, STM32U599ZJY6QTR, STM32U5A5AJH6, STM32U5A5AJH6Q, STM32U5A5QII3Q , STM32U5A5QJI6, STM32U5A5QJI6Q, STM32U5A5RJT6, STM32U5A5RJT6Q, STM32U5A5VJT6, STM32U5A5VJT6Q, STM32U5A5ZJT6, STM32U5A5ZJT6Q, STM32U5A5ZJY6QTR, STM32U5A9BJY6QTR, STM32U5A9J-DK, STM32U5A9NJH6Q, STM32U5A9VJT6Q, STM32U5A9ZJT6Q, STM32U5A9ZJY6QTR, STM32U5F7VIT6, STM32U5F7VIT6Q, STM32U5F7VJT6, STM32U5F7VJT6Q, STM32U5F9BJY6QTR, STM32U5F9NJH6Q, STM32U5F9VIT6Q, STM32U5F9VJT6Q, STM32U5F9ZIJ6QTR, STM32U5F9ZIT6Q, STM32U5F9ZJJ6QTR, STM32U5F9ZJT6Q, STM32U5G7VJT6, STM32U5G7VJT6Q, STM32U5G9BJY6QTR, STM32U5G9J-DK1, STM32U5G9J-DK2, STM32U5G9NJH6Q, STM32U5G9VJT6Q, STM32U5G9ZJJ6QTR, STM32U5G9ZJT6Q, STM32WB05KZV6TR, STM32WB05KZV7TR, STM32WB05TZF6TR, STM32WB05TZF7TR, STM32WB06CCF6TR, STM32WB06CCF7TR, STM32WB06CCV6TR, STM32WB06CCV7TR, STM32WB06KCV6TR, STM32WB06KCV7TR, STM32WB07CCF6TR, STM32WB07CCF7TR, STM32WB07CCV6TR, STM32WB07CCV7TR, STM32WB07KCV6TR, STM32WB07KCV7TR, STM32WB09KEV6TR, STM32WB09KEV7TR, STM32WB09TEF6TR, STM32WB09TEF7TR, STM32WB1MMCH6, STM32WBA50KGU6, STM32WBA50KGU6TR, STM32WBA52CEU6, STM32WBA52CEU6TR, STM32WBA52CEU7, STM32WBA52CEU7TR, STM32WBA52CGU6, STM32WBA52CGU6TR, STM32WBA52CGU6U, STM32WBA52CGU7, STM32WBA52CGU7TR, STM32WBA52KEU6, STM32WBA52KEU6TR, STM32WBA52KGU6, STM32WBA52KGU6TR, STM32WBA54CEU6, STM32WBA54CEU6TR, STM32WBA54CEU7, STM32WBA54CEU7TR, STM32WBA54CGU6, STM32WBA54CGU6TR, STM32WBA54CGU7, STM32WBA54CGU7TR, STM32WBA54KEU6, STM32WBA54KEU6TR, STM32WBA54KEU7, STM32WBA54KEU7TR, STM32WBA54KGU6, STM32WBA54KGU6TR, STM32WBA54KGU7, STM32WBA54KGU7TR, STM32WBA55CEU6, STM32WBA55CEU6TR, STM32WBA55CEU7, STM32WBA55CEU7TR, STM32WBA55CGU6, STM32WBA55CGU6TR, STM32WBA55CGU6U, STM32WBA55CGU7, STM32WBA55CGU7TR, STM32WBA55G-DK1, STM32WBA55HEF6, STM32WBA55HEF7, STM32WBA55HGF6, STM32WBA55HGF7, STM32WBA55UEI6, STM32WBA55UEI6TR, STM32WBA55UEI7, STM32WBA55UEI7TR, STM32WBA55UGI6, STM32WBA55UGI6TR, STM32WBA55UGI7, STM32WBA55UGI7TR, STM32WL5MOCH6, STM32WL5MOCH6TR]
2024-09-11 20:23:32,366 [INFO] DbMcus:218 - Found 4251 MCUs, 4251 are supported
2024-09-11 20:23:32,366 [INFO] ApiDb:423 - Load user favorites file /Users/kitton/.stm32cubeide/favorites.mcus.txt: 1 item(s)
2024-09-11 20:23:32,367 [INFO] ApiDb:427 - User favorites MCUs=[STM32F767ZIT6]
2024-09-11 20:23:32,367 [INFO] DbMcus:224 - Set 1 / 1 favorites MCUs
2024-09-11 20:23:32,585 [INFO] ApiDb:414 - User favorites file not found: /Users/kitton/.stm32cubeide/favorites.boards.txt
2024-09-11 20:23:32,598 [INFO] DbBoards:198 - Set 0 / 0 favorites Boards
2024-09-11 20:23:32,687 [INFO] UtilMem:75 - End LoadConfig() Used Memory: 268833352 Bytes (342884352)
2024-09-11 20:23:32,963 [WARN] ThirdParty:833 - waiting for thirdparty lock release [change project]
2024-09-11 20:23:32,966 [INFO] ThirdParty:835 - entering critical section [change project]
2024-09-11 20:23:32,967 [INFO] ThirdParty:1030 - CMSIS Pack Vendor :STMicroelectronics USBPD 4.1
2024-09-11 20:23:32,967 [INFO] ThirdParty:1030 - CMSIS Pack Vendor :STMicroelectronics X-CUBE-AZRTOS-H7 3.3.0
2024-09-11 20:23:32,967 [INFO] ThirdParty:1030 - CMSIS Pack Vendor :STMicroelectronics X-CUBE-GNSS1 6.0.0
2024-09-11 20:23:32,967 [INFO] ThirdParty:1030 - CMSIS Pack Vendor :STMicroelectronics USB_HOST 2.0.0
2024-09-11 20:23:32,967 [INFO] ThirdParty:1030 - CMSIS Pack Vendor :STMicroelectronics FP-SNS-MOTENVWB1 1.4.0
2024-09-11 20:23:32,967 [INFO] ThirdParty:1030 - CMSIS Pack Vendor :STMicroelectronics X-CUBE-AZRTOS-F4 1.1.0
2024-09-11 20:23:32,967 [INFO] ThirdParty:1030 - CMSIS Pack Vendor :STMicroelectronics LIBJPEG 8.0.0
2024-09-11 20:23:32,967 [INFO] ThirdParty:1030 - CMSIS Pack Vendor :STMicroelectronics X-CUBE-SMBUS 2.1.0
2024-09-11 20:23:32,967 [INFO] ThirdParty:1030 - CMSIS Pack Vendor :STMicroelectronics USB_DEVICE 3.0.0
2024-09-11 20:23:32,967 [INFO] ThirdParty:1030 - CMSIS Pack Vendor :STMicroelectronics X-CUBE-TCPP 4.1.0
2024-09-11 20:23:32,967 [INFO] ThirdParty:1030 - CMSIS Pack Vendor :STMicroelectronics X-CUBE-FREERTOS 1.2.0
2024-09-11 20:23:32,967 [INFO] ThirdParty:1030 - CMSIS Pack Vendor :STMicroelectronics X-CUBE-AZRTOS-WB 2.0.0
2024-09-11 20:23:32,967 [INFO] ThirdParty:1030 - CMSIS Pack Vendor :STMicroelectronics X-CUBE-GNSS1 7.0.0
2024-09-11 20:23:32,967 [INFO] ThirdParty:1030 - CMSIS Pack Vendor :STMicroelectronics X-CUBE-AZRTOS-F7 1.1.0
2024-09-11 20:23:32,967 [INFO] ThirdParty:1030 - CMSIS Pack Vendor :STMicroelectronics X-CUBE-AZRTOS-L5 2.0.0
2024-09-11 20:23:32,967 [INFO] ThirdParty:1030 - CMSIS Pack Vendor :STMicroelectronics USB_DEVICE 2.0.0
2024-09-11 20:23:32,967 [INFO] ThirdParty:1030 - CMSIS Pack Vendor :STMicroelectronics X-CUBE-NFC6 3.1.0
2024-09-11 20:23:32,967 [INFO] ThirdParty:1030 - CMSIS Pack Vendor :STMicroelectronics X-CUBE-MEMS1 11.0.0
2024-09-11 20:23:32,967 [INFO] ThirdParty:1030 - CMSIS Pack Vendor :STMicroelectronics FreeRTOS 0.0.1
2024-09-11 20:23:32,967 [INFO] ThirdParty:1030 - CMSIS Pack Vendor :STMicroelectronics X-CUBE-AZRTOS-G0 1.1.0
2024-09-11 20:23:32,967 [INFO] ThirdParty:1030 - CMSIS Pack Vendor :STMicroelectronics X-CUBE-SAFEA1 1.2.2
2024-09-11 20:23:32,967 [INFO] ThirdParty:1030 - CMSIS Pack Vendor :STMicroelectronics X-CUBE-NFC4 3.0.0
2024-09-11 20:23:32,967 [INFO] ThirdParty:1030 - CMSIS Pack Vendor :STMicroelectronics X-CUBE-SUBG2 5.0.0
2024-09-11 20:23:32,967 [INFO] ThirdParty:1030 - CMSIS Pack Vendor :STMicroelectronics STM32_WPAN 1.0.0
2024-09-11 20:23:32,967 [INFO] ThirdParty:1030 - CMSIS Pack Vendor :EmbeddedOffice I-CUBE-FS-RTOS 1.0.1
2024-09-11 20:23:32,967 [INFO] ThirdParty:1030 - CMSIS Pack Vendor :STMicroelectronics lwIP 2.0.3
2024-09-11 20:23:32,967 [INFO] ThirdParty:1030 - CMSIS Pack Vendor :STMicroelectronics FP-SNS-FLIGHT1 5.0.2
2024-09-11 20:23:32,967 [INFO] ThirdParty:1030 - CMSIS Pack Vendor :Cesanta I-CUBE-Mongoose 7.13.0
2024-09-11 20:23:32,967 [INFO] ThirdParty:1030 - CMSIS Pack Vendor :STMicroelectronics USB_HOST 1.0.0
2024-09-11 20:23:32,967 [INFO] ThirdParty:1030 - CMSIS Pack Vendor :STMicroelectronics X-CUBE-AI 9.0.0
2024-09-11 20:23:32,967 [INFO] ThirdParty:1030 - CMSIS Pack Vendor :STMicroelectronics X-CUBE-AZRTOS-G4 2.0.0
2024-09-11 20:23:32,967 [INFO] ThirdParty:1030 - CMSIS Pack Vendor :STMicroelectronics PDM2PCM 3.1.0
2024-09-11 20:23:32,967 [INFO] ThirdParty:1030 - CMSIS Pack Vendor :STMicroelectronics PDM2PCM 3.3.0
2024-09-11 20:23:32,967 [INFO] ThirdParty:1030 - CMSIS Pack Vendor :STMicroelectronics X-CUBE-DISPLAY 3.0.0
2024-09-11 20:23:32,967 [INFO] ThirdParty:1030 - CMSIS Pack Vendor :RealThread X-CUBE-RT-Thread_Nano 4.1.1
2024-09-11 20:23:32,967 [INFO] ThirdParty:1030 - CMSIS Pack Vendor :STMicroelectronics X-CUBE-BLE1 7.0.0
2024-09-11 20:23:32,967 [INFO] ThirdParty:1030 - CMSIS Pack Vendor :STMicroelectronics FP-ATR-SIGFOX1 3.2.0
2024-09-11 20:23:32,967 [INFO] ThirdParty:1030 - CMSIS Pack Vendor :wolfSSL I-CUBE-wolfSSL 5.7.2
2024-09-11 20:23:32,967 [INFO] ThirdParty:1030 - CMSIS Pack Vendor :STMicroelectronics X-CUBE-ISPU 2.0.0
2024-09-11 20:23:32,967 [INFO] ThirdParty:1030 - CMSIS Pack Vendor :STMicroelectronics X-CUBE-EEPRMA1 5.1.0
2024-09-11 20:23:32,967 [INFO] ThirdParty:1030 - CMSIS Pack Vendor :STMicroelectronics HAL Drivers 0.0.0
2024-09-11 20:23:32,967 [INFO] ThirdParty:1030 - CMSIS Pack Vendor :STMicroelectronics MBEDTLS 2.16.2
2024-09-11 20:23:32,967 [INFO] ThirdParty:1030 - CMSIS Pack Vendor :STMicroelectronics X-CUBE-ALS 1.0.2
2024-09-11 20:23:32,967 [INFO] ThirdParty:1030 - CMSIS Pack Vendor :emotas I-CUBE-CANOPEN 1.3.0
2024-09-11 20:23:32,968 [INFO] ThirdParty:1030 - CMSIS Pack Vendor :STMicroelectronics X-CUBE-NFC7 1.0.1
2024-09-11 20:23:32,968 [INFO] ThirdParty:1030 - CMSIS Pack Vendor :STMicroelectronics MBEDTLS 2.14.1
2024-09-11 20:23:32,968 [INFO] ThirdParty:1030 - CMSIS Pack Vendor :STMicroelectronics X-CUBE-TOUCHGFX 4.24.0
2024-09-11 20:23:32,968 [INFO] ThirdParty:1030 - CMSIS Pack Vendor :ITTIA_DB I-CUBE-ITTIADB 8.9.0
2024-09-11 20:23:32,968 [INFO] ThirdParty:1030 - CMSIS Pack Vendor :wolfSSL I-CUBE-wolfTPM 3.4.0
2024-09-11 20:23:32,968 [INFO] ThirdParty:1030 - CMSIS Pack Vendor :portGmbH I-Cube-SoM-uGOAL 1.1.0
2024-09-11 20:23:32,968 [INFO] ThirdParty:1030 - CMSIS Pack Vendor :STMicroelectronics X-CUBE-BLEMGR 3.1.0
2024-09-11 20:23:32,968 [INFO] ThirdParty:1030 - CMSIS Pack Vendor :STMicroelectronics ThreadX 1.0.0
2024-09-11 20:23:32,968 [INFO] ThirdParty:1030 - CMSIS Pack Vendor :STMicroelectronics FP-SNS-SMARTAG2 1.2.0
2024-09-11 20:23:32,968 [INFO] ThirdParty:1030 - CMSIS Pack Vendor :STMicroelectronics X-CUBE-AZRTOS-WL 2.0.0
2024-09-11 20:23:32,968 [INFO] ThirdParty:1030 - CMSIS Pack Vendor :SEGGER I-CUBE-embOS 1.3.1
2024-09-11 20:23:32,968 [INFO] ThirdParty:1030 - CMSIS Pack Vendor :STMicroelectronics X-CUBE-ALGOBUILD 1.4.0
2024-09-11 20:23:32,968 [INFO] ThirdParty:1030 - CMSIS Pack Vendor :STMicroelectronics FP-SNS-MOTENV1 5.0.0
2024-09-11 20:23:32,968 [INFO] ThirdParty:1030 - CMSIS Pack Vendor :STMicroelectronics USB_DEVICE 1.0.0
2024-09-11 20:23:32,968 [INFO] ThirdParty:1030 - CMSIS Pack Vendor :STMicroelectronics X-CUBE-AZRTOS-H7RS 1.0.0
2024-09-11 20:23:32,968 [INFO] ThirdParty:1030 - CMSIS Pack Vendor :wolfSSL I-CUBE-wolfMQTT 1.19.0
2024-09-11 20:23:32,968 [INFO] ThirdParty:1030 - CMSIS Pack Vendor :STMicroelectronics X-CUBE-AZRTOS-L4 2.0.0
2024-09-11 20:23:32,968 [INFO] ThirdParty:1030 - CMSIS Pack Vendor :STMicroelectronics ThreadX 0.0.2
2024-09-11 20:23:32,968 [INFO] ThirdParty:1030 - CMSIS Pack Vendor :WES I-CUBE-Cesium 1.3.0
2024-09-11 20:23:32,968 [INFO] ThirdParty:1030 - CMSIS Pack Vendor :STMicroelectronics FP-ATR-ASTRA1 2.0.0
2024-09-11 20:23:32,968 [INFO] ThirdParty:1030 - CMSIS Pack Vendor :STMicroelectronics lwIP 2.1.2
2024-09-11 20:23:32,968 [INFO] ThirdParty:1030 - CMSIS Pack Vendor :STMicroelectronics X-CUBE-SFXS2LP1 4.0.0
2024-09-11 20:23:32,968 [INFO] ThirdParty:1030 - CMSIS Pack Vendor :STMicroelectronics X-CUBE-BLE2 3.3.0
2024-09-11 20:23:32,968 [INFO] ThirdParty:1030 - CMSIS Pack Vendor :STMicroelectronics X-CUBE-TOF1 3.4.2
2024-09-11 20:23:32,968 [INFO] ThirdParty:1030 - CMSIS Pack Vendor :Infineon AIROC-Wi-Fi-Bluetooth-STM32 1.6.1
2024-09-11 20:23:32,968 [INFO] ThirdParty:1030 - CMSIS Pack Vendor :STMicroelectronics PDM2PCM 3.2.0
2024-09-11 20:23:32,968 [INFO] ThirdParty:1030 - CMSIS Pack Vendor :wolfSSL I-CUBE-wolfSSH 1.4.17
2024-09-11 20:23:32,972 [INFO] ThirdParty:841 - exiting critical section [change project]
2024-09-11 20:23:34,288 [INFO] PinOutPanel:1561 - setPackage(No Configuration,No Configuration)
2024-09-11 20:23:34,295 [INFO] PinOutPanel:1561 - setPackage(STM32F767ZITx,LQFP144)
2024-09-11 20:23:35,174 [INFO] UtilMem:75 - Before build in PCC Used Memory: 294988032 Bytes (363855872)
2024-09-11 20:23:36,623 [INFO] UtilMem:75 - After build in PCC Used Memory: 301778160 Bytes (387973120)
2024-09-11 20:23:36,697 [INFO] IPUIPlugin:80 - create IPUIPlugin
2024-09-11 20:23:36,697 [INFO] IPUIPlugin:80 - create IPUIPlugin
2024-09-11 20:23:36,698 [INFO] IPUIPlugin:80 - create IPUIPlugin
2024-09-11 20:23:36,699 [INFO] IPUIPlugin:80 - create IPUIPlugin
2024-09-11 20:23:36,699 [INFO] IPUIPlugin:80 - create IPUIPlugin
2024-09-11 20:23:36,699 [INFO] IPUIPlugin:80 - create IPUIPlugin
2024-09-11 20:23:36,699 [INFO] IPUIPlugin:80 - create IPUIPlugin
2024-09-11 20:23:36,700 [INFO] IPUIPlugin:80 - create IPUIPlugin
2024-09-11 20:23:36,700 [INFO] IPUIPlugin:80 - create IPUIPlugin
2024-09-11 20:23:36,700 [INFO] IPUIPlugin:80 - create IPUIPlugin
2024-09-11 20:23:36,700 [INFO] IPUIPlugin:80 - create IPUIPlugin
2024-09-11 20:23:36,700 [INFO] IPUIPlugin:80 - create IPUIPlugin
2024-09-11 20:23:36,700 [INFO] IPUIPlugin:80 - create IPUIPlugin
2024-09-11 20:23:36,700 [INFO] IPUIPlugin:80 - create IPUIPlugin
2024-09-11 20:23:36,700 [INFO] IPUIPlugin:80 - create IPUIPlugin
2024-09-11 20:23:36,701 [INFO] IPUIPlugin:80 - create IPUIPlugin
2024-09-11 20:23:36,702 [INFO] IPUIPlugin:80 - create IPUIPlugin
2024-09-11 20:23:36,703 [INFO] IPUIPlugin:80 - create IPUIPlugin
2024-09-11 20:23:36,703 [INFO] IPUIPlugin:80 - create IPUIPlugin
2024-09-11 20:23:36,703 [INFO] IPUIPlugin:80 - create IPUIPlugin
2024-09-11 20:23:36,703 [INFO] IPUIPlugin:80 - create IPUIPlugin
2024-09-11 20:23:36,703 [INFO] IPUIPlugin:80 - create IPUIPlugin
2024-09-11 20:23:36,703 [INFO] IPUIPlugin:80 - create IPUIPlugin
2024-09-11 20:23:36,703 [INFO] IPUIPlugin:80 - create IPUIPlugin
2024-09-11 20:23:36,703 [INFO] IPUIPlugin:80 - create IPUIPlugin
2024-09-11 20:23:36,704 [INFO] IPUIPlugin:80 - create IPUIPlugin
2024-09-11 20:23:36,704 [INFO] IPUIPlugin:80 - create IPUIPlugin
2024-09-11 20:23:36,704 [INFO] IPUIPlugin:80 - create IPUIPlugin
2024-09-11 20:23:36,704 [INFO] IPUIPlugin:80 - create IPUIPlugin
2024-09-11 20:23:36,704 [INFO] IPUIPlugin:80 - create IPUIPlugin
2024-09-11 20:23:36,704 [INFO] IPUIPlugin:80 - create IPUIPlugin
2024-09-11 20:23:36,705 [INFO] IPUIPlugin:80 - create IPUIPlugin
2024-09-11 20:23:36,705 [INFO] IPUIPlugin:80 - create IPUIPlugin
2024-09-11 20:23:36,706 [INFO] IPUIPlugin:80 - create IPUIPlugin
2024-09-11 20:23:36,706 [INFO] IPUIPlugin:80 - create IPUIPlugin
2024-09-11 20:23:36,706 [INFO] IPUIPlugin:80 - create IPUIPlugin
2024-09-11 20:23:36,706 [INFO] IPUIPlugin:80 - create IPUIPlugin
2024-09-11 20:23:36,706 [INFO] IPUIPlugin:80 - create IPUIPlugin
2024-09-11 20:23:36,707 [INFO] IPUIPlugin:80 - create IPUIPlugin
2024-09-11 20:23:36,707 [INFO] IPUIPlugin:80 - create IPUIPlugin
2024-09-11 20:23:36,707 [INFO] IPUIPlugin:80 - create IPUIPlugin
2024-09-11 20:23:36,707 [INFO] IPUIPlugin:80 - create IPUIPlugin
2024-09-11 20:23:36,707 [INFO] IPUIPlugin:80 - create IPUIPlugin
2024-09-11 20:23:36,708 [INFO] IPUIPlugin:80 - create IPUIPlugin
2024-09-11 20:23:36,708 [INFO] IPUIPlugin:80 - create IPUIPlugin
2024-09-11 20:23:36,708 [INFO] IPUIPlugin:80 - create IPUIPlugin
2024-09-11 20:23:36,708 [INFO] IPUIPlugin:80 - create IPUIPlugin
2024-09-11 20:23:36,708 [INFO] IPUIPlugin:80 - create IPUIPlugin
2024-09-11 20:23:36,708 [INFO] IPUIPlugin:80 - create IPUIPlugin
2024-09-11 20:23:36,708 [INFO] IPUIPlugin:80 - create IPUIPlugin
2024-09-11 20:23:36,708 [INFO] IPUIPlugin:80 - create IPUIPlugin
2024-09-11 20:23:36,708 [INFO] IPUIPlugin:80 - create IPUIPlugin
2024-09-11 20:23:36,709 [INFO] IPUIPlugin:80 - create IPUIPlugin
2024-09-11 20:23:36,709 [INFO] IPUIPlugin:80 - create IPUIPlugin
2024-09-11 20:23:36,709 [INFO] IPUIPlugin:80 - create IPUIPlugin
2024-09-11 20:23:36,709 [INFO] IPUIPlugin:80 - create IPUIPlugin
2024-09-11 20:23:36,709 [INFO] IPUIPlugin:80 - create IPUIPlugin
2024-09-11 20:23:36,709 [INFO] IPUIPlugin:80 - create IPUIPlugin
2024-09-11 20:23:36,709 [INFO] IPUIPlugin:80 - create IPUIPlugin
2024-09-11 20:23:36,709 [INFO] IPUIPlugin:80 - create IPUIPlugin
2024-09-11 20:23:36,709 [INFO] IPUIPlugin:80 - create IPUIPlugin
2024-09-11 20:23:36,709 [INFO] IPUIPlugin:80 - create IPUIPlugin
2024-09-11 20:23:36,709 [INFO] IPUIPlugin:80 - create IPUIPlugin
2024-09-11 20:23:36,709 [INFO] IPUIPlugin:80 - create IPUIPlugin
2024-09-11 20:23:36,709 [INFO] IPUIPlugin:80 - create IPUIPlugin
2024-09-11 20:23:36,709 [INFO] IPUIPlugin:80 - create IPUIPlugin
2024-09-11 20:23:36,709 [INFO] IPUIPlugin:80 - create IPUIPlugin
2024-09-11 20:23:36,710 [INFO] IPUIPlugin:80 - create IPUIPlugin
2024-09-11 20:23:36,710 [INFO] IPUIPlugin:80 - create IPUIPlugin
2024-09-11 20:23:36,710 [INFO] IPUIPlugin:80 - create IPUIPlugin
2024-09-11 20:23:36,710 [INFO] IPUIPlugin:80 - create IPUIPlugin
2024-09-11 20:23:36,710 [INFO] IPUIPlugin:80 - create IPUIPlugin
2024-09-11 20:23:36,710 [INFO] IPUIPlugin:80 - create IPUIPlugin
2024-09-11 20:23:36,711 [INFO] IPUIPlugin:80 - create IPUIPlugin
2024-09-11 20:23:36,711 [INFO] IPUIPlugin:80 - create IPUIPlugin
2024-09-11 20:23:36,711 [INFO] IPUIPlugin:80 - create IPUIPlugin
2024-09-11 20:23:36,711 [INFO] IPUIPlugin:80 - create IPUIPlugin
2024-09-11 20:23:36,712 [INFO] IPUIPlugin:80 - create IPUIPlugin
2024-09-11 20:23:36,712 [INFO] IPUIPlugin:80 - create IPUIPlugin
2024-09-11 20:23:36,745 [INFO] ApiDbMcu:508 - Load IP Config File for PDM2PCM
2024-09-11 20:23:37,088 [INFO] CADModel:165 - CPN selected for project levelSTM32F767ZIT6
2024-09-11 20:23:37,088 [INFO] CADModel:114 - Register for checkConnection events
2024-09-11 20:23:37,131 [INFO] OpenFileManager:363 - Restore cursor
2024-09-11 20:28:54,801 [ERROR] LogOutputStream:75 - [STDERR_REDIRECT] 
