2024-09-12 10:23:01,998 [INFO] Activator:176 - 


2024-09-12 10:23:02,002 [INFO] Activator:177 - !SESSION log4j initialized
2024-09-12 10:23:05,325 [INFO] LogOutputStream:77 - [STDOUT_REDIRECT] 
2024-09-12 10:23:07,074 [ERROR] LogOutputStream:75 - [STDERR_REDIRECT] 
2024-09-12 10:23:10,182 [INFO] LogOutputStream:77 - [STDOUT_REDIRECT] 
2024-09-12 10:23:10,968 [ERROR] LogOutputStream:75 - [STDERR_REDIRECT] [Fatal Error] :2:10: DOCTYPE is disallowed when the feature "http://apache.org/xml/features/disallow-doctype-decl" set to true.
2024-09-12 10:23:10,969 [ERROR] LogOutputStream:75 - [STDERR_REDIRECT] 
2024-09-12 10:23:11,787 [INFO] ApplicationProperties:184 - Using Application install path: /Applications/STM32CubeIDE.app/Contents/Eclipse/plugins/com.st.stm32cube.common.mx_6.12.0.202406281431
2024-09-12 10:23:11,813 [INFO] DbMcusXml:78 - Set database path to: /Applications/STM32CubeIDE.app/Contents/Eclipse/plugins/com.st.stm32cube.common.mx_6.12.0.202406281431//db//mcu/
2024-09-12 10:23:11,813 [INFO] ApiDb:274 - Set plugin database path to: /Applications/STM32CubeIDE.app/Contents/Eclipse/plugins/com.st.stm32cube.common.mx_6.12.0.202406281431//db//plugins/boardmanager/
2024-09-12 10:23:11,813 [WARN] ApiDb:259 - Overriding images path with different value:  => /Applications/STM32CubeIDE.app/Contents/Eclipse/plugins/com.st.stm32cube.common.mx_6.12.0.202406281431//db//plugins/mcufinder/images/
2024-09-12 10:23:11,821 [INFO] ApiDb:250 - Set database path to: /Users/kitton/.stmcufinder/plugins/mcufinder//mcu/
2024-09-12 10:23:11,826 [INFO] DbMcusAds:125 - Set database path to: /Users/kitton/.stmcufinder/plugins/mcufinder//mcu/
2024-09-12 10:23:11,828 [INFO] CrossReferenceDbSqlite:203 - Set database path to: /Users/kitton/.stmcufinder/plugins/mcufinder//mcu/cs/
2024-09-12 10:23:12,011 [INFO] RulesReader:64 - Compatibility file has been processed (297 Rules)
2024-09-12 10:23:12,129 [INFO] DbMcusXml:78 - Set database path to: /Applications/STM32CubeIDE.app/Contents/Eclipse/plugins/com.st.stm32cube.common.mx_6.12.0.202406281431//db//mcu/
2024-09-12 10:23:12,130 [INFO] ApiDb:274 - Set plugin database path to: /Applications/STM32CubeIDE.app/Contents/Eclipse/plugins/com.st.stm32cube.common.mx_6.12.0.202406281431//db//plugins/boardmanager/
2024-09-12 10:23:12,130 [INFO] ApiDb:261 - Set plugin images path to: /Applications/STM32CubeIDE.app/Contents/Eclipse/plugins/com.st.stm32cube.common.mx_6.12.0.202406281431//db//plugins/mcufinder/images/
2024-09-12 10:23:12,132 [WARN] DbFile:41 - Overriding database path with different value: /Users/kitton/.stmcufinder/plugins/mcufinder/ => /Users/kitton/.stmcufinder/plugins/mcufinder
2024-09-12 10:23:12,132 [INFO] ApiDb:250 - Set database path to: /Users/kitton/.stmcufinder/plugins/mcufinder//mcu/
2024-09-12 10:23:12,132 [WARN] DbFile:41 - Overriding database path with different value: /Users/kitton/.stmcufinder/plugins/mcufinder/ => /Users/kitton/.stmcufinder/plugins/mcufinder
2024-09-12 10:23:12,132 [INFO] DbMcusAds:125 - Set database path to: /Users/kitton/.stmcufinder/plugins/mcufinder//mcu/
2024-09-12 10:23:12,132 [WARN] DbFile:41 - Overriding database path with different value: /Users/kitton/.stmcufinder/plugins/mcufinder/ => /Users/kitton/.stmcufinder/plugins/mcufinder
2024-09-12 10:23:12,132 [WARN] DbFile:41 - Overriding database path with different value: /Users/kitton/.stmcufinder/plugins/mcufinder/ => /Users/kitton/.stmcufinder/plugins/mcufinder
2024-09-12 10:23:12,132 [INFO] CrossReferenceDbSqlite:203 - Set database path to: /Users/kitton/.stmcufinder/plugins/mcufinder//mcu/cs/
2024-09-12 10:23:12,212 [INFO] MainPanel:268 - HeapMemory: 268435456
2024-09-12 10:23:12,742 [INFO] DbMcusXml:78 - Set database path to: /Applications/STM32CubeIDE.app/Contents/Eclipse/plugins/com.st.stm32cube.common.mx_6.12.0.202406281431//db//mcu/
2024-09-12 10:23:12,742 [INFO] ApiDb:274 - Set plugin database path to: /Applications/STM32CubeIDE.app/Contents/Eclipse/plugins/com.st.stm32cube.common.mx_6.12.0.202406281431//db//plugins/boardmanager/
2024-09-12 10:23:12,742 [INFO] ApiDb:261 - Set plugin images path to: /Applications/STM32CubeIDE.app/Contents/Eclipse/plugins/com.st.stm32cube.common.mx_6.12.0.202406281431//db//plugins/mcufinder/images/
2024-09-12 10:23:12,742 [WARN] DbFile:41 - Overriding database path with different value: /Users/kitton/.stmcufinder/plugins/mcufinder/ => /Users/kitton/.stmcufinder/plugins/mcufinder
2024-09-12 10:23:12,742 [INFO] ApiDb:250 - Set database path to: /Users/kitton/.stmcufinder/plugins/mcufinder//mcu/
2024-09-12 10:23:12,742 [WARN] DbFile:41 - Overriding database path with different value: /Users/kitton/.stmcufinder/plugins/mcufinder/ => /Users/kitton/.stmcufinder/plugins/mcufinder
2024-09-12 10:23:12,742 [INFO] DbMcusAds:125 - Set database path to: /Users/kitton/.stmcufinder/plugins/mcufinder//mcu/
2024-09-12 10:23:12,743 [WARN] DbFile:41 - Overriding database path with different value: /Users/kitton/.stmcufinder/plugins/mcufinder/ => /Users/kitton/.stmcufinder/plugins/mcufinder
2024-09-12 10:23:12,743 [WARN] DbFile:41 - Overriding database path with different value: /Users/kitton/.stmcufinder/plugins/mcufinder/ => /Users/kitton/.stmcufinder/plugins/mcufinder
2024-09-12 10:23:12,743 [INFO] CrossReferenceDbSqlite:203 - Set database path to: /Users/kitton/.stmcufinder/plugins/mcufinder//mcu/cs/
2024-09-12 10:23:12,755 [INFO] ApplicationProperties:184 - Using Application install path: /Applications/STM32CubeIDE.app/Contents/Eclipse/plugins/com.st.stm32cube.common.mx_6.12.0.202406281431
2024-09-12 10:23:12,756 [INFO] PluginManage:196 - Search for loadable plugins [exclusion list=, ]
2024-09-12 10:23:12,757 [INFO] PluginManage:310 - Check plugin analytics
2024-09-12 10:23:12,912 [INFO] AnalyticsPlugin:253 - Accepted Software Licenses: 
2024-09-12 10:23:12,912 [INFO] AnalyticsPlugin:255 - Accepted CMSIS Pack Licenses: 
2024-09-12 10:23:12,912 [INFO] AnalyticsPlugin:257 - Accepted Firmware Licenses: FW.F7.1.17.0
2024-09-12 10:23:12,919 [INFO] PluginManage:359 - Loaded plugin analytics (category:tool,tabindex:-1)
2024-09-12 10:23:12,920 [INFO] PluginManage:310 - Check plugin cadmodel
2024-09-12 10:23:12,928 [INFO] CADModel:105 - Init CAD model plugin
2024-09-12 10:23:12,928 [INFO] PluginManage:359 - Loaded plugin cadmodel (category:power,tabindex:5)
2024-09-12 10:23:12,929 [INFO] PluginManage:310 - Check plugin clock
2024-09-12 10:23:12,936 [INFO] PluginManage:359 - Loaded plugin clock (category:base,tabindex:2)
2024-09-12 10:23:12,936 [INFO] PluginManage:310 - Check plugin ddr
2024-09-12 10:23:12,937 [INFO] PluginManage:359 - Loaded plugin ddr (category:tool,tabindex:6)
2024-09-12 10:23:12,937 [INFO] PluginManage:310 - Check plugin filemanager
2024-09-12 10:23:13,044 [INFO] PluginManage:359 - Loaded plugin filemanager (category:base,tabindex:10)
2024-09-12 10:23:13,044 [INFO] PluginManage:310 - Check plugin ipmanager
2024-09-12 10:23:13,048 [INFO] PluginManage:359 - Loaded plugin ipmanager (category:base,tabindex:5)
2024-09-12 10:23:13,048 [INFO] PluginManage:310 - Check plugin lpbam
2024-09-12 10:23:13,054 [INFO] PluginManage:359 - Loaded plugin lpbam (category:base,tabindex:0)
2024-09-12 10:23:13,055 [INFO] PluginManage:310 - Check plugin memorymap
2024-09-12 10:23:13,060 [INFO] PluginManage:359 - Loaded plugin memorymap (category:base,tabindex:4)
2024-09-12 10:23:13,060 [INFO] PluginManage:310 - Check plugin pinoutandconfiguration
2024-09-12 10:23:13,064 [INFO] PluginManage:359 - Loaded plugin pinoutandconfiguration (category:base,tabindex:1)
2024-09-12 10:23:13,064 [INFO] PluginManage:310 - Check plugin pinoutconfig
2024-09-12 10:23:13,125 [WARN] SupportedApi:132 - Cannot load RTOS API schema: s4s-elt-must-match.1: The content of 'definitions' must match (annotation?, (simpleType | complexType)?, (unique | key | keyref)*)). A problem was found starting at: attribute.
2024-09-12 10:23:13,235 [INFO] PluginManage:359 - Loaded plugin pinoutconfig (category:base,tabindex:0)
2024-09-12 10:23:13,235 [INFO] PluginManage:310 - Check plugin power
2024-09-12 10:23:13,242 [INFO] PluginManage:359 - Loaded plugin power (category:power,tabindex:4)
2024-09-12 10:23:13,242 [INFO] PluginManage:310 - Check plugin projectmanager
2024-09-12 10:23:13,261 [INFO] PluginManage:359 - Loaded plugin projectmanager (category:projectmanager,tabindex:4)
2024-09-12 10:23:13,262 [INFO] PluginManage:310 - Check plugin rif
2024-09-12 10:23:13,266 [INFO] PluginManage:359 - Loaded plugin rif (category:base,tabindex:3)
2024-09-12 10:23:13,266 [INFO] PluginManage:310 - Check plugin thirdparty
2024-09-12 10:23:13,372 [INFO] PluginManage:359 - Loaded plugin thirdparty (category:base,tabindex:-1)
2024-09-12 10:23:13,372 [INFO] PluginManage:310 - Check plugin tools
2024-09-12 10:23:13,372 [WARN] IntegrityCheckThread:84 - waiting for thirdparty lock release [integrity check]
2024-09-12 10:23:13,373 [INFO] IntegrityCheckThread:86 - entering critical section [integrity check]
2024-09-12 10:23:13,374 [INFO] ThirdPartyUpdaterWithRetryManager:70 - Updater plugin not ready yet. [1/15]
2024-09-12 10:23:13,374 [INFO] PluginManage:359 - Loaded plugin tools (category:base,tabindex:7)
2024-09-12 10:23:13,375 [INFO] PluginManage:310 - Check plugin tutovideos
2024-09-12 10:23:13,484 [INFO] PluginManage:359 - Loaded plugin tutovideos (category:base,tabindex:-1)
2024-09-12 10:23:13,484 [INFO] PluginManage:310 - Check plugin updater
2024-09-12 10:23:13,501 [INFO] PluginManage:359 - Loaded plugin updater (category:base,tabindex:12)
2024-09-12 10:23:13,501 [INFO] PluginManage:310 - Check plugin userauth
2024-09-12 10:23:13,510 [INFO] UserAuth:113 - Init User Auth plugin
2024-09-12 10:23:13,510 [INFO] PluginManage:359 - Loaded plugin userauth (category:base,tabindex:14)
2024-09-12 10:23:13,510 [INFO] PluginManage:283 - PluginManage : Loaded plugins [18]
2024-09-12 10:23:13,693 [INFO] PinOutPanel:1561 - setPackage(No Configuration,No Configuration)
2024-09-12 10:23:13,841 [INFO] CADModel:165 - CPN selected for project level
2024-09-12 10:23:13,842 [INFO] CADModel:114 - Register for checkConnection events
2024-09-12 10:23:13,858 [INFO] IPUIPlugin:80 - create IPUIPlugin
2024-09-12 10:23:13,859 [INFO] PluginManager:220 - loadIPPluginJar : add mdma
2024-09-12 10:23:13,862 [INFO] IPUIPlugin:80 - create IPUIPlugin
2024-09-12 10:23:13,862 [INFO] PluginManager:220 - loadIPPluginJar : add freertos
2024-09-12 10:23:13,864 [INFO] IPUIPlugin:80 - create IPUIPlugin
2024-09-12 10:23:13,864 [INFO] PluginManager:220 - loadIPPluginJar : add gic
2024-09-12 10:23:13,869 [INFO] IPUIPlugin:80 - create IPUIPlugin
2024-09-12 10:23:13,869 [INFO] PluginManager:220 - loadIPPluginJar : add adc
2024-09-12 10:23:13,870 [INFO] IPUIPlugin:80 - create IPUIPlugin
2024-09-12 10:23:13,870 [INFO] PluginManager:220 - loadIPPluginJar : add gtzc
2024-09-12 10:23:13,871 [INFO] IPUIPlugin:80 - create IPUIPlugin
2024-09-12 10:23:13,871 [INFO] PluginManager:220 - loadIPPluginJar : add quadspi
2024-09-12 10:23:13,873 [INFO] IPUIPlugin:80 - create IPUIPlugin
2024-09-12 10:23:13,873 [INFO] PluginManager:220 - loadIPPluginJar : add aes
2024-09-12 10:23:13,874 [INFO] IPUIPlugin:80 - create IPUIPlugin
2024-09-12 10:23:13,874 [INFO] PluginManager:220 - loadIPPluginJar : add pdm2pcm
2024-09-12 10:23:13,875 [INFO] IPUIPlugin:80 - create IPUIPlugin
2024-09-12 10:23:13,875 [INFO] PluginManager:220 - loadIPPluginJar : add hash
2024-09-12 10:23:13,876 [INFO] IPUIPlugin:80 - create IPUIPlugin
2024-09-12 10:23:13,876 [INFO] PluginManager:220 - loadIPPluginJar : add tim
2024-09-12 10:23:13,877 [INFO] IPUIPlugin:80 - create IPUIPlugin
2024-09-12 10:23:13,877 [INFO] PluginManager:220 - loadIPPluginJar : add tsc
2024-09-12 10:23:13,879 [INFO] IPUIPlugin:80 - create IPUIPlugin
2024-09-12 10:23:13,879 [INFO] PluginManager:220 - loadIPPluginJar : add extmemmanager
2024-09-12 10:23:13,880 [INFO] IPUIPlugin:80 - create IPUIPlugin
2024-09-12 10:23:13,880 [INFO] PluginManager:220 - loadIPPluginJar : add ts
2024-09-12 10:23:13,880 [INFO] IPUIPlugin:80 - create IPUIPlugin
2024-09-12 10:23:13,881 [INFO] PluginManager:220 - loadIPPluginJar : add radio
2024-09-12 10:23:13,881 [INFO] IPUIPlugin:80 - create IPUIPlugin
2024-09-12 10:23:13,881 [INFO] PluginManager:220 - loadIPPluginJar : add can
2024-09-12 10:23:13,883 [INFO] IPUIPlugin:80 - create IPUIPlugin
2024-09-12 10:23:13,883 [INFO] PluginManager:220 - loadIPPluginJar : add dma3
2024-09-12 10:23:13,884 [INFO] IPUIPlugin:80 - create IPUIPlugin
2024-09-12 10:23:13,884 [INFO] PluginManager:220 - loadIPPluginJar : add dfsdm
2024-09-12 10:23:13,885 [INFO] IPUIPlugin:80 - create IPUIPlugin
2024-09-12 10:23:13,885 [INFO] PluginManager:220 - loadIPPluginJar : add spi
2024-09-12 10:23:13,886 [INFO] IPUIPlugin:80 - create IPUIPlugin
2024-09-12 10:23:13,886 [INFO] PluginManager:220 - loadIPPluginJar : add gfxmmu
2024-09-12 10:23:13,887 [INFO] IPUIPlugin:80 - create IPUIPlugin
2024-09-12 10:23:13,887 [INFO] PluginManager:220 - loadIPPluginJar : add genericplugin
2024-09-12 10:23:13,889 [INFO] IPUIPlugin:80 - create IPUIPlugin
2024-09-12 10:23:13,889 [INFO] PluginManager:220 - loadIPPluginJar : add cryp
2024-09-12 10:23:13,891 [INFO] IPUIPlugin:80 - create IPUIPlugin
2024-09-12 10:23:13,891 [INFO] PluginManager:220 - loadIPPluginJar : add gpio
2024-09-12 10:23:13,892 [INFO] IPUIPlugin:80 - create IPUIPlugin
2024-09-12 10:23:13,893 [INFO] PluginManager:220 - loadIPPluginJar : add ddr_ctrl_phy
2024-09-12 10:23:13,893 [INFO] IPUIPlugin:80 - create IPUIPlugin
2024-09-12 10:23:13,893 [INFO] PluginManager:220 - loadIPPluginJar : add comp
2024-09-12 10:23:13,895 [INFO] IPUIPlugin:80 - create IPUIPlugin
2024-09-12 10:23:13,895 [INFO] PluginManager:220 - loadIPPluginJar : add tracer_emb
2024-09-12 10:23:13,896 [INFO] IPUIPlugin:80 - create IPUIPlugin
2024-09-12 10:23:13,896 [INFO] PluginManager:220 - loadIPPluginJar : add openamp
2024-09-12 10:23:13,898 [INFO] IPUIPlugin:80 - create IPUIPlugin
2024-09-12 10:23:13,898 [INFO] PluginManager:220 - loadIPPluginJar : add stm32_wpan
2024-09-12 10:23:13,901 [INFO] IPUIPlugin:80 - create IPUIPlugin
2024-09-12 10:23:13,910 [INFO] PluginManager:220 - loadIPPluginJar : add plateformsettings
2024-09-12 10:23:13,912 [INFO] IPUIPlugin:80 - create IPUIPlugin
2024-09-12 10:23:13,912 [INFO] PluginManager:220 - loadIPPluginJar : add ipddr
2024-09-12 10:23:13,913 [INFO] IPUIPlugin:80 - create IPUIPlugin
2024-09-12 10:23:13,913 [INFO] PluginManager:220 - loadIPPluginJar : add usart
2024-09-12 10:23:13,913 [INFO] IPUIPlugin:80 - create IPUIPlugin
2024-09-12 10:23:13,913 [INFO] PluginManager:220 - loadIPPluginJar : add ltdc
2024-09-12 10:23:13,915 [INFO] IPUIPlugin:80 - create IPUIPlugin
2024-09-12 10:23:13,915 [INFO] PluginManager:220 - loadIPPluginJar : add nvic
2024-09-12 10:23:13,916 [INFO] IPUIPlugin:80 - create IPUIPlugin
2024-09-12 10:23:13,916 [INFO] PluginManager:220 - loadIPPluginJar : add fatfs
2024-09-12 10:23:13,920 [INFO] IPUIPlugin:80 - create IPUIPlugin
2024-09-12 10:23:13,920 [INFO] PluginManager:220 - loadIPPluginJar : add linkedlist
2024-09-12 10:23:13,922 [INFO] IPUIPlugin:80 - create IPUIPlugin
2024-09-12 10:23:13,922 [INFO] PluginManager:220 - loadIPPluginJar : add dma
2024-09-12 10:23:13,924 [INFO] IPUIPlugin:80 - create IPUIPlugin
2024-09-12 10:23:13,924 [INFO] PluginManager:220 - loadIPPluginJar : add fmc
2024-09-12 10:23:13,925 [INFO] IPUIPlugin:80 - create IPUIPlugin
2024-09-12 10:23:13,925 [INFO] PluginManager:220 - loadIPPluginJar : add i2s
2024-09-12 10:23:13,925 [INFO] IPUIPlugin:80 - create IPUIPlugin
2024-09-12 10:23:13,926 [INFO] PluginManager:220 - loadIPPluginJar : add ucpd
2024-09-12 10:23:13,927 [INFO] IPUIPlugin:80 - create IPUIPlugin
2024-09-12 10:23:13,927 [INFO] PluginManager:220 - loadIPPluginJar : add lorawan
2024-09-12 10:23:13,928 [INFO] IPUIPlugin:80 - create IPUIPlugin
2024-09-12 10:23:13,928 [INFO] PluginManager:220 - loadIPPluginJar : add opamp
2024-09-12 10:23:13,929 [INFO] IPUIPlugin:80 - create IPUIPlugin
2024-09-12 10:23:13,929 [INFO] PluginManager:220 - loadIPPluginJar : add i3c
2024-09-12 10:23:13,930 [INFO] IPUIPlugin:80 - create IPUIPlugin
2024-09-12 10:23:13,930 [INFO] PluginManager:220 - loadIPPluginJar : add touchsensing
2024-09-12 10:23:13,931 [INFO] IPUIPlugin:80 - create IPUIPlugin
2024-09-12 10:23:13,931 [INFO] PluginManager:220 - loadIPPluginJar : add i2c
2024-09-12 10:23:13,933 [INFO] IPUIPlugin:80 - create IPUIPlugin
2024-09-12 10:23:13,933 [INFO] PluginManager:220 - loadIPPluginJar : add resmgrutility
2024-09-12 10:23:13,933 [INFO] IPUIPlugin:80 - create IPUIPlugin
2024-09-12 10:23:13,934 [INFO] PluginManager:220 - loadIPPluginJar : add sai
2024-09-12 10:23:13,934 [INFO] IPUIPlugin:80 - create IPUIPlugin
2024-09-12 10:23:13,935 [INFO] PluginManager:220 - loadIPPluginJar : add usbx
2024-09-12 10:23:14,049 [INFO] CADModel:165 - CPN selected for project level
2024-09-12 10:23:14,050 [INFO] CADModel:114 - Register for checkConnection events
2024-09-12 10:23:14,050 [FATAL] Updater:334 - Updater called before beeing initialized
2024-09-12 10:23:14,050 [ERROR] CADModel:125 - Updater not yet initialized, retry later 
2024-09-12 10:23:14,312 [INFO] CADModel:165 - CPN selected for project level
2024-09-12 10:23:14,313 [INFO] CADModel:114 - Register for checkConnection events
2024-09-12 10:23:14,313 [FATAL] Updater:334 - Updater called before beeing initialized
2024-09-12 10:23:14,313 [ERROR] CADModel:125 - Updater not yet initialized, retry later 
2024-09-12 10:23:14,315 [FATAL] Updater:334 - Updater called before beeing initialized
2024-09-12 10:23:14,446 [FATAL] Updater:334 - Updater called before beeing initialized
2024-09-12 10:23:14,449 [INFO] DbMcusAds:53 - JSON generation date=Thu May 16 16:22:00 ICT 2024 (1715851320667)
2024-09-12 10:23:14,449 [FATAL] Updater:334 - Updater called before beeing initialized
2024-09-12 10:23:14,500 [WARN] DetailPanel:346 - Failed to get advertising image, set to default
2024-09-12 10:23:14,556 [FATAL] Updater:334 - Updater called before beeing initialized
2024-09-12 10:23:14,557 [FATAL] Updater:334 - Updater called before beeing initialized
2024-09-12 10:23:14,557 [FATAL] Updater:334 - Updater called before beeing initialized
2024-09-12 10:23:14,558 [WARN] DetailPanel:346 - Failed to get advertising image, set to default
2024-09-12 10:23:14,558 [FATAL] Updater:334 - Updater called before beeing initialized
2024-09-12 10:23:14,605 [ERROR] Updater:1164 - MainUpdater not yet initialized. External WinMGr cannot be set.
2024-09-12 10:23:14,609 [INFO] Updater:1100 - Updater Version found : 6.12.0
2024-09-12 10:23:14,618 [INFO] ApplicationProperties:184 - Using Application install path: /Applications/STM32CubeIDE.app/Contents/Eclipse/plugins/com.st.stm32cube.common.mx_6.12.0.202406281431
2024-09-12 10:23:14,922 [INFO] MainUpdater:2873 - connection check result : 10
2024-09-12 10:23:14,923 [INFO] MainUpdater:290 - Updater Check For Update Now.
2024-09-12 10:23:14,923 [INFO] MicroXplorer:498 - Change Database Version : DB.6.0.120
2024-09-12 10:23:14,930 [INFO] McuFinderGlobals:63 - Set McuFinder mode to 2 (CubeIDE integrated)
2024-09-12 10:23:14,932 [INFO] UserAuth:417 - Internet connection configuration mode: 1
2024-09-12 10:23:14,943 [INFO] JxBrowserEngine:152 - Initiate JxBrowser Engine with user profile folder
2024-09-12 10:23:15,223 [INFO] CheckServerUpdateThread:120 - End of CheckServer Thread
2024-09-12 10:23:16,571 [WARN] PackLoader:240 - Cannot read IP mode file for STMicroelectronics.FP-SNS-MOTENVWB1.1.4.0
2024-09-12 10:23:16,587 [WARN] PackLoader:240 - Cannot read IP mode file for STMicroelectronics.X-CUBE-SMBUS.2.1.0
2024-09-12 10:23:16,643 [WARN] PackLoader:240 - Cannot read IP mode file for STMicroelectronics.X-CUBE-AZRTOS-F7.1.1.0
2024-09-12 10:23:16,814 [WARN] PackLoader:240 - Cannot read IP mode file for STMicroelectronics.X-CUBE-MEMS1.11.0.0
2024-09-12 10:23:17,122 [WARN] PackLoader:240 - Cannot read IP mode file for STMicroelectronics.FP-SNS-FLIGHT1.5.0.2
2024-09-12 10:23:17,151 [WARN] PackLoader:240 - Cannot read IP mode file for STMicroelectronics.X-CUBE-DISPLAY.3.0.0
2024-09-12 10:23:17,179 [WARN] PackLoader:240 - Cannot read IP mode file for STMicroelectronics.X-CUBE-BLE1.7.0.0
2024-09-12 10:23:17,195 [WARN] PackLoader:240 - Cannot read IP mode file for emotas.I-CUBE-CANOPEN.1.3.0
2024-09-12 10:23:17,228 [WARN] PackLoader:240 - Cannot read IP mode file for STMicroelectronics.X-CUBE-BLEMGR.3.1.0
2024-09-12 10:23:17,245 [WARN] PackLoader:240 - Cannot read IP mode file for STMicroelectronics.FP-SNS-SMARTAG2.1.2.0
2024-09-12 10:23:17,256 [INFO] LogOutputStream:77 - [STDOUT_REDIRECT] 1 : Invalid condition id : UX_CORESTACK_Condition cause : null
2024-09-12 10:23:17,258 [INFO] LogOutputStream:77 - [STDOUT_REDIRECT] 1 : Invalid condition id : UX_CORESTACK_Condition cause : null
2024-09-12 10:23:17,259 [INFO] LogOutputStream:77 - [STDOUT_REDIRECT] 1 : Invalid condition id : UX_CORESTACK_Condition cause : null
2024-09-12 10:23:17,259 [INFO] LogOutputStream:77 - [STDOUT_REDIRECT] 1 : Invalid condition id : UX_CORESTACK_Condition cause : null
2024-09-12 10:23:17,260 [INFO] LogOutputStream:77 - [STDOUT_REDIRECT] 1 : Invalid condition id : UX_CORESTACK_Condition cause : null
2024-09-12 10:23:17,268 [WARN] PackLoader:240 - Cannot read IP mode file for STMicroelectronics.X-CUBE-AZRTOS-WL.2.0.0
2024-09-12 10:23:17,282 [WARN] PackLoader:240 - Cannot read IP mode file for STMicroelectronics.FP-SNS-MOTENV1.5.0.0
2024-09-12 10:23:17,286 [WARN] PackLoader:240 - Cannot read IP mode file for wolfSSL.I-CUBE-wolfMQTT.1.19.0
2024-09-12 10:23:17,293 [WARN] PackLoader:240 - Cannot read IP mode file for WES.I-CUBE-Cesium.1.3.0
2024-09-12 10:23:17,301 [WARN] PackLoader:240 - Cannot read IP mode file for STMicroelectronics.X-CUBE-BLE2.3.3.0
2024-09-12 10:23:17,317 [WARN] PackLoader:240 - Cannot read IP mode file for STMicroelectronics.X-CUBE-TCPP.4.1.0
2024-09-12 10:23:17,348 [WARN] PackLoader:240 - Cannot read IP mode file for STMicroelectronics.X-CUBE-AZRTOS-G0.1.1.0
2024-09-12 10:23:17,363 [WARN] PackLoader:240 - Cannot read IP mode file for STMicroelectronics.X-CUBE-SAFEA1.1.2.2
2024-09-12 10:23:17,372 [WARN] PackLoader:240 - Cannot read IP mode file for STMicroelectronics.X-CUBE-NFC4.3.0.0
2024-09-12 10:23:17,400 [WARN] PackLoader:240 - Cannot read IP mode file for EmbeddedOffice.I-CUBE-FS-RTOS.1.0.1
2024-09-12 10:23:17,402 [ERROR] ConditionMgr:805 - Attr not supported : Dmpu
2024-09-12 10:23:17,403 [ERROR] ConditionMgr:805 - Attr not supported : Dmpu
2024-09-12 10:23:17,403 [ERROR] ConditionMgr:805 - Attr not supported : Dmpu
2024-09-12 10:23:17,403 [ERROR] ConditionMgr:805 - Attr not supported : Dmpu
2024-09-12 10:23:17,403 [ERROR] ConditionMgr:805 - Attr not supported : Dmpu
2024-09-12 10:23:17,403 [ERROR] ConditionMgr:805 - Attr not supported : Dmpu
2024-09-12 10:23:17,403 [ERROR] ConditionMgr:805 - Attr not supported : Dmpu
2024-09-12 10:23:17,403 [ERROR] ConditionMgr:805 - Attr not supported : Dmpu
2024-09-12 10:23:17,403 [ERROR] ConditionMgr:805 - Attr not supported : Dmpu
2024-09-12 10:23:17,403 [ERROR] ConditionMgr:805 - Attr not supported : Dmpu
2024-09-12 10:23:17,403 [ERROR] ConditionMgr:805 - Attr not supported : Dmpu
2024-09-12 10:23:17,403 [ERROR] ConditionMgr:805 - Attr not supported : Dmpu
2024-09-12 10:23:17,403 [ERROR] ConditionMgr:805 - Attr not supported : Dmpu
2024-09-12 10:23:17,403 [ERROR] ConditionMgr:805 - Attr not supported : Dmpu
2024-09-12 10:23:17,403 [ERROR] ConditionMgr:805 - Attr not supported : Dmpu
2024-09-12 10:23:17,404 [ERROR] ConditionMgr:805 - Attr not supported : Dmpu
2024-09-12 10:23:17,404 [ERROR] ConditionMgr:805 - Attr not supported : Dmpu
2024-09-12 10:23:17,404 [ERROR] ConditionMgr:805 - Attr not supported : Dmpu
2024-09-12 10:23:17,404 [ERROR] ConditionMgr:805 - Attr not supported : Dmpu
2024-09-12 10:23:17,404 [ERROR] ConditionMgr:805 - Attr not supported : Dmpu
2024-09-12 10:23:17,404 [ERROR] ConditionMgr:805 - Attr not supported : Dmpu
2024-09-12 10:23:17,408 [ERROR] ConditionMgr:805 - Attr not supported : Dmpu
2024-09-12 10:23:17,408 [ERROR] ConditionMgr:805 - Attr not supported : Dmpu
2024-09-12 10:23:17,408 [ERROR] ConditionMgr:805 - Attr not supported : Dmpu
2024-09-12 10:23:17,409 [ERROR] ConditionMgr:805 - Attr not supported : Dmpu
2024-09-12 10:23:17,409 [ERROR] ConditionMgr:805 - Attr not supported : Dmpu
2024-09-12 10:23:17,409 [ERROR] ConditionMgr:805 - Attr not supported : Dmpu
2024-09-12 10:23:17,409 [ERROR] ConditionMgr:805 - Attr not supported : Dmpu
2024-09-12 10:23:17,409 [ERROR] ConditionMgr:805 - Attr not supported : Dmpu
2024-09-12 10:23:17,409 [ERROR] ConditionMgr:805 - Attr not supported : Dmpu
2024-09-12 10:23:17,409 [ERROR] ConditionMgr:805 - Attr not supported : Dmpu
2024-09-12 10:23:17,409 [ERROR] ConditionMgr:805 - Attr not supported : Dmpu
2024-09-12 10:23:17,409 [ERROR] ConditionMgr:805 - Attr not supported : Dmpu
2024-09-12 10:23:17,409 [ERROR] ConditionMgr:805 - Attr not supported : Dmpu
2024-09-12 10:23:17,409 [ERROR] ConditionMgr:805 - Attr not supported : Dmpu
2024-09-12 10:23:17,409 [ERROR] ConditionMgr:805 - Attr not supported : Dmpu
2024-09-12 10:23:17,411 [ERROR] ConditionMgr:805 - Attr not supported : Dmpu
2024-09-12 10:23:17,413 [ERROR] ConditionMgr:805 - Attr not supported : Dmpu
2024-09-12 10:23:17,413 [ERROR] ConditionMgr:805 - Attr not supported : Dmpu
2024-09-12 10:23:17,413 [ERROR] ConditionMgr:805 - Attr not supported : Dmpu
2024-09-12 10:23:17,414 [ERROR] ConditionMgr:805 - Attr not supported : Dmpu
2024-09-12 10:23:17,414 [ERROR] ConditionMgr:805 - Attr not supported : Dmpu
2024-09-12 10:23:17,414 [ERROR] ConditionMgr:805 - Attr not supported : Dmpu
2024-09-12 10:23:17,414 [ERROR] ConditionMgr:805 - Attr not supported : Dmpu
2024-09-12 10:23:17,414 [ERROR] ConditionMgr:805 - Attr not supported : Dmpu
2024-09-12 10:23:17,414 [ERROR] ConditionMgr:805 - Attr not supported : Dmpu
2024-09-12 10:23:17,414 [ERROR] ConditionMgr:805 - Attr not supported : Dmpu
2024-09-12 10:23:17,414 [ERROR] ConditionMgr:805 - Attr not supported : Dmpu
2024-09-12 10:23:17,414 [ERROR] ConditionMgr:805 - Attr not supported : Dmpu
2024-09-12 10:23:17,414 [ERROR] ConditionMgr:805 - Attr not supported : Dmpu
2024-09-12 10:23:17,414 [ERROR] ConditionMgr:805 - Attr not supported : Dmpu
2024-09-12 10:23:17,414 [ERROR] ConditionMgr:805 - Attr not supported : Dmpu
2024-09-12 10:23:17,414 [ERROR] ConditionMgr:805 - Attr not supported : Dmpu
2024-09-12 10:23:17,414 [ERROR] ConditionMgr:805 - Attr not supported : Dmpu
2024-09-12 10:23:17,414 [ERROR] ConditionMgr:805 - Attr not supported : Dmpu
2024-09-12 10:23:17,414 [ERROR] ConditionMgr:805 - Attr not supported : Dmpu
2024-09-12 10:23:17,414 [ERROR] ConditionMgr:805 - Attr not supported : Dmpu
2024-09-12 10:23:17,414 [ERROR] ConditionMgr:805 - Attr not supported : Dmpu
2024-09-12 10:23:17,414 [ERROR] ConditionMgr:805 - Attr not supported : Dmpu
2024-09-12 10:23:17,414 [ERROR] ConditionMgr:805 - Attr not supported : Dmpu
2024-09-12 10:23:17,414 [ERROR] ConditionMgr:805 - Attr not supported : Dmpu
2024-09-12 10:23:17,414 [ERROR] ConditionMgr:805 - Attr not supported : Dmpu
2024-09-12 10:23:17,414 [ERROR] ConditionMgr:805 - Attr not supported : Dmpu
2024-09-12 10:23:17,414 [ERROR] ConditionMgr:805 - Attr not supported : Dmpu
2024-09-12 10:23:17,422 [WARN] PackLoader:240 - Cannot read IP mode file for RealThread.X-CUBE-RT-Thread_Nano.4.1.1
2024-09-12 10:23:17,428 [WARN] PackLoader:240 - Cannot read IP mode file for STMicroelectronics.FP-ATR-SIGFOX1.3.2.0
2024-09-12 10:23:17,434 [WARN] PackLoader:240 - Cannot read IP mode file for wolfSSL.I-CUBE-wolfSSL.5.7.2
2024-09-12 10:23:17,440 [WARN] PackLoader:240 - Cannot read IP mode file for STMicroelectronics.X-CUBE-EEPRMA1.5.1.0
2024-09-12 10:23:17,449 [WARN] PackLoader:240 - Cannot read IP mode file for ITTIA_DB.I-CUBE-ITTIADB.8.9.0
2024-09-12 10:23:17,499 [WARN] PackLoader:240 - Cannot read IP mode file for SEGGER.I-CUBE-embOS.1.3.1
2024-09-12 10:23:17,559 [WARN] PackLoader:240 - Cannot read IP mode file for STMicroelectronics.X-CUBE-ALGOBUILD.1.4.0
2024-09-12 10:23:17,564 [WARN] PackLoader:240 - Cannot read IP mode file for STMicroelectronics.X-CUBE-GNSS1.6.0.0
2024-09-12 10:23:17,585 [WARN] PackLoader:240 - Cannot read IP mode file for STMicroelectronics.X-CUBE-AZRTOS-F4.1.1.0
2024-09-12 10:23:17,597 [WARN] PackLoader:240 - Cannot read IP mode file for STMicroelectronics.X-CUBE-FREERTOS.1.2.0
2024-09-12 10:23:17,621 [WARN] PackLoader:240 - Cannot read IP mode file for STMicroelectronics.X-CUBE-AZRTOS-L5.2.0.0
2024-09-12 10:23:17,633 [WARN] PackLoader:240 - Cannot read IP mode file for STMicroelectronics.X-CUBE-NFC6.3.1.0
2024-09-12 10:23:17,638 [WARN] PackLoader:240 - Cannot read IP mode file for STMicroelectronics.X-CUBE-AI.9.0.0
2024-09-12 10:23:17,642 [WARN] PackLoader:240 - Cannot read IP mode file for STMicroelectronics.X-CUBE-NFC7.1.0.1
2024-09-12 10:23:17,660 [WARN] ConditionMgr:438 - getConditionDescription Invalid condition id : LAN8742 Phy interface Condition cause : null
2024-09-12 10:23:17,661 [WARN] PackLoader:240 - Cannot read IP mode file for STMicroelectronics.X-CUBE-AZRTOS-L4.2.0.0
2024-09-12 10:23:17,663 [WARN] ConditionMgr:1039 - genDependencies : Invalid condition id : LAN8742 Phy interface Condition cause : null
2024-09-12 10:23:17,664 [WARN] ConditionMgr:1039 - genDependencies : Invalid condition id : LAN8742 Phy interface Condition cause : null
2024-09-12 10:23:17,665 [WARN] ConditionMgr:1039 - genDependencies : Invalid condition id : LAN8742 Phy interface Condition cause : null
2024-09-12 10:23:17,678 [WARN] PackLoader:240 - Cannot read IP mode file for STMicroelectronics.X-CUBE-SFXS2LP1.4.0.0
2024-09-12 10:23:17,700 [WARN] PackLoader:240 - Cannot read IP mode file for STMicroelectronics.X-CUBE-AZRTOS-H7.3.3.0
2024-09-12 10:23:17,732 [WARN] ConditionMgr:438 - getConditionDescription Invalid condition id : UX DEVICE CLASS RTOS Condition cause : null
2024-09-12 10:23:17,732 [WARN] ConditionMgr:438 - getConditionDescription Invalid condition id : UX DEVICE CLASS RTOS Condition cause : null
2024-09-12 10:23:17,735 [WARN] PackLoader:240 - Cannot read IP mode file for STMicroelectronics.X-CUBE-AZRTOS-WB.2.0.0
2024-09-12 10:23:17,736 [WARN] ConditionMgr:1039 - genDependencies : Invalid condition id : UX DEVICE CLASS RTOS Condition cause : null
2024-09-12 10:23:17,736 [WARN] ConditionMgr:1039 - genDependencies : Invalid condition id : UX DEVICE CLASS RTOS Condition cause : null
2024-09-12 10:23:17,737 [WARN] ConditionMgr:1039 - genDependencies : Invalid condition id : UX DEVICE CLASS RTOS Condition cause : null
2024-09-12 10:23:17,737 [WARN] ConditionMgr:1039 - genDependencies : Invalid condition id : UX DEVICE CLASS RTOS Condition cause : null
2024-09-12 10:23:17,737 [WARN] ConditionMgr:1039 - genDependencies : Invalid condition id : UX DEVICE CLASS RTOS Condition cause : null
2024-09-12 10:23:17,750 [WARN] PackLoader:240 - Cannot read IP mode file for STMicroelectronics.X-CUBE-GNSS1.7.0.0
2024-09-12 10:23:17,768 [WARN] PackLoader:240 - Cannot read IP mode file for STMicroelectronics.X-CUBE-SUBG2.5.0.0
2024-09-12 10:23:17,782 [WARN] PackLoader:240 - Cannot read IP mode file for Cesanta.I-CUBE-Mongoose.7.13.0
2024-09-12 10:23:17,803 [WARN] PackLoader:240 - Cannot read IP mode file for STMicroelectronics.X-CUBE-AZRTOS-G4.2.0.0
2024-09-12 10:23:17,815 [WARN] PackLoader:240 - Cannot read IP mode file for STMicroelectronics.X-CUBE-ISPU.2.0.0
2024-09-12 10:23:17,818 [WARN] PackLoader:240 - Cannot read IP mode file for STMicroelectronics.X-CUBE-ALS.1.0.2
2024-09-12 10:23:17,823 [WARN] PackLoader:240 - Cannot read IP mode file for STMicroelectronics.X-CUBE-TOUCHGFX.4.24.0
2024-09-12 10:23:17,831 [WARN] PackLoader:240 - Cannot read IP mode file for wolfSSL.I-CUBE-wolfTPM.3.4.0
2024-09-12 10:23:17,836 [WARN] PackLoader:240 - Cannot read IP mode file for portGmbH.I-Cube-SoM-uGOAL.1.1.0
2024-09-12 10:23:17,862 [WARN] PackLoader:240 - Cannot read IP mode file for STMicroelectronics.X-CUBE-AZRTOS-H7RS.1.0.0
2024-09-12 10:23:17,868 [WARN] PackLoader:240 - Cannot read IP mode file for STMicroelectronics.FP-ATR-ASTRA1.2.0.0
2024-09-12 10:23:17,886 [WARN] PackLoader:240 - Cannot read IP mode file for STMicroelectronics.X-CUBE-TOF1.3.4.2
2024-09-12 10:23:17,931 [WARN] PackLoader:240 - Cannot read IP mode file for Infineon.AIROC-Wi-Fi-Bluetooth-STM32.1.6.1
2024-09-12 10:23:17,942 [WARN] PackLoader:240 - Cannot read IP mode file for wolfSSL.I-CUBE-wolfSSH.1.4.17
2024-09-12 10:23:17,947 [INFO] ThirdParty:978 - Integrity check success = true
2024-09-12 10:23:17,948 [INFO] IntegrityCheckThread:100 - exiting critical section [integrity check]
2024-09-12 10:23:17,948 [INFO] IntegrityCheckThread:103 - End integrity checks thread
2024-09-12 10:23:19,717 [INFO] WebApp:167 - Instantiating new browser for Auth
2024-09-12 10:23:21,155 [INFO] WebApp:448 - Apply proxy settings
2024-09-12 10:23:21,164 [INFO] WebApp:493 - Chromium authenticates against Manually configured proxy
2024-09-12 10:23:21,184 [INFO] WebApp:501 - Username used for proxy authentication: 
2024-09-12 10:23:21,241 [INFO] WebApp:869 - Register for checkConnection events
2024-09-12 10:23:21,241 [INFO] WebApp:448 - Apply proxy settings
2024-09-12 10:23:21,244 [INFO] WebApp:493 - Chromium authenticates against Manually configured proxy
2024-09-12 10:23:21,244 [INFO] WebApp:501 - Username used for proxy authentication: 
2024-09-12 10:23:21,357 [INFO] WebApp:220 - Starting web application
2024-09-12 10:23:21,358 [INFO] WebApp:578 - Web application path used /Applications/STM32CubeIDE.app/Contents/Eclipse/plugins/com.st.stm32cube.common.mx_6.12.0.202406281431/db/plugins/mcufinder/reactClient1/index.html
2024-09-12 10:23:21,830 [INFO] UserAuth:417 - Internet connection configuration mode: 1
2024-09-12 10:23:22,025 [INFO] WebApp:186 - Connection restablished
2024-09-12 10:24:29,387 [INFO] McuFinderGlobals:63 - Set McuFinder mode to 2 (CubeIDE integrated)
2024-09-12 10:24:29,391 [INFO] MainUpdater:2873 - connection check result : 10
2024-09-12 10:24:30,971 [INFO] ApiDb:581 - Connected to CubeFinder SQLite database (/Users/kitton/.stmcufinder/plugins/mcufinder/mcu/cube-finder-db.db)
2024-09-12 10:24:31,010 [INFO] ApiDb:668 - CubeFinder database Data Model version=2.1
2024-09-12 10:24:31,010 [INFO] ApiDb:669 - CubeFinder database Configuration version=3.0.39
2024-09-12 10:24:31,011 [INFO] ApiDb:670 - CubeFinder database generation date=2024-08-06 (1722941618)
2024-09-12 10:24:31,011 [INFO] ApiDb:671 - CubeFinder database FW Pack versions=[FP-ATR-ASTRA1_V2.0.0, FP-SNS-FLIGHT1_V5.0.2, FP-SNS-MOTENV1_V5.0.0, FP-SNS-MOTENVWB1_V1.4.0, FP-SNS-SMARTAG2_V1.2.0, FP-SNS-STBOX1_V2.0.0, STM32Cube_FW_C0_V1.2.0, STM32Cube_FW_F4_V1.28.0, STM32Cube_FW_F7_V1.17.2, STM32Cube_FW_G0_V1.6.2, STM32Cube_FW_G4_V1.6.0, STM32Cube_FW_H5_V1.3.0, STM32Cube_FW_H7RS_V1.1.0, STM32Cube_FW_H7_V1.11.2, STM32Cube_FW_L0_V1.12.2, STM32Cube_FW_L5_V1.5.1, STM32Cube_FW_U0_V1.1.0, STM32Cube_FW_U5_V1.6.0, STM32Cube_FW_WB0_V1.0.0, STM32Cube_FW_WBA_V1.4.1, STM32Cube_FW_WB_V1.20.0, STM32Cube_FW_WL_V1.3.0, X-CUBE-ALGOBUILD_V1.4.0, X-CUBE-ALS_V1.0.2, X-CUBE-AZRTOS-F4_V1.1.0, X-CUBE-AZRTOS-F7_V1.1.0, X-CUBE-AZRTOS-G0_V1.1.0, X-CUBE-AZRTOS-G4_V2.0.0, X-CUBE-AZRTOS-H7RS_V1.0.0, X-CUBE-AZRTOS-H7_V3.2.0, X-CUBE-AZRTOS-L4_V2.0.0, X-CUBE-AZRTOS-L5_V1.1.0, X-CUBE-AZRTOS-WB_V2.0.0, X-CUBE-AZRTOS-WL_V2.0.0, X-CUBE-BLE1_V7.0.0, X-CUBE-BLE2_V3.3.0, X-CUBE-BLEMGR_V3.1.0, X-CUBE-EEPRMA1_V5.1.0, X-CUBE-FREERTOS_V1.2.0, X-CUBE-GNSS1_V6.0.0, X-CUBE-MEMS1_V10.0.0, X-CUBE-NFC4_V3.0.0, X-CUBE-NFC7_V1.0.1, X-CUBE-SFXS2LP1_V4.0.0, X-CUBE-SUBG2_V5.0.0, X-CUBE-TOF1_V3.4.2]
2024-09-12 10:24:31,089 [INFO] DbBoardsSqlite:226 - include board P-NUCLEO-WB55-NUCLEO as a kit item of type 'Nucleo-64'
2024-09-12 10:24:31,089 [INFO] DbBoardsSqlite:226 - include board P-NUCLEO-WB55-USBDONGLE as a kit item of type 'Nucleo USB Dongle'
2024-09-12 10:24:31,090 [INFO] DbBoardsSqlite:226 - include board STEVAL-IDP005V1 as a kit item of type 'Evaluation Board'
2024-09-12 10:24:31,090 [INFO] DbBoardsSqlite:226 - include board STEVAL-IDP005V2 as a kit item of type 'Evaluation Board'
2024-09-12 10:24:31,175 [INFO] ApiDb:240 - Found 646 in-development CPN: [B-G473E-ZEST1S, B-WB1M-WPAN1, B-WL5M-SUBG1, NUCLEO-C031C6, NUCLEO-C071RB, NUCLEO-H503RB, NUCLEO-H533RE, NUCLEO-H563ZI, NUCLEO-H7S3L8, NUCLEO-U031R8, NUCLEO-U083RC, NUCLEO-U545RE-Q, NUCLEO-U5A5ZJ-Q, NUCLEO-WB05KZ, NUCLEO-WB07CC, NUCLEO-WB09KE, NUCLEO-WBA52CG, NUCLEO-WBA55CG, STEVAL-PROTEUS1, STEVAL-SMARTAG2, STEVAL-STWINBX1, STM320518-EVAL, STM32C0116-DK, STM32C011D6Y3TR, STM32C011D6Y6TR, STM32C011F4P3, STM32C011F4P6, STM32C011F4U3, STM32C011F4U6TR, STM32C011F6P3, STM32C011F6P6, STM32C011F6U3, STM32C011F6U6TR, STM32C011J4M3, STM32C011J4M6, STM32C011J6M3, STM32C011J6M6, STM32C0316-DK, STM32C031C4T3, STM32C031C4T6, STM32C031C4U3, STM32C031C4U6, STM32C031C6T3, STM32C031C6T6, STM32C031C6U3, STM32C031C6U6, STM32C031F4P3, STM32C031F4P6, STM32C031F6P3, STM32C031F6P6, STM32C031G4U3, STM32C031G4U6, STM32C031G6U3, STM32C031G6U6, STM32C031K4T3, STM32C031K4T6, STM32C031K4U3, STM32C031K4U6, STM32C031K6T3, STM32C031K6T6, STM32C031K6U3, STM32C031K6U6, STM32C071C8T6, STM32C071C8T6N, STM32C071C8U6, STM32C071C8U6N, STM32C071CBT6, STM32C071CBT6N, STM32C071CBU6, STM32C071CBU6N, STM32C071F8P6, STM32C071F8P6N, STM32C071FBP6, STM32C071FBP6N, STM32C071FBY6TR, STM32C071G8U6, STM32C071G8U6N, STM32C071GBU6, STM32C071GBU6N, STM32C071K8T6, STM32C071K8T6N, STM32C071K8U6, STM32C071K8U6N, STM32C071KBT6, STM32C071KBT6N, STM32C071KBU6, STM32C071KBU6N, STM32C071R8T6, STM32C071R8T6N, STM32C071RBI6N, STM32C071RBT6, STM32C071RBT6N, STM32G071K8TXN, STM32G071K8UXN, STM32G081GBU6N, STM32G081KBT6N, STM32G081KBUXN, STM32G0B1CCT6N, STM32G0B1KCT6, STM32G0B1NEY6TR, STM32G0B1RCT6N, STM32G0C1CCT6, STM32G0C1CCT6N, STM32G0C1CCU6N, STM32G0C1CET6N, STM32G0C1CEU6N, STM32G0C1KCT6, STM32G0C1NEY6TR, STM32G0C1RCI6N, STM32G0C1RCT6N, STM32G0C1REI6N, STM32G0C1RET6N, STM32G0C1VCI6, STM32G0C1VEI6, STM32G411C6T3, STM32G411C6T6, STM32G411C6U3, STM32G411C6U6, STM32G411C8T3, STM32G411C8T6, STM32G411C8U3, STM32G411C8U6, STM32G411CBT3, STM32G411CBT6, STM32G411CBU3, STM32G411CBU6, STM32G411K6T3, STM32G411K6T6, STM32G411K6U3, STM32G411K6U6, STM32G411K8T3, STM32G411K8T6, STM32G411K8U3, STM32G411K8U6, STM32G411KBT3, STM32G411KBT6, STM32G411KBU3, STM32G411KBU6, STM32G411M6T3, STM32G411M6T6, STM32G411M8T3, STM32G411M8T6, STM32G411MBT3, STM32G411MBT6, STM32G411R6T3, STM32G411R6T6, STM32G411R8T3, STM32G411R8T6, STM32G411RBT3, STM32G411RBT6, STM32G414CBT3, STM32G414CBT6, STM32G414CBU3, STM32G414CBU6, STM32G414CCT3, STM32G414CCT6, STM32G414CCU3, STM32G414CCU6, STM32G414MBT3, STM32G414MBT6, STM32G414MCT3, STM32G414MCT6, STM32G414RBT3, STM32G414RBT6, STM32G414RCT3, STM32G414RCT6, STM32G414VBT3, STM32G414VBT6, STM32G414VCT3, STM32G414VCT6, STM32G431CBT3Z, STM32G431RBT3Z, STM32G471CCT6, STM32G471CCU6, STM32G471CET3, STM32G471CET6, STM32G471CEU3, STM32G471CEU6, STM32G471MCT6, STM32G471MET3, STM32G471MET6, STM32G471MEY6TR, STM32G471QCT6, STM32G471QET3, STM32G471RCT6, STM32G471RET3, STM32G471RET6, STM32G471VCH6, STM32G471VCI6, STM32G471VCT6, STM32G471VEH3, STM32G471VEH6, STM32G471VEI3, STM32G471VEI6, STM32G471VET3, STM32G471VET6, STM32G473QET3Z, STM32G473RET3Z, STM32G474CCT6, STM32G491RET3Z, STM32H503CBT6, STM32H503CBU6, STM32H503EBY6TR, STM32H503KBU6, STM32H503RBT6, STM32H523CCT6, STM32H523CCU6, STM32H523CET6, STM32H523CEU6, STM32H523HEY6TR, STM32H523RCT6, STM32H523RET6, STM32H523VCI6, STM32H523VCT6, STM32H523VEI6, STM32H523VET6, STM32H523ZCJ6, STM32H523ZCT6, STM32H523ZEJ6, STM32H523ZET6, STM32H533CET6, STM32H533CEU6, STM32H533HEY6TR, STM32H533RET6, STM32H533VEI6, STM32H533VET6, STM32H533ZEJ6, STM32H533ZET6, STM32H562AGI6, STM32H562AII6, STM32H562IGK6, STM32H562IGT6, STM32H562IIK6, STM32H562IIT6, STM32H562RGT6, STM32H562RGV6, STM32H562RIT6, STM32H562RIV6, STM32H562VGT6, STM32H562VIT6, STM32H562ZGT6, STM32H562ZIT6, STM32H563AGI6, STM32H563AII3Q, STM32H563AII6, STM32H563IGK6, STM32H563IGT6, STM32H563IIK3Q, STM32H563IIK6, STM32H563IIT3Q, STM32H563IIT6, STM32H563MIY3QTR, STM32H563RGT6, STM32H563RGV6, STM32H563RIT6, STM32H563RIV6, STM32H563VGT6, STM32H563VIT3Q, STM32H563VIT6, STM32H563ZGT6, STM32H563ZIT3Q, STM32H563ZIT6, STM32H573AII3Q, STM32H573AII6, STM32H573I-DK, STM32H573IIK3Q, STM32H573IIK6, STM32H573IIT3Q, STM32H573IIT6, STM32H573MIY3QTR, STM32H573RIT6, STM32H573RIV6, STM32H573VIT3Q, STM32H573VIT6, STM32H573ZIT3Q, STM32H573ZIT6, STM32H7R3A8I6, STM32H7R3I8K6, STM32H7R3I8T6, STM32H7R3L8H6, STM32H7R3L8H6H, STM32H7R3R8V6, STM32H7R3V8H6, STM32H7R3V8T6, STM32H7R3V8Y6TR, STM32H7R3Z8J6, STM32H7R3Z8T6, STM32H7R7A8I6, STM32H7R7I8K6, STM32H7R7I8T6, STM32H7R7L8H6, STM32H7R7L8H6H, STM32H7R7Z8J6, STM32H7S3A8I6, STM32H7S3I8K6, STM32H7S3I8T6, STM32H7S3L8H6, STM32H7S3L8H6H, STM32H7S3R8V6, STM32H7S3V8H6, STM32H7S3V8T6, STM32H7S3V8Y6TR, STM32H7S3Z8J6, STM32H7S3Z8T6, STM32H7S78-DK, STM32H7S7A8I6, STM32H7S7I8K6, STM32H7S7I8T6, STM32H7S7L8H6, STM32H7S7L8H6H, STM32H7S7Z8J6, STM32L4R5QGI6STR, STM32MP131AAE3, STM32MP131AAF3, STM32MP131AAG3, STM32MP131CAE3, STM32MP131CAF3, STM32MP131CAG3, STM32MP131DAE7, STM32MP131DAF7, STM32MP131DAG7, STM32MP131FAE7, STM32MP131FAF7, STM32MP131FAG7, STM32MP133AAE3, STM32MP133AAF3, STM32MP133AAG3, STM32MP133CAE3, STM32MP133CAF3, STM32MP133CAG3, STM32MP133DAE7, STM32MP133DAF7, STM32MP133DAG7, STM32MP133FAE7, STM32MP133FAF7, STM32MP133FAG7, STM32MP135AAE3, STM32MP135AAF3, STM32MP135AAG3, STM32MP135CAE3, STM32MP135CAF3, STM32MP135CAG3, STM32MP135DAE7, STM32MP135DAF7, STM32MP135DAG7, STM32MP135F-DK, STM32MP135FAE7, STM32MP135FAF7, STM32MP135FAF7T, STM32MP135FAF7U, STM32MP135FAG7, STM32MP251AAI3, STM32MP251AAK3, STM32MP251AAL3, STM32MP251CAI3, STM32MP251CAK3, STM32MP251CAL3, STM32MP251DAI3, STM32MP251DAK3, STM32MP251DAL3, STM32MP251FAI3, STM32MP251FAK3, STM32MP251FAL3, STM32MP253AAI3, STM32MP253AAK3, STM32MP253AAL3, STM32MP253CAI3, STM32MP253CAK3, STM32MP253CAL3, STM32MP253DAI3, STM32MP253DAK3, STM32MP253DAL3, STM32MP253FAI3, STM32MP253FAK3, STM32MP253FAL3, STM32MP255AAI3, STM32MP255AAK3, STM32MP255AAL3, STM32MP255CAI3, STM32MP255CAK3, STM32MP255CAL3, STM32MP255DAI3, STM32MP255DAK3, STM32MP255DAL3, STM32MP255FAI3, STM32MP255FAK3, STM32MP255FAL3, STM32MP257AAI3, STM32MP257AAK3, STM32MP257AAL3, STM32MP257CAI3, STM32MP257CAK3, STM32MP257CAL3, STM32MP257DAI3, STM32MP257DAK3, STM32MP257DAL3, STM32MP257F-DK, STM32MP257F-EV1, STM32MP257FAI3, STM32MP257FAK3, STM32MP257FAL3, STM32U031C6T6, STM32U031C6U6, STM32U031C8T6, STM32U031C8U6, STM32U031F4P6, STM32U031F6P6, STM32U031F8P6, STM32U031G6Y6TR, STM32U031G8Y6TR, STM32U031K4U6, STM32U031K6U6, STM32U031K8U6, STM32U031R6I6, STM32U031R6T6, STM32U031R8I6, STM32U031R8T6, STM32U073C8T6, STM32U073C8U6, STM32U073CBT6, STM32U073CBU6, STM32U073CCT6, STM32U073CCU6, STM32U073H8Y6TR, STM32U073HBY6TR, STM32U073HCY6TR, STM32U073K8U6, STM32U073KBU6, STM32U073KCU6, STM32U073M8I6, STM32U073M8T6, STM32U073MBI6, STM32U073MBT6, STM32U073MCI6, STM32U073MCT6, STM32U073R8I6, STM32U073R8T6, STM32U073RBI6, STM32U073RBT6, STM32U073RCI6, STM32U073RCT6, STM32U083C-DK, STM32U083CCT6, STM32U083CCU6, STM32U083HCY6TR, STM32U083KCU6, STM32U083MCI6, STM32U083MCT6, STM32U083RCI6, STM32U083RCT6, STM32U535CBT6, STM32U535CBT6Q, STM32U535CBU6, STM32U535CBU6Q, STM32U535CCT6, STM32U535CCT6Q, STM32U535CCU6, STM32U535CCU6Q, STM32U535CET6, STM32U535CET6Q, STM32U535CEU6, STM32U535CEU6Q, STM32U535JEY6QTR, STM32U535NCY6QTR, STM32U535NEY6QTR, STM32U535RBI6, STM32U535RBI6Q, STM32U535RBT6, STM32U535RBT6Q, STM32U535RCI6, STM32U535RCI6Q, STM32U535RCT6, STM32U535RCT6Q, STM32U535REI6, STM32U535REI6Q, STM32U535RET6, STM32U535RET6Q, STM32U535VCI6, STM32U535VCI6Q, STM32U535VCT6, STM32U535VCT6Q, STM32U535VEI6, STM32U535VEI6Q, STM32U535VET6, STM32U535VET6Q, STM32U545CET6, STM32U545CET6Q, STM32U545CEU6, STM32U545CEU6Q, STM32U545JEY6QTR, STM32U545NEY6QTR, STM32U545REI6, STM32U545REI6Q, STM32U545RET6, STM32U545RET6Q, STM32U545VEI6, STM32U545VEI6Q, STM32U545VET6, STM32U545VET6Q, STM32U595AIH6, STM32U595AIH6Q, STM32U595AJH6, STM32U595AJH6Q, STM32U595QII6, STM32U595QII6Q, STM32U595QJI6, STM32U595QJI6Q, STM32U595RIT6, STM32U595RIT6Q, STM32U595RJT6, STM32U595RJT6Q, STM32U595VIT6, STM32U595VIT6Q, STM32U595VJT6, STM32U595VJT6Q, STM32U595ZIT6, STM32U595ZIT6Q, STM32U595ZIY6QTR, STM32U595ZJT6, STM32U595ZJT6Q, STM32U595ZJY6QTR, STM32U599BJY6QTR, STM32U599NIH6Q, STM32U599NJH6Q, STM32U599VIT6Q, STM32U599VJT6, STM32U599VJT6Q, STM32U599ZIT6Q, STM32U599ZIY6QTR, STM32U599ZJT6Q, STM32U599ZJY6QTR, STM32U5A5AJH6, STM32U5A5AJH6Q, STM32U5A5QII3Q , STM32U5A5QJI6, STM32U5A5QJI6Q, STM32U5A5RJT6, STM32U5A5RJT6Q, STM32U5A5VJT6, STM32U5A5VJT6Q, STM32U5A5ZJT6, STM32U5A5ZJT6Q, STM32U5A5ZJY6QTR, STM32U5A9BJY6QTR, STM32U5A9J-DK, STM32U5A9NJH6Q, STM32U5A9VJT6Q, STM32U5A9ZJT6Q, STM32U5A9ZJY6QTR, STM32U5F7VIT6, STM32U5F7VIT6Q, STM32U5F7VJT6, STM32U5F7VJT6Q, STM32U5F9BJY6QTR, STM32U5F9NJH6Q, STM32U5F9VIT6Q, STM32U5F9VJT6Q, STM32U5F9ZIJ6QTR, STM32U5F9ZIT6Q, STM32U5F9ZJJ6QTR, STM32U5F9ZJT6Q, STM32U5G7VJT6, STM32U5G7VJT6Q, STM32U5G9BJY6QTR, STM32U5G9J-DK1, STM32U5G9J-DK2, STM32U5G9NJH6Q, STM32U5G9VJT6Q, STM32U5G9ZJJ6QTR, STM32U5G9ZJT6Q, STM32WB05KZV6TR, STM32WB05KZV7TR, STM32WB05TZF6TR, STM32WB05TZF7TR, STM32WB06CCF6TR, STM32WB06CCF7TR, STM32WB06CCV6TR, STM32WB06CCV7TR, STM32WB06KCV6TR, STM32WB06KCV7TR, STM32WB07CCF6TR, STM32WB07CCF7TR, STM32WB07CCV6TR, STM32WB07CCV7TR, STM32WB07KCV6TR, STM32WB07KCV7TR, STM32WB09KEV6TR, STM32WB09KEV7TR, STM32WB09TEF6TR, STM32WB09TEF7TR, STM32WB1MMCH6, STM32WBA50KGU6, STM32WBA50KGU6TR, STM32WBA52CEU6, STM32WBA52CEU6TR, STM32WBA52CEU7, STM32WBA52CEU7TR, STM32WBA52CGU6, STM32WBA52CGU6TR, STM32WBA52CGU6U, STM32WBA52CGU7, STM32WBA52CGU7TR, STM32WBA52KEU6, STM32WBA52KEU6TR, STM32WBA52KGU6, STM32WBA52KGU6TR, STM32WBA54CEU6, STM32WBA54CEU6TR, STM32WBA54CEU7, STM32WBA54CEU7TR, STM32WBA54CGU6, STM32WBA54CGU6TR, STM32WBA54CGU7, STM32WBA54CGU7TR, STM32WBA54KEU6, STM32WBA54KEU6TR, STM32WBA54KEU7, STM32WBA54KEU7TR, STM32WBA54KGU6, STM32WBA54KGU6TR, STM32WBA54KGU7, STM32WBA54KGU7TR, STM32WBA55CEU6, STM32WBA55CEU6TR, STM32WBA55CEU7, STM32WBA55CEU7TR, STM32WBA55CGU6, STM32WBA55CGU6TR, STM32WBA55CGU6U, STM32WBA55CGU7, STM32WBA55CGU7TR, STM32WBA55G-DK1, STM32WBA55HEF6, STM32WBA55HEF7, STM32WBA55HGF6, STM32WBA55HGF7, STM32WBA55UEI6, STM32WBA55UEI6TR, STM32WBA55UEI7, STM32WBA55UEI7TR, STM32WBA55UGI6, STM32WBA55UGI6TR, STM32WBA55UGI7, STM32WBA55UGI7TR, STM32WL5MOCH6, STM32WL5MOCH6TR]
2024-09-12 10:24:31,275 [INFO] BoardInfo:889 - No configuration file found for board P-NUCLEO-WB55
2024-09-12 10:24:31,276 [INFO] DbBoards:161 - Kit is not supported: P-NUCLEO-WB55
2024-09-12 10:24:31,282 [INFO] BoardInfo:889 - No configuration file found for board STEVAL-BFA001V1B
2024-09-12 10:24:31,283 [INFO] DbBoards:161 - Kit is not supported: STEVAL-BFA001V1B
2024-09-12 10:24:31,283 [INFO] BoardInfo:889 - No configuration file found for board STEVAL-BFA001V2B
2024-09-12 10:24:31,284 [INFO] DbBoards:161 - Kit is not supported: STEVAL-BFA001V2B
2024-09-12 10:24:31,373 [INFO] DbBoards:168 - Found 201 boards, 198 are supported
2024-09-12 10:24:31,373 [INFO] DbBoards:169 - Found 201 boards, 25 of them is supported for  Bsp
2024-09-12 10:24:31,376 [INFO] ApiDb:668 - CubeFinder database Data Model version=2.1
2024-09-12 10:24:31,376 [INFO] ApiDb:669 - CubeFinder database Configuration version=3.0.39
2024-09-12 10:24:31,376 [INFO] ApiDb:670 - CubeFinder database generation date=2024-08-06 (1722941618)
2024-09-12 10:24:31,376 [INFO] ApiDb:671 - CubeFinder database FW Pack versions=[FP-ATR-ASTRA1_V2.0.0, FP-SNS-FLIGHT1_V5.0.2, FP-SNS-MOTENV1_V5.0.0, FP-SNS-MOTENVWB1_V1.4.0, FP-SNS-SMARTAG2_V1.2.0, FP-SNS-STBOX1_V2.0.0, STM32Cube_FW_C0_V1.2.0, STM32Cube_FW_F4_V1.28.0, STM32Cube_FW_F7_V1.17.2, STM32Cube_FW_G0_V1.6.2, STM32Cube_FW_G4_V1.6.0, STM32Cube_FW_H5_V1.3.0, STM32Cube_FW_H7RS_V1.1.0, STM32Cube_FW_H7_V1.11.2, STM32Cube_FW_L0_V1.12.2, STM32Cube_FW_L5_V1.5.1, STM32Cube_FW_U0_V1.1.0, STM32Cube_FW_U5_V1.6.0, STM32Cube_FW_WB0_V1.0.0, STM32Cube_FW_WBA_V1.4.1, STM32Cube_FW_WB_V1.20.0, STM32Cube_FW_WL_V1.3.0, X-CUBE-ALGOBUILD_V1.4.0, X-CUBE-ALS_V1.0.2, X-CUBE-AZRTOS-F4_V1.1.0, X-CUBE-AZRTOS-F7_V1.1.0, X-CUBE-AZRTOS-G0_V1.1.0, X-CUBE-AZRTOS-G4_V2.0.0, X-CUBE-AZRTOS-H7RS_V1.0.0, X-CUBE-AZRTOS-H7_V3.2.0, X-CUBE-AZRTOS-L4_V2.0.0, X-CUBE-AZRTOS-L5_V1.1.0, X-CUBE-AZRTOS-WB_V2.0.0, X-CUBE-AZRTOS-WL_V2.0.0, X-CUBE-BLE1_V7.0.0, X-CUBE-BLE2_V3.3.0, X-CUBE-BLEMGR_V3.1.0, X-CUBE-EEPRMA1_V5.1.0, X-CUBE-FREERTOS_V1.2.0, X-CUBE-GNSS1_V6.0.0, X-CUBE-MEMS1_V10.0.0, X-CUBE-NFC4_V3.0.0, X-CUBE-NFC7_V1.0.1, X-CUBE-SFXS2LP1_V4.0.0, X-CUBE-SUBG2_V5.0.0, X-CUBE-TOF1_V3.4.2]
2024-09-12 10:24:32,528 [INFO] ApiDb:240 - Found 646 in-development CPN: [B-G473E-ZEST1S, B-WB1M-WPAN1, B-WL5M-SUBG1, NUCLEO-C031C6, NUCLEO-C071RB, NUCLEO-H503RB, NUCLEO-H533RE, NUCLEO-H563ZI, NUCLEO-H7S3L8, NUCLEO-U031R8, NUCLEO-U083RC, NUCLEO-U545RE-Q, NUCLEO-U5A5ZJ-Q, NUCLEO-WB05KZ, NUCLEO-WB07CC, NUCLEO-WB09KE, NUCLEO-WBA52CG, NUCLEO-WBA55CG, STEVAL-PROTEUS1, STEVAL-SMARTAG2, STEVAL-STWINBX1, STM320518-EVAL, STM32C0116-DK, STM32C011D6Y3TR, STM32C011D6Y6TR, STM32C011F4P3, STM32C011F4P6, STM32C011F4U3, STM32C011F4U6TR, STM32C011F6P3, STM32C011F6P6, STM32C011F6U3, STM32C011F6U6TR, STM32C011J4M3, STM32C011J4M6, STM32C011J6M3, STM32C011J6M6, STM32C0316-DK, STM32C031C4T3, STM32C031C4T6, STM32C031C4U3, STM32C031C4U6, STM32C031C6T3, STM32C031C6T6, STM32C031C6U3, STM32C031C6U6, STM32C031F4P3, STM32C031F4P6, STM32C031F6P3, STM32C031F6P6, STM32C031G4U3, STM32C031G4U6, STM32C031G6U3, STM32C031G6U6, STM32C031K4T3, STM32C031K4T6, STM32C031K4U3, STM32C031K4U6, STM32C031K6T3, STM32C031K6T6, STM32C031K6U3, STM32C031K6U6, STM32C071C8T6, STM32C071C8T6N, STM32C071C8U6, STM32C071C8U6N, STM32C071CBT6, STM32C071CBT6N, STM32C071CBU6, STM32C071CBU6N, STM32C071F8P6, STM32C071F8P6N, STM32C071FBP6, STM32C071FBP6N, STM32C071FBY6TR, STM32C071G8U6, STM32C071G8U6N, STM32C071GBU6, STM32C071GBU6N, STM32C071K8T6, STM32C071K8T6N, STM32C071K8U6, STM32C071K8U6N, STM32C071KBT6, STM32C071KBT6N, STM32C071KBU6, STM32C071KBU6N, STM32C071R8T6, STM32C071R8T6N, STM32C071RBI6N, STM32C071RBT6, STM32C071RBT6N, STM32G071K8TXN, STM32G071K8UXN, STM32G081GBU6N, STM32G081KBT6N, STM32G081KBUXN, STM32G0B1CCT6N, STM32G0B1KCT6, STM32G0B1NEY6TR, STM32G0B1RCT6N, STM32G0C1CCT6, STM32G0C1CCT6N, STM32G0C1CCU6N, STM32G0C1CET6N, STM32G0C1CEU6N, STM32G0C1KCT6, STM32G0C1NEY6TR, STM32G0C1RCI6N, STM32G0C1RCT6N, STM32G0C1REI6N, STM32G0C1RET6N, STM32G0C1VCI6, STM32G0C1VEI6, STM32G411C6T3, STM32G411C6T6, STM32G411C6U3, STM32G411C6U6, STM32G411C8T3, STM32G411C8T6, STM32G411C8U3, STM32G411C8U6, STM32G411CBT3, STM32G411CBT6, STM32G411CBU3, STM32G411CBU6, STM32G411K6T3, STM32G411K6T6, STM32G411K6U3, STM32G411K6U6, STM32G411K8T3, STM32G411K8T6, STM32G411K8U3, STM32G411K8U6, STM32G411KBT3, STM32G411KBT6, STM32G411KBU3, STM32G411KBU6, STM32G411M6T3, STM32G411M6T6, STM32G411M8T3, STM32G411M8T6, STM32G411MBT3, STM32G411MBT6, STM32G411R6T3, STM32G411R6T6, STM32G411R8T3, STM32G411R8T6, STM32G411RBT3, STM32G411RBT6, STM32G414CBT3, STM32G414CBT6, STM32G414CBU3, STM32G414CBU6, STM32G414CCT3, STM32G414CCT6, STM32G414CCU3, STM32G414CCU6, STM32G414MBT3, STM32G414MBT6, STM32G414MCT3, STM32G414MCT6, STM32G414RBT3, STM32G414RBT6, STM32G414RCT3, STM32G414RCT6, STM32G414VBT3, STM32G414VBT6, STM32G414VCT3, STM32G414VCT6, STM32G431CBT3Z, STM32G431RBT3Z, STM32G471CCT6, STM32G471CCU6, STM32G471CET3, STM32G471CET6, STM32G471CEU3, STM32G471CEU6, STM32G471MCT6, STM32G471MET3, STM32G471MET6, STM32G471MEY6TR, STM32G471QCT6, STM32G471QET3, STM32G471RCT6, STM32G471RET3, STM32G471RET6, STM32G471VCH6, STM32G471VCI6, STM32G471VCT6, STM32G471VEH3, STM32G471VEH6, STM32G471VEI3, STM32G471VEI6, STM32G471VET3, STM32G471VET6, STM32G473QET3Z, STM32G473RET3Z, STM32G474CCT6, STM32G491RET3Z, STM32H503CBT6, STM32H503CBU6, STM32H503EBY6TR, STM32H503KBU6, STM32H503RBT6, STM32H523CCT6, STM32H523CCU6, STM32H523CET6, STM32H523CEU6, STM32H523HEY6TR, STM32H523RCT6, STM32H523RET6, STM32H523VCI6, STM32H523VCT6, STM32H523VEI6, STM32H523VET6, STM32H523ZCJ6, STM32H523ZCT6, STM32H523ZEJ6, STM32H523ZET6, STM32H533CET6, STM32H533CEU6, STM32H533HEY6TR, STM32H533RET6, STM32H533VEI6, STM32H533VET6, STM32H533ZEJ6, STM32H533ZET6, STM32H562AGI6, STM32H562AII6, STM32H562IGK6, STM32H562IGT6, STM32H562IIK6, STM32H562IIT6, STM32H562RGT6, STM32H562RGV6, STM32H562RIT6, STM32H562RIV6, STM32H562VGT6, STM32H562VIT6, STM32H562ZGT6, STM32H562ZIT6, STM32H563AGI6, STM32H563AII3Q, STM32H563AII6, STM32H563IGK6, STM32H563IGT6, STM32H563IIK3Q, STM32H563IIK6, STM32H563IIT3Q, STM32H563IIT6, STM32H563MIY3QTR, STM32H563RGT6, STM32H563RGV6, STM32H563RIT6, STM32H563RIV6, STM32H563VGT6, STM32H563VIT3Q, STM32H563VIT6, STM32H563ZGT6, STM32H563ZIT3Q, STM32H563ZIT6, STM32H573AII3Q, STM32H573AII6, STM32H573I-DK, STM32H573IIK3Q, STM32H573IIK6, STM32H573IIT3Q, STM32H573IIT6, STM32H573MIY3QTR, STM32H573RIT6, STM32H573RIV6, STM32H573VIT3Q, STM32H573VIT6, STM32H573ZIT3Q, STM32H573ZIT6, STM32H7R3A8I6, STM32H7R3I8K6, STM32H7R3I8T6, STM32H7R3L8H6, STM32H7R3L8H6H, STM32H7R3R8V6, STM32H7R3V8H6, STM32H7R3V8T6, STM32H7R3V8Y6TR, STM32H7R3Z8J6, STM32H7R3Z8T6, STM32H7R7A8I6, STM32H7R7I8K6, STM32H7R7I8T6, STM32H7R7L8H6, STM32H7R7L8H6H, STM32H7R7Z8J6, STM32H7S3A8I6, STM32H7S3I8K6, STM32H7S3I8T6, STM32H7S3L8H6, STM32H7S3L8H6H, STM32H7S3R8V6, STM32H7S3V8H6, STM32H7S3V8T6, STM32H7S3V8Y6TR, STM32H7S3Z8J6, STM32H7S3Z8T6, STM32H7S78-DK, STM32H7S7A8I6, STM32H7S7I8K6, STM32H7S7I8T6, STM32H7S7L8H6, STM32H7S7L8H6H, STM32H7S7Z8J6, STM32L4R5QGI6STR, STM32MP131AAE3, STM32MP131AAF3, STM32MP131AAG3, STM32MP131CAE3, STM32MP131CAF3, STM32MP131CAG3, STM32MP131DAE7, STM32MP131DAF7, STM32MP131DAG7, STM32MP131FAE7, STM32MP131FAF7, STM32MP131FAG7, STM32MP133AAE3, STM32MP133AAF3, STM32MP133AAG3, STM32MP133CAE3, STM32MP133CAF3, STM32MP133CAG3, STM32MP133DAE7, STM32MP133DAF7, STM32MP133DAG7, STM32MP133FAE7, STM32MP133FAF7, STM32MP133FAG7, STM32MP135AAE3, STM32MP135AAF3, STM32MP135AAG3, STM32MP135CAE3, STM32MP135CAF3, STM32MP135CAG3, STM32MP135DAE7, STM32MP135DAF7, STM32MP135DAG7, STM32MP135F-DK, STM32MP135FAE7, STM32MP135FAF7, STM32MP135FAF7T, STM32MP135FAF7U, STM32MP135FAG7, STM32MP251AAI3, STM32MP251AAK3, STM32MP251AAL3, STM32MP251CAI3, STM32MP251CAK3, STM32MP251CAL3, STM32MP251DAI3, STM32MP251DAK3, STM32MP251DAL3, STM32MP251FAI3, STM32MP251FAK3, STM32MP251FAL3, STM32MP253AAI3, STM32MP253AAK3, STM32MP253AAL3, STM32MP253CAI3, STM32MP253CAK3, STM32MP253CAL3, STM32MP253DAI3, STM32MP253DAK3, STM32MP253DAL3, STM32MP253FAI3, STM32MP253FAK3, STM32MP253FAL3, STM32MP255AAI3, STM32MP255AAK3, STM32MP255AAL3, STM32MP255CAI3, STM32MP255CAK3, STM32MP255CAL3, STM32MP255DAI3, STM32MP255DAK3, STM32MP255DAL3, STM32MP255FAI3, STM32MP255FAK3, STM32MP255FAL3, STM32MP257AAI3, STM32MP257AAK3, STM32MP257AAL3, STM32MP257CAI3, STM32MP257CAK3, STM32MP257CAL3, STM32MP257DAI3, STM32MP257DAK3, STM32MP257DAL3, STM32MP257F-DK, STM32MP257F-EV1, STM32MP257FAI3, STM32MP257FAK3, STM32MP257FAL3, STM32U031C6T6, STM32U031C6U6, STM32U031C8T6, STM32U031C8U6, STM32U031F4P6, STM32U031F6P6, STM32U031F8P6, STM32U031G6Y6TR, STM32U031G8Y6TR, STM32U031K4U6, STM32U031K6U6, STM32U031K8U6, STM32U031R6I6, STM32U031R6T6, STM32U031R8I6, STM32U031R8T6, STM32U073C8T6, STM32U073C8U6, STM32U073CBT6, STM32U073CBU6, STM32U073CCT6, STM32U073CCU6, STM32U073H8Y6TR, STM32U073HBY6TR, STM32U073HCY6TR, STM32U073K8U6, STM32U073KBU6, STM32U073KCU6, STM32U073M8I6, STM32U073M8T6, STM32U073MBI6, STM32U073MBT6, STM32U073MCI6, STM32U073MCT6, STM32U073R8I6, STM32U073R8T6, STM32U073RBI6, STM32U073RBT6, STM32U073RCI6, STM32U073RCT6, STM32U083C-DK, STM32U083CCT6, STM32U083CCU6, STM32U083HCY6TR, STM32U083KCU6, STM32U083MCI6, STM32U083MCT6, STM32U083RCI6, STM32U083RCT6, STM32U535CBT6, STM32U535CBT6Q, STM32U535CBU6, STM32U535CBU6Q, STM32U535CCT6, STM32U535CCT6Q, STM32U535CCU6, STM32U535CCU6Q, STM32U535CET6, STM32U535CET6Q, STM32U535CEU6, STM32U535CEU6Q, STM32U535JEY6QTR, STM32U535NCY6QTR, STM32U535NEY6QTR, STM32U535RBI6, STM32U535RBI6Q, STM32U535RBT6, STM32U535RBT6Q, STM32U535RCI6, STM32U535RCI6Q, STM32U535RCT6, STM32U535RCT6Q, STM32U535REI6, STM32U535REI6Q, STM32U535RET6, STM32U535RET6Q, STM32U535VCI6, STM32U535VCI6Q, STM32U535VCT6, STM32U535VCT6Q, STM32U535VEI6, STM32U535VEI6Q, STM32U535VET6, STM32U535VET6Q, STM32U545CET6, STM32U545CET6Q, STM32U545CEU6, STM32U545CEU6Q, STM32U545JEY6QTR, STM32U545NEY6QTR, STM32U545REI6, STM32U545REI6Q, STM32U545RET6, STM32U545RET6Q, STM32U545VEI6, STM32U545VEI6Q, STM32U545VET6, STM32U545VET6Q, STM32U595AIH6, STM32U595AIH6Q, STM32U595AJH6, STM32U595AJH6Q, STM32U595QII6, STM32U595QII6Q, STM32U595QJI6, STM32U595QJI6Q, STM32U595RIT6, STM32U595RIT6Q, STM32U595RJT6, STM32U595RJT6Q, STM32U595VIT6, STM32U595VIT6Q, STM32U595VJT6, STM32U595VJT6Q, STM32U595ZIT6, STM32U595ZIT6Q, STM32U595ZIY6QTR, STM32U595ZJT6, STM32U595ZJT6Q, STM32U595ZJY6QTR, STM32U599BJY6QTR, STM32U599NIH6Q, STM32U599NJH6Q, STM32U599VIT6Q, STM32U599VJT6, STM32U599VJT6Q, STM32U599ZIT6Q, STM32U599ZIY6QTR, STM32U599ZJT6Q, STM32U599ZJY6QTR, STM32U5A5AJH6, STM32U5A5AJH6Q, STM32U5A5QII3Q , STM32U5A5QJI6, STM32U5A5QJI6Q, STM32U5A5RJT6, STM32U5A5RJT6Q, STM32U5A5VJT6, STM32U5A5VJT6Q, STM32U5A5ZJT6, STM32U5A5ZJT6Q, STM32U5A5ZJY6QTR, STM32U5A9BJY6QTR, STM32U5A9J-DK, STM32U5A9NJH6Q, STM32U5A9VJT6Q, STM32U5A9ZJT6Q, STM32U5A9ZJY6QTR, STM32U5F7VIT6, STM32U5F7VIT6Q, STM32U5F7VJT6, STM32U5F7VJT6Q, STM32U5F9BJY6QTR, STM32U5F9NJH6Q, STM32U5F9VIT6Q, STM32U5F9VJT6Q, STM32U5F9ZIJ6QTR, STM32U5F9ZIT6Q, STM32U5F9ZJJ6QTR, STM32U5F9ZJT6Q, STM32U5G7VJT6, STM32U5G7VJT6Q, STM32U5G9BJY6QTR, STM32U5G9J-DK1, STM32U5G9J-DK2, STM32U5G9NJH6Q, STM32U5G9VJT6Q, STM32U5G9ZJJ6QTR, STM32U5G9ZJT6Q, STM32WB05KZV6TR, STM32WB05KZV7TR, STM32WB05TZF6TR, STM32WB05TZF7TR, STM32WB06CCF6TR, STM32WB06CCF7TR, STM32WB06CCV6TR, STM32WB06CCV7TR, STM32WB06KCV6TR, STM32WB06KCV7TR, STM32WB07CCF6TR, STM32WB07CCF7TR, STM32WB07CCV6TR, STM32WB07CCV7TR, STM32WB07KCV6TR, STM32WB07KCV7TR, STM32WB09KEV6TR, STM32WB09KEV7TR, STM32WB09TEF6TR, STM32WB09TEF7TR, STM32WB1MMCH6, STM32WBA50KGU6, STM32WBA50KGU6TR, STM32WBA52CEU6, STM32WBA52CEU6TR, STM32WBA52CEU7, STM32WBA52CEU7TR, STM32WBA52CGU6, STM32WBA52CGU6TR, STM32WBA52CGU6U, STM32WBA52CGU7, STM32WBA52CGU7TR, STM32WBA52KEU6, STM32WBA52KEU6TR, STM32WBA52KGU6, STM32WBA52KGU6TR, STM32WBA54CEU6, STM32WBA54CEU6TR, STM32WBA54CEU7, STM32WBA54CEU7TR, STM32WBA54CGU6, STM32WBA54CGU6TR, STM32WBA54CGU7, STM32WBA54CGU7TR, STM32WBA54KEU6, STM32WBA54KEU6TR, STM32WBA54KEU7, STM32WBA54KEU7TR, STM32WBA54KGU6, STM32WBA54KGU6TR, STM32WBA54KGU7, STM32WBA54KGU7TR, STM32WBA55CEU6, STM32WBA55CEU6TR, STM32WBA55CEU7, STM32WBA55CEU7TR, STM32WBA55CGU6, STM32WBA55CGU6TR, STM32WBA55CGU6U, STM32WBA55CGU7, STM32WBA55CGU7TR, STM32WBA55G-DK1, STM32WBA55HEF6, STM32WBA55HEF7, STM32WBA55HGF6, STM32WBA55HGF7, STM32WBA55UEI6, STM32WBA55UEI6TR, STM32WBA55UEI7, STM32WBA55UEI7TR, STM32WBA55UGI6, STM32WBA55UGI6TR, STM32WBA55UGI7, STM32WBA55UGI7TR, STM32WL5MOCH6, STM32WL5MOCH6TR]
2024-09-12 10:24:32,536 [INFO] DbMcus:218 - Found 4251 MCUs, 4251 are supported
2024-09-12 10:24:32,538 [INFO] ApiDb:423 - Load user favorites file /Users/kitton/.stm32cubeide/favorites.mcus.txt: 1 item(s)
2024-09-12 10:24:32,538 [INFO] ApiDb:427 - User favorites MCUs=[STM32F767ZIT6]
2024-09-12 10:24:32,538 [INFO] DbMcus:224 - Set 1 / 1 favorites MCUs
2024-09-12 10:24:32,768 [INFO] ApiDb:414 - User favorites file not found: /Users/kitton/.stm32cubeide/favorites.boards.txt
2024-09-12 10:24:32,769 [INFO] DbBoards:198 - Set 0 / 0 favorites Boards
2024-09-12 10:24:32,769 [INFO] McuFinderGlobals:76 - Set McuFinderConnectedMode to true
2024-09-12 10:24:32,785 [INFO] MultiScanPanel:200 - Auto-refresh data requested => check proxy status ongoing
2024-09-12 10:24:32,787 [INFO] FinderPluginLoader:95 - Searching for filters in installed packs
2024-09-12 10:24:34,263 [INFO] LoadUrlFilesThread:185 - End of LoadServerUrlFiles without Thread
2024-09-12 10:24:34,276 [INFO] DetailPanel:341 - Set advertising image to /Users/kitton/STM32Cube/Repository//en.prom-stm32h7rs-mcu-finder.jpg
2024-09-12 10:24:52,001 [INFO] MainUpdater:2873 - connection check result : 10
2024-09-12 10:24:52,002 [INFO] MainUpdater:2873 - connection check result : 10
2024-09-12 10:24:56,939 [INFO] RulesReader:64 - Compatibility file has been processed (297 Rules)
2024-09-12 10:24:56,946 [INFO] RulesReader:64 - Compatibility file has been processed (297 Rules)
2024-09-12 10:24:56,951 [INFO] MicroXplorer:468 - Change Database Path : 
2024-09-12 10:24:56,951 [INFO] MicroXplorer:498 - Change Database Version : DB.6.0.120
2024-09-12 10:24:56,955 [WARN] ThirdParty:871 - waiting for thirdparty lock release [close project]
2024-09-12 10:24:56,955 [INFO] ThirdParty:873 - entering critical section [close project]
2024-09-12 10:24:56,958 [INFO] ThirdParty:883 - exiting critical section [close project]
2024-09-12 10:24:56,961 [INFO] PinOutPanel:1561 - setPackage(No Configuration,No Configuration)
2024-09-12 10:24:56,966 [INFO] UtilMem:75 - Begin LoadConfig() Used Memory: 787048600 Bytes (1073741824)
2024-09-12 10:24:56,967 [INFO] MicroXplorer:468 - Change Database Path : 
2024-09-12 10:24:56,967 [INFO] MicroXplorer:498 - Change Database Version : DB.6.0.120
2024-09-12 10:24:56,967 [INFO] OpenFileManager:332 - Change cursor
2024-09-12 10:24:57,008 [INFO] Mcu:2032 - Initializing MCU STM32F767ZITx STM32F767ZITx STM32F767ZIT6
2024-09-12 10:24:58,962 [INFO] Context:742 - Trying to add GPIOservice into a context  which must be forbidden
2024-09-12 10:24:59,929 [INFO] ImportTextPane:205 - (OptionalMessage_ERROR) Unable to find key (Mcu.ThirdPartyNb) in loaded IOC file
2024-09-12 10:24:59,931 [INFO] ImportTextPane:205 - (OptionalMessage_ERROR) Unable to find key (Mcu.PinsNb) in loaded IOC file
2024-09-12 10:24:59,931 [INFO] ImportTextPane:205 - (OptionalMessage_ERROR) Unable to find key (Mcu.IPNb) in loaded IOC file
2024-09-12 10:25:00,119 [INFO] RtosManager:555 - Registered RTOS mode: class=CMSIS, group=RTOS, mode=CMSIS_V1, owner=FREERTOS
2024-09-12 10:25:00,119 [INFO] RtosManager:555 - Registered RTOS mode: class=CMSIS, group=RTOS2, mode=CMSIS_V2, owner=FREERTOS
2024-09-12 10:25:00,119 [INFO] RtosManager:555 - Registered RTOS mode: class=RTOS, group=Core, mode=CMSIS_V1, owner=FREERTOS
2024-09-12 10:25:00,119 [INFO] RtosManager:555 - Registered RTOS mode: class=RTOS, group=Core, mode=CMSIS_V2, owner=FREERTOS
2024-09-12 10:25:00,119 [WARN] ModelIntegratedComponent:184 - Missing modes for component STMicroelectronics:FreeRTOS:0.0.1:STMicroelectronics:RTOS:FreeRTOS:Core:::10.2.0:
2024-09-12 10:25:00,134 [WARN] ModelIntegratedComponent:63 - No mode defined for component null
2024-09-12 10:25:00,134 [WARN] ModelIntegratedComponent:63 - No mode defined for component null
2024-09-12 10:25:00,134 [WARN] ModelIntegratedComponent:63 - No mode defined for component null
2024-09-12 10:25:00,134 [WARN] ModelIntegratedComponent:63 - No mode defined for component null
2024-09-12 10:25:00,134 [WARN] ModelIntegratedComponent:63 - No mode defined for component null
2024-09-12 10:25:00,134 [WARN] ModelIntegratedComponent:63 - No mode defined for component null
2024-09-12 10:25:00,134 [WARN] ModelIntegratedComponent:63 - No mode defined for component null
2024-09-12 10:25:00,134 [WARN] ModelIntegratedComponent:63 - No mode defined for component null
2024-09-12 10:25:00,134 [WARN] ModelIntegratedComponent:63 - No mode defined for component null
2024-09-12 10:25:00,134 [WARN] ModelIntegratedComponent:63 - No mode defined for component null
2024-09-12 10:25:00,134 [WARN] ModelIntegratedComponent:63 - No mode defined for component null
2024-09-12 10:25:00,134 [WARN] ModelIntegratedComponent:63 - No mode defined for component null
2024-09-12 10:25:00,134 [WARN] ModelIntegratedComponent:63 - No mode defined for component null
2024-09-12 10:25:00,135 [WARN] ModelIntegratedComponent:63 - No mode defined for component null
2024-09-12 10:25:00,135 [WARN] ModelIntegratedComponent:63 - No mode defined for component null
2024-09-12 10:25:00,135 [WARN] ModelIntegratedComponent:63 - No mode defined for component null
2024-09-12 10:25:00,135 [WARN] ModelIntegratedComponent:63 - No mode defined for component null
2024-09-12 10:25:00,135 [WARN] ModelIntegratedComponent:63 - No mode defined for component null
2024-09-12 10:25:00,135 [WARN] ModelIntegratedComponent:63 - No mode defined for component null
2024-09-12 10:25:00,135 [WARN] ModelIntegratedComponent:63 - No mode defined for component null
2024-09-12 10:25:00,135 [WARN] ModelIntegratedComponent:63 - No mode defined for component null
2024-09-12 10:25:00,135 [WARN] ModelIntegratedComponent:63 - No mode defined for component null
2024-09-12 10:25:00,135 [WARN] ModelIntegratedComponent:63 - No mode defined for component null
2024-09-12 10:25:00,135 [WARN] ModelIntegratedComponent:63 - No mode defined for component null
2024-09-12 10:25:00,135 [WARN] ModelIntegratedComponent:63 - No mode defined for component null
2024-09-12 10:25:00,135 [WARN] ModelIntegratedComponent:63 - No mode defined for component null
2024-09-12 10:25:00,135 [WARN] ModelIntegratedComponent:63 - No mode defined for component null
2024-09-12 10:25:00,135 [WARN] ModelIntegratedComponent:63 - No mode defined for component null
2024-09-12 10:25:00,135 [WARN] ModelIntegratedComponent:63 - No mode defined for component null
2024-09-12 10:25:00,135 [WARN] ModelIntegratedComponent:63 - No mode defined for component null
2024-09-12 10:25:00,135 [WARN] ModelIntegratedComponent:63 - No mode defined for component null
2024-09-12 10:25:00,135 [WARN] ModelIntegratedComponent:63 - No mode defined for component null
2024-09-12 10:25:00,135 [WARN] ModelIntegratedComponent:63 - No mode defined for component null
2024-09-12 10:25:00,135 [WARN] ModelIntegratedComponent:63 - No mode defined for component null
2024-09-12 10:25:00,135 [WARN] ModelIntegratedComponent:63 - No mode defined for component null
2024-09-12 10:25:00,135 [WARN] ModelPack:524 - Component already loaded: STMicroelectronics:HAL Drivers:0.0.0:STMicroelectronics:Device:STMicro_Driver:XSPI:HAL::0.0.1:HAL_XSPI
2024-09-12 10:25:00,167 [INFO] ThirdPartyModel:298 - Start build external matchings
2024-09-12 10:25:00,401 [INFO] ThirdPartyModel:316 - End build external matchings
2024-09-12 10:25:00,787 [INFO] UtilMem:75 - End LoadConfig() Used Memory: 615469264 Bytes (1073741824)
2024-09-12 10:25:00,814 [WARN] ThirdParty:833 - waiting for thirdparty lock release [change project]
2024-09-12 10:25:00,817 [INFO] ThirdParty:835 - entering critical section [change project]
2024-09-12 10:25:00,818 [INFO] ThirdParty:1030 - CMSIS Pack Vendor :STMicroelectronics USBPD 4.1
2024-09-12 10:25:00,818 [INFO] ThirdParty:1030 - CMSIS Pack Vendor :STMicroelectronics X-CUBE-AZRTOS-H7 3.3.0
2024-09-12 10:25:00,818 [INFO] ThirdParty:1030 - CMSIS Pack Vendor :STMicroelectronics X-CUBE-GNSS1 6.0.0
2024-09-12 10:25:00,818 [INFO] ThirdParty:1030 - CMSIS Pack Vendor :STMicroelectronics USB_HOST 2.0.0
2024-09-12 10:25:00,818 [INFO] ThirdParty:1030 - CMSIS Pack Vendor :STMicroelectronics FP-SNS-MOTENVWB1 1.4.0
2024-09-12 10:25:00,818 [INFO] ThirdParty:1030 - CMSIS Pack Vendor :STMicroelectronics X-CUBE-AZRTOS-F4 1.1.0
2024-09-12 10:25:00,818 [INFO] ThirdParty:1030 - CMSIS Pack Vendor :STMicroelectronics LIBJPEG 8.0.0
2024-09-12 10:25:00,818 [INFO] ThirdParty:1030 - CMSIS Pack Vendor :STMicroelectronics X-CUBE-SMBUS 2.1.0
2024-09-12 10:25:00,818 [INFO] ThirdParty:1030 - CMSIS Pack Vendor :STMicroelectronics USB_DEVICE 3.0.0
2024-09-12 10:25:00,818 [INFO] ThirdParty:1030 - CMSIS Pack Vendor :STMicroelectronics X-CUBE-TCPP 4.1.0
2024-09-12 10:25:00,818 [INFO] ThirdParty:1030 - CMSIS Pack Vendor :STMicroelectronics X-CUBE-FREERTOS 1.2.0
2024-09-12 10:25:00,818 [INFO] ThirdParty:1030 - CMSIS Pack Vendor :STMicroelectronics X-CUBE-AZRTOS-WB 2.0.0
2024-09-12 10:25:00,818 [INFO] ThirdParty:1030 - CMSIS Pack Vendor :STMicroelectronics X-CUBE-GNSS1 7.0.0
2024-09-12 10:25:00,818 [INFO] ThirdParty:1030 - CMSIS Pack Vendor :STMicroelectronics X-CUBE-AZRTOS-F7 1.1.0
2024-09-12 10:25:00,818 [INFO] ThirdParty:1030 - CMSIS Pack Vendor :STMicroelectronics X-CUBE-AZRTOS-L5 2.0.0
2024-09-12 10:25:00,818 [INFO] ThirdParty:1030 - CMSIS Pack Vendor :STMicroelectronics USB_DEVICE 2.0.0
2024-09-12 10:25:00,818 [INFO] ThirdParty:1030 - CMSIS Pack Vendor :STMicroelectronics X-CUBE-NFC6 3.1.0
2024-09-12 10:25:00,818 [INFO] ThirdParty:1030 - CMSIS Pack Vendor :STMicroelectronics X-CUBE-MEMS1 11.0.0
2024-09-12 10:25:00,818 [INFO] ThirdParty:1030 - CMSIS Pack Vendor :STMicroelectronics FreeRTOS 0.0.1
2024-09-12 10:25:00,818 [INFO] ThirdParty:1030 - CMSIS Pack Vendor :STMicroelectronics X-CUBE-AZRTOS-G0 1.1.0
2024-09-12 10:25:00,818 [INFO] ThirdParty:1030 - CMSIS Pack Vendor :STMicroelectronics X-CUBE-SAFEA1 1.2.2
2024-09-12 10:25:00,818 [INFO] ThirdParty:1030 - CMSIS Pack Vendor :STMicroelectronics X-CUBE-NFC4 3.0.0
2024-09-12 10:25:00,818 [INFO] ThirdParty:1030 - CMSIS Pack Vendor :STMicroelectronics X-CUBE-SUBG2 5.0.0
2024-09-12 10:25:00,818 [INFO] ThirdParty:1030 - CMSIS Pack Vendor :STMicroelectronics STM32_WPAN 1.0.0
2024-09-12 10:25:00,818 [INFO] ThirdParty:1030 - CMSIS Pack Vendor :EmbeddedOffice I-CUBE-FS-RTOS 1.0.1
2024-09-12 10:25:00,818 [INFO] ThirdParty:1030 - CMSIS Pack Vendor :STMicroelectronics lwIP 2.0.3
2024-09-12 10:25:00,818 [INFO] ThirdParty:1030 - CMSIS Pack Vendor :STMicroelectronics FP-SNS-FLIGHT1 5.0.2
2024-09-12 10:25:00,818 [INFO] ThirdParty:1030 - CMSIS Pack Vendor :Cesanta I-CUBE-Mongoose 7.13.0
2024-09-12 10:25:00,818 [INFO] ThirdParty:1030 - CMSIS Pack Vendor :STMicroelectronics USB_HOST 1.0.0
2024-09-12 10:25:00,818 [INFO] ThirdParty:1030 - CMSIS Pack Vendor :STMicroelectronics X-CUBE-AI 9.0.0
2024-09-12 10:25:00,818 [INFO] ThirdParty:1030 - CMSIS Pack Vendor :STMicroelectronics X-CUBE-AZRTOS-G4 2.0.0
2024-09-12 10:25:00,818 [INFO] ThirdParty:1030 - CMSIS Pack Vendor :STMicroelectronics PDM2PCM 3.1.0
2024-09-12 10:25:00,818 [INFO] ThirdParty:1030 - CMSIS Pack Vendor :STMicroelectronics PDM2PCM 3.3.0
2024-09-12 10:25:00,819 [INFO] ThirdParty:1030 - CMSIS Pack Vendor :STMicroelectronics X-CUBE-DISPLAY 3.0.0
2024-09-12 10:25:00,819 [INFO] ThirdParty:1030 - CMSIS Pack Vendor :RealThread X-CUBE-RT-Thread_Nano 4.1.1
2024-09-12 10:25:00,819 [INFO] ThirdParty:1030 - CMSIS Pack Vendor :STMicroelectronics X-CUBE-BLE1 7.0.0
2024-09-12 10:25:00,819 [INFO] ThirdParty:1030 - CMSIS Pack Vendor :STMicroelectronics FP-ATR-SIGFOX1 3.2.0
2024-09-12 10:25:00,819 [INFO] ThirdParty:1030 - CMSIS Pack Vendor :wolfSSL I-CUBE-wolfSSL 5.7.2
2024-09-12 10:25:00,819 [INFO] ThirdParty:1030 - CMSIS Pack Vendor :STMicroelectronics X-CUBE-ISPU 2.0.0
2024-09-12 10:25:00,819 [INFO] ThirdParty:1030 - CMSIS Pack Vendor :STMicroelectronics X-CUBE-EEPRMA1 5.1.0
2024-09-12 10:25:00,819 [INFO] ThirdParty:1030 - CMSIS Pack Vendor :STMicroelectronics HAL Drivers 0.0.0
2024-09-12 10:25:00,819 [INFO] ThirdParty:1030 - CMSIS Pack Vendor :STMicroelectronics MBEDTLS 2.16.2
2024-09-12 10:25:00,819 [INFO] ThirdParty:1030 - CMSIS Pack Vendor :STMicroelectronics X-CUBE-ALS 1.0.2
2024-09-12 10:25:00,819 [INFO] ThirdParty:1030 - CMSIS Pack Vendor :emotas I-CUBE-CANOPEN 1.3.0
2024-09-12 10:25:00,819 [INFO] ThirdParty:1030 - CMSIS Pack Vendor :STMicroelectronics X-CUBE-NFC7 1.0.1
2024-09-12 10:25:00,819 [INFO] ThirdParty:1030 - CMSIS Pack Vendor :STMicroelectronics MBEDTLS 2.14.1
2024-09-12 10:25:00,819 [INFO] ThirdParty:1030 - CMSIS Pack Vendor :STMicroelectronics X-CUBE-TOUCHGFX 4.24.0
2024-09-12 10:25:00,819 [INFO] ThirdParty:1030 - CMSIS Pack Vendor :ITTIA_DB I-CUBE-ITTIADB 8.9.0
2024-09-12 10:25:00,819 [INFO] ThirdParty:1030 - CMSIS Pack Vendor :wolfSSL I-CUBE-wolfTPM 3.4.0
2024-09-12 10:25:00,819 [INFO] ThirdParty:1030 - CMSIS Pack Vendor :portGmbH I-Cube-SoM-uGOAL 1.1.0
2024-09-12 10:25:00,819 [INFO] ThirdParty:1030 - CMSIS Pack Vendor :STMicroelectronics X-CUBE-BLEMGR 3.1.0
2024-09-12 10:25:00,819 [INFO] ThirdParty:1030 - CMSIS Pack Vendor :STMicroelectronics ThreadX 1.0.0
2024-09-12 10:25:00,819 [INFO] ThirdParty:1030 - CMSIS Pack Vendor :STMicroelectronics FP-SNS-SMARTAG2 1.2.0
2024-09-12 10:25:00,819 [INFO] ThirdParty:1030 - CMSIS Pack Vendor :STMicroelectronics X-CUBE-AZRTOS-WL 2.0.0
2024-09-12 10:25:00,819 [INFO] ThirdParty:1030 - CMSIS Pack Vendor :SEGGER I-CUBE-embOS 1.3.1
2024-09-12 10:25:00,819 [INFO] ThirdParty:1030 - CMSIS Pack Vendor :STMicroelectronics X-CUBE-ALGOBUILD 1.4.0
2024-09-12 10:25:00,820 [INFO] ThirdParty:1030 - CMSIS Pack Vendor :STMicroelectronics FP-SNS-MOTENV1 5.0.0
2024-09-12 10:25:00,820 [INFO] ThirdParty:1030 - CMSIS Pack Vendor :STMicroelectronics USB_DEVICE 1.0.0
2024-09-12 10:25:00,820 [INFO] ThirdParty:1030 - CMSIS Pack Vendor :STMicroelectronics X-CUBE-AZRTOS-H7RS 1.0.0
2024-09-12 10:25:00,820 [INFO] ThirdParty:1030 - CMSIS Pack Vendor :wolfSSL I-CUBE-wolfMQTT 1.19.0
2024-09-12 10:25:00,820 [INFO] ThirdParty:1030 - CMSIS Pack Vendor :STMicroelectronics X-CUBE-AZRTOS-L4 2.0.0
2024-09-12 10:25:00,820 [INFO] ThirdParty:1030 - CMSIS Pack Vendor :STMicroelectronics ThreadX 0.0.2
2024-09-12 10:25:00,820 [INFO] ThirdParty:1030 - CMSIS Pack Vendor :WES I-CUBE-Cesium 1.3.0
2024-09-12 10:25:00,820 [INFO] ThirdParty:1030 - CMSIS Pack Vendor :STMicroelectronics FP-ATR-ASTRA1 2.0.0
2024-09-12 10:25:00,820 [INFO] ThirdParty:1030 - CMSIS Pack Vendor :STMicroelectronics lwIP 2.1.2
2024-09-12 10:25:00,820 [INFO] ThirdParty:1030 - CMSIS Pack Vendor :STMicroelectronics X-CUBE-SFXS2LP1 4.0.0
2024-09-12 10:25:00,820 [INFO] ThirdParty:1030 - CMSIS Pack Vendor :STMicroelectronics X-CUBE-BLE2 3.3.0
2024-09-12 10:25:00,820 [INFO] ThirdParty:1030 - CMSIS Pack Vendor :STMicroelectronics X-CUBE-TOF1 3.4.2
2024-09-12 10:25:00,821 [INFO] ThirdParty:1030 - CMSIS Pack Vendor :Infineon AIROC-Wi-Fi-Bluetooth-STM32 1.6.1
2024-09-12 10:25:00,821 [INFO] ThirdParty:1030 - CMSIS Pack Vendor :STMicroelectronics PDM2PCM 3.2.0
2024-09-12 10:25:00,821 [INFO] ThirdParty:1030 - CMSIS Pack Vendor :wolfSSL I-CUBE-wolfSSH 1.4.17
2024-09-12 10:25:00,823 [INFO] ThirdParty:841 - exiting critical section [change project]
2024-09-12 10:25:01,520 [INFO] PinOutPanel:1561 - setPackage(No Configuration,No Configuration)
2024-09-12 10:25:01,524 [INFO] PinOutPanel:1561 - setPackage(STM32F767ZITx,LQFP144)
2024-09-12 10:25:02,353 [INFO] UtilMem:75 - Before build in PCC Used Memory: 707851512 Bytes (1073741824)
2024-09-12 10:25:03,546 [INFO] UtilMem:75 - After build in PCC Used Memory: 655830016 Bytes (1073741824)
2024-09-12 10:25:03,610 [INFO] IPUIPlugin:80 - create IPUIPlugin
2024-09-12 10:25:03,610 [INFO] IPUIPlugin:80 - create IPUIPlugin
2024-09-12 10:25:03,610 [INFO] IPUIPlugin:80 - create IPUIPlugin
2024-09-12 10:25:03,613 [INFO] IPUIPlugin:80 - create IPUIPlugin
2024-09-12 10:25:03,613 [INFO] IPUIPlugin:80 - create IPUIPlugin
2024-09-12 10:25:03,614 [INFO] IPUIPlugin:80 - create IPUIPlugin
2024-09-12 10:25:03,614 [INFO] IPUIPlugin:80 - create IPUIPlugin
2024-09-12 10:25:03,614 [INFO] IPUIPlugin:80 - create IPUIPlugin
2024-09-12 10:25:03,615 [INFO] IPUIPlugin:80 - create IPUIPlugin
2024-09-12 10:25:03,615 [INFO] IPUIPlugin:80 - create IPUIPlugin
2024-09-12 10:25:03,615 [INFO] IPUIPlugin:80 - create IPUIPlugin
2024-09-12 10:25:03,616 [INFO] IPUIPlugin:80 - create IPUIPlugin
2024-09-12 10:25:03,616 [INFO] IPUIPlugin:80 - create IPUIPlugin
2024-09-12 10:25:03,616 [INFO] IPUIPlugin:80 - create IPUIPlugin
2024-09-12 10:25:03,616 [INFO] IPUIPlugin:80 - create IPUIPlugin
2024-09-12 10:25:03,619 [INFO] IPUIPlugin:80 - create IPUIPlugin
2024-09-12 10:25:03,619 [INFO] IPUIPlugin:80 - create IPUIPlugin
2024-09-12 10:25:03,619 [INFO] IPUIPlugin:80 - create IPUIPlugin
2024-09-12 10:25:03,619 [INFO] IPUIPlugin:80 - create IPUIPlugin
2024-09-12 10:25:03,619 [INFO] IPUIPlugin:80 - create IPUIPlugin
2024-09-12 10:25:03,619 [INFO] IPUIPlugin:80 - create IPUIPlugin
2024-09-12 10:25:03,620 [INFO] IPUIPlugin:80 - create IPUIPlugin
2024-09-12 10:25:03,620 [INFO] IPUIPlugin:80 - create IPUIPlugin
2024-09-12 10:25:03,620 [INFO] IPUIPlugin:80 - create IPUIPlugin
2024-09-12 10:25:03,620 [INFO] IPUIPlugin:80 - create IPUIPlugin
2024-09-12 10:25:03,620 [INFO] IPUIPlugin:80 - create IPUIPlugin
2024-09-12 10:25:03,620 [INFO] IPUIPlugin:80 - create IPUIPlugin
2024-09-12 10:25:03,620 [INFO] IPUIPlugin:80 - create IPUIPlugin
2024-09-12 10:25:03,620 [INFO] IPUIPlugin:80 - create IPUIPlugin
2024-09-12 10:25:03,621 [INFO] IPUIPlugin:80 - create IPUIPlugin
2024-09-12 10:25:03,621 [INFO] IPUIPlugin:80 - create IPUIPlugin
2024-09-12 10:25:03,621 [INFO] IPUIPlugin:80 - create IPUIPlugin
2024-09-12 10:25:03,621 [INFO] IPUIPlugin:80 - create IPUIPlugin
2024-09-12 10:25:03,622 [INFO] IPUIPlugin:80 - create IPUIPlugin
2024-09-12 10:25:03,622 [INFO] IPUIPlugin:80 - create IPUIPlugin
2024-09-12 10:25:03,622 [INFO] IPUIPlugin:80 - create IPUIPlugin
2024-09-12 10:25:03,622 [INFO] IPUIPlugin:80 - create IPUIPlugin
2024-09-12 10:25:03,625 [INFO] IPUIPlugin:80 - create IPUIPlugin
2024-09-12 10:25:03,625 [INFO] IPUIPlugin:80 - create IPUIPlugin
2024-09-12 10:25:03,625 [INFO] IPUIPlugin:80 - create IPUIPlugin
2024-09-12 10:25:03,625 [INFO] IPUIPlugin:80 - create IPUIPlugin
2024-09-12 10:25:03,626 [INFO] IPUIPlugin:80 - create IPUIPlugin
2024-09-12 10:25:03,626 [INFO] IPUIPlugin:80 - create IPUIPlugin
2024-09-12 10:25:03,626 [INFO] IPUIPlugin:80 - create IPUIPlugin
2024-09-12 10:25:03,626 [INFO] IPUIPlugin:80 - create IPUIPlugin
2024-09-12 10:25:03,626 [INFO] IPUIPlugin:80 - create IPUIPlugin
2024-09-12 10:25:03,626 [INFO] IPUIPlugin:80 - create IPUIPlugin
2024-09-12 10:25:03,626 [INFO] IPUIPlugin:80 - create IPUIPlugin
2024-09-12 10:25:03,626 [INFO] IPUIPlugin:80 - create IPUIPlugin
2024-09-12 10:25:03,626 [INFO] IPUIPlugin:80 - create IPUIPlugin
2024-09-12 10:25:03,627 [INFO] IPUIPlugin:80 - create IPUIPlugin
2024-09-12 10:25:03,627 [INFO] IPUIPlugin:80 - create IPUIPlugin
2024-09-12 10:25:03,627 [INFO] IPUIPlugin:80 - create IPUIPlugin
2024-09-12 10:25:03,627 [INFO] IPUIPlugin:80 - create IPUIPlugin
2024-09-12 10:25:03,627 [INFO] IPUIPlugin:80 - create IPUIPlugin
2024-09-12 10:25:03,627 [INFO] IPUIPlugin:80 - create IPUIPlugin
2024-09-12 10:25:03,627 [INFO] IPUIPlugin:80 - create IPUIPlugin
2024-09-12 10:25:03,627 [INFO] IPUIPlugin:80 - create IPUIPlugin
2024-09-12 10:25:03,627 [INFO] IPUIPlugin:80 - create IPUIPlugin
2024-09-12 10:25:03,627 [INFO] IPUIPlugin:80 - create IPUIPlugin
2024-09-12 10:25:03,627 [INFO] IPUIPlugin:80 - create IPUIPlugin
2024-09-12 10:25:03,627 [INFO] IPUIPlugin:80 - create IPUIPlugin
2024-09-12 10:25:03,627 [INFO] IPUIPlugin:80 - create IPUIPlugin
2024-09-12 10:25:03,627 [INFO] IPUIPlugin:80 - create IPUIPlugin
2024-09-12 10:25:03,627 [INFO] IPUIPlugin:80 - create IPUIPlugin
2024-09-12 10:25:03,627 [INFO] IPUIPlugin:80 - create IPUIPlugin
2024-09-12 10:25:03,628 [INFO] IPUIPlugin:80 - create IPUIPlugin
2024-09-12 10:25:03,628 [INFO] IPUIPlugin:80 - create IPUIPlugin
2024-09-12 10:25:03,628 [INFO] IPUIPlugin:80 - create IPUIPlugin
2024-09-12 10:25:03,628 [INFO] IPUIPlugin:80 - create IPUIPlugin
2024-09-12 10:25:03,628 [INFO] IPUIPlugin:80 - create IPUIPlugin
2024-09-12 10:25:03,628 [INFO] IPUIPlugin:80 - create IPUIPlugin
2024-09-12 10:25:03,628 [INFO] IPUIPlugin:80 - create IPUIPlugin
2024-09-12 10:25:03,629 [INFO] IPUIPlugin:80 - create IPUIPlugin
2024-09-12 10:25:03,629 [INFO] IPUIPlugin:80 - create IPUIPlugin
2024-09-12 10:25:03,629 [INFO] IPUIPlugin:80 - create IPUIPlugin
2024-09-12 10:25:03,629 [INFO] IPUIPlugin:80 - create IPUIPlugin
2024-09-12 10:25:03,630 [INFO] IPUIPlugin:80 - create IPUIPlugin
2024-09-12 10:25:03,630 [INFO] IPUIPlugin:80 - create IPUIPlugin
2024-09-12 10:25:03,685 [INFO] ApiDbMcu:508 - Load IP Config File for PDM2PCM
2024-09-12 10:25:04,036 [INFO] CADModel:165 - CPN selected for project levelSTM32F767ZIT6
2024-09-12 10:25:04,038 [INFO] CADModel:114 - Register for checkConnection events
2024-09-12 10:25:04,092 [INFO] OpenFileManager:363 - Restore cursor
2024-09-12 10:25:05,142 [INFO] UtilMem:75 - End SaveConfig() Used Memory: 642157904 Bytes (1073741824)
2024-09-12 10:25:05,208 [INFO] UtilMem:75 - End SaveConfig() Used Memory: 673095480 Bytes (1073741824)
2024-09-12 10:25:05,689 [INFO] BlockDiagram:2766 - set Specific Code input for plugin: RCC
2024-09-12 10:25:05,691 [INFO] BlockDiagram:2766 - set Specific Code input for plugin: NVIC
2024-09-12 10:25:05,691 [INFO] BlockDiagram:2766 - set Specific Code input for plugin: CORTEX_M7
2024-09-12 10:25:05,692 [INFO] CodeGenerator:807 - code generatio: config db path: /Applications/STM32CubeIDE.app/Contents/Eclipse/plugins/com.st.stm32cube.common.mx_6.12.0.202406281431//db/
2024-09-12 10:25:05,830 [INFO] CodeEngine:255 - oldGeneratedFile, /Users/kitton/STM32CubeIDE/MAD_LAB/Lab_07/MXTmpFiles/license.tmp_save
2024-09-12 10:25:06,226 [INFO] CodeEngine:279 - Generated code: /Users/kitton/STM32CubeIDE/MAD_LAB/Lab_07/MXTmpFiles/license.tmp
2024-09-12 10:25:06,310 [INFO] CodeEngine:255 - oldGeneratedFile, /Users/kitton/STM32CubeIDE/MAD_LAB/Lab_07/MXTmpFiles/cortex.tmp_save
2024-09-12 10:25:06,559 [INFO] CodeEngine:279 - Generated code: /Users/kitton/STM32CubeIDE/MAD_LAB/Lab_07/MXTmpFiles/cortex.tmp
2024-09-12 10:25:06,573 [INFO] CodeEngine:255 - oldGeneratedFile, /Users/kitton/STM32CubeIDE/MAD_LAB/Lab_07/Core/Src/stm32f7xx_it.c_save
2024-09-12 10:25:06,729 [INFO] CodeEngine:279 - Generated code: /Users/kitton/STM32CubeIDE/MAD_LAB/Lab_07/Core/Src/stm32f7xx_it.c
2024-09-12 10:25:06,734 [INFO] CodeEngine:255 - oldGeneratedFile, /Users/kitton/STM32CubeIDE/MAD_LAB/Lab_07/Core/Inc/stm32f7xx_it.h_save
2024-09-12 10:25:06,832 [INFO] CodeEngine:279 - Generated code: /Users/kitton/STM32CubeIDE/MAD_LAB/Lab_07/Core/Inc/stm32f7xx_it.h
2024-09-12 10:25:06,881 [INFO] CodeEngine:255 - oldGeneratedFile, /Users/kitton/STM32CubeIDE/MAD_LAB/Lab_07/Core/Src/stm32f7xx_hal_msp.c_save
2024-09-12 10:25:07,003 [INFO] CodeEngine:279 - Generated code: /Users/kitton/STM32CubeIDE/MAD_LAB/Lab_07/Core/Src/stm32f7xx_hal_msp.c
2024-09-12 10:25:07,004 [INFO] CodeEngine:255 - oldGeneratedFile, /Users/kitton/STM32CubeIDE/MAD_LAB/Lab_07/MXTmpFiles/system.tmp_save
2024-09-12 10:25:07,067 [INFO] CodeEngine:279 - Generated code: /Users/kitton/STM32CubeIDE/MAD_LAB/Lab_07/MXTmpFiles/system.tmp
2024-09-12 10:25:07,074 [INFO] CodeEngine:311 - oldGeneratedFile, /Users/kitton/STM32CubeIDE/MAD_LAB/Lab_07/Core/Inc/stm32f7xx_hal_conf.h_save
2024-09-12 10:25:07,194 [INFO] CodeEngine:335 - Generated code: /Users/kitton/STM32CubeIDE/MAD_LAB/Lab_07/Core/Inc/stm32f7xx_hal_conf.h
2024-09-12 10:25:07,264 [INFO] CodeEngine:255 - oldGeneratedFile, /Users/kitton/STM32CubeIDE/MAD_LAB/Lab_07/Core/Inc/main.h_save
2024-09-12 10:25:07,387 [INFO] CodeEngine:279 - Generated code: /Users/kitton/STM32CubeIDE/MAD_LAB/Lab_07/Core/Inc/main.h
2024-09-12 10:25:07,391 [INFO] CodeEngine:255 - oldGeneratedFile, /Users/kitton/STM32CubeIDE/MAD_LAB/Lab_07/Core/Src/main.c_save
2024-09-12 10:25:07,658 [INFO] CodeEngine:279 - Generated code: /Users/kitton/STM32CubeIDE/MAD_LAB/Lab_07/Core/Src/main.c
2024-09-12 10:25:07,962 [INFO] ProjectBuilder:3249 - Time for Copy HAL[1] : 53mS.
2024-09-12 10:25:07,970 [INFO] ProjectBuilder:4828 - Project Generator version: 4.4.0-B60
2024-09-12 10:25:08,133 [INFO] ConfigFileManager:1531 - The Die is : DIE451
2024-09-12 10:25:08,174 [INFO] ApiDbMcu:508 - Load IP Config File for FATFS
2024-09-12 10:25:08,182 [INFO] ApiDbMcu:508 - Load IP Config File for FREERTOS
2024-09-12 10:25:08,189 [INFO] ApiDbMcu:508 - Load IP Config File for LIBJPEG
2024-09-12 10:25:08,206 [INFO] ApiDbMcu:508 - Load IP Config File for LWIP
2024-09-12 10:25:08,225 [INFO] ApiDbMcu:508 - Load IP Config File for MBEDTLS
2024-09-12 10:25:08,240 [INFO] ApiDbMcu:508 - Load IP Config File for USB_DEVICE
2024-09-12 10:25:08,248 [INFO] ApiDbMcu:508 - Load IP Config File for USB_HOST
2024-09-12 10:25:08,665 [INFO] LogOutputStream:77 - [STDOUT_REDIRECT] 
2024-09-12 10:25:10,729 [INFO] ProjectBuilder:5097 - Time for Generating toolchain IDE Files: 2755mS.
2024-09-12 10:25:10,732 [INFO] ProjectBuilder:3107 - Time for Copy CMSIS : 1mS.
2024-09-12 10:25:10,733 [INFO] ProjectBuilder:3107 - Time for Copy CMSIS : 0mS.
2024-09-12 10:25:11,761 [INFO] McuFinderGlobals:76 - Set McuFinderConnectedMode to true
2024-09-12 10:25:11,781 [INFO] ApiDb:448 - Save user favorites file /Users/kitton/.stm32cubeide/favorites.mcus.txt: 1 item(s)
2024-09-12 10:25:11,788 [INFO] ApiDb:452 - User favorites MCUs=[STM32F767ZIT6]
2024-09-12 10:28:08,891 [INFO] NvicIntPanel:101 - NVIC parent = com.st.microxplorer.plugins.ip.nvic.MultiNvicIntPanel[,0,0,1024x207,layout=javax.swing.BoxLayout,alignmentX=0.0,alignmentY=0.0,border=,flags=9,maximumSize=,minimumSize=,preferredSize=]
2024-09-12 10:29:54,716 [INFO] NvicIntPanel:101 - NVIC parent = com.st.microxplorer.plugins.ip.nvic.MultiNvicIntPanel[,0,0,0x0,invalid,layout=javax.swing.BoxLayout,alignmentX=0.0,alignmentY=0.0,border=,flags=9,maximumSize=,minimumSize=,preferredSize=]
2024-09-12 10:30:09,859 [INFO] NvicIntPanel:101 - NVIC parent = com.st.microxplorer.plugins.ip.nvic.MultiNvicIntPanel[,0,0,0x0,invalid,layout=javax.swing.BoxLayout,alignmentX=0.0,alignmentY=0.0,border=,flags=9,maximumSize=,minimumSize=,preferredSize=]
2024-09-12 10:30:19,818 [INFO] NvicIntPanel:101 - NVIC parent = com.st.microxplorer.plugins.ip.nvic.MultiNvicIntPanel[,0,0,0x0,invalid,layout=javax.swing.BoxLayout,alignmentX=0.0,alignmentY=0.0,border=,flags=9,maximumSize=,minimumSize=,preferredSize=]
2024-09-12 10:31:12,366 [INFO] NvicIntPanel:101 - NVIC parent = com.st.microxplorer.plugins.ip.nvic.MultiNvicIntPanel[,0,0,0x0,invalid,layout=javax.swing.BoxLayout,alignmentX=0.0,alignmentY=0.0,border=,flags=9,maximumSize=,minimumSize=,preferredSize=]
2024-09-12 10:33:25,220 [INFO] UtilMem:75 - End SaveConfig() Used Memory: 688005088 Bytes (1073741824)
2024-09-12 10:33:25,355 [INFO] UtilMem:75 - End SaveConfig() Used Memory: 719175360 Bytes (1073741824)
2024-09-12 10:33:29,110 [INFO] UtilMem:75 - End SaveConfig() Used Memory: 824716328 Bytes (1073741824)
2024-09-12 10:33:29,373 [INFO] BlockDiagram:2766 - set Specific Code input for plugin: TIM1_8F77
2024-09-12 10:33:29,373 [INFO] BlockDiagram:2766 - set Specific Code input for plugin: SYS
2024-09-12 10:33:29,373 [INFO] BlockDiagram:2766 - set Specific Code input for plugin: RCC
2024-09-12 10:33:29,373 [INFO] BlockDiagram:2766 - set Specific Code input for plugin: NVIC
2024-09-12 10:33:29,373 [INFO] BlockDiagram:2766 - set Specific Code input for plugin: CORTEX_M7
2024-09-12 10:33:29,374 [INFO] BlockDiagram:2766 - set Specific Code input for plugin: GPIO
2024-09-12 10:33:29,374 [INFO] CodeGenerator:807 - code generatio: config db path: /Applications/STM32CubeIDE.app/Contents/Eclipse/plugins/com.st.stm32cube.common.mx_6.12.0.202406281431//db/
2024-09-12 10:33:29,475 [INFO] CodeEngine:255 - oldGeneratedFile, /Users/kitton/STM32CubeIDE/MAD_LAB/Lab_07/MXTmpFiles/license.tmp_save
2024-09-12 10:33:29,569 [INFO] CodeEngine:279 - Generated code: /Users/kitton/STM32CubeIDE/MAD_LAB/Lab_07/MXTmpFiles/license.tmp
2024-09-12 10:33:29,622 [INFO] CodeEngine:255 - oldGeneratedFile, /Users/kitton/STM32CubeIDE/MAD_LAB/Lab_07/Core/Src/gpio.c_save
2024-09-12 10:33:29,737 [INFO] CodeEngine:279 - Generated code: /Users/kitton/STM32CubeIDE/MAD_LAB/Lab_07/Core/Src/gpio.c
2024-09-12 10:33:29,744 [INFO] CodeEngine:255 - oldGeneratedFile, /Users/kitton/STM32CubeIDE/MAD_LAB/Lab_07/Core/Inc/gpio.h_save
2024-09-12 10:33:29,848 [INFO] CodeEngine:279 - Generated code: /Users/kitton/STM32CubeIDE/MAD_LAB/Lab_07/Core/Inc/gpio.h
2024-09-12 10:33:29,987 [INFO] CodeEngine:255 - oldGeneratedFile, /Users/kitton/STM32CubeIDE/MAD_LAB/Lab_07/MXTmpFiles/cortex.tmp_save
2024-09-12 10:33:30,048 [INFO] CodeEngine:279 - Generated code: /Users/kitton/STM32CubeIDE/MAD_LAB/Lab_07/MXTmpFiles/cortex.tmp
2024-09-12 10:33:30,051 [INFO] CodeEngine:255 - oldGeneratedFile, /Users/kitton/STM32CubeIDE/MAD_LAB/Lab_07/Core/Src/tim.c_save
2024-09-12 10:33:30,158 [INFO] CodeEngine:279 - Generated code: /Users/kitton/STM32CubeIDE/MAD_LAB/Lab_07/Core/Src/tim.c
2024-09-12 10:33:30,159 [INFO] CodeEngine:255 - oldGeneratedFile, /Users/kitton/STM32CubeIDE/MAD_LAB/Lab_07/Core/Inc/tim.h_save
2024-09-12 10:33:30,248 [INFO] CodeEngine:279 - Generated code: /Users/kitton/STM32CubeIDE/MAD_LAB/Lab_07/Core/Inc/tim.h
2024-09-12 10:33:30,265 [INFO] CodeEngine:255 - oldGeneratedFile, /Users/kitton/STM32CubeIDE/MAD_LAB/Lab_07/Core/Src/stm32f7xx_it.c_save
2024-09-12 10:33:30,344 [INFO] CodeEngine:279 - Generated code: /Users/kitton/STM32CubeIDE/MAD_LAB/Lab_07/Core/Src/stm32f7xx_it.c
2024-09-12 10:33:30,347 [INFO] CodeEngine:255 - oldGeneratedFile, /Users/kitton/STM32CubeIDE/MAD_LAB/Lab_07/Core/Inc/stm32f7xx_it.h_save
2024-09-12 10:33:30,389 [INFO] CodeEngine:279 - Generated code: /Users/kitton/STM32CubeIDE/MAD_LAB/Lab_07/Core/Inc/stm32f7xx_it.h
2024-09-12 10:33:30,399 [INFO] CodeEngine:255 - oldGeneratedFile, /Users/kitton/STM32CubeIDE/MAD_LAB/Lab_07/Core/Src/stm32f7xx_hal_msp.c_save
2024-09-12 10:33:30,463 [INFO] CodeEngine:279 - Generated code: /Users/kitton/STM32CubeIDE/MAD_LAB/Lab_07/Core/Src/stm32f7xx_hal_msp.c
2024-09-12 10:33:30,466 [INFO] CodeEngine:255 - oldGeneratedFile, /Users/kitton/STM32CubeIDE/MAD_LAB/Lab_07/MXTmpFiles/system.tmp_save
2024-09-12 10:33:30,510 [INFO] CodeEngine:279 - Generated code: /Users/kitton/STM32CubeIDE/MAD_LAB/Lab_07/MXTmpFiles/system.tmp
2024-09-12 10:33:30,517 [INFO] CodeEngine:311 - oldGeneratedFile, /Users/kitton/STM32CubeIDE/MAD_LAB/Lab_07/Core/Inc/stm32f7xx_hal_conf.h_save
2024-09-12 10:33:30,572 [INFO] CodeEngine:335 - Generated code: /Users/kitton/STM32CubeIDE/MAD_LAB/Lab_07/Core/Inc/stm32f7xx_hal_conf.h
2024-09-12 10:33:30,602 [INFO] CodeEngine:255 - oldGeneratedFile, /Users/kitton/STM32CubeIDE/MAD_LAB/Lab_07/Core/Inc/main.h_save
2024-09-12 10:33:30,656 [INFO] CodeEngine:279 - Generated code: /Users/kitton/STM32CubeIDE/MAD_LAB/Lab_07/Core/Inc/main.h
2024-09-12 10:33:30,659 [INFO] CodeEngine:255 - oldGeneratedFile, /Users/kitton/STM32CubeIDE/MAD_LAB/Lab_07/Core/Src/main.c_save
2024-09-12 10:33:30,734 [INFO] CodeEngine:279 - Generated code: /Users/kitton/STM32CubeIDE/MAD_LAB/Lab_07/Core/Src/main.c
2024-09-12 10:33:31,043 [INFO] ProjectBuilder:3249 - Time for Copy HAL[1] : 45mS.
2024-09-12 10:33:31,053 [INFO] ProjectBuilder:4828 - Project Generator version: 4.4.0-B60
2024-09-12 10:33:31,120 [INFO] ConfigFileManager:1531 - The Die is : DIE451
2024-09-12 10:33:31,960 [INFO] ProjectBuilder:5097 - Time for Generating toolchain IDE Files: 906mS.
2024-09-12 10:33:31,960 [INFO] ProjectBuilder:3107 - Time for Copy CMSIS : 0mS.
2024-09-12 10:33:31,961 [INFO] ProjectBuilder:3107 - Time for Copy CMSIS : 0mS.
2024-09-12 10:43:26,443 [INFO] MainUpdater:2873 - connection check result : 10
2024-09-12 10:43:26,445 [INFO] MainUpdater:2873 - connection check result : 10
2024-09-12 10:43:26,547 [INFO] MicroXplorer:468 - Change Database Path : 
2024-09-12 10:43:26,547 [INFO] MicroXplorer:498 - Change Database Version : DB.6.0.120
2024-09-12 10:43:26,582 [ERROR] ProjectManagerView:394 - 
java.lang.NullPointerException: Cannot invoke "javax.swing.JTextField.getText()" because the return value of "java.util.List.get(int)" is null
	at com.st.microxplorer.plugins.projectmanager.gui.ProjectChoiceTab$10.caretUpdate(ProjectChoiceTab.java:2622) ~[filemanager.jar:?]
	at javax.swing.text.JTextComponent.fireCaretUpdate(JTextComponent.java:412) ~[?:?]
	at javax.swing.text.JTextComponent$MutableCaretEvent.fire(JTextComponent.java:4491) ~[?:?]
	at javax.swing.text.JTextComponent$MutableCaretEvent.stateChanged(JTextComponent.java:4513) ~[?:?]
	at javax.swing.text.DefaultCaret.fireStateChanged(DefaultCaret.java:842) ~[?:?]
	at javax.swing.text.DefaultCaret.changeCaretPosition(DefaultCaret.java:1313) ~[?:?]
	at javax.swing.text.DefaultCaret.handleSetDot(DefaultCaret.java:1212) ~[?:?]
	at javax.swing.text.DefaultCaret.setDot(DefaultCaret.java:1193) ~[?:?]
	at javax.swing.text.DefaultCaret$Handler.insertUpdate(DefaultCaret.java:1789) ~[?:?]
	at javax.swing.text.AbstractDocument.fireInsertUpdate(AbstractDocument.java:226) ~[?:?]
	at javax.swing.text.AbstractDocument.handleInsertString(AbstractDocument.java:780) ~[?:?]
	at javax.swing.text.AbstractDocument.insertString(AbstractDocument.java:739) ~[?:?]
	at javax.swing.text.PlainDocument.insertString(PlainDocument.java:131) ~[?:?]
	at javax.swing.text.AbstractDocument.replace(AbstractDocument.java:698) ~[?:?]
	at javax.swing.text.JTextComponent.setText(JTextComponent.java:1729) ~[?:?]
	at com.st.microxplorer.plugins.projectmanager.gui.ProjectChoiceTab.createHeapStackFields(ProjectChoiceTab.java:972) ~[filemanager.jar:?]
	at com.st.microxplorer.plugins.projectmanager.gui.ProjectChoiceTab.buildLinkSettingsPanel(ProjectChoiceTab.java:3597) ~[filemanager.jar:?]
	at com.st.microxplorer.plugins.projectmanager.gui.ProjectChoiceTab.defineWindowsFields(ProjectChoiceTab.java:1940) ~[filemanager.jar:?]
	at com.st.microxplorer.plugins.projectmanager.gui.ProjectChoiceTab.updateSettings(ProjectChoiceTab.java:550) ~[filemanager.jar:?]
	at com.st.microxplorer.plugins.projectmanager.gui.ProjectSettingsPanel.UpdateDialog(ProjectSettingsPanel.java:245) ~[filemanager.jar:?]
	at com.st.microxplorer.plugins.projectmanager.ProjectManagerView.propertyChange(ProjectManagerView.java:391) ~[filemanager.jar:?]
	at java.beans.PropertyChangeSupport.fire(PropertyChangeSupport.java:343) ~[?:?]
	at java.beans.PropertyChangeSupport.firePropertyChange(PropertyChangeSupport.java:335) ~[?:?]
	at java.beans.PropertyChangeSupport.firePropertyChange(PropertyChangeSupport.java:268) ~[?:?]
	at com.st.microxplorer.util.MXPropertyChangeSupport.firePropertyChange(MXPropertyChangeSupport.java:54) ~[STM32CubeMX.jar:?]
	at com.st.microxplorer.mxsystem.MxSystem.closeConfig(MxSystem.java:900) ~[STM32CubeMX.jar:?]
	at com.st.microxplorer.maingui.MainPanel.closeConfig(MainPanel.java:781) ~[STM32CubeMX.jar:?]
	at com.st.microxplorer.plugins.filemanager.engine.OpenFileManager.loadConfigurationFile(OpenFileManager.java:265) ~[filemanager.jar:?]
	at com.st.microxplorer.plugins.filemanager.engine.MainFileManager.userLoadConfig(MainFileManager.java:352) ~[filemanager.jar:?]
	at com.st.microxplorer.plugins.filemanager.engine.MainFileManager.userLoadConfig(MainFileManager.java:330) ~[filemanager.jar:?]
	at com.st.microxplorer.plugins.filemanager.FileManagerView.getSpecificTask(FileManagerView.java:246) ~[filemanager.jar:?]
	at com.st.stm32cube.common.mx.editor.CubeMxEditor.getMxTabbedPaneInstance(CubeMxEditor.java:1198) ~[com.st.stm32cube.common.mx_6.12.0.202406281431/:?]
	at com.st.stm32cube.common.mx.editor.CubeMxEditor$12$1.createSwingComponent(CubeMxEditor.java:1068) ~[com.st.stm32cube.common.mx_6.12.0.202406281431/:?]
	at com.st.stm32cube.common.mx.oss.core.awtswtbridge.EmbeddedSwingComposite.doComponentCreation(EmbeddedSwingComposite.java:492) ~[com.st.stm32cube.common.mx.oss_6.12.0.202406281431/:?]
	at com.st.stm32cube.common.mx.oss.core.awtswtbridge.EmbeddedSwingComposite$4.run(EmbeddedSwingComposite.java:291) ~[com.st.stm32cube.common.mx.oss_6.12.0.202406281431/:?]
	at com.st.stm32cube.common.mx.oss.core.awtswtbridge.AwtEnvironment$2.run(AwtEnvironment.java:166) ~[com.st.stm32cube.common.mx.oss_6.12.0.202406281431/:?]
	at java.awt.event.InvocationEvent.dispatch(InvocationEvent.java:318) ~[?:?]
	at java.awt.EventQueue.dispatchEventImpl(EventQueue.java:773) ~[?:?]
	at java.awt.EventQueue$4.run(EventQueue.java:720) ~[?:?]
	at java.awt.EventQueue$4.run(EventQueue.java:714) ~[?:?]
	at java.security.AccessController.doPrivileged(AccessController.java:399) ~[?:?]
	at java.security.ProtectionDomain$JavaSecurityAccessImpl.doIntersectionPrivilege(ProtectionDomain.java:86) ~[?:?]
	at java.awt.EventQueue.dispatchEvent(EventQueue.java:742) ~[?:?]
	at java.awt.EventDispatchThread.pumpOneEventForFilters(EventDispatchThread.java:203) ~[?:?]
	at java.awt.EventDispatchThread.pumpEventsForFilter(EventDispatchThread.java:124) ~[?:?]
	at java.awt.EventDispatchThread.pumpEventsForHierarchy(EventDispatchThread.java:113) ~[?:?]
	at java.awt.EventDispatchThread.pumpEvents(EventDispatchThread.java:109) ~[?:?]
	at java.awt.EventDispatchThread.pumpEvents(EventDispatchThread.java:101) ~[?:?]
	at java.awt.EventDispatchThread.run(EventDispatchThread.java:90) ~[?:?]
2024-09-12 10:43:26,588 [WARN] ThirdParty:871 - waiting for thirdparty lock release [close project]
2024-09-12 10:43:26,588 [INFO] ThirdParty:873 - entering critical section [close project]
2024-09-12 10:43:26,588 [INFO] ThirdParty:883 - exiting critical section [close project]
2024-09-12 10:43:26,592 [INFO] PinOutPanel:1561 - setPackage(No Configuration,No Configuration)
2024-09-12 10:43:26,606 [WARN] IpParametersView:151 - Warning: This peripheral hasn't parameters
2024-09-12 10:43:26,616 [WARN] MainPanel:284 - <html><b><center>Warning: This peripheral has no parameters to be configured<br></b></html>
2024-09-12 10:43:26,626 [INFO] UtilMem:75 - Begin LoadConfig() Used Memory: 614066512 Bytes (1073741824)
2024-09-12 10:43:26,627 [INFO] MicroXplorer:468 - Change Database Path : 
2024-09-12 10:43:26,627 [INFO] MicroXplorer:498 - Change Database Version : DB.6.0.120
2024-09-12 10:43:26,627 [INFO] OpenFileManager:332 - Change cursor
2024-09-12 10:43:26,661 [INFO] RulesReader:64 - Compatibility file has been processed (297 Rules)
2024-09-12 10:43:26,671 [INFO] Mcu:2032 - Initializing MCU STM32F767ZITx STM32F767ZITx STM32F767ZIT6
2024-09-12 10:43:28,200 [INFO] Context:742 - Trying to add GPIOservice into a context  which must be forbidden
2024-09-12 10:43:28,848 [INFO] RtosManager:555 - Registered RTOS mode: class=CMSIS, group=RTOS, mode=CMSIS_V1, owner=FREERTOS
2024-09-12 10:43:28,849 [INFO] RtosManager:555 - Registered RTOS mode: class=CMSIS, group=RTOS2, mode=CMSIS_V2, owner=FREERTOS
2024-09-12 10:43:28,849 [INFO] RtosManager:555 - Registered RTOS mode: class=RTOS, group=Core, mode=CMSIS_V1, owner=FREERTOS
2024-09-12 10:43:28,849 [INFO] RtosManager:555 - Registered RTOS mode: class=RTOS, group=Core, mode=CMSIS_V2, owner=FREERTOS
2024-09-12 10:43:28,849 [WARN] ModelIntegratedComponent:184 - Missing modes for component STMicroelectronics:FreeRTOS:0.0.1:STMicroelectronics:RTOS:FreeRTOS:Core:::10.2.0:
2024-09-12 10:43:28,855 [WARN] ModelIntegratedComponent:63 - No mode defined for component null
2024-09-12 10:43:28,855 [WARN] ModelIntegratedComponent:63 - No mode defined for component null
2024-09-12 10:43:28,855 [WARN] ModelIntegratedComponent:63 - No mode defined for component null
2024-09-12 10:43:28,856 [WARN] ModelIntegratedComponent:63 - No mode defined for component null
2024-09-12 10:43:28,856 [WARN] ModelIntegratedComponent:63 - No mode defined for component null
2024-09-12 10:43:28,856 [WARN] ModelIntegratedComponent:63 - No mode defined for component null
2024-09-12 10:43:28,856 [WARN] ModelIntegratedComponent:63 - No mode defined for component null
2024-09-12 10:43:28,856 [WARN] ModelIntegratedComponent:63 - No mode defined for component null
2024-09-12 10:43:28,856 [WARN] ModelIntegratedComponent:63 - No mode defined for component null
2024-09-12 10:43:28,856 [WARN] ModelIntegratedComponent:63 - No mode defined for component null
2024-09-12 10:43:28,856 [WARN] ModelIntegratedComponent:63 - No mode defined for component null
2024-09-12 10:43:28,856 [WARN] ModelIntegratedComponent:63 - No mode defined for component null
2024-09-12 10:43:28,856 [WARN] ModelIntegratedComponent:63 - No mode defined for component null
2024-09-12 10:43:28,856 [WARN] ModelIntegratedComponent:63 - No mode defined for component null
2024-09-12 10:43:28,856 [WARN] ModelIntegratedComponent:63 - No mode defined for component null
2024-09-12 10:43:28,856 [WARN] ModelIntegratedComponent:63 - No mode defined for component null
2024-09-12 10:43:28,856 [WARN] ModelIntegratedComponent:63 - No mode defined for component null
2024-09-12 10:43:28,856 [WARN] ModelIntegratedComponent:63 - No mode defined for component null
2024-09-12 10:43:28,856 [WARN] ModelIntegratedComponent:63 - No mode defined for component null
2024-09-12 10:43:28,856 [WARN] ModelIntegratedComponent:63 - No mode defined for component null
2024-09-12 10:43:28,856 [WARN] ModelIntegratedComponent:63 - No mode defined for component null
2024-09-12 10:43:28,856 [WARN] ModelIntegratedComponent:63 - No mode defined for component null
2024-09-12 10:43:28,856 [WARN] ModelIntegratedComponent:63 - No mode defined for component null
2024-09-12 10:43:28,856 [WARN] ModelIntegratedComponent:63 - No mode defined for component null
2024-09-12 10:43:28,856 [WARN] ModelIntegratedComponent:63 - No mode defined for component null
2024-09-12 10:43:28,856 [WARN] ModelIntegratedComponent:63 - No mode defined for component null
2024-09-12 10:43:28,856 [WARN] ModelIntegratedComponent:63 - No mode defined for component null
2024-09-12 10:43:28,856 [WARN] ModelIntegratedComponent:63 - No mode defined for component null
2024-09-12 10:43:28,856 [WARN] ModelIntegratedComponent:63 - No mode defined for component null
2024-09-12 10:43:28,856 [WARN] ModelIntegratedComponent:63 - No mode defined for component null
2024-09-12 10:43:28,856 [WARN] ModelIntegratedComponent:63 - No mode defined for component null
2024-09-12 10:43:28,856 [WARN] ModelIntegratedComponent:63 - No mode defined for component null
2024-09-12 10:43:28,856 [WARN] ModelIntegratedComponent:63 - No mode defined for component null
2024-09-12 10:43:28,856 [WARN] ModelIntegratedComponent:63 - No mode defined for component null
2024-09-12 10:43:28,856 [WARN] ModelIntegratedComponent:63 - No mode defined for component null
2024-09-12 10:43:28,857 [WARN] ModelPack:524 - Component already loaded: STMicroelectronics:HAL Drivers:0.0.0:STMicroelectronics:Device:STMicro_Driver:XSPI:HAL::0.0.1:HAL_XSPI
2024-09-12 10:43:28,872 [INFO] ThirdPartyModel:298 - Start build external matchings
2024-09-12 10:43:29,072 [INFO] ThirdPartyModel:316 - End build external matchings
2024-09-12 10:43:29,315 [INFO] UtilMem:75 - End LoadConfig() Used Memory: 473963552 Bytes (1073741824)
2024-09-12 10:43:29,362 [WARN] ThirdParty:833 - waiting for thirdparty lock release [change project]
2024-09-12 10:43:29,364 [INFO] ThirdParty:835 - entering critical section [change project]
2024-09-12 10:43:29,364 [INFO] ThirdParty:1030 - CMSIS Pack Vendor :STMicroelectronics USBPD 4.1
2024-09-12 10:43:29,364 [INFO] ThirdParty:1030 - CMSIS Pack Vendor :STMicroelectronics X-CUBE-AZRTOS-H7 3.3.0
2024-09-12 10:43:29,364 [INFO] ThirdParty:1030 - CMSIS Pack Vendor :STMicroelectronics X-CUBE-GNSS1 6.0.0
2024-09-12 10:43:29,364 [INFO] ThirdParty:1030 - CMSIS Pack Vendor :STMicroelectronics USB_HOST 2.0.0
2024-09-12 10:43:29,364 [INFO] ThirdParty:1030 - CMSIS Pack Vendor :STMicroelectronics FP-SNS-MOTENVWB1 1.4.0
2024-09-12 10:43:29,364 [INFO] ThirdParty:1030 - CMSIS Pack Vendor :STMicroelectronics X-CUBE-AZRTOS-F4 1.1.0
2024-09-12 10:43:29,364 [INFO] ThirdParty:1030 - CMSIS Pack Vendor :STMicroelectronics LIBJPEG 8.0.0
2024-09-12 10:43:29,364 [INFO] ThirdParty:1030 - CMSIS Pack Vendor :STMicroelectronics X-CUBE-SMBUS 2.1.0
2024-09-12 10:43:29,364 [INFO] ThirdParty:1030 - CMSIS Pack Vendor :STMicroelectronics USB_DEVICE 3.0.0
2024-09-12 10:43:29,364 [INFO] ThirdParty:1030 - CMSIS Pack Vendor :STMicroelectronics X-CUBE-TCPP 4.1.0
2024-09-12 10:43:29,364 [INFO] ThirdParty:1030 - CMSIS Pack Vendor :STMicroelectronics X-CUBE-FREERTOS 1.2.0
2024-09-12 10:43:29,365 [INFO] ThirdParty:1030 - CMSIS Pack Vendor :STMicroelectronics X-CUBE-AZRTOS-WB 2.0.0
2024-09-12 10:43:29,365 [INFO] ThirdParty:1030 - CMSIS Pack Vendor :STMicroelectronics X-CUBE-GNSS1 7.0.0
2024-09-12 10:43:29,365 [INFO] ThirdParty:1030 - CMSIS Pack Vendor :STMicroelectronics X-CUBE-AZRTOS-F7 1.1.0
2024-09-12 10:43:29,365 [INFO] ThirdParty:1030 - CMSIS Pack Vendor :STMicroelectronics X-CUBE-AZRTOS-L5 2.0.0
2024-09-12 10:43:29,365 [INFO] ThirdParty:1030 - CMSIS Pack Vendor :STMicroelectronics USB_DEVICE 2.0.0
2024-09-12 10:43:29,365 [INFO] ThirdParty:1030 - CMSIS Pack Vendor :STMicroelectronics X-CUBE-NFC6 3.1.0
2024-09-12 10:43:29,365 [INFO] ThirdParty:1030 - CMSIS Pack Vendor :STMicroelectronics X-CUBE-MEMS1 11.0.0
2024-09-12 10:43:29,365 [INFO] ThirdParty:1030 - CMSIS Pack Vendor :STMicroelectronics FreeRTOS 0.0.1
2024-09-12 10:43:29,365 [INFO] ThirdParty:1030 - CMSIS Pack Vendor :STMicroelectronics X-CUBE-AZRTOS-G0 1.1.0
2024-09-12 10:43:29,365 [INFO] ThirdParty:1030 - CMSIS Pack Vendor :STMicroelectronics X-CUBE-SAFEA1 1.2.2
2024-09-12 10:43:29,365 [INFO] ThirdParty:1030 - CMSIS Pack Vendor :STMicroelectronics X-CUBE-NFC4 3.0.0
2024-09-12 10:43:29,365 [INFO] ThirdParty:1030 - CMSIS Pack Vendor :STMicroelectronics X-CUBE-SUBG2 5.0.0
2024-09-12 10:43:29,365 [INFO] ThirdParty:1030 - CMSIS Pack Vendor :STMicroelectronics STM32_WPAN 1.0.0
2024-09-12 10:43:29,365 [INFO] ThirdParty:1030 - CMSIS Pack Vendor :EmbeddedOffice I-CUBE-FS-RTOS 1.0.1
2024-09-12 10:43:29,365 [INFO] ThirdParty:1030 - CMSIS Pack Vendor :STMicroelectronics lwIP 2.0.3
2024-09-12 10:43:29,365 [INFO] ThirdParty:1030 - CMSIS Pack Vendor :STMicroelectronics FP-SNS-FLIGHT1 5.0.2
2024-09-12 10:43:29,365 [INFO] ThirdParty:1030 - CMSIS Pack Vendor :Cesanta I-CUBE-Mongoose 7.13.0
2024-09-12 10:43:29,365 [INFO] ThirdParty:1030 - CMSIS Pack Vendor :STMicroelectronics USB_HOST 1.0.0
2024-09-12 10:43:29,365 [INFO] ThirdParty:1030 - CMSIS Pack Vendor :STMicroelectronics X-CUBE-AI 9.0.0
2024-09-12 10:43:29,365 [INFO] ThirdParty:1030 - CMSIS Pack Vendor :STMicroelectronics X-CUBE-AZRTOS-G4 2.0.0
2024-09-12 10:43:29,365 [INFO] ThirdParty:1030 - CMSIS Pack Vendor :STMicroelectronics PDM2PCM 3.1.0
2024-09-12 10:43:29,365 [INFO] ThirdParty:1030 - CMSIS Pack Vendor :STMicroelectronics PDM2PCM 3.3.0
2024-09-12 10:43:29,365 [INFO] ThirdParty:1030 - CMSIS Pack Vendor :STMicroelectronics X-CUBE-DISPLAY 3.0.0
2024-09-12 10:43:29,365 [INFO] ThirdParty:1030 - CMSIS Pack Vendor :RealThread X-CUBE-RT-Thread_Nano 4.1.1
2024-09-12 10:43:29,365 [INFO] ThirdParty:1030 - CMSIS Pack Vendor :STMicroelectronics X-CUBE-BLE1 7.0.0
2024-09-12 10:43:29,365 [INFO] ThirdParty:1030 - CMSIS Pack Vendor :STMicroelectronics FP-ATR-SIGFOX1 3.2.0
2024-09-12 10:43:29,365 [INFO] ThirdParty:1030 - CMSIS Pack Vendor :wolfSSL I-CUBE-wolfSSL 5.7.2
2024-09-12 10:43:29,365 [INFO] ThirdParty:1030 - CMSIS Pack Vendor :STMicroelectronics X-CUBE-ISPU 2.0.0
2024-09-12 10:43:29,366 [INFO] ThirdParty:1030 - CMSIS Pack Vendor :STMicroelectronics X-CUBE-EEPRMA1 5.1.0
2024-09-12 10:43:29,367 [INFO] ThirdParty:1030 - CMSIS Pack Vendor :STMicroelectronics HAL Drivers 0.0.0
2024-09-12 10:43:29,367 [INFO] ThirdParty:1030 - CMSIS Pack Vendor :STMicroelectronics MBEDTLS 2.16.2
2024-09-12 10:43:29,369 [INFO] ThirdParty:1030 - CMSIS Pack Vendor :STMicroelectronics X-CUBE-ALS 1.0.2
2024-09-12 10:43:29,369 [INFO] ThirdParty:1030 - CMSIS Pack Vendor :emotas I-CUBE-CANOPEN 1.3.0
2024-09-12 10:43:29,369 [INFO] ThirdParty:1030 - CMSIS Pack Vendor :STMicroelectronics X-CUBE-NFC7 1.0.1
2024-09-12 10:43:29,369 [INFO] ThirdParty:1030 - CMSIS Pack Vendor :STMicroelectronics MBEDTLS 2.14.1
2024-09-12 10:43:29,369 [INFO] ThirdParty:1030 - CMSIS Pack Vendor :STMicroelectronics X-CUBE-TOUCHGFX 4.24.0
2024-09-12 10:43:29,369 [INFO] ThirdParty:1030 - CMSIS Pack Vendor :ITTIA_DB I-CUBE-ITTIADB 8.9.0
2024-09-12 10:43:29,369 [INFO] ThirdParty:1030 - CMSIS Pack Vendor :wolfSSL I-CUBE-wolfTPM 3.4.0
2024-09-12 10:43:29,369 [INFO] ThirdParty:1030 - CMSIS Pack Vendor :portGmbH I-Cube-SoM-uGOAL 1.1.0
2024-09-12 10:43:29,369 [INFO] ThirdParty:1030 - CMSIS Pack Vendor :STMicroelectronics X-CUBE-BLEMGR 3.1.0
2024-09-12 10:43:29,369 [INFO] ThirdParty:1030 - CMSIS Pack Vendor :STMicroelectronics ThreadX 1.0.0
2024-09-12 10:43:29,369 [INFO] ThirdParty:1030 - CMSIS Pack Vendor :STMicroelectronics FP-SNS-SMARTAG2 1.2.0
2024-09-12 10:43:29,369 [INFO] ThirdParty:1030 - CMSIS Pack Vendor :STMicroelectronics X-CUBE-AZRTOS-WL 2.0.0
2024-09-12 10:43:29,369 [INFO] ThirdParty:1030 - CMSIS Pack Vendor :SEGGER I-CUBE-embOS 1.3.1
2024-09-12 10:43:29,369 [INFO] ThirdParty:1030 - CMSIS Pack Vendor :STMicroelectronics X-CUBE-ALGOBUILD 1.4.0
2024-09-12 10:43:29,369 [INFO] ThirdParty:1030 - CMSIS Pack Vendor :STMicroelectronics FP-SNS-MOTENV1 5.0.0
2024-09-12 10:43:29,369 [INFO] ThirdParty:1030 - CMSIS Pack Vendor :STMicroelectronics USB_DEVICE 1.0.0
2024-09-12 10:43:29,369 [INFO] ThirdParty:1030 - CMSIS Pack Vendor :STMicroelectronics X-CUBE-AZRTOS-H7RS 1.0.0
2024-09-12 10:43:29,369 [INFO] ThirdParty:1030 - CMSIS Pack Vendor :wolfSSL I-CUBE-wolfMQTT 1.19.0
2024-09-12 10:43:29,369 [INFO] ThirdParty:1030 - CMSIS Pack Vendor :STMicroelectronics X-CUBE-AZRTOS-L4 2.0.0
2024-09-12 10:43:29,369 [INFO] ThirdParty:1030 - CMSIS Pack Vendor :STMicroelectronics ThreadX 0.0.2
2024-09-12 10:43:29,369 [INFO] ThirdParty:1030 - CMSIS Pack Vendor :WES I-CUBE-Cesium 1.3.0
2024-09-12 10:43:29,369 [INFO] ThirdParty:1030 - CMSIS Pack Vendor :STMicroelectronics FP-ATR-ASTRA1 2.0.0
2024-09-12 10:43:29,369 [INFO] ThirdParty:1030 - CMSIS Pack Vendor :STMicroelectronics lwIP 2.1.2
2024-09-12 10:43:29,369 [INFO] ThirdParty:1030 - CMSIS Pack Vendor :STMicroelectronics X-CUBE-SFXS2LP1 4.0.0
2024-09-12 10:43:29,369 [INFO] ThirdParty:1030 - CMSIS Pack Vendor :STMicroelectronics X-CUBE-BLE2 3.3.0
2024-09-12 10:43:29,369 [INFO] ThirdParty:1030 - CMSIS Pack Vendor :STMicroelectronics X-CUBE-TOF1 3.4.2
2024-09-12 10:43:29,369 [INFO] ThirdParty:1030 - CMSIS Pack Vendor :Infineon AIROC-Wi-Fi-Bluetooth-STM32 1.6.1
2024-09-12 10:43:29,369 [INFO] ThirdParty:1030 - CMSIS Pack Vendor :STMicroelectronics PDM2PCM 3.2.0
2024-09-12 10:43:29,369 [INFO] ThirdParty:1030 - CMSIS Pack Vendor :wolfSSL I-CUBE-wolfSSH 1.4.17
2024-09-12 10:43:29,370 [INFO] ThirdParty:841 - exiting critical section [change project]
2024-09-12 10:43:29,660 [INFO] PinOutPanel:1561 - setPackage(No Configuration,No Configuration)
2024-09-12 10:43:29,661 [INFO] PinOutPanel:1561 - setPackage(STM32F767ZITx,LQFP144)
2024-09-12 10:43:30,033 [INFO] UtilMem:75 - Before build in PCC Used Memory: 420887648 Bytes (1073741824)
2024-09-12 10:43:30,321 [INFO] UtilMem:75 - After build in PCC Used Memory: 470692960 Bytes (1073741824)
2024-09-12 10:43:30,354 [INFO] IPUIPlugin:80 - create IPUIPlugin
2024-09-12 10:43:30,354 [INFO] IPUIPlugin:80 - create IPUIPlugin
2024-09-12 10:43:30,354 [INFO] IPUIPlugin:80 - create IPUIPlugin
2024-09-12 10:43:30,354 [INFO] IPUIPlugin:80 - create IPUIPlugin
2024-09-12 10:43:30,354 [INFO] IPUIPlugin:80 - create IPUIPlugin
2024-09-12 10:43:30,354 [INFO] IPUIPlugin:80 - create IPUIPlugin
2024-09-12 10:43:30,354 [INFO] IPUIPlugin:80 - create IPUIPlugin
2024-09-12 10:43:30,354 [INFO] IPUIPlugin:80 - create IPUIPlugin
2024-09-12 10:43:30,355 [INFO] IPUIPlugin:80 - create IPUIPlugin
2024-09-12 10:43:30,355 [INFO] IPUIPlugin:80 - create IPUIPlugin
2024-09-12 10:43:30,355 [INFO] IPUIPlugin:80 - create IPUIPlugin
2024-09-12 10:43:30,355 [INFO] IPUIPlugin:80 - create IPUIPlugin
2024-09-12 10:43:30,355 [INFO] IPUIPlugin:80 - create IPUIPlugin
2024-09-12 10:43:30,355 [INFO] IPUIPlugin:80 - create IPUIPlugin
2024-09-12 10:43:30,355 [INFO] IPUIPlugin:80 - create IPUIPlugin
2024-09-12 10:43:30,355 [INFO] IPUIPlugin:80 - create IPUIPlugin
2024-09-12 10:43:30,355 [INFO] IPUIPlugin:80 - create IPUIPlugin
2024-09-12 10:43:30,355 [INFO] IPUIPlugin:80 - create IPUIPlugin
2024-09-12 10:43:30,355 [INFO] IPUIPlugin:80 - create IPUIPlugin
2024-09-12 10:43:30,355 [INFO] IPUIPlugin:80 - create IPUIPlugin
2024-09-12 10:43:30,355 [INFO] IPUIPlugin:80 - create IPUIPlugin
2024-09-12 10:43:30,356 [INFO] IPUIPlugin:80 - create IPUIPlugin
2024-09-12 10:43:30,356 [INFO] IPUIPlugin:80 - create IPUIPlugin
2024-09-12 10:43:30,356 [INFO] IPUIPlugin:80 - create IPUIPlugin
2024-09-12 10:43:30,356 [INFO] IPUIPlugin:80 - create IPUIPlugin
2024-09-12 10:43:30,356 [INFO] IPUIPlugin:80 - create IPUIPlugin
2024-09-12 10:43:30,356 [INFO] IPUIPlugin:80 - create IPUIPlugin
2024-09-12 10:43:30,356 [INFO] IPUIPlugin:80 - create IPUIPlugin
2024-09-12 10:43:30,356 [INFO] IPUIPlugin:80 - create IPUIPlugin
2024-09-12 10:43:30,357 [INFO] IPUIPlugin:80 - create IPUIPlugin
2024-09-12 10:43:30,357 [INFO] IPUIPlugin:80 - create IPUIPlugin
2024-09-12 10:43:30,357 [INFO] IPUIPlugin:80 - create IPUIPlugin
2024-09-12 10:43:30,357 [INFO] IPUIPlugin:80 - create IPUIPlugin
2024-09-12 10:43:30,357 [INFO] IPUIPlugin:80 - create IPUIPlugin
2024-09-12 10:43:30,358 [INFO] IPUIPlugin:80 - create IPUIPlugin
2024-09-12 10:43:30,359 [INFO] IPUIPlugin:80 - create IPUIPlugin
2024-09-12 10:43:30,359 [INFO] IPUIPlugin:80 - create IPUIPlugin
2024-09-12 10:43:30,359 [INFO] IPUIPlugin:80 - create IPUIPlugin
2024-09-12 10:43:30,359 [INFO] IPUIPlugin:80 - create IPUIPlugin
2024-09-12 10:43:30,360 [INFO] IPUIPlugin:80 - create IPUIPlugin
2024-09-12 10:43:30,360 [INFO] IPUIPlugin:80 - create IPUIPlugin
2024-09-12 10:43:30,360 [INFO] IPUIPlugin:80 - create IPUIPlugin
2024-09-12 10:43:30,360 [INFO] IPUIPlugin:80 - create IPUIPlugin
2024-09-12 10:43:30,360 [INFO] IPUIPlugin:80 - create IPUIPlugin
2024-09-12 10:43:30,360 [INFO] IPUIPlugin:80 - create IPUIPlugin
2024-09-12 10:43:30,360 [INFO] IPUIPlugin:80 - create IPUIPlugin
2024-09-12 10:43:30,360 [INFO] IPUIPlugin:80 - create IPUIPlugin
2024-09-12 10:43:30,361 [INFO] IPUIPlugin:80 - create IPUIPlugin
2024-09-12 10:43:30,361 [INFO] IPUIPlugin:80 - create IPUIPlugin
2024-09-12 10:43:30,361 [INFO] IPUIPlugin:80 - create IPUIPlugin
2024-09-12 10:43:30,361 [INFO] IPUIPlugin:80 - create IPUIPlugin
2024-09-12 10:43:30,361 [INFO] IPUIPlugin:80 - create IPUIPlugin
2024-09-12 10:43:30,361 [INFO] IPUIPlugin:80 - create IPUIPlugin
2024-09-12 10:43:30,361 [INFO] IPUIPlugin:80 - create IPUIPlugin
2024-09-12 10:43:30,361 [INFO] IPUIPlugin:80 - create IPUIPlugin
2024-09-12 10:43:30,361 [INFO] IPUIPlugin:80 - create IPUIPlugin
2024-09-12 10:43:30,361 [INFO] IPUIPlugin:80 - create IPUIPlugin
2024-09-12 10:43:30,361 [INFO] IPUIPlugin:80 - create IPUIPlugin
2024-09-12 10:43:30,361 [INFO] IPUIPlugin:80 - create IPUIPlugin
2024-09-12 10:43:30,361 [INFO] IPUIPlugin:80 - create IPUIPlugin
2024-09-12 10:43:30,361 [INFO] IPUIPlugin:80 - create IPUIPlugin
2024-09-12 10:43:30,361 [INFO] IPUIPlugin:80 - create IPUIPlugin
2024-09-12 10:43:30,361 [INFO] IPUIPlugin:80 - create IPUIPlugin
2024-09-12 10:43:30,362 [INFO] IPUIPlugin:80 - create IPUIPlugin
2024-09-12 10:43:30,362 [INFO] IPUIPlugin:80 - create IPUIPlugin
2024-09-12 10:43:30,362 [INFO] IPUIPlugin:80 - create IPUIPlugin
2024-09-12 10:43:30,362 [INFO] IPUIPlugin:80 - create IPUIPlugin
2024-09-12 10:43:30,362 [INFO] IPUIPlugin:80 - create IPUIPlugin
2024-09-12 10:43:30,362 [INFO] IPUIPlugin:80 - create IPUIPlugin
2024-09-12 10:43:30,362 [INFO] IPUIPlugin:80 - create IPUIPlugin
2024-09-12 10:43:30,363 [INFO] IPUIPlugin:80 - create IPUIPlugin
2024-09-12 10:43:30,365 [INFO] IPUIPlugin:80 - create IPUIPlugin
2024-09-12 10:43:30,365 [INFO] IPUIPlugin:80 - create IPUIPlugin
2024-09-12 10:43:30,366 [INFO] IPUIPlugin:80 - create IPUIPlugin
2024-09-12 10:43:30,366 [INFO] IPUIPlugin:80 - create IPUIPlugin
2024-09-12 10:43:30,366 [INFO] IPUIPlugin:80 - create IPUIPlugin
2024-09-12 10:43:30,366 [INFO] IPUIPlugin:80 - create IPUIPlugin
2024-09-12 10:43:30,367 [INFO] IPUIPlugin:80 - create IPUIPlugin
2024-09-12 10:43:30,367 [INFO] IPUIPlugin:80 - create IPUIPlugin
2024-09-12 10:43:30,374 [INFO] ApiDbMcu:508 - Load IP Config File for PDM2PCM
2024-09-12 10:43:30,459 [INFO] CADModel:165 - CPN selected for project levelSTM32F767ZIT6
2024-09-12 10:43:30,459 [INFO] CADModel:114 - Register for checkConnection events
2024-09-12 10:43:30,504 [INFO] OpenFileManager:363 - Restore cursor
2024-09-12 10:49:11,516 [ERROR] LogOutputStream:75 - [STDERR_REDIRECT] 
2024-09-12 10:49:22,517 [INFO] Activator:176 - 


2024-09-12 10:49:22,519 [INFO] Activator:177 - !SESSION log4j initialized
2024-09-12 10:49:25,654 [INFO] LogOutputStream:77 - [STDOUT_REDIRECT] 
2024-09-12 10:49:27,549 [ERROR] LogOutputStream:75 - [STDERR_REDIRECT] 
2024-09-12 10:49:29,624 [INFO] LogOutputStream:77 - [STDOUT_REDIRECT] 
2024-09-12 10:49:30,876 [ERROR] LogOutputStream:75 - [STDERR_REDIRECT] [Fatal Error] :2:10: DOCTYPE is disallowed when the feature "http://apache.org/xml/features/disallow-doctype-decl" set to true.
2024-09-12 10:49:30,880 [ERROR] LogOutputStream:75 - [STDERR_REDIRECT] 
2024-09-12 10:49:31,073 [INFO] ApplicationProperties:184 - Using Application install path: /Applications/STM32CubeIDE.app/Contents/Eclipse/plugins/com.st.stm32cube.common.mx_6.12.0.202406281431
2024-09-12 10:49:31,081 [INFO] DbMcusXml:78 - Set database path to: /Applications/STM32CubeIDE.app/Contents/Eclipse/plugins/com.st.stm32cube.common.mx_6.12.0.202406281431//db//mcu/
2024-09-12 10:49:31,082 [INFO] ApiDb:274 - Set plugin database path to: /Applications/STM32CubeIDE.app/Contents/Eclipse/plugins/com.st.stm32cube.common.mx_6.12.0.202406281431//db//plugins/boardmanager/
2024-09-12 10:49:31,082 [WARN] ApiDb:259 - Overriding images path with different value:  => /Applications/STM32CubeIDE.app/Contents/Eclipse/plugins/com.st.stm32cube.common.mx_6.12.0.202406281431//db//plugins/mcufinder/images/
2024-09-12 10:49:31,087 [INFO] ApiDb:250 - Set database path to: /Users/kitton/.stmcufinder/plugins/mcufinder//mcu/
2024-09-12 10:49:31,087 [INFO] DbMcusAds:125 - Set database path to: /Users/kitton/.stmcufinder/plugins/mcufinder//mcu/
2024-09-12 10:49:31,088 [INFO] CrossReferenceDbSqlite:203 - Set database path to: /Users/kitton/.stmcufinder/plugins/mcufinder//mcu/cs/
2024-09-12 10:49:31,193 [INFO] RulesReader:64 - Compatibility file has been processed (297 Rules)
2024-09-12 10:49:31,298 [INFO] DbMcusXml:78 - Set database path to: /Applications/STM32CubeIDE.app/Contents/Eclipse/plugins/com.st.stm32cube.common.mx_6.12.0.202406281431//db//mcu/
2024-09-12 10:49:31,299 [INFO] ApiDb:274 - Set plugin database path to: /Applications/STM32CubeIDE.app/Contents/Eclipse/plugins/com.st.stm32cube.common.mx_6.12.0.202406281431//db//plugins/boardmanager/
2024-09-12 10:49:31,300 [INFO] ApiDb:261 - Set plugin images path to: /Applications/STM32CubeIDE.app/Contents/Eclipse/plugins/com.st.stm32cube.common.mx_6.12.0.202406281431//db//plugins/mcufinder/images/
2024-09-12 10:49:31,301 [WARN] DbFile:41 - Overriding database path with different value: /Users/kitton/.stmcufinder/plugins/mcufinder/ => /Users/kitton/.stmcufinder/plugins/mcufinder
2024-09-12 10:49:31,301 [INFO] ApiDb:250 - Set database path to: /Users/kitton/.stmcufinder/plugins/mcufinder//mcu/
2024-09-12 10:49:31,301 [WARN] DbFile:41 - Overriding database path with different value: /Users/kitton/.stmcufinder/plugins/mcufinder/ => /Users/kitton/.stmcufinder/plugins/mcufinder
2024-09-12 10:49:31,301 [INFO] DbMcusAds:125 - Set database path to: /Users/kitton/.stmcufinder/plugins/mcufinder//mcu/
2024-09-12 10:49:31,301 [WARN] DbFile:41 - Overriding database path with different value: /Users/kitton/.stmcufinder/plugins/mcufinder/ => /Users/kitton/.stmcufinder/plugins/mcufinder
2024-09-12 10:49:31,301 [WARN] DbFile:41 - Overriding database path with different value: /Users/kitton/.stmcufinder/plugins/mcufinder/ => /Users/kitton/.stmcufinder/plugins/mcufinder
2024-09-12 10:49:31,302 [INFO] CrossReferenceDbSqlite:203 - Set database path to: /Users/kitton/.stmcufinder/plugins/mcufinder//mcu/cs/
2024-09-12 10:49:31,385 [INFO] MainPanel:268 - HeapMemory: 325058560
2024-09-12 10:49:31,596 [INFO] DbMcusXml:78 - Set database path to: /Applications/STM32CubeIDE.app/Contents/Eclipse/plugins/com.st.stm32cube.common.mx_6.12.0.202406281431//db//mcu/
2024-09-12 10:49:31,596 [INFO] ApiDb:274 - Set plugin database path to: /Applications/STM32CubeIDE.app/Contents/Eclipse/plugins/com.st.stm32cube.common.mx_6.12.0.202406281431//db//plugins/boardmanager/
2024-09-12 10:49:31,597 [INFO] ApiDb:261 - Set plugin images path to: /Applications/STM32CubeIDE.app/Contents/Eclipse/plugins/com.st.stm32cube.common.mx_6.12.0.202406281431//db//plugins/mcufinder/images/
2024-09-12 10:49:31,597 [WARN] DbFile:41 - Overriding database path with different value: /Users/kitton/.stmcufinder/plugins/mcufinder/ => /Users/kitton/.stmcufinder/plugins/mcufinder
2024-09-12 10:49:31,597 [INFO] ApiDb:250 - Set database path to: /Users/kitton/.stmcufinder/plugins/mcufinder//mcu/
2024-09-12 10:49:31,597 [WARN] DbFile:41 - Overriding database path with different value: /Users/kitton/.stmcufinder/plugins/mcufinder/ => /Users/kitton/.stmcufinder/plugins/mcufinder
2024-09-12 10:49:31,597 [INFO] DbMcusAds:125 - Set database path to: /Users/kitton/.stmcufinder/plugins/mcufinder//mcu/
2024-09-12 10:49:31,597 [WARN] DbFile:41 - Overriding database path with different value: /Users/kitton/.stmcufinder/plugins/mcufinder/ => /Users/kitton/.stmcufinder/plugins/mcufinder
2024-09-12 10:49:31,598 [WARN] DbFile:41 - Overriding database path with different value: /Users/kitton/.stmcufinder/plugins/mcufinder/ => /Users/kitton/.stmcufinder/plugins/mcufinder
2024-09-12 10:49:31,598 [INFO] CrossReferenceDbSqlite:203 - Set database path to: /Users/kitton/.stmcufinder/plugins/mcufinder//mcu/cs/
2024-09-12 10:49:31,614 [INFO] ApplicationProperties:184 - Using Application install path: /Applications/STM32CubeIDE.app/Contents/Eclipse/plugins/com.st.stm32cube.common.mx_6.12.0.202406281431
2024-09-12 10:49:31,615 [INFO] PluginManage:196 - Search for loadable plugins [exclusion list=, ]
2024-09-12 10:49:31,616 [INFO] PluginManage:310 - Check plugin analytics
2024-09-12 10:49:31,819 [INFO] AnalyticsPlugin:253 - Accepted Software Licenses: 
2024-09-12 10:49:31,820 [INFO] AnalyticsPlugin:255 - Accepted CMSIS Pack Licenses: 
2024-09-12 10:49:31,821 [INFO] AnalyticsPlugin:257 - Accepted Firmware Licenses: FW.F7.1.17.0
2024-09-12 10:49:31,831 [INFO] PluginManage:359 - Loaded plugin analytics (category:tool,tabindex:-1)
2024-09-12 10:49:31,832 [INFO] PluginManage:310 - Check plugin cadmodel
2024-09-12 10:49:31,846 [INFO] CADModel:105 - Init CAD model plugin
2024-09-12 10:49:31,846 [INFO] PluginManage:359 - Loaded plugin cadmodel (category:power,tabindex:5)
2024-09-12 10:49:31,847 [INFO] PluginManage:310 - Check plugin clock
2024-09-12 10:49:31,854 [INFO] PluginManage:359 - Loaded plugin clock (category:base,tabindex:2)
2024-09-12 10:49:31,855 [INFO] PluginManage:310 - Check plugin ddr
2024-09-12 10:49:31,856 [INFO] PluginManage:359 - Loaded plugin ddr (category:tool,tabindex:6)
2024-09-12 10:49:31,856 [INFO] PluginManage:310 - Check plugin filemanager
2024-09-12 10:49:31,963 [INFO] PluginManage:359 - Loaded plugin filemanager (category:base,tabindex:10)
2024-09-12 10:49:31,964 [INFO] PluginManage:310 - Check plugin ipmanager
2024-09-12 10:49:31,968 [INFO] PluginManage:359 - Loaded plugin ipmanager (category:base,tabindex:5)
2024-09-12 10:49:31,968 [INFO] PluginManage:310 - Check plugin lpbam
2024-09-12 10:49:31,978 [INFO] PluginManage:359 - Loaded plugin lpbam (category:base,tabindex:0)
2024-09-12 10:49:31,978 [INFO] PluginManage:310 - Check plugin memorymap
2024-09-12 10:49:31,984 [INFO] PluginManage:359 - Loaded plugin memorymap (category:base,tabindex:4)
2024-09-12 10:49:31,984 [INFO] PluginManage:310 - Check plugin pinoutandconfiguration
2024-09-12 10:49:31,988 [INFO] PluginManage:359 - Loaded plugin pinoutandconfiguration (category:base,tabindex:1)
2024-09-12 10:49:31,988 [INFO] PluginManage:310 - Check plugin pinoutconfig
2024-09-12 10:49:32,045 [WARN] SupportedApi:132 - Cannot load RTOS API schema: s4s-elt-must-match.1: The content of 'definitions' must match (annotation?, (simpleType | complexType)?, (unique | key | keyref)*)). A problem was found starting at: attribute.
2024-09-12 10:49:32,140 [INFO] PluginManage:359 - Loaded plugin pinoutconfig (category:base,tabindex:0)
2024-09-12 10:49:32,140 [INFO] PluginManage:310 - Check plugin power
2024-09-12 10:49:32,148 [INFO] PluginManage:359 - Loaded plugin power (category:power,tabindex:4)
2024-09-12 10:49:32,148 [INFO] PluginManage:310 - Check plugin projectmanager
2024-09-12 10:49:32,163 [INFO] PluginManage:359 - Loaded plugin projectmanager (category:projectmanager,tabindex:4)
2024-09-12 10:49:32,163 [INFO] PluginManage:310 - Check plugin rif
2024-09-12 10:49:32,167 [INFO] PluginManage:359 - Loaded plugin rif (category:base,tabindex:3)
2024-09-12 10:49:32,167 [INFO] PluginManage:310 - Check plugin thirdparty
2024-09-12 10:49:32,281 [INFO] PluginManage:359 - Loaded plugin thirdparty (category:base,tabindex:-1)
2024-09-12 10:49:32,281 [INFO] PluginManage:310 - Check plugin tools
2024-09-12 10:49:32,281 [WARN] IntegrityCheckThread:84 - waiting for thirdparty lock release [integrity check]
2024-09-12 10:49:32,281 [INFO] IntegrityCheckThread:86 - entering critical section [integrity check]
2024-09-12 10:49:32,283 [INFO] ThirdPartyUpdaterWithRetryManager:70 - Updater plugin not ready yet. [1/15]
2024-09-12 10:49:32,285 [INFO] PluginManage:359 - Loaded plugin tools (category:base,tabindex:7)
2024-09-12 10:49:32,286 [INFO] PluginManage:310 - Check plugin tutovideos
2024-09-12 10:49:32,398 [INFO] PluginManage:359 - Loaded plugin tutovideos (category:base,tabindex:-1)
2024-09-12 10:49:32,398 [INFO] PluginManage:310 - Check plugin updater
2024-09-12 10:49:32,417 [INFO] PluginManage:359 - Loaded plugin updater (category:base,tabindex:12)
2024-09-12 10:49:32,417 [INFO] PluginManage:310 - Check plugin userauth
2024-09-12 10:49:32,429 [INFO] UserAuth:113 - Init User Auth plugin
2024-09-12 10:49:32,429 [INFO] PluginManage:359 - Loaded plugin userauth (category:base,tabindex:14)
2024-09-12 10:49:32,431 [INFO] PluginManage:283 - PluginManage : Loaded plugins [18]
2024-09-12 10:49:32,681 [INFO] PinOutPanel:1561 - setPackage(No Configuration,No Configuration)
2024-09-12 10:49:32,742 [INFO] CADModel:165 - CPN selected for project level
2024-09-12 10:49:32,742 [INFO] CADModel:114 - Register for checkConnection events
2024-09-12 10:49:32,750 [INFO] IPUIPlugin:80 - create IPUIPlugin
2024-09-12 10:49:32,751 [INFO] PluginManager:220 - loadIPPluginJar : add mdma
2024-09-12 10:49:32,754 [INFO] IPUIPlugin:80 - create IPUIPlugin
2024-09-12 10:49:32,754 [INFO] PluginManager:220 - loadIPPluginJar : add freertos
2024-09-12 10:49:32,756 [INFO] IPUIPlugin:80 - create IPUIPlugin
2024-09-12 10:49:32,756 [INFO] PluginManager:220 - loadIPPluginJar : add gic
2024-09-12 10:49:32,760 [INFO] IPUIPlugin:80 - create IPUIPlugin
2024-09-12 10:49:32,760 [INFO] PluginManager:220 - loadIPPluginJar : add adc
2024-09-12 10:49:32,761 [INFO] IPUIPlugin:80 - create IPUIPlugin
2024-09-12 10:49:32,761 [INFO] PluginManager:220 - loadIPPluginJar : add gtzc
2024-09-12 10:49:32,762 [INFO] IPUIPlugin:80 - create IPUIPlugin
2024-09-12 10:49:32,762 [INFO] PluginManager:220 - loadIPPluginJar : add quadspi
2024-09-12 10:49:32,763 [INFO] IPUIPlugin:80 - create IPUIPlugin
2024-09-12 10:49:32,763 [INFO] PluginManager:220 - loadIPPluginJar : add aes
2024-09-12 10:49:32,764 [INFO] IPUIPlugin:80 - create IPUIPlugin
2024-09-12 10:49:32,764 [INFO] PluginManager:220 - loadIPPluginJar : add pdm2pcm
2024-09-12 10:49:32,765 [INFO] IPUIPlugin:80 - create IPUIPlugin
2024-09-12 10:49:32,765 [INFO] PluginManager:220 - loadIPPluginJar : add hash
2024-09-12 10:49:32,765 [INFO] IPUIPlugin:80 - create IPUIPlugin
2024-09-12 10:49:32,765 [INFO] PluginManager:220 - loadIPPluginJar : add tim
2024-09-12 10:49:32,766 [INFO] IPUIPlugin:80 - create IPUIPlugin
2024-09-12 10:49:32,766 [INFO] PluginManager:220 - loadIPPluginJar : add tsc
2024-09-12 10:49:32,767 [INFO] IPUIPlugin:80 - create IPUIPlugin
2024-09-12 10:49:32,767 [INFO] PluginManager:220 - loadIPPluginJar : add extmemmanager
2024-09-12 10:49:32,768 [INFO] IPUIPlugin:80 - create IPUIPlugin
2024-09-12 10:49:32,768 [INFO] PluginManager:220 - loadIPPluginJar : add ts
2024-09-12 10:49:32,768 [INFO] IPUIPlugin:80 - create IPUIPlugin
2024-09-12 10:49:32,769 [INFO] PluginManager:220 - loadIPPluginJar : add radio
2024-09-12 10:49:32,769 [INFO] IPUIPlugin:80 - create IPUIPlugin
2024-09-12 10:49:32,769 [INFO] PluginManager:220 - loadIPPluginJar : add can
2024-09-12 10:49:32,770 [INFO] IPUIPlugin:80 - create IPUIPlugin
2024-09-12 10:49:32,771 [INFO] PluginManager:220 - loadIPPluginJar : add dma3
2024-09-12 10:49:32,772 [INFO] IPUIPlugin:80 - create IPUIPlugin
2024-09-12 10:49:32,772 [INFO] PluginManager:220 - loadIPPluginJar : add dfsdm
2024-09-12 10:49:32,774 [INFO] IPUIPlugin:80 - create IPUIPlugin
2024-09-12 10:49:32,774 [INFO] PluginManager:220 - loadIPPluginJar : add spi
2024-09-12 10:49:32,775 [INFO] IPUIPlugin:80 - create IPUIPlugin
2024-09-12 10:49:32,775 [INFO] PluginManager:220 - loadIPPluginJar : add gfxmmu
2024-09-12 10:49:32,776 [INFO] IPUIPlugin:80 - create IPUIPlugin
2024-09-12 10:49:32,776 [INFO] PluginManager:220 - loadIPPluginJar : add genericplugin
2024-09-12 10:49:32,777 [INFO] IPUIPlugin:80 - create IPUIPlugin
2024-09-12 10:49:32,777 [INFO] PluginManager:220 - loadIPPluginJar : add cryp
2024-09-12 10:49:32,778 [INFO] IPUIPlugin:80 - create IPUIPlugin
2024-09-12 10:49:32,778 [INFO] PluginManager:220 - loadIPPluginJar : add gpio
2024-09-12 10:49:32,780 [INFO] IPUIPlugin:80 - create IPUIPlugin
2024-09-12 10:49:32,780 [INFO] PluginManager:220 - loadIPPluginJar : add ddr_ctrl_phy
2024-09-12 10:49:32,781 [INFO] IPUIPlugin:80 - create IPUIPlugin
2024-09-12 10:49:32,781 [INFO] PluginManager:220 - loadIPPluginJar : add comp
2024-09-12 10:49:32,782 [INFO] IPUIPlugin:80 - create IPUIPlugin
2024-09-12 10:49:32,782 [INFO] PluginManager:220 - loadIPPluginJar : add tracer_emb
2024-09-12 10:49:32,783 [INFO] IPUIPlugin:80 - create IPUIPlugin
2024-09-12 10:49:32,783 [INFO] PluginManager:220 - loadIPPluginJar : add openamp
2024-09-12 10:49:32,784 [INFO] IPUIPlugin:80 - create IPUIPlugin
2024-09-12 10:49:32,785 [INFO] PluginManager:220 - loadIPPluginJar : add stm32_wpan
2024-09-12 10:49:32,787 [INFO] IPUIPlugin:80 - create IPUIPlugin
2024-09-12 10:49:32,789 [INFO] PluginManager:220 - loadIPPluginJar : add plateformsettings
2024-09-12 10:49:32,791 [INFO] IPUIPlugin:80 - create IPUIPlugin
2024-09-12 10:49:32,791 [INFO] PluginManager:220 - loadIPPluginJar : add ipddr
2024-09-12 10:49:32,792 [INFO] IPUIPlugin:80 - create IPUIPlugin
2024-09-12 10:49:32,792 [INFO] PluginManager:220 - loadIPPluginJar : add usart
2024-09-12 10:49:32,793 [INFO] IPUIPlugin:80 - create IPUIPlugin
2024-09-12 10:49:32,793 [INFO] PluginManager:220 - loadIPPluginJar : add ltdc
2024-09-12 10:49:32,795 [INFO] IPUIPlugin:80 - create IPUIPlugin
2024-09-12 10:49:32,795 [INFO] PluginManager:220 - loadIPPluginJar : add nvic
2024-09-12 10:49:32,795 [INFO] IPUIPlugin:80 - create IPUIPlugin
2024-09-12 10:49:32,796 [INFO] PluginManager:220 - loadIPPluginJar : add fatfs
2024-09-12 10:49:32,800 [INFO] IPUIPlugin:80 - create IPUIPlugin
2024-09-12 10:49:32,800 [INFO] PluginManager:220 - loadIPPluginJar : add linkedlist
2024-09-12 10:49:32,802 [INFO] IPUIPlugin:80 - create IPUIPlugin
2024-09-12 10:49:32,802 [INFO] PluginManager:220 - loadIPPluginJar : add dma
2024-09-12 10:49:32,804 [INFO] IPUIPlugin:80 - create IPUIPlugin
2024-09-12 10:49:32,804 [INFO] PluginManager:220 - loadIPPluginJar : add fmc
2024-09-12 10:49:32,804 [INFO] IPUIPlugin:80 - create IPUIPlugin
2024-09-12 10:49:32,804 [INFO] PluginManager:220 - loadIPPluginJar : add i2s
2024-09-12 10:49:32,805 [INFO] IPUIPlugin:80 - create IPUIPlugin
2024-09-12 10:49:32,805 [INFO] PluginManager:220 - loadIPPluginJar : add ucpd
2024-09-12 10:49:32,805 [INFO] IPUIPlugin:80 - create IPUIPlugin
2024-09-12 10:49:32,806 [INFO] PluginManager:220 - loadIPPluginJar : add lorawan
2024-09-12 10:49:32,806 [INFO] IPUIPlugin:80 - create IPUIPlugin
2024-09-12 10:49:32,806 [INFO] PluginManager:220 - loadIPPluginJar : add opamp
2024-09-12 10:49:32,807 [INFO] IPUIPlugin:80 - create IPUIPlugin
2024-09-12 10:49:32,807 [INFO] PluginManager:220 - loadIPPluginJar : add i3c
2024-09-12 10:49:32,809 [INFO] IPUIPlugin:80 - create IPUIPlugin
2024-09-12 10:49:32,809 [INFO] PluginManager:220 - loadIPPluginJar : add touchsensing
2024-09-12 10:49:32,810 [INFO] IPUIPlugin:80 - create IPUIPlugin
2024-09-12 10:49:32,810 [INFO] PluginManager:220 - loadIPPluginJar : add i2c
2024-09-12 10:49:32,811 [INFO] IPUIPlugin:80 - create IPUIPlugin
2024-09-12 10:49:32,811 [INFO] PluginManager:220 - loadIPPluginJar : add resmgrutility
2024-09-12 10:49:32,812 [INFO] IPUIPlugin:80 - create IPUIPlugin
2024-09-12 10:49:32,812 [INFO] PluginManager:220 - loadIPPluginJar : add sai
2024-09-12 10:49:32,813 [INFO] IPUIPlugin:80 - create IPUIPlugin
2024-09-12 10:49:32,813 [INFO] PluginManager:220 - loadIPPluginJar : add usbx
2024-09-12 10:49:32,913 [INFO] CADModel:165 - CPN selected for project level
2024-09-12 10:49:32,916 [INFO] CADModel:114 - Register for checkConnection events
2024-09-12 10:49:32,917 [FATAL] Updater:334 - Updater called before beeing initialized
2024-09-12 10:49:32,917 [ERROR] CADModel:125 - Updater not yet initialized, retry later 
2024-09-12 10:49:33,094 [INFO] CADModel:165 - CPN selected for project level
2024-09-12 10:49:33,094 [INFO] CADModel:114 - Register for checkConnection events
2024-09-12 10:49:33,094 [FATAL] Updater:334 - Updater called before beeing initialized
2024-09-12 10:49:33,094 [ERROR] CADModel:125 - Updater not yet initialized, retry later 
2024-09-12 10:49:33,097 [FATAL] Updater:334 - Updater called before beeing initialized
2024-09-12 10:49:33,212 [FATAL] Updater:334 - Updater called before beeing initialized
2024-09-12 10:49:33,216 [INFO] DbMcusAds:53 - JSON generation date=Thu May 16 16:22:00 ICT 2024 (1715851320667)
2024-09-12 10:49:33,216 [FATAL] Updater:334 - Updater called before beeing initialized
2024-09-12 10:49:33,254 [WARN] DetailPanel:346 - Failed to get advertising image, set to default
2024-09-12 10:49:33,303 [FATAL] Updater:334 - Updater called before beeing initialized
2024-09-12 10:49:33,304 [FATAL] Updater:334 - Updater called before beeing initialized
2024-09-12 10:49:33,304 [FATAL] Updater:334 - Updater called before beeing initialized
2024-09-12 10:49:33,304 [WARN] DetailPanel:346 - Failed to get advertising image, set to default
2024-09-12 10:49:33,304 [FATAL] Updater:334 - Updater called before beeing initialized
2024-09-12 10:49:33,395 [ERROR] Updater:1164 - MainUpdater not yet initialized. External WinMGr cannot be set.
2024-09-12 10:49:33,403 [INFO] Updater:1100 - Updater Version found : 6.12.0
2024-09-12 10:49:33,416 [INFO] ApplicationProperties:184 - Using Application install path: /Applications/STM32CubeIDE.app/Contents/Eclipse/plugins/com.st.stm32cube.common.mx_6.12.0.202406281431
2024-09-12 10:49:33,727 [INFO] MainUpdater:2873 - connection check result : 10
2024-09-12 10:49:33,728 [INFO] MainUpdater:290 - Updater Check For Update Now.
2024-09-12 10:49:33,728 [INFO] MicroXplorer:498 - Change Database Version : DB.6.0.120
2024-09-12 10:49:33,734 [INFO] McuFinderGlobals:63 - Set McuFinder mode to 2 (CubeIDE integrated)
2024-09-12 10:49:33,735 [INFO] UserAuth:417 - Internet connection configuration mode: 1
2024-09-12 10:49:33,746 [INFO] JxBrowserEngine:152 - Initiate JxBrowser Engine with user profile folder
2024-09-12 10:49:33,964 [INFO] CheckServerUpdateThread:120 - End of CheckServer Thread
2024-09-12 10:49:35,404 [WARN] PackLoader:240 - Cannot read IP mode file for STMicroelectronics.FP-SNS-MOTENVWB1.1.4.0
2024-09-12 10:49:35,421 [WARN] PackLoader:240 - Cannot read IP mode file for STMicroelectronics.X-CUBE-SMBUS.2.1.0
2024-09-12 10:49:35,460 [WARN] PackLoader:240 - Cannot read IP mode file for STMicroelectronics.X-CUBE-AZRTOS-F7.1.1.0
2024-09-12 10:49:35,597 [WARN] PackLoader:240 - Cannot read IP mode file for STMicroelectronics.X-CUBE-MEMS1.11.0.0
2024-09-12 10:49:35,780 [WARN] PackLoader:240 - Cannot read IP mode file for STMicroelectronics.FP-SNS-FLIGHT1.5.0.2
2024-09-12 10:49:35,797 [WARN] PackLoader:240 - Cannot read IP mode file for STMicroelectronics.X-CUBE-DISPLAY.3.0.0
2024-09-12 10:49:35,811 [WARN] PackLoader:240 - Cannot read IP mode file for STMicroelectronics.X-CUBE-BLE1.7.0.0
2024-09-12 10:49:35,826 [WARN] PackLoader:240 - Cannot read IP mode file for emotas.I-CUBE-CANOPEN.1.3.0
2024-09-12 10:49:35,850 [WARN] PackLoader:240 - Cannot read IP mode file for STMicroelectronics.X-CUBE-BLEMGR.3.1.0
2024-09-12 10:49:35,863 [WARN] PackLoader:240 - Cannot read IP mode file for STMicroelectronics.FP-SNS-SMARTAG2.1.2.0
2024-09-12 10:49:35,871 [INFO] LogOutputStream:77 - [STDOUT_REDIRECT] 1 : Invalid condition id : UX_CORESTACK_Condition cause : null
2024-09-12 10:49:35,873 [INFO] LogOutputStream:77 - [STDOUT_REDIRECT] 1 : Invalid condition id : UX_CORESTACK_Condition cause : null
2024-09-12 10:49:35,873 [INFO] LogOutputStream:77 - [STDOUT_REDIRECT] 1 : Invalid condition id : UX_CORESTACK_Condition cause : null
2024-09-12 10:49:35,873 [INFO] LogOutputStream:77 - [STDOUT_REDIRECT] 1 : Invalid condition id : UX_CORESTACK_Condition cause : null
2024-09-12 10:49:35,874 [INFO] LogOutputStream:77 - [STDOUT_REDIRECT] 1 : Invalid condition id : UX_CORESTACK_Condition cause : null
2024-09-12 10:49:35,880 [WARN] PackLoader:240 - Cannot read IP mode file for STMicroelectronics.X-CUBE-AZRTOS-WL.2.0.0
2024-09-12 10:49:35,888 [WARN] PackLoader:240 - Cannot read IP mode file for STMicroelectronics.FP-SNS-MOTENV1.5.0.0
2024-09-12 10:49:35,893 [WARN] PackLoader:240 - Cannot read IP mode file for wolfSSL.I-CUBE-wolfMQTT.1.19.0
2024-09-12 10:49:35,899 [WARN] PackLoader:240 - Cannot read IP mode file for WES.I-CUBE-Cesium.1.3.0
2024-09-12 10:49:35,902 [WARN] PackLoader:240 - Cannot read IP mode file for STMicroelectronics.X-CUBE-BLE2.3.3.0
2024-09-12 10:49:35,907 [WARN] PackLoader:240 - Cannot read IP mode file for STMicroelectronics.X-CUBE-TCPP.4.1.0
2024-09-12 10:49:35,937 [WARN] PackLoader:240 - Cannot read IP mode file for STMicroelectronics.X-CUBE-AZRTOS-G0.1.1.0
2024-09-12 10:49:35,951 [WARN] PackLoader:240 - Cannot read IP mode file for STMicroelectronics.X-CUBE-SAFEA1.1.2.2
2024-09-12 10:49:35,959 [WARN] PackLoader:240 - Cannot read IP mode file for STMicroelectronics.X-CUBE-NFC4.3.0.0
2024-09-12 10:49:35,973 [WARN] PackLoader:240 - Cannot read IP mode file for EmbeddedOffice.I-CUBE-FS-RTOS.1.0.1
2024-09-12 10:49:35,975 [ERROR] ConditionMgr:805 - Attr not supported : Dmpu
2024-09-12 10:49:35,976 [ERROR] ConditionMgr:805 - Attr not supported : Dmpu
2024-09-12 10:49:35,976 [ERROR] ConditionMgr:805 - Attr not supported : Dmpu
2024-09-12 10:49:35,976 [ERROR] ConditionMgr:805 - Attr not supported : Dmpu
2024-09-12 10:49:35,976 [ERROR] ConditionMgr:805 - Attr not supported : Dmpu
2024-09-12 10:49:35,976 [ERROR] ConditionMgr:805 - Attr not supported : Dmpu
2024-09-12 10:49:35,976 [ERROR] ConditionMgr:805 - Attr not supported : Dmpu
2024-09-12 10:49:35,976 [ERROR] ConditionMgr:805 - Attr not supported : Dmpu
2024-09-12 10:49:35,976 [ERROR] ConditionMgr:805 - Attr not supported : Dmpu
2024-09-12 10:49:35,976 [ERROR] ConditionMgr:805 - Attr not supported : Dmpu
2024-09-12 10:49:35,976 [ERROR] ConditionMgr:805 - Attr not supported : Dmpu
2024-09-12 10:49:35,976 [ERROR] ConditionMgr:805 - Attr not supported : Dmpu
2024-09-12 10:49:35,976 [ERROR] ConditionMgr:805 - Attr not supported : Dmpu
2024-09-12 10:49:35,976 [ERROR] ConditionMgr:805 - Attr not supported : Dmpu
2024-09-12 10:49:35,976 [ERROR] ConditionMgr:805 - Attr not supported : Dmpu
2024-09-12 10:49:35,976 [ERROR] ConditionMgr:805 - Attr not supported : Dmpu
2024-09-12 10:49:35,976 [ERROR] ConditionMgr:805 - Attr not supported : Dmpu
2024-09-12 10:49:35,977 [ERROR] ConditionMgr:805 - Attr not supported : Dmpu
2024-09-12 10:49:35,977 [ERROR] ConditionMgr:805 - Attr not supported : Dmpu
2024-09-12 10:49:35,977 [ERROR] ConditionMgr:805 - Attr not supported : Dmpu
2024-09-12 10:49:35,977 [ERROR] ConditionMgr:805 - Attr not supported : Dmpu
2024-09-12 10:49:35,977 [ERROR] ConditionMgr:805 - Attr not supported : Dmpu
2024-09-12 10:49:35,977 [ERROR] ConditionMgr:805 - Attr not supported : Dmpu
2024-09-12 10:49:35,977 [ERROR] ConditionMgr:805 - Attr not supported : Dmpu
2024-09-12 10:49:35,977 [ERROR] ConditionMgr:805 - Attr not supported : Dmpu
2024-09-12 10:49:35,977 [ERROR] ConditionMgr:805 - Attr not supported : Dmpu
2024-09-12 10:49:35,977 [ERROR] ConditionMgr:805 - Attr not supported : Dmpu
2024-09-12 10:49:35,977 [ERROR] ConditionMgr:805 - Attr not supported : Dmpu
2024-09-12 10:49:35,977 [ERROR] ConditionMgr:805 - Attr not supported : Dmpu
2024-09-12 10:49:35,977 [ERROR] ConditionMgr:805 - Attr not supported : Dmpu
2024-09-12 10:49:35,978 [ERROR] ConditionMgr:805 - Attr not supported : Dmpu
2024-09-12 10:49:35,978 [ERROR] ConditionMgr:805 - Attr not supported : Dmpu
2024-09-12 10:49:35,978 [ERROR] ConditionMgr:805 - Attr not supported : Dmpu
2024-09-12 10:49:35,978 [ERROR] ConditionMgr:805 - Attr not supported : Dmpu
2024-09-12 10:49:35,978 [ERROR] ConditionMgr:805 - Attr not supported : Dmpu
2024-09-12 10:49:35,979 [ERROR] ConditionMgr:805 - Attr not supported : Dmpu
2024-09-12 10:49:35,981 [ERROR] ConditionMgr:805 - Attr not supported : Dmpu
2024-09-12 10:49:35,982 [ERROR] ConditionMgr:805 - Attr not supported : Dmpu
2024-09-12 10:49:35,983 [ERROR] ConditionMgr:805 - Attr not supported : Dmpu
2024-09-12 10:49:35,983 [ERROR] ConditionMgr:805 - Attr not supported : Dmpu
2024-09-12 10:49:35,983 [ERROR] ConditionMgr:805 - Attr not supported : Dmpu
2024-09-12 10:49:35,983 [ERROR] ConditionMgr:805 - Attr not supported : Dmpu
2024-09-12 10:49:35,983 [ERROR] ConditionMgr:805 - Attr not supported : Dmpu
2024-09-12 10:49:35,983 [ERROR] ConditionMgr:805 - Attr not supported : Dmpu
2024-09-12 10:49:35,983 [ERROR] ConditionMgr:805 - Attr not supported : Dmpu
2024-09-12 10:49:35,983 [ERROR] ConditionMgr:805 - Attr not supported : Dmpu
2024-09-12 10:49:35,983 [ERROR] ConditionMgr:805 - Attr not supported : Dmpu
2024-09-12 10:49:35,983 [ERROR] ConditionMgr:805 - Attr not supported : Dmpu
2024-09-12 10:49:35,983 [ERROR] ConditionMgr:805 - Attr not supported : Dmpu
2024-09-12 10:49:35,983 [ERROR] ConditionMgr:805 - Attr not supported : Dmpu
2024-09-12 10:49:35,983 [ERROR] ConditionMgr:805 - Attr not supported : Dmpu
2024-09-12 10:49:35,983 [ERROR] ConditionMgr:805 - Attr not supported : Dmpu
2024-09-12 10:49:35,983 [ERROR] ConditionMgr:805 - Attr not supported : Dmpu
2024-09-12 10:49:35,983 [ERROR] ConditionMgr:805 - Attr not supported : Dmpu
2024-09-12 10:49:35,983 [ERROR] ConditionMgr:805 - Attr not supported : Dmpu
2024-09-12 10:49:35,983 [ERROR] ConditionMgr:805 - Attr not supported : Dmpu
2024-09-12 10:49:35,983 [ERROR] ConditionMgr:805 - Attr not supported : Dmpu
2024-09-12 10:49:35,983 [ERROR] ConditionMgr:805 - Attr not supported : Dmpu
2024-09-12 10:49:35,984 [ERROR] ConditionMgr:805 - Attr not supported : Dmpu
2024-09-12 10:49:35,984 [ERROR] ConditionMgr:805 - Attr not supported : Dmpu
2024-09-12 10:49:35,984 [ERROR] ConditionMgr:805 - Attr not supported : Dmpu
2024-09-12 10:49:35,984 [ERROR] ConditionMgr:805 - Attr not supported : Dmpu
2024-09-12 10:49:35,984 [ERROR] ConditionMgr:805 - Attr not supported : Dmpu
2024-09-12 10:49:35,984 [ERROR] ConditionMgr:805 - Attr not supported : Dmpu
2024-09-12 10:49:35,987 [WARN] PackLoader:240 - Cannot read IP mode file for RealThread.X-CUBE-RT-Thread_Nano.4.1.1
2024-09-12 10:49:35,992 [WARN] PackLoader:240 - Cannot read IP mode file for STMicroelectronics.FP-ATR-SIGFOX1.3.2.0
2024-09-12 10:49:35,997 [WARN] PackLoader:240 - Cannot read IP mode file for wolfSSL.I-CUBE-wolfSSL.5.7.2
2024-09-12 10:49:36,002 [WARN] PackLoader:240 - Cannot read IP mode file for STMicroelectronics.X-CUBE-EEPRMA1.5.1.0
2024-09-12 10:49:36,007 [WARN] PackLoader:240 - Cannot read IP mode file for ITTIA_DB.I-CUBE-ITTIADB.8.9.0
2024-09-12 10:49:36,051 [WARN] PackLoader:240 - Cannot read IP mode file for SEGGER.I-CUBE-embOS.1.3.1
2024-09-12 10:49:36,104 [WARN] PackLoader:240 - Cannot read IP mode file for STMicroelectronics.X-CUBE-ALGOBUILD.1.4.0
2024-09-12 10:49:36,114 [WARN] PackLoader:240 - Cannot read IP mode file for STMicroelectronics.X-CUBE-GNSS1.6.0.0
2024-09-12 10:49:36,146 [WARN] PackLoader:240 - Cannot read IP mode file for STMicroelectronics.X-CUBE-AZRTOS-F4.1.1.0
2024-09-12 10:49:36,168 [WARN] PackLoader:240 - Cannot read IP mode file for STMicroelectronics.X-CUBE-FREERTOS.1.2.0
2024-09-12 10:49:36,195 [WARN] PackLoader:240 - Cannot read IP mode file for STMicroelectronics.X-CUBE-AZRTOS-L5.2.0.0
2024-09-12 10:49:36,209 [WARN] PackLoader:240 - Cannot read IP mode file for STMicroelectronics.X-CUBE-NFC6.3.1.0
2024-09-12 10:49:36,214 [WARN] PackLoader:240 - Cannot read IP mode file for STMicroelectronics.X-CUBE-AI.9.0.0
2024-09-12 10:49:36,217 [WARN] PackLoader:240 - Cannot read IP mode file for STMicroelectronics.X-CUBE-NFC7.1.0.1
2024-09-12 10:49:36,236 [WARN] ConditionMgr:438 - getConditionDescription Invalid condition id : LAN8742 Phy interface Condition cause : null
2024-09-12 10:49:36,237 [WARN] PackLoader:240 - Cannot read IP mode file for STMicroelectronics.X-CUBE-AZRTOS-L4.2.0.0
2024-09-12 10:49:36,239 [WARN] ConditionMgr:1039 - genDependencies : Invalid condition id : LAN8742 Phy interface Condition cause : null
2024-09-12 10:49:36,240 [WARN] ConditionMgr:1039 - genDependencies : Invalid condition id : LAN8742 Phy interface Condition cause : null
2024-09-12 10:49:36,241 [WARN] ConditionMgr:1039 - genDependencies : Invalid condition id : LAN8742 Phy interface Condition cause : null
2024-09-12 10:49:36,254 [WARN] PackLoader:240 - Cannot read IP mode file for STMicroelectronics.X-CUBE-SFXS2LP1.4.0.0
2024-09-12 10:49:36,277 [WARN] PackLoader:240 - Cannot read IP mode file for STMicroelectronics.X-CUBE-AZRTOS-H7.3.3.0
2024-09-12 10:49:36,302 [WARN] ConditionMgr:438 - getConditionDescription Invalid condition id : UX DEVICE CLASS RTOS Condition cause : null
2024-09-12 10:49:36,302 [WARN] ConditionMgr:438 - getConditionDescription Invalid condition id : UX DEVICE CLASS RTOS Condition cause : null
2024-09-12 10:49:36,305 [WARN] PackLoader:240 - Cannot read IP mode file for STMicroelectronics.X-CUBE-AZRTOS-WB.2.0.0
2024-09-12 10:49:36,306 [WARN] ConditionMgr:1039 - genDependencies : Invalid condition id : UX DEVICE CLASS RTOS Condition cause : null
2024-09-12 10:49:36,306 [WARN] ConditionMgr:1039 - genDependencies : Invalid condition id : UX DEVICE CLASS RTOS Condition cause : null
2024-09-12 10:49:36,307 [WARN] ConditionMgr:1039 - genDependencies : Invalid condition id : UX DEVICE CLASS RTOS Condition cause : null
2024-09-12 10:49:36,307 [WARN] ConditionMgr:1039 - genDependencies : Invalid condition id : UX DEVICE CLASS RTOS Condition cause : null
2024-09-12 10:49:36,307 [WARN] ConditionMgr:1039 - genDependencies : Invalid condition id : UX DEVICE CLASS RTOS Condition cause : null
2024-09-12 10:49:36,315 [WARN] PackLoader:240 - Cannot read IP mode file for STMicroelectronics.X-CUBE-GNSS1.7.0.0
2024-09-12 10:49:36,327 [WARN] PackLoader:240 - Cannot read IP mode file for STMicroelectronics.X-CUBE-SUBG2.5.0.0
2024-09-12 10:49:36,333 [WARN] PackLoader:240 - Cannot read IP mode file for Cesanta.I-CUBE-Mongoose.7.13.0
2024-09-12 10:49:36,346 [WARN] PackLoader:240 - Cannot read IP mode file for STMicroelectronics.X-CUBE-AZRTOS-G4.2.0.0
2024-09-12 10:49:36,354 [WARN] PackLoader:240 - Cannot read IP mode file for STMicroelectronics.X-CUBE-ISPU.2.0.0
2024-09-12 10:49:36,356 [WARN] PackLoader:240 - Cannot read IP mode file for STMicroelectronics.X-CUBE-ALS.1.0.2
2024-09-12 10:49:36,359 [WARN] PackLoader:240 - Cannot read IP mode file for STMicroelectronics.X-CUBE-TOUCHGFX.4.24.0
2024-09-12 10:49:36,360 [WARN] PackLoader:240 - Cannot read IP mode file for wolfSSL.I-CUBE-wolfTPM.3.4.0
2024-09-12 10:49:36,364 [WARN] PackLoader:240 - Cannot read IP mode file for portGmbH.I-Cube-SoM-uGOAL.1.1.0
2024-09-12 10:49:36,382 [WARN] PackLoader:240 - Cannot read IP mode file for STMicroelectronics.X-CUBE-AZRTOS-H7RS.1.0.0
2024-09-12 10:49:36,388 [WARN] PackLoader:240 - Cannot read IP mode file for STMicroelectronics.FP-ATR-ASTRA1.2.0.0
2024-09-12 10:49:36,398 [WARN] PackLoader:240 - Cannot read IP mode file for STMicroelectronics.X-CUBE-TOF1.3.4.2
2024-09-12 10:49:36,426 [WARN] PackLoader:240 - Cannot read IP mode file for Infineon.AIROC-Wi-Fi-Bluetooth-STM32.1.6.1
2024-09-12 10:49:36,439 [WARN] PackLoader:240 - Cannot read IP mode file for wolfSSL.I-CUBE-wolfSSH.1.4.17
2024-09-12 10:49:36,440 [INFO] ThirdParty:978 - Integrity check success = true
2024-09-12 10:49:36,440 [INFO] IntegrityCheckThread:100 - exiting critical section [integrity check]
2024-09-12 10:49:36,440 [INFO] IntegrityCheckThread:103 - End integrity checks thread
2024-09-12 10:49:37,568 [INFO] WebApp:167 - Instantiating new browser for Auth
2024-09-12 10:49:38,576 [INFO] WebApp:448 - Apply proxy settings
2024-09-12 10:49:38,591 [INFO] WebApp:493 - Chromium authenticates against Manually configured proxy
2024-09-12 10:49:38,609 [INFO] WebApp:501 - Username used for proxy authentication: 
2024-09-12 10:49:38,661 [INFO] WebApp:869 - Register for checkConnection events
2024-09-12 10:49:38,661 [INFO] WebApp:448 - Apply proxy settings
2024-09-12 10:49:38,663 [INFO] WebApp:493 - Chromium authenticates against Manually configured proxy
2024-09-12 10:49:38,663 [INFO] WebApp:501 - Username used for proxy authentication: 
2024-09-12 10:49:38,782 [INFO] WebApp:220 - Starting web application
2024-09-12 10:49:38,782 [INFO] WebApp:578 - Web application path used /Applications/STM32CubeIDE.app/Contents/Eclipse/plugins/com.st.stm32cube.common.mx_6.12.0.202406281431/db/plugins/mcufinder/reactClient1/index.html
2024-09-12 10:49:39,218 [INFO] UserAuth:417 - Internet connection configuration mode: 1
2024-09-12 10:49:39,360 [INFO] WebApp:186 - Connection restablished
2024-09-12 10:49:39,488 [INFO] McuFinderGlobals:63 - Set McuFinder mode to 2 (CubeIDE integrated)
2024-09-12 10:49:39,494 [INFO] MainUpdater:2873 - connection check result : 10
2024-09-12 10:49:39,496 [INFO] MainUpdater:2873 - connection check result : 10
2024-09-12 10:49:40,218 [INFO] RulesReader:64 - Compatibility file has been processed (297 Rules)
2024-09-12 10:49:40,228 [INFO] RulesReader:64 - Compatibility file has been processed (297 Rules)
2024-09-12 10:49:40,231 [INFO] MicroXplorer:468 - Change Database Path : 
2024-09-12 10:49:40,231 [INFO] MicroXplorer:498 - Change Database Version : DB.6.0.120
2024-09-12 10:49:40,237 [WARN] ThirdParty:871 - waiting for thirdparty lock release [close project]
2024-09-12 10:49:40,237 [INFO] ThirdParty:873 - entering critical section [close project]
2024-09-12 10:49:40,240 [INFO] ThirdParty:883 - exiting critical section [close project]
2024-09-12 10:49:40,242 [INFO] PinOutPanel:1561 - setPackage(No Configuration,No Configuration)
2024-09-12 10:49:40,250 [INFO] UtilMem:75 - Begin LoadConfig() Used Memory: 214159128 Bytes (325058560)
2024-09-12 10:49:40,252 [INFO] MicroXplorer:468 - Change Database Path : 
2024-09-12 10:49:40,252 [INFO] MicroXplorer:498 - Change Database Version : DB.6.0.120
2024-09-12 10:49:40,252 [INFO] OpenFileManager:332 - Change cursor
2024-09-12 10:49:40,296 [INFO] Mcu:2032 - Initializing MCU STM32F767ZITx STM32F767ZITx STM32F767ZIT6
2024-09-12 10:49:42,307 [INFO] Context:742 - Trying to add GPIOservice into a context  which must be forbidden
2024-09-12 10:49:43,359 [INFO] RtosManager:555 - Registered RTOS mode: class=CMSIS, group=RTOS, mode=CMSIS_V1, owner=FREERTOS
2024-09-12 10:49:43,361 [INFO] RtosManager:555 - Registered RTOS mode: class=CMSIS, group=RTOS2, mode=CMSIS_V2, owner=FREERTOS
2024-09-12 10:49:43,361 [INFO] RtosManager:555 - Registered RTOS mode: class=RTOS, group=Core, mode=CMSIS_V1, owner=FREERTOS
2024-09-12 10:49:43,361 [INFO] RtosManager:555 - Registered RTOS mode: class=RTOS, group=Core, mode=CMSIS_V2, owner=FREERTOS
2024-09-12 10:49:43,361 [WARN] ModelIntegratedComponent:184 - Missing modes for component STMicroelectronics:FreeRTOS:0.0.1:STMicroelectronics:RTOS:FreeRTOS:Core:::10.2.0:
2024-09-12 10:49:43,378 [WARN] ModelIntegratedComponent:63 - No mode defined for component null
2024-09-12 10:49:43,379 [WARN] ModelIntegratedComponent:63 - No mode defined for component null
2024-09-12 10:49:43,379 [WARN] ModelIntegratedComponent:63 - No mode defined for component null
2024-09-12 10:49:43,379 [WARN] ModelIntegratedComponent:63 - No mode defined for component null
2024-09-12 10:49:43,379 [WARN] ModelIntegratedComponent:63 - No mode defined for component null
2024-09-12 10:49:43,379 [WARN] ModelIntegratedComponent:63 - No mode defined for component null
2024-09-12 10:49:43,379 [WARN] ModelIntegratedComponent:63 - No mode defined for component null
2024-09-12 10:49:43,379 [WARN] ModelIntegratedComponent:63 - No mode defined for component null
2024-09-12 10:49:43,379 [WARN] ModelIntegratedComponent:63 - No mode defined for component null
2024-09-12 10:49:43,379 [WARN] ModelIntegratedComponent:63 - No mode defined for component null
2024-09-12 10:49:43,379 [WARN] ModelIntegratedComponent:63 - No mode defined for component null
2024-09-12 10:49:43,379 [WARN] ModelIntegratedComponent:63 - No mode defined for component null
2024-09-12 10:49:43,380 [WARN] ModelIntegratedComponent:63 - No mode defined for component null
2024-09-12 10:49:43,380 [WARN] ModelIntegratedComponent:63 - No mode defined for component null
2024-09-12 10:49:43,380 [WARN] ModelIntegratedComponent:63 - No mode defined for component null
2024-09-12 10:49:43,380 [WARN] ModelIntegratedComponent:63 - No mode defined for component null
2024-09-12 10:49:43,380 [WARN] ModelIntegratedComponent:63 - No mode defined for component null
2024-09-12 10:49:43,380 [WARN] ModelIntegratedComponent:63 - No mode defined for component null
2024-09-12 10:49:43,380 [WARN] ModelIntegratedComponent:63 - No mode defined for component null
2024-09-12 10:49:43,380 [WARN] ModelIntegratedComponent:63 - No mode defined for component null
2024-09-12 10:49:43,380 [WARN] ModelIntegratedComponent:63 - No mode defined for component null
2024-09-12 10:49:43,380 [WARN] ModelIntegratedComponent:63 - No mode defined for component null
2024-09-12 10:49:43,380 [WARN] ModelIntegratedComponent:63 - No mode defined for component null
2024-09-12 10:49:43,380 [WARN] ModelIntegratedComponent:63 - No mode defined for component null
2024-09-12 10:49:43,380 [WARN] ModelIntegratedComponent:63 - No mode defined for component null
2024-09-12 10:49:43,380 [WARN] ModelIntegratedComponent:63 - No mode defined for component null
2024-09-12 10:49:43,380 [WARN] ModelIntegratedComponent:63 - No mode defined for component null
2024-09-12 10:49:43,380 [WARN] ModelIntegratedComponent:63 - No mode defined for component null
2024-09-12 10:49:43,381 [WARN] ModelIntegratedComponent:63 - No mode defined for component null
2024-09-12 10:49:43,381 [WARN] ModelIntegratedComponent:63 - No mode defined for component null
2024-09-12 10:49:43,381 [WARN] ModelIntegratedComponent:63 - No mode defined for component null
2024-09-12 10:49:43,381 [WARN] ModelIntegratedComponent:63 - No mode defined for component null
2024-09-12 10:49:43,381 [WARN] ModelIntegratedComponent:63 - No mode defined for component null
2024-09-12 10:49:43,381 [WARN] ModelIntegratedComponent:63 - No mode defined for component null
2024-09-12 10:49:43,381 [WARN] ModelIntegratedComponent:63 - No mode defined for component null
2024-09-12 10:49:43,382 [WARN] ModelPack:524 - Component already loaded: STMicroelectronics:HAL Drivers:0.0.0:STMicroelectronics:Device:STMicro_Driver:XSPI:HAL::0.0.1:HAL_XSPI
2024-09-12 10:49:43,412 [INFO] ThirdPartyModel:298 - Start build external matchings
2024-09-12 10:49:43,695 [INFO] ThirdPartyModel:316 - End build external matchings
2024-09-12 10:49:44,818 [INFO] ApiDb:581 - Connected to CubeFinder SQLite database (/Users/kitton/.stmcufinder/plugins/mcufinder/mcu/cube-finder-db.db)
2024-09-12 10:49:44,856 [INFO] ApiDb:668 - CubeFinder database Data Model version=2.1
2024-09-12 10:49:44,856 [INFO] ApiDb:669 - CubeFinder database Configuration version=3.0.39
2024-09-12 10:49:44,857 [INFO] ApiDb:670 - CubeFinder database generation date=2024-08-06 (1722941618)
2024-09-12 10:49:44,857 [INFO] ApiDb:671 - CubeFinder database FW Pack versions=[FP-ATR-ASTRA1_V2.0.0, FP-SNS-FLIGHT1_V5.0.2, FP-SNS-MOTENV1_V5.0.0, FP-SNS-MOTENVWB1_V1.4.0, FP-SNS-SMARTAG2_V1.2.0, FP-SNS-STBOX1_V2.0.0, STM32Cube_FW_C0_V1.2.0, STM32Cube_FW_F4_V1.28.0, STM32Cube_FW_F7_V1.17.2, STM32Cube_FW_G0_V1.6.2, STM32Cube_FW_G4_V1.6.0, STM32Cube_FW_H5_V1.3.0, STM32Cube_FW_H7RS_V1.1.0, STM32Cube_FW_H7_V1.11.2, STM32Cube_FW_L0_V1.12.2, STM32Cube_FW_L5_V1.5.1, STM32Cube_FW_U0_V1.1.0, STM32Cube_FW_U5_V1.6.0, STM32Cube_FW_WB0_V1.0.0, STM32Cube_FW_WBA_V1.4.1, STM32Cube_FW_WB_V1.20.0, STM32Cube_FW_WL_V1.3.0, X-CUBE-ALGOBUILD_V1.4.0, X-CUBE-ALS_V1.0.2, X-CUBE-AZRTOS-F4_V1.1.0, X-CUBE-AZRTOS-F7_V1.1.0, X-CUBE-AZRTOS-G0_V1.1.0, X-CUBE-AZRTOS-G4_V2.0.0, X-CUBE-AZRTOS-H7RS_V1.0.0, X-CUBE-AZRTOS-H7_V3.2.0, X-CUBE-AZRTOS-L4_V2.0.0, X-CUBE-AZRTOS-L5_V1.1.0, X-CUBE-AZRTOS-WB_V2.0.0, X-CUBE-AZRTOS-WL_V2.0.0, X-CUBE-BLE1_V7.0.0, X-CUBE-BLE2_V3.3.0, X-CUBE-BLEMGR_V3.1.0, X-CUBE-EEPRMA1_V5.1.0, X-CUBE-FREERTOS_V1.2.0, X-CUBE-GNSS1_V6.0.0, X-CUBE-MEMS1_V10.0.0, X-CUBE-NFC4_V3.0.0, X-CUBE-NFC7_V1.0.1, X-CUBE-SFXS2LP1_V4.0.0, X-CUBE-SUBG2_V5.0.0, X-CUBE-TOF1_V3.4.2]
2024-09-12 10:49:44,922 [INFO] DbBoardsSqlite:226 - include board P-NUCLEO-WB55-NUCLEO as a kit item of type 'Nucleo-64'
2024-09-12 10:49:44,924 [INFO] DbBoardsSqlite:226 - include board P-NUCLEO-WB55-USBDONGLE as a kit item of type 'Nucleo USB Dongle'
2024-09-12 10:49:44,924 [INFO] DbBoardsSqlite:226 - include board STEVAL-IDP005V1 as a kit item of type 'Evaluation Board'
2024-09-12 10:49:44,924 [INFO] DbBoardsSqlite:226 - include board STEVAL-IDP005V2 as a kit item of type 'Evaluation Board'
2024-09-12 10:49:45,006 [INFO] ApiDb:240 - Found 646 in-development CPN: [B-G473E-ZEST1S, B-WB1M-WPAN1, B-WL5M-SUBG1, NUCLEO-C031C6, NUCLEO-C071RB, NUCLEO-H503RB, NUCLEO-H533RE, NUCLEO-H563ZI, NUCLEO-H7S3L8, NUCLEO-U031R8, NUCLEO-U083RC, NUCLEO-U545RE-Q, NUCLEO-U5A5ZJ-Q, NUCLEO-WB05KZ, NUCLEO-WB07CC, NUCLEO-WB09KE, NUCLEO-WBA52CG, NUCLEO-WBA55CG, STEVAL-PROTEUS1, STEVAL-SMARTAG2, STEVAL-STWINBX1, STM320518-EVAL, STM32C0116-DK, STM32C011D6Y3TR, STM32C011D6Y6TR, STM32C011F4P3, STM32C011F4P6, STM32C011F4U3, STM32C011F4U6TR, STM32C011F6P3, STM32C011F6P6, STM32C011F6U3, STM32C011F6U6TR, STM32C011J4M3, STM32C011J4M6, STM32C011J6M3, STM32C011J6M6, STM32C0316-DK, STM32C031C4T3, STM32C031C4T6, STM32C031C4U3, STM32C031C4U6, STM32C031C6T3, STM32C031C6T6, STM32C031C6U3, STM32C031C6U6, STM32C031F4P3, STM32C031F4P6, STM32C031F6P3, STM32C031F6P6, STM32C031G4U3, STM32C031G4U6, STM32C031G6U3, STM32C031G6U6, STM32C031K4T3, STM32C031K4T6, STM32C031K4U3, STM32C031K4U6, STM32C031K6T3, STM32C031K6T6, STM32C031K6U3, STM32C031K6U6, STM32C071C8T6, STM32C071C8T6N, STM32C071C8U6, STM32C071C8U6N, STM32C071CBT6, STM32C071CBT6N, STM32C071CBU6, STM32C071CBU6N, STM32C071F8P6, STM32C071F8P6N, STM32C071FBP6, STM32C071FBP6N, STM32C071FBY6TR, STM32C071G8U6, STM32C071G8U6N, STM32C071GBU6, STM32C071GBU6N, STM32C071K8T6, STM32C071K8T6N, STM32C071K8U6, STM32C071K8U6N, STM32C071KBT6, STM32C071KBT6N, STM32C071KBU6, STM32C071KBU6N, STM32C071R8T6, STM32C071R8T6N, STM32C071RBI6N, STM32C071RBT6, STM32C071RBT6N, STM32G071K8TXN, STM32G071K8UXN, STM32G081GBU6N, STM32G081KBT6N, STM32G081KBUXN, STM32G0B1CCT6N, STM32G0B1KCT6, STM32G0B1NEY6TR, STM32G0B1RCT6N, STM32G0C1CCT6, STM32G0C1CCT6N, STM32G0C1CCU6N, STM32G0C1CET6N, STM32G0C1CEU6N, STM32G0C1KCT6, STM32G0C1NEY6TR, STM32G0C1RCI6N, STM32G0C1RCT6N, STM32G0C1REI6N, STM32G0C1RET6N, STM32G0C1VCI6, STM32G0C1VEI6, STM32G411C6T3, STM32G411C6T6, STM32G411C6U3, STM32G411C6U6, STM32G411C8T3, STM32G411C8T6, STM32G411C8U3, STM32G411C8U6, STM32G411CBT3, STM32G411CBT6, STM32G411CBU3, STM32G411CBU6, STM32G411K6T3, STM32G411K6T6, STM32G411K6U3, STM32G411K6U6, STM32G411K8T3, STM32G411K8T6, STM32G411K8U3, STM32G411K8U6, STM32G411KBT3, STM32G411KBT6, STM32G411KBU3, STM32G411KBU6, STM32G411M6T3, STM32G411M6T6, STM32G411M8T3, STM32G411M8T6, STM32G411MBT3, STM32G411MBT6, STM32G411R6T3, STM32G411R6T6, STM32G411R8T3, STM32G411R8T6, STM32G411RBT3, STM32G411RBT6, STM32G414CBT3, STM32G414CBT6, STM32G414CBU3, STM32G414CBU6, STM32G414CCT3, STM32G414CCT6, STM32G414CCU3, STM32G414CCU6, STM32G414MBT3, STM32G414MBT6, STM32G414MCT3, STM32G414MCT6, STM32G414RBT3, STM32G414RBT6, STM32G414RCT3, STM32G414RCT6, STM32G414VBT3, STM32G414VBT6, STM32G414VCT3, STM32G414VCT6, STM32G431CBT3Z, STM32G431RBT3Z, STM32G471CCT6, STM32G471CCU6, STM32G471CET3, STM32G471CET6, STM32G471CEU3, STM32G471CEU6, STM32G471MCT6, STM32G471MET3, STM32G471MET6, STM32G471MEY6TR, STM32G471QCT6, STM32G471QET3, STM32G471RCT6, STM32G471RET3, STM32G471RET6, STM32G471VCH6, STM32G471VCI6, STM32G471VCT6, STM32G471VEH3, STM32G471VEH6, STM32G471VEI3, STM32G471VEI6, STM32G471VET3, STM32G471VET6, STM32G473QET3Z, STM32G473RET3Z, STM32G474CCT6, STM32G491RET3Z, STM32H503CBT6, STM32H503CBU6, STM32H503EBY6TR, STM32H503KBU6, STM32H503RBT6, STM32H523CCT6, STM32H523CCU6, STM32H523CET6, STM32H523CEU6, STM32H523HEY6TR, STM32H523RCT6, STM32H523RET6, STM32H523VCI6, STM32H523VCT6, STM32H523VEI6, STM32H523VET6, STM32H523ZCJ6, STM32H523ZCT6, STM32H523ZEJ6, STM32H523ZET6, STM32H533CET6, STM32H533CEU6, STM32H533HEY6TR, STM32H533RET6, STM32H533VEI6, STM32H533VET6, STM32H533ZEJ6, STM32H533ZET6, STM32H562AGI6, STM32H562AII6, STM32H562IGK6, STM32H562IGT6, STM32H562IIK6, STM32H562IIT6, STM32H562RGT6, STM32H562RGV6, STM32H562RIT6, STM32H562RIV6, STM32H562VGT6, STM32H562VIT6, STM32H562ZGT6, STM32H562ZIT6, STM32H563AGI6, STM32H563AII3Q, STM32H563AII6, STM32H563IGK6, STM32H563IGT6, STM32H563IIK3Q, STM32H563IIK6, STM32H563IIT3Q, STM32H563IIT6, STM32H563MIY3QTR, STM32H563RGT6, STM32H563RGV6, STM32H563RIT6, STM32H563RIV6, STM32H563VGT6, STM32H563VIT3Q, STM32H563VIT6, STM32H563ZGT6, STM32H563ZIT3Q, STM32H563ZIT6, STM32H573AII3Q, STM32H573AII6, STM32H573I-DK, STM32H573IIK3Q, STM32H573IIK6, STM32H573IIT3Q, STM32H573IIT6, STM32H573MIY3QTR, STM32H573RIT6, STM32H573RIV6, STM32H573VIT3Q, STM32H573VIT6, STM32H573ZIT3Q, STM32H573ZIT6, STM32H7R3A8I6, STM32H7R3I8K6, STM32H7R3I8T6, STM32H7R3L8H6, STM32H7R3L8H6H, STM32H7R3R8V6, STM32H7R3V8H6, STM32H7R3V8T6, STM32H7R3V8Y6TR, STM32H7R3Z8J6, STM32H7R3Z8T6, STM32H7R7A8I6, STM32H7R7I8K6, STM32H7R7I8T6, STM32H7R7L8H6, STM32H7R7L8H6H, STM32H7R7Z8J6, STM32H7S3A8I6, STM32H7S3I8K6, STM32H7S3I8T6, STM32H7S3L8H6, STM32H7S3L8H6H, STM32H7S3R8V6, STM32H7S3V8H6, STM32H7S3V8T6, STM32H7S3V8Y6TR, STM32H7S3Z8J6, STM32H7S3Z8T6, STM32H7S78-DK, STM32H7S7A8I6, STM32H7S7I8K6, STM32H7S7I8T6, STM32H7S7L8H6, STM32H7S7L8H6H, STM32H7S7Z8J6, STM32L4R5QGI6STR, STM32MP131AAE3, STM32MP131AAF3, STM32MP131AAG3, STM32MP131CAE3, STM32MP131CAF3, STM32MP131CAG3, STM32MP131DAE7, STM32MP131DAF7, STM32MP131DAG7, STM32MP131FAE7, STM32MP131FAF7, STM32MP131FAG7, STM32MP133AAE3, STM32MP133AAF3, STM32MP133AAG3, STM32MP133CAE3, STM32MP133CAF3, STM32MP133CAG3, STM32MP133DAE7, STM32MP133DAF7, STM32MP133DAG7, STM32MP133FAE7, STM32MP133FAF7, STM32MP133FAG7, STM32MP135AAE3, STM32MP135AAF3, STM32MP135AAG3, STM32MP135CAE3, STM32MP135CAF3, STM32MP135CAG3, STM32MP135DAE7, STM32MP135DAF7, STM32MP135DAG7, STM32MP135F-DK, STM32MP135FAE7, STM32MP135FAF7, STM32MP135FAF7T, STM32MP135FAF7U, STM32MP135FAG7, STM32MP251AAI3, STM32MP251AAK3, STM32MP251AAL3, STM32MP251CAI3, STM32MP251CAK3, STM32MP251CAL3, STM32MP251DAI3, STM32MP251DAK3, STM32MP251DAL3, STM32MP251FAI3, STM32MP251FAK3, STM32MP251FAL3, STM32MP253AAI3, STM32MP253AAK3, STM32MP253AAL3, STM32MP253CAI3, STM32MP253CAK3, STM32MP253CAL3, STM32MP253DAI3, STM32MP253DAK3, STM32MP253DAL3, STM32MP253FAI3, STM32MP253FAK3, STM32MP253FAL3, STM32MP255AAI3, STM32MP255AAK3, STM32MP255AAL3, STM32MP255CAI3, STM32MP255CAK3, STM32MP255CAL3, STM32MP255DAI3, STM32MP255DAK3, STM32MP255DAL3, STM32MP255FAI3, STM32MP255FAK3, STM32MP255FAL3, STM32MP257AAI3, STM32MP257AAK3, STM32MP257AAL3, STM32MP257CAI3, STM32MP257CAK3, STM32MP257CAL3, STM32MP257DAI3, STM32MP257DAK3, STM32MP257DAL3, STM32MP257F-DK, STM32MP257F-EV1, STM32MP257FAI3, STM32MP257FAK3, STM32MP257FAL3, STM32U031C6T6, STM32U031C6U6, STM32U031C8T6, STM32U031C8U6, STM32U031F4P6, STM32U031F6P6, STM32U031F8P6, STM32U031G6Y6TR, STM32U031G8Y6TR, STM32U031K4U6, STM32U031K6U6, STM32U031K8U6, STM32U031R6I6, STM32U031R6T6, STM32U031R8I6, STM32U031R8T6, STM32U073C8T6, STM32U073C8U6, STM32U073CBT6, STM32U073CBU6, STM32U073CCT6, STM32U073CCU6, STM32U073H8Y6TR, STM32U073HBY6TR, STM32U073HCY6TR, STM32U073K8U6, STM32U073KBU6, STM32U073KCU6, STM32U073M8I6, STM32U073M8T6, STM32U073MBI6, STM32U073MBT6, STM32U073MCI6, STM32U073MCT6, STM32U073R8I6, STM32U073R8T6, STM32U073RBI6, STM32U073RBT6, STM32U073RCI6, STM32U073RCT6, STM32U083C-DK, STM32U083CCT6, STM32U083CCU6, STM32U083HCY6TR, STM32U083KCU6, STM32U083MCI6, STM32U083MCT6, STM32U083RCI6, STM32U083RCT6, STM32U535CBT6, STM32U535CBT6Q, STM32U535CBU6, STM32U535CBU6Q, STM32U535CCT6, STM32U535CCT6Q, STM32U535CCU6, STM32U535CCU6Q, STM32U535CET6, STM32U535CET6Q, STM32U535CEU6, STM32U535CEU6Q, STM32U535JEY6QTR, STM32U535NCY6QTR, STM32U535NEY6QTR, STM32U535RBI6, STM32U535RBI6Q, STM32U535RBT6, STM32U535RBT6Q, STM32U535RCI6, STM32U535RCI6Q, STM32U535RCT6, STM32U535RCT6Q, STM32U535REI6, STM32U535REI6Q, STM32U535RET6, STM32U535RET6Q, STM32U535VCI6, STM32U535VCI6Q, STM32U535VCT6, STM32U535VCT6Q, STM32U535VEI6, STM32U535VEI6Q, STM32U535VET6, STM32U535VET6Q, STM32U545CET6, STM32U545CET6Q, STM32U545CEU6, STM32U545CEU6Q, STM32U545JEY6QTR, STM32U545NEY6QTR, STM32U545REI6, STM32U545REI6Q, STM32U545RET6, STM32U545RET6Q, STM32U545VEI6, STM32U545VEI6Q, STM32U545VET6, STM32U545VET6Q, STM32U595AIH6, STM32U595AIH6Q, STM32U595AJH6, STM32U595AJH6Q, STM32U595QII6, STM32U595QII6Q, STM32U595QJI6, STM32U595QJI6Q, STM32U595RIT6, STM32U595RIT6Q, STM32U595RJT6, STM32U595RJT6Q, STM32U595VIT6, STM32U595VIT6Q, STM32U595VJT6, STM32U595VJT6Q, STM32U595ZIT6, STM32U595ZIT6Q, STM32U595ZIY6QTR, STM32U595ZJT6, STM32U595ZJT6Q, STM32U595ZJY6QTR, STM32U599BJY6QTR, STM32U599NIH6Q, STM32U599NJH6Q, STM32U599VIT6Q, STM32U599VJT6, STM32U599VJT6Q, STM32U599ZIT6Q, STM32U599ZIY6QTR, STM32U599ZJT6Q, STM32U599ZJY6QTR, STM32U5A5AJH6, STM32U5A5AJH6Q, STM32U5A5QII3Q , STM32U5A5QJI6, STM32U5A5QJI6Q, STM32U5A5RJT6, STM32U5A5RJT6Q, STM32U5A5VJT6, STM32U5A5VJT6Q, STM32U5A5ZJT6, STM32U5A5ZJT6Q, STM32U5A5ZJY6QTR, STM32U5A9BJY6QTR, STM32U5A9J-DK, STM32U5A9NJH6Q, STM32U5A9VJT6Q, STM32U5A9ZJT6Q, STM32U5A9ZJY6QTR, STM32U5F7VIT6, STM32U5F7VIT6Q, STM32U5F7VJT6, STM32U5F7VJT6Q, STM32U5F9BJY6QTR, STM32U5F9NJH6Q, STM32U5F9VIT6Q, STM32U5F9VJT6Q, STM32U5F9ZIJ6QTR, STM32U5F9ZIT6Q, STM32U5F9ZJJ6QTR, STM32U5F9ZJT6Q, STM32U5G7VJT6, STM32U5G7VJT6Q, STM32U5G9BJY6QTR, STM32U5G9J-DK1, STM32U5G9J-DK2, STM32U5G9NJH6Q, STM32U5G9VJT6Q, STM32U5G9ZJJ6QTR, STM32U5G9ZJT6Q, STM32WB05KZV6TR, STM32WB05KZV7TR, STM32WB05TZF6TR, STM32WB05TZF7TR, STM32WB06CCF6TR, STM32WB06CCF7TR, STM32WB06CCV6TR, STM32WB06CCV7TR, STM32WB06KCV6TR, STM32WB06KCV7TR, STM32WB07CCF6TR, STM32WB07CCF7TR, STM32WB07CCV6TR, STM32WB07CCV7TR, STM32WB07KCV6TR, STM32WB07KCV7TR, STM32WB09KEV6TR, STM32WB09KEV7TR, STM32WB09TEF6TR, STM32WB09TEF7TR, STM32WB1MMCH6, STM32WBA50KGU6, STM32WBA50KGU6TR, STM32WBA52CEU6, STM32WBA52CEU6TR, STM32WBA52CEU7, STM32WBA52CEU7TR, STM32WBA52CGU6, STM32WBA52CGU6TR, STM32WBA52CGU6U, STM32WBA52CGU7, STM32WBA52CGU7TR, STM32WBA52KEU6, STM32WBA52KEU6TR, STM32WBA52KGU6, STM32WBA52KGU6TR, STM32WBA54CEU6, STM32WBA54CEU6TR, STM32WBA54CEU7, STM32WBA54CEU7TR, STM32WBA54CGU6, STM32WBA54CGU6TR, STM32WBA54CGU7, STM32WBA54CGU7TR, STM32WBA54KEU6, STM32WBA54KEU6TR, STM32WBA54KEU7, STM32WBA54KEU7TR, STM32WBA54KGU6, STM32WBA54KGU6TR, STM32WBA54KGU7, STM32WBA54KGU7TR, STM32WBA55CEU6, STM32WBA55CEU6TR, STM32WBA55CEU7, STM32WBA55CEU7TR, STM32WBA55CGU6, STM32WBA55CGU6TR, STM32WBA55CGU6U, STM32WBA55CGU7, STM32WBA55CGU7TR, STM32WBA55G-DK1, STM32WBA55HEF6, STM32WBA55HEF7, STM32WBA55HGF6, STM32WBA55HGF7, STM32WBA55UEI6, STM32WBA55UEI6TR, STM32WBA55UEI7, STM32WBA55UEI7TR, STM32WBA55UGI6, STM32WBA55UGI6TR, STM32WBA55UGI7, STM32WBA55UGI7TR, STM32WL5MOCH6, STM32WL5MOCH6TR]
2024-09-12 10:49:45,093 [INFO] BoardInfo:889 - No configuration file found for board P-NUCLEO-WB55
2024-09-12 10:49:45,093 [INFO] DbBoards:161 - Kit is not supported: P-NUCLEO-WB55
2024-09-12 10:49:45,096 [INFO] BoardInfo:889 - No configuration file found for board STEVAL-BFA001V1B
2024-09-12 10:49:45,096 [INFO] DbBoards:161 - Kit is not supported: STEVAL-BFA001V1B
2024-09-12 10:49:45,097 [INFO] BoardInfo:889 - No configuration file found for board STEVAL-BFA001V2B
2024-09-12 10:49:45,097 [INFO] DbBoards:161 - Kit is not supported: STEVAL-BFA001V2B
2024-09-12 10:49:45,184 [INFO] DbBoards:168 - Found 201 boards, 198 are supported
2024-09-12 10:49:45,184 [INFO] DbBoards:169 - Found 201 boards, 25 of them is supported for  Bsp
2024-09-12 10:49:45,188 [INFO] ApiDb:668 - CubeFinder database Data Model version=2.1
2024-09-12 10:49:45,188 [INFO] ApiDb:669 - CubeFinder database Configuration version=3.0.39
2024-09-12 10:49:45,188 [INFO] ApiDb:670 - CubeFinder database generation date=2024-08-06 (1722941618)
2024-09-12 10:49:45,188 [INFO] ApiDb:671 - CubeFinder database FW Pack versions=[FP-ATR-ASTRA1_V2.0.0, FP-SNS-FLIGHT1_V5.0.2, FP-SNS-MOTENV1_V5.0.0, FP-SNS-MOTENVWB1_V1.4.0, FP-SNS-SMARTAG2_V1.2.0, FP-SNS-STBOX1_V2.0.0, STM32Cube_FW_C0_V1.2.0, STM32Cube_FW_F4_V1.28.0, STM32Cube_FW_F7_V1.17.2, STM32Cube_FW_G0_V1.6.2, STM32Cube_FW_G4_V1.6.0, STM32Cube_FW_H5_V1.3.0, STM32Cube_FW_H7RS_V1.1.0, STM32Cube_FW_H7_V1.11.2, STM32Cube_FW_L0_V1.12.2, STM32Cube_FW_L5_V1.5.1, STM32Cube_FW_U0_V1.1.0, STM32Cube_FW_U5_V1.6.0, STM32Cube_FW_WB0_V1.0.0, STM32Cube_FW_WBA_V1.4.1, STM32Cube_FW_WB_V1.20.0, STM32Cube_FW_WL_V1.3.0, X-CUBE-ALGOBUILD_V1.4.0, X-CUBE-ALS_V1.0.2, X-CUBE-AZRTOS-F4_V1.1.0, X-CUBE-AZRTOS-F7_V1.1.0, X-CUBE-AZRTOS-G0_V1.1.0, X-CUBE-AZRTOS-G4_V2.0.0, X-CUBE-AZRTOS-H7RS_V1.0.0, X-CUBE-AZRTOS-H7_V3.2.0, X-CUBE-AZRTOS-L4_V2.0.0, X-CUBE-AZRTOS-L5_V1.1.0, X-CUBE-AZRTOS-WB_V2.0.0, X-CUBE-AZRTOS-WL_V2.0.0, X-CUBE-BLE1_V7.0.0, X-CUBE-BLE2_V3.3.0, X-CUBE-BLEMGR_V3.1.0, X-CUBE-EEPRMA1_V5.1.0, X-CUBE-FREERTOS_V1.2.0, X-CUBE-GNSS1_V6.0.0, X-CUBE-MEMS1_V10.0.0, X-CUBE-NFC4_V3.0.0, X-CUBE-NFC7_V1.0.1, X-CUBE-SFXS2LP1_V4.0.0, X-CUBE-SUBG2_V5.0.0, X-CUBE-TOF1_V3.4.2]
2024-09-12 10:49:46,247 [INFO] ApiDb:240 - Found 646 in-development CPN: [B-G473E-ZEST1S, B-WB1M-WPAN1, B-WL5M-SUBG1, NUCLEO-C031C6, NUCLEO-C071RB, NUCLEO-H503RB, NUCLEO-H533RE, NUCLEO-H563ZI, NUCLEO-H7S3L8, NUCLEO-U031R8, NUCLEO-U083RC, NUCLEO-U545RE-Q, NUCLEO-U5A5ZJ-Q, NUCLEO-WB05KZ, NUCLEO-WB07CC, NUCLEO-WB09KE, NUCLEO-WBA52CG, NUCLEO-WBA55CG, STEVAL-PROTEUS1, STEVAL-SMARTAG2, STEVAL-STWINBX1, STM320518-EVAL, STM32C0116-DK, STM32C011D6Y3TR, STM32C011D6Y6TR, STM32C011F4P3, STM32C011F4P6, STM32C011F4U3, STM32C011F4U6TR, STM32C011F6P3, STM32C011F6P6, STM32C011F6U3, STM32C011F6U6TR, STM32C011J4M3, STM32C011J4M6, STM32C011J6M3, STM32C011J6M6, STM32C0316-DK, STM32C031C4T3, STM32C031C4T6, STM32C031C4U3, STM32C031C4U6, STM32C031C6T3, STM32C031C6T6, STM32C031C6U3, STM32C031C6U6, STM32C031F4P3, STM32C031F4P6, STM32C031F6P3, STM32C031F6P6, STM32C031G4U3, STM32C031G4U6, STM32C031G6U3, STM32C031G6U6, STM32C031K4T3, STM32C031K4T6, STM32C031K4U3, STM32C031K4U6, STM32C031K6T3, STM32C031K6T6, STM32C031K6U3, STM32C031K6U6, STM32C071C8T6, STM32C071C8T6N, STM32C071C8U6, STM32C071C8U6N, STM32C071CBT6, STM32C071CBT6N, STM32C071CBU6, STM32C071CBU6N, STM32C071F8P6, STM32C071F8P6N, STM32C071FBP6, STM32C071FBP6N, STM32C071FBY6TR, STM32C071G8U6, STM32C071G8U6N, STM32C071GBU6, STM32C071GBU6N, STM32C071K8T6, STM32C071K8T6N, STM32C071K8U6, STM32C071K8U6N, STM32C071KBT6, STM32C071KBT6N, STM32C071KBU6, STM32C071KBU6N, STM32C071R8T6, STM32C071R8T6N, STM32C071RBI6N, STM32C071RBT6, STM32C071RBT6N, STM32G071K8TXN, STM32G071K8UXN, STM32G081GBU6N, STM32G081KBT6N, STM32G081KBUXN, STM32G0B1CCT6N, STM32G0B1KCT6, STM32G0B1NEY6TR, STM32G0B1RCT6N, STM32G0C1CCT6, STM32G0C1CCT6N, STM32G0C1CCU6N, STM32G0C1CET6N, STM32G0C1CEU6N, STM32G0C1KCT6, STM32G0C1NEY6TR, STM32G0C1RCI6N, STM32G0C1RCT6N, STM32G0C1REI6N, STM32G0C1RET6N, STM32G0C1VCI6, STM32G0C1VEI6, STM32G411C6T3, STM32G411C6T6, STM32G411C6U3, STM32G411C6U6, STM32G411C8T3, STM32G411C8T6, STM32G411C8U3, STM32G411C8U6, STM32G411CBT3, STM32G411CBT6, STM32G411CBU3, STM32G411CBU6, STM32G411K6T3, STM32G411K6T6, STM32G411K6U3, STM32G411K6U6, STM32G411K8T3, STM32G411K8T6, STM32G411K8U3, STM32G411K8U6, STM32G411KBT3, STM32G411KBT6, STM32G411KBU3, STM32G411KBU6, STM32G411M6T3, STM32G411M6T6, STM32G411M8T3, STM32G411M8T6, STM32G411MBT3, STM32G411MBT6, STM32G411R6T3, STM32G411R6T6, STM32G411R8T3, STM32G411R8T6, STM32G411RBT3, STM32G411RBT6, STM32G414CBT3, STM32G414CBT6, STM32G414CBU3, STM32G414CBU6, STM32G414CCT3, STM32G414CCT6, STM32G414CCU3, STM32G414CCU6, STM32G414MBT3, STM32G414MBT6, STM32G414MCT3, STM32G414MCT6, STM32G414RBT3, STM32G414RBT6, STM32G414RCT3, STM32G414RCT6, STM32G414VBT3, STM32G414VBT6, STM32G414VCT3, STM32G414VCT6, STM32G431CBT3Z, STM32G431RBT3Z, STM32G471CCT6, STM32G471CCU6, STM32G471CET3, STM32G471CET6, STM32G471CEU3, STM32G471CEU6, STM32G471MCT6, STM32G471MET3, STM32G471MET6, STM32G471MEY6TR, STM32G471QCT6, STM32G471QET3, STM32G471RCT6, STM32G471RET3, STM32G471RET6, STM32G471VCH6, STM32G471VCI6, STM32G471VCT6, STM32G471VEH3, STM32G471VEH6, STM32G471VEI3, STM32G471VEI6, STM32G471VET3, STM32G471VET6, STM32G473QET3Z, STM32G473RET3Z, STM32G474CCT6, STM32G491RET3Z, STM32H503CBT6, STM32H503CBU6, STM32H503EBY6TR, STM32H503KBU6, STM32H503RBT6, STM32H523CCT6, STM32H523CCU6, STM32H523CET6, STM32H523CEU6, STM32H523HEY6TR, STM32H523RCT6, STM32H523RET6, STM32H523VCI6, STM32H523VCT6, STM32H523VEI6, STM32H523VET6, STM32H523ZCJ6, STM32H523ZCT6, STM32H523ZEJ6, STM32H523ZET6, STM32H533CET6, STM32H533CEU6, STM32H533HEY6TR, STM32H533RET6, STM32H533VEI6, STM32H533VET6, STM32H533ZEJ6, STM32H533ZET6, STM32H562AGI6, STM32H562AII6, STM32H562IGK6, STM32H562IGT6, STM32H562IIK6, STM32H562IIT6, STM32H562RGT6, STM32H562RGV6, STM32H562RIT6, STM32H562RIV6, STM32H562VGT6, STM32H562VIT6, STM32H562ZGT6, STM32H562ZIT6, STM32H563AGI6, STM32H563AII3Q, STM32H563AII6, STM32H563IGK6, STM32H563IGT6, STM32H563IIK3Q, STM32H563IIK6, STM32H563IIT3Q, STM32H563IIT6, STM32H563MIY3QTR, STM32H563RGT6, STM32H563RGV6, STM32H563RIT6, STM32H563RIV6, STM32H563VGT6, STM32H563VIT3Q, STM32H563VIT6, STM32H563ZGT6, STM32H563ZIT3Q, STM32H563ZIT6, STM32H573AII3Q, STM32H573AII6, STM32H573I-DK, STM32H573IIK3Q, STM32H573IIK6, STM32H573IIT3Q, STM32H573IIT6, STM32H573MIY3QTR, STM32H573RIT6, STM32H573RIV6, STM32H573VIT3Q, STM32H573VIT6, STM32H573ZIT3Q, STM32H573ZIT6, STM32H7R3A8I6, STM32H7R3I8K6, STM32H7R3I8T6, STM32H7R3L8H6, STM32H7R3L8H6H, STM32H7R3R8V6, STM32H7R3V8H6, STM32H7R3V8T6, STM32H7R3V8Y6TR, STM32H7R3Z8J6, STM32H7R3Z8T6, STM32H7R7A8I6, STM32H7R7I8K6, STM32H7R7I8T6, STM32H7R7L8H6, STM32H7R7L8H6H, STM32H7R7Z8J6, STM32H7S3A8I6, STM32H7S3I8K6, STM32H7S3I8T6, STM32H7S3L8H6, STM32H7S3L8H6H, STM32H7S3R8V6, STM32H7S3V8H6, STM32H7S3V8T6, STM32H7S3V8Y6TR, STM32H7S3Z8J6, STM32H7S3Z8T6, STM32H7S78-DK, STM32H7S7A8I6, STM32H7S7I8K6, STM32H7S7I8T6, STM32H7S7L8H6, STM32H7S7L8H6H, STM32H7S7Z8J6, STM32L4R5QGI6STR, STM32MP131AAE3, STM32MP131AAF3, STM32MP131AAG3, STM32MP131CAE3, STM32MP131CAF3, STM32MP131CAG3, STM32MP131DAE7, STM32MP131DAF7, STM32MP131DAG7, STM32MP131FAE7, STM32MP131FAF7, STM32MP131FAG7, STM32MP133AAE3, STM32MP133AAF3, STM32MP133AAG3, STM32MP133CAE3, STM32MP133CAF3, STM32MP133CAG3, STM32MP133DAE7, STM32MP133DAF7, STM32MP133DAG7, STM32MP133FAE7, STM32MP133FAF7, STM32MP133FAG7, STM32MP135AAE3, STM32MP135AAF3, STM32MP135AAG3, STM32MP135CAE3, STM32MP135CAF3, STM32MP135CAG3, STM32MP135DAE7, STM32MP135DAF7, STM32MP135DAG7, STM32MP135F-DK, STM32MP135FAE7, STM32MP135FAF7, STM32MP135FAF7T, STM32MP135FAF7U, STM32MP135FAG7, STM32MP251AAI3, STM32MP251AAK3, STM32MP251AAL3, STM32MP251CAI3, STM32MP251CAK3, STM32MP251CAL3, STM32MP251DAI3, STM32MP251DAK3, STM32MP251DAL3, STM32MP251FAI3, STM32MP251FAK3, STM32MP251FAL3, STM32MP253AAI3, STM32MP253AAK3, STM32MP253AAL3, STM32MP253CAI3, STM32MP253CAK3, STM32MP253CAL3, STM32MP253DAI3, STM32MP253DAK3, STM32MP253DAL3, STM32MP253FAI3, STM32MP253FAK3, STM32MP253FAL3, STM32MP255AAI3, STM32MP255AAK3, STM32MP255AAL3, STM32MP255CAI3, STM32MP255CAK3, STM32MP255CAL3, STM32MP255DAI3, STM32MP255DAK3, STM32MP255DAL3, STM32MP255FAI3, STM32MP255FAK3, STM32MP255FAL3, STM32MP257AAI3, STM32MP257AAK3, STM32MP257AAL3, STM32MP257CAI3, STM32MP257CAK3, STM32MP257CAL3, STM32MP257DAI3, STM32MP257DAK3, STM32MP257DAL3, STM32MP257F-DK, STM32MP257F-EV1, STM32MP257FAI3, STM32MP257FAK3, STM32MP257FAL3, STM32U031C6T6, STM32U031C6U6, STM32U031C8T6, STM32U031C8U6, STM32U031F4P6, STM32U031F6P6, STM32U031F8P6, STM32U031G6Y6TR, STM32U031G8Y6TR, STM32U031K4U6, STM32U031K6U6, STM32U031K8U6, STM32U031R6I6, STM32U031R6T6, STM32U031R8I6, STM32U031R8T6, STM32U073C8T6, STM32U073C8U6, STM32U073CBT6, STM32U073CBU6, STM32U073CCT6, STM32U073CCU6, STM32U073H8Y6TR, STM32U073HBY6TR, STM32U073HCY6TR, STM32U073K8U6, STM32U073KBU6, STM32U073KCU6, STM32U073M8I6, STM32U073M8T6, STM32U073MBI6, STM32U073MBT6, STM32U073MCI6, STM32U073MCT6, STM32U073R8I6, STM32U073R8T6, STM32U073RBI6, STM32U073RBT6, STM32U073RCI6, STM32U073RCT6, STM32U083C-DK, STM32U083CCT6, STM32U083CCU6, STM32U083HCY6TR, STM32U083KCU6, STM32U083MCI6, STM32U083MCT6, STM32U083RCI6, STM32U083RCT6, STM32U535CBT6, STM32U535CBT6Q, STM32U535CBU6, STM32U535CBU6Q, STM32U535CCT6, STM32U535CCT6Q, STM32U535CCU6, STM32U535CCU6Q, STM32U535CET6, STM32U535CET6Q, STM32U535CEU6, STM32U535CEU6Q, STM32U535JEY6QTR, STM32U535NCY6QTR, STM32U535NEY6QTR, STM32U535RBI6, STM32U535RBI6Q, STM32U535RBT6, STM32U535RBT6Q, STM32U535RCI6, STM32U535RCI6Q, STM32U535RCT6, STM32U535RCT6Q, STM32U535REI6, STM32U535REI6Q, STM32U535RET6, STM32U535RET6Q, STM32U535VCI6, STM32U535VCI6Q, STM32U535VCT6, STM32U535VCT6Q, STM32U535VEI6, STM32U535VEI6Q, STM32U535VET6, STM32U535VET6Q, STM32U545CET6, STM32U545CET6Q, STM32U545CEU6, STM32U545CEU6Q, STM32U545JEY6QTR, STM32U545NEY6QTR, STM32U545REI6, STM32U545REI6Q, STM32U545RET6, STM32U545RET6Q, STM32U545VEI6, STM32U545VEI6Q, STM32U545VET6, STM32U545VET6Q, STM32U595AIH6, STM32U595AIH6Q, STM32U595AJH6, STM32U595AJH6Q, STM32U595QII6, STM32U595QII6Q, STM32U595QJI6, STM32U595QJI6Q, STM32U595RIT6, STM32U595RIT6Q, STM32U595RJT6, STM32U595RJT6Q, STM32U595VIT6, STM32U595VIT6Q, STM32U595VJT6, STM32U595VJT6Q, STM32U595ZIT6, STM32U595ZIT6Q, STM32U595ZIY6QTR, STM32U595ZJT6, STM32U595ZJT6Q, STM32U595ZJY6QTR, STM32U599BJY6QTR, STM32U599NIH6Q, STM32U599NJH6Q, STM32U599VIT6Q, STM32U599VJT6, STM32U599VJT6Q, STM32U599ZIT6Q, STM32U599ZIY6QTR, STM32U599ZJT6Q, STM32U599ZJY6QTR, STM32U5A5AJH6, STM32U5A5AJH6Q, STM32U5A5QII3Q , STM32U5A5QJI6, STM32U5A5QJI6Q, STM32U5A5RJT6, STM32U5A5RJT6Q, STM32U5A5VJT6, STM32U5A5VJT6Q, STM32U5A5ZJT6, STM32U5A5ZJT6Q, STM32U5A5ZJY6QTR, STM32U5A9BJY6QTR, STM32U5A9J-DK, STM32U5A9NJH6Q, STM32U5A9VJT6Q, STM32U5A9ZJT6Q, STM32U5A9ZJY6QTR, STM32U5F7VIT6, STM32U5F7VIT6Q, STM32U5F7VJT6, STM32U5F7VJT6Q, STM32U5F9BJY6QTR, STM32U5F9NJH6Q, STM32U5F9VIT6Q, STM32U5F9VJT6Q, STM32U5F9ZIJ6QTR, STM32U5F9ZIT6Q, STM32U5F9ZJJ6QTR, STM32U5F9ZJT6Q, STM32U5G7VJT6, STM32U5G7VJT6Q, STM32U5G9BJY6QTR, STM32U5G9J-DK1, STM32U5G9J-DK2, STM32U5G9NJH6Q, STM32U5G9VJT6Q, STM32U5G9ZJJ6QTR, STM32U5G9ZJT6Q, STM32WB05KZV6TR, STM32WB05KZV7TR, STM32WB05TZF6TR, STM32WB05TZF7TR, STM32WB06CCF6TR, STM32WB06CCF7TR, STM32WB06CCV6TR, STM32WB06CCV7TR, STM32WB06KCV6TR, STM32WB06KCV7TR, STM32WB07CCF6TR, STM32WB07CCF7TR, STM32WB07CCV6TR, STM32WB07CCV7TR, STM32WB07KCV6TR, STM32WB07KCV7TR, STM32WB09KEV6TR, STM32WB09KEV7TR, STM32WB09TEF6TR, STM32WB09TEF7TR, STM32WB1MMCH6, STM32WBA50KGU6, STM32WBA50KGU6TR, STM32WBA52CEU6, STM32WBA52CEU6TR, STM32WBA52CEU7, STM32WBA52CEU7TR, STM32WBA52CGU6, STM32WBA52CGU6TR, STM32WBA52CGU6U, STM32WBA52CGU7, STM32WBA52CGU7TR, STM32WBA52KEU6, STM32WBA52KEU6TR, STM32WBA52KGU6, STM32WBA52KGU6TR, STM32WBA54CEU6, STM32WBA54CEU6TR, STM32WBA54CEU7, STM32WBA54CEU7TR, STM32WBA54CGU6, STM32WBA54CGU6TR, STM32WBA54CGU7, STM32WBA54CGU7TR, STM32WBA54KEU6, STM32WBA54KEU6TR, STM32WBA54KEU7, STM32WBA54KEU7TR, STM32WBA54KGU6, STM32WBA54KGU6TR, STM32WBA54KGU7, STM32WBA54KGU7TR, STM32WBA55CEU6, STM32WBA55CEU6TR, STM32WBA55CEU7, STM32WBA55CEU7TR, STM32WBA55CGU6, STM32WBA55CGU6TR, STM32WBA55CGU6U, STM32WBA55CGU7, STM32WBA55CGU7TR, STM32WBA55G-DK1, STM32WBA55HEF6, STM32WBA55HEF7, STM32WBA55HGF6, STM32WBA55HGF7, STM32WBA55UEI6, STM32WBA55UEI6TR, STM32WBA55UEI7, STM32WBA55UEI7TR, STM32WBA55UGI6, STM32WBA55UGI6TR, STM32WBA55UGI7, STM32WBA55UGI7TR, STM32WL5MOCH6, STM32WL5MOCH6TR]
2024-09-12 10:49:46,252 [INFO] DbMcus:218 - Found 4251 MCUs, 4251 are supported
2024-09-12 10:49:46,254 [INFO] ApiDb:423 - Load user favorites file /Users/kitton/.stm32cubeide/favorites.mcus.txt: 1 item(s)
2024-09-12 10:49:46,254 [INFO] ApiDb:427 - User favorites MCUs=[STM32F767ZIT6]
2024-09-12 10:49:46,254 [INFO] DbMcus:224 - Set 1 / 1 favorites MCUs
2024-09-12 10:49:46,468 [INFO] ApiDb:414 - User favorites file not found: /Users/kitton/.stm32cubeide/favorites.boards.txt
2024-09-12 10:49:46,469 [INFO] DbBoards:198 - Set 0 / 0 favorites Boards
2024-09-12 10:49:46,562 [INFO] UtilMem:75 - End LoadConfig() Used Memory: 304307648 Bytes (379584512)
2024-09-12 10:49:46,667 [WARN] ThirdParty:833 - waiting for thirdparty lock release [change project]
2024-09-12 10:49:46,668 [INFO] ThirdParty:835 - entering critical section [change project]
2024-09-12 10:49:46,669 [INFO] ThirdParty:1030 - CMSIS Pack Vendor :STMicroelectronics USBPD 4.1
2024-09-12 10:49:46,669 [INFO] ThirdParty:1030 - CMSIS Pack Vendor :STMicroelectronics X-CUBE-AZRTOS-H7 3.3.0
2024-09-12 10:49:46,669 [INFO] ThirdParty:1030 - CMSIS Pack Vendor :STMicroelectronics X-CUBE-GNSS1 6.0.0
2024-09-12 10:49:46,669 [INFO] ThirdParty:1030 - CMSIS Pack Vendor :STMicroelectronics USB_HOST 2.0.0
2024-09-12 10:49:46,669 [INFO] ThirdParty:1030 - CMSIS Pack Vendor :STMicroelectronics FP-SNS-MOTENVWB1 1.4.0
2024-09-12 10:49:46,669 [INFO] ThirdParty:1030 - CMSIS Pack Vendor :STMicroelectronics X-CUBE-AZRTOS-F4 1.1.0
2024-09-12 10:49:46,669 [INFO] ThirdParty:1030 - CMSIS Pack Vendor :STMicroelectronics LIBJPEG 8.0.0
2024-09-12 10:49:46,669 [INFO] ThirdParty:1030 - CMSIS Pack Vendor :STMicroelectronics X-CUBE-SMBUS 2.1.0
2024-09-12 10:49:46,669 [INFO] ThirdParty:1030 - CMSIS Pack Vendor :STMicroelectronics USB_DEVICE 3.0.0
2024-09-12 10:49:46,669 [INFO] ThirdParty:1030 - CMSIS Pack Vendor :STMicroelectronics X-CUBE-TCPP 4.1.0
2024-09-12 10:49:46,670 [INFO] ThirdParty:1030 - CMSIS Pack Vendor :STMicroelectronics X-CUBE-FREERTOS 1.2.0
2024-09-12 10:49:46,670 [INFO] ThirdParty:1030 - CMSIS Pack Vendor :STMicroelectronics X-CUBE-AZRTOS-WB 2.0.0
2024-09-12 10:49:46,670 [INFO] ThirdParty:1030 - CMSIS Pack Vendor :STMicroelectronics X-CUBE-GNSS1 7.0.0
2024-09-12 10:49:46,670 [INFO] ThirdParty:1030 - CMSIS Pack Vendor :STMicroelectronics X-CUBE-AZRTOS-F7 1.1.0
2024-09-12 10:49:46,670 [INFO] ThirdParty:1030 - CMSIS Pack Vendor :STMicroelectronics X-CUBE-AZRTOS-L5 2.0.0
2024-09-12 10:49:46,670 [INFO] ThirdParty:1030 - CMSIS Pack Vendor :STMicroelectronics USB_DEVICE 2.0.0
2024-09-12 10:49:46,670 [INFO] ThirdParty:1030 - CMSIS Pack Vendor :STMicroelectronics X-CUBE-NFC6 3.1.0
2024-09-12 10:49:46,670 [INFO] ThirdParty:1030 - CMSIS Pack Vendor :STMicroelectronics X-CUBE-MEMS1 11.0.0
2024-09-12 10:49:46,670 [INFO] ThirdParty:1030 - CMSIS Pack Vendor :STMicroelectronics FreeRTOS 0.0.1
2024-09-12 10:49:46,670 [INFO] ThirdParty:1030 - CMSIS Pack Vendor :STMicroelectronics X-CUBE-AZRTOS-G0 1.1.0
2024-09-12 10:49:46,670 [INFO] ThirdParty:1030 - CMSIS Pack Vendor :STMicroelectronics X-CUBE-SAFEA1 1.2.2
2024-09-12 10:49:46,670 [INFO] ThirdParty:1030 - CMSIS Pack Vendor :STMicroelectronics X-CUBE-NFC4 3.0.0
2024-09-12 10:49:46,670 [INFO] ThirdParty:1030 - CMSIS Pack Vendor :STMicroelectronics X-CUBE-SUBG2 5.0.0
2024-09-12 10:49:46,670 [INFO] ThirdParty:1030 - CMSIS Pack Vendor :STMicroelectronics STM32_WPAN 1.0.0
2024-09-12 10:49:46,670 [INFO] ThirdParty:1030 - CMSIS Pack Vendor :EmbeddedOffice I-CUBE-FS-RTOS 1.0.1
2024-09-12 10:49:46,670 [INFO] ThirdParty:1030 - CMSIS Pack Vendor :STMicroelectronics lwIP 2.0.3
2024-09-12 10:49:46,670 [INFO] ThirdParty:1030 - CMSIS Pack Vendor :STMicroelectronics FP-SNS-FLIGHT1 5.0.2
2024-09-12 10:49:46,670 [INFO] ThirdParty:1030 - CMSIS Pack Vendor :Cesanta I-CUBE-Mongoose 7.13.0
2024-09-12 10:49:46,670 [INFO] ThirdParty:1030 - CMSIS Pack Vendor :STMicroelectronics USB_HOST 1.0.0
2024-09-12 10:49:46,670 [INFO] ThirdParty:1030 - CMSIS Pack Vendor :STMicroelectronics X-CUBE-AI 9.0.0
2024-09-12 10:49:46,670 [INFO] ThirdParty:1030 - CMSIS Pack Vendor :STMicroelectronics X-CUBE-AZRTOS-G4 2.0.0
2024-09-12 10:49:46,670 [INFO] ThirdParty:1030 - CMSIS Pack Vendor :STMicroelectronics PDM2PCM 3.1.0
2024-09-12 10:49:46,670 [INFO] ThirdParty:1030 - CMSIS Pack Vendor :STMicroelectronics PDM2PCM 3.3.0
2024-09-12 10:49:46,670 [INFO] ThirdParty:1030 - CMSIS Pack Vendor :STMicroelectronics X-CUBE-DISPLAY 3.0.0
2024-09-12 10:49:46,670 [INFO] ThirdParty:1030 - CMSIS Pack Vendor :RealThread X-CUBE-RT-Thread_Nano 4.1.1
2024-09-12 10:49:46,670 [INFO] ThirdParty:1030 - CMSIS Pack Vendor :STMicroelectronics X-CUBE-BLE1 7.0.0
2024-09-12 10:49:46,670 [INFO] ThirdParty:1030 - CMSIS Pack Vendor :STMicroelectronics FP-ATR-SIGFOX1 3.2.0
2024-09-12 10:49:46,670 [INFO] ThirdParty:1030 - CMSIS Pack Vendor :wolfSSL I-CUBE-wolfSSL 5.7.2
2024-09-12 10:49:46,670 [INFO] ThirdParty:1030 - CMSIS Pack Vendor :STMicroelectronics X-CUBE-ISPU 2.0.0
2024-09-12 10:49:46,670 [INFO] ThirdParty:1030 - CMSIS Pack Vendor :STMicroelectronics X-CUBE-EEPRMA1 5.1.0
2024-09-12 10:49:46,670 [INFO] ThirdParty:1030 - CMSIS Pack Vendor :STMicroelectronics HAL Drivers 0.0.0
2024-09-12 10:49:46,670 [INFO] ThirdParty:1030 - CMSIS Pack Vendor :STMicroelectronics MBEDTLS 2.16.2
2024-09-12 10:49:46,670 [INFO] ThirdParty:1030 - CMSIS Pack Vendor :STMicroelectronics X-CUBE-ALS 1.0.2
2024-09-12 10:49:46,670 [INFO] ThirdParty:1030 - CMSIS Pack Vendor :emotas I-CUBE-CANOPEN 1.3.0
2024-09-12 10:49:46,670 [INFO] ThirdParty:1030 - CMSIS Pack Vendor :STMicroelectronics X-CUBE-NFC7 1.0.1
2024-09-12 10:49:46,670 [INFO] ThirdParty:1030 - CMSIS Pack Vendor :STMicroelectronics MBEDTLS 2.14.1
2024-09-12 10:49:46,670 [INFO] ThirdParty:1030 - CMSIS Pack Vendor :STMicroelectronics X-CUBE-TOUCHGFX 4.24.0
2024-09-12 10:49:46,670 [INFO] ThirdParty:1030 - CMSIS Pack Vendor :ITTIA_DB I-CUBE-ITTIADB 8.9.0
2024-09-12 10:49:46,670 [INFO] ThirdParty:1030 - CMSIS Pack Vendor :wolfSSL I-CUBE-wolfTPM 3.4.0
2024-09-12 10:49:46,670 [INFO] ThirdParty:1030 - CMSIS Pack Vendor :portGmbH I-Cube-SoM-uGOAL 1.1.0
2024-09-12 10:49:46,670 [INFO] ThirdParty:1030 - CMSIS Pack Vendor :STMicroelectronics X-CUBE-BLEMGR 3.1.0
2024-09-12 10:49:46,670 [INFO] ThirdParty:1030 - CMSIS Pack Vendor :STMicroelectronics ThreadX 1.0.0
2024-09-12 10:49:46,670 [INFO] ThirdParty:1030 - CMSIS Pack Vendor :STMicroelectronics FP-SNS-SMARTAG2 1.2.0
2024-09-12 10:49:46,670 [INFO] ThirdParty:1030 - CMSIS Pack Vendor :STMicroelectronics X-CUBE-AZRTOS-WL 2.0.0
2024-09-12 10:49:46,670 [INFO] ThirdParty:1030 - CMSIS Pack Vendor :SEGGER I-CUBE-embOS 1.3.1
2024-09-12 10:49:46,670 [INFO] ThirdParty:1030 - CMSIS Pack Vendor :STMicroelectronics X-CUBE-ALGOBUILD 1.4.0
2024-09-12 10:49:46,670 [INFO] ThirdParty:1030 - CMSIS Pack Vendor :STMicroelectronics FP-SNS-MOTENV1 5.0.0
2024-09-12 10:49:46,670 [INFO] ThirdParty:1030 - CMSIS Pack Vendor :STMicroelectronics USB_DEVICE 1.0.0
2024-09-12 10:49:46,670 [INFO] ThirdParty:1030 - CMSIS Pack Vendor :STMicroelectronics X-CUBE-AZRTOS-H7RS 1.0.0
2024-09-12 10:49:46,670 [INFO] ThirdParty:1030 - CMSIS Pack Vendor :wolfSSL I-CUBE-wolfMQTT 1.19.0
2024-09-12 10:49:46,671 [INFO] ThirdParty:1030 - CMSIS Pack Vendor :STMicroelectronics X-CUBE-AZRTOS-L4 2.0.0
2024-09-12 10:49:46,671 [INFO] ThirdParty:1030 - CMSIS Pack Vendor :STMicroelectronics ThreadX 0.0.2
2024-09-12 10:49:46,671 [INFO] ThirdParty:1030 - CMSIS Pack Vendor :WES I-CUBE-Cesium 1.3.0
2024-09-12 10:49:46,671 [INFO] ThirdParty:1030 - CMSIS Pack Vendor :STMicroelectronics FP-ATR-ASTRA1 2.0.0
2024-09-12 10:49:46,671 [INFO] ThirdParty:1030 - CMSIS Pack Vendor :STMicroelectronics lwIP 2.1.2
2024-09-12 10:49:46,671 [INFO] ThirdParty:1030 - CMSIS Pack Vendor :STMicroelectronics X-CUBE-SFXS2LP1 4.0.0
2024-09-12 10:49:46,671 [INFO] ThirdParty:1030 - CMSIS Pack Vendor :STMicroelectronics X-CUBE-BLE2 3.3.0
2024-09-12 10:49:46,671 [INFO] ThirdParty:1030 - CMSIS Pack Vendor :STMicroelectronics X-CUBE-TOF1 3.4.2
2024-09-12 10:49:46,671 [INFO] ThirdParty:1030 - CMSIS Pack Vendor :Infineon AIROC-Wi-Fi-Bluetooth-STM32 1.6.1
2024-09-12 10:49:46,671 [INFO] ThirdParty:1030 - CMSIS Pack Vendor :STMicroelectronics PDM2PCM 3.2.0
2024-09-12 10:49:46,671 [INFO] ThirdParty:1030 - CMSIS Pack Vendor :wolfSSL I-CUBE-wolfSSH 1.4.17
2024-09-12 10:49:46,672 [INFO] ThirdParty:841 - exiting critical section [change project]
2024-09-12 10:49:47,517 [INFO] PinOutPanel:1561 - setPackage(No Configuration,No Configuration)
2024-09-12 10:49:47,523 [INFO] PinOutPanel:1561 - setPackage(STM32F767ZITx,LQFP144)
2024-09-12 10:49:48,364 [INFO] UtilMem:75 - Before build in PCC Used Memory: 274231792 Bytes (379584512)
2024-09-12 10:49:49,306 [INFO] UtilMem:75 - After build in PCC Used Memory: 291531760 Bytes (379584512)
2024-09-12 10:49:49,369 [INFO] IPUIPlugin:80 - create IPUIPlugin
2024-09-12 10:49:49,370 [INFO] IPUIPlugin:80 - create IPUIPlugin
2024-09-12 10:49:49,371 [INFO] IPUIPlugin:80 - create IPUIPlugin
2024-09-12 10:49:49,373 [INFO] IPUIPlugin:80 - create IPUIPlugin
2024-09-12 10:49:49,374 [INFO] IPUIPlugin:80 - create IPUIPlugin
2024-09-12 10:49:49,375 [INFO] IPUIPlugin:80 - create IPUIPlugin
2024-09-12 10:49:49,375 [INFO] IPUIPlugin:80 - create IPUIPlugin
2024-09-12 10:49:49,375 [INFO] IPUIPlugin:80 - create IPUIPlugin
2024-09-12 10:49:49,376 [INFO] IPUIPlugin:80 - create IPUIPlugin
2024-09-12 10:49:49,376 [INFO] IPUIPlugin:80 - create IPUIPlugin
2024-09-12 10:49:49,376 [INFO] IPUIPlugin:80 - create IPUIPlugin
2024-09-12 10:49:49,376 [INFO] IPUIPlugin:80 - create IPUIPlugin
2024-09-12 10:49:49,376 [INFO] IPUIPlugin:80 - create IPUIPlugin
2024-09-12 10:49:49,376 [INFO] IPUIPlugin:80 - create IPUIPlugin
2024-09-12 10:49:49,376 [INFO] IPUIPlugin:80 - create IPUIPlugin
2024-09-12 10:49:49,376 [INFO] IPUIPlugin:80 - create IPUIPlugin
2024-09-12 10:49:49,376 [INFO] IPUIPlugin:80 - create IPUIPlugin
2024-09-12 10:49:49,376 [INFO] IPUIPlugin:80 - create IPUIPlugin
2024-09-12 10:49:49,378 [INFO] IPUIPlugin:80 - create IPUIPlugin
2024-09-12 10:49:49,378 [INFO] IPUIPlugin:80 - create IPUIPlugin
2024-09-12 10:49:49,378 [INFO] IPUIPlugin:80 - create IPUIPlugin
2024-09-12 10:49:49,378 [INFO] IPUIPlugin:80 - create IPUIPlugin
2024-09-12 10:49:49,378 [INFO] IPUIPlugin:80 - create IPUIPlugin
2024-09-12 10:49:49,379 [INFO] IPUIPlugin:80 - create IPUIPlugin
2024-09-12 10:49:49,379 [INFO] IPUIPlugin:80 - create IPUIPlugin
2024-09-12 10:49:49,379 [INFO] IPUIPlugin:80 - create IPUIPlugin
2024-09-12 10:49:49,379 [INFO] IPUIPlugin:80 - create IPUIPlugin
2024-09-12 10:49:49,379 [INFO] IPUIPlugin:80 - create IPUIPlugin
2024-09-12 10:49:49,379 [INFO] IPUIPlugin:80 - create IPUIPlugin
2024-09-12 10:49:49,379 [INFO] IPUIPlugin:80 - create IPUIPlugin
2024-09-12 10:49:49,379 [INFO] IPUIPlugin:80 - create IPUIPlugin
2024-09-12 10:49:49,379 [INFO] IPUIPlugin:80 - create IPUIPlugin
2024-09-12 10:49:49,380 [INFO] IPUIPlugin:80 - create IPUIPlugin
2024-09-12 10:49:49,380 [INFO] IPUIPlugin:80 - create IPUIPlugin
2024-09-12 10:49:49,380 [INFO] IPUIPlugin:80 - create IPUIPlugin
2024-09-12 10:49:49,380 [INFO] IPUIPlugin:80 - create IPUIPlugin
2024-09-12 10:49:49,380 [INFO] IPUIPlugin:80 - create IPUIPlugin
2024-09-12 10:49:49,381 [INFO] IPUIPlugin:80 - create IPUIPlugin
2024-09-12 10:49:49,382 [INFO] IPUIPlugin:80 - create IPUIPlugin
2024-09-12 10:49:49,382 [INFO] IPUIPlugin:80 - create IPUIPlugin
2024-09-12 10:49:49,382 [INFO] IPUIPlugin:80 - create IPUIPlugin
2024-09-12 10:49:49,382 [INFO] IPUIPlugin:80 - create IPUIPlugin
2024-09-12 10:49:49,382 [INFO] IPUIPlugin:80 - create IPUIPlugin
2024-09-12 10:49:49,382 [INFO] IPUIPlugin:80 - create IPUIPlugin
2024-09-12 10:49:49,383 [INFO] IPUIPlugin:80 - create IPUIPlugin
2024-09-12 10:49:49,383 [INFO] IPUIPlugin:80 - create IPUIPlugin
2024-09-12 10:49:49,383 [INFO] IPUIPlugin:80 - create IPUIPlugin
2024-09-12 10:49:49,383 [INFO] IPUIPlugin:80 - create IPUIPlugin
2024-09-12 10:49:49,383 [INFO] IPUIPlugin:80 - create IPUIPlugin
2024-09-12 10:49:49,383 [INFO] IPUIPlugin:80 - create IPUIPlugin
2024-09-12 10:49:49,383 [INFO] IPUIPlugin:80 - create IPUIPlugin
2024-09-12 10:49:49,383 [INFO] IPUIPlugin:80 - create IPUIPlugin
2024-09-12 10:49:49,384 [INFO] IPUIPlugin:80 - create IPUIPlugin
2024-09-12 10:49:49,384 [INFO] IPUIPlugin:80 - create IPUIPlugin
2024-09-12 10:49:49,384 [INFO] IPUIPlugin:80 - create IPUIPlugin
2024-09-12 10:49:49,384 [INFO] IPUIPlugin:80 - create IPUIPlugin
2024-09-12 10:49:49,384 [INFO] IPUIPlugin:80 - create IPUIPlugin
2024-09-12 10:49:49,384 [INFO] IPUIPlugin:80 - create IPUIPlugin
2024-09-12 10:49:49,384 [INFO] IPUIPlugin:80 - create IPUIPlugin
2024-09-12 10:49:49,384 [INFO] IPUIPlugin:80 - create IPUIPlugin
2024-09-12 10:49:49,384 [INFO] IPUIPlugin:80 - create IPUIPlugin
2024-09-12 10:49:49,384 [INFO] IPUIPlugin:80 - create IPUIPlugin
2024-09-12 10:49:49,384 [INFO] IPUIPlugin:80 - create IPUIPlugin
2024-09-12 10:49:49,384 [INFO] IPUIPlugin:80 - create IPUIPlugin
2024-09-12 10:49:49,384 [INFO] IPUIPlugin:80 - create IPUIPlugin
2024-09-12 10:49:49,384 [INFO] IPUIPlugin:80 - create IPUIPlugin
2024-09-12 10:49:49,385 [INFO] IPUIPlugin:80 - create IPUIPlugin
2024-09-12 10:49:49,385 [INFO] IPUIPlugin:80 - create IPUIPlugin
2024-09-12 10:49:49,385 [INFO] IPUIPlugin:80 - create IPUIPlugin
2024-09-12 10:49:49,385 [INFO] IPUIPlugin:80 - create IPUIPlugin
2024-09-12 10:49:49,385 [INFO] IPUIPlugin:80 - create IPUIPlugin
2024-09-12 10:49:49,385 [INFO] IPUIPlugin:80 - create IPUIPlugin
2024-09-12 10:49:49,385 [INFO] IPUIPlugin:80 - create IPUIPlugin
2024-09-12 10:49:49,386 [INFO] IPUIPlugin:80 - create IPUIPlugin
2024-09-12 10:49:49,386 [INFO] IPUIPlugin:80 - create IPUIPlugin
2024-09-12 10:49:49,386 [INFO] IPUIPlugin:80 - create IPUIPlugin
2024-09-12 10:49:49,386 [INFO] IPUIPlugin:80 - create IPUIPlugin
2024-09-12 10:49:49,387 [INFO] IPUIPlugin:80 - create IPUIPlugin
2024-09-12 10:49:49,387 [INFO] IPUIPlugin:80 - create IPUIPlugin
2024-09-12 10:49:49,410 [INFO] ApiDbMcu:508 - Load IP Config File for PDM2PCM
2024-09-12 10:49:49,898 [INFO] CADModel:165 - CPN selected for project levelSTM32F767ZIT6
2024-09-12 10:49:49,899 [INFO] CADModel:114 - Register for checkConnection events
2024-09-12 10:49:49,953 [INFO] OpenFileManager:363 - Restore cursor
2024-09-12 10:54:37,781 [INFO] WebApp:189 - Connection lost
2024-09-12 10:54:42,574 [INFO] WebApp:186 - Connection restablished
2024-09-12 10:55:15,507 [INFO] WebApp:189 - Connection lost
2024-09-12 10:55:31,213 [INFO] WebApp:186 - Connection restablished
2024-09-12 13:13:51,706 [INFO] WebApp:189 - Connection lost
2024-09-12 13:14:06,570 [INFO] WebApp:186 - Connection restablished
2024-09-12 13:14:22,221 [INFO] WebApp:189 - Connection lost
2024-09-12 13:14:27,779 [INFO] WebApp:186 - Connection restablished
2024-09-12 13:20:22,776 [ERROR] ConfigurationRetriever:142 - IOException on connection: Read timed out
2024-09-12 13:32:19,569 [INFO] MainUpdater:2873 - connection check result : 10
2024-09-12 13:32:19,572 [INFO] MainUpdater:2873 - connection check result : 10
2024-09-12 13:32:19,922 [INFO] MicroXplorer:468 - Change Database Path : 
2024-09-12 13:32:19,922 [INFO] MicroXplorer:498 - Change Database Version : DB.6.0.120
2024-09-12 13:32:19,975 [ERROR] ProjectManagerView:394 - 
java.lang.NullPointerException: Cannot invoke "javax.swing.JTextField.getText()" because the return value of "java.util.List.get(int)" is null
	at com.st.microxplorer.plugins.projectmanager.gui.ProjectChoiceTab$10.caretUpdate(ProjectChoiceTab.java:2622) ~[filemanager.jar:?]
	at javax.swing.text.JTextComponent.fireCaretUpdate(JTextComponent.java:412) ~[?:?]
	at javax.swing.text.JTextComponent$MutableCaretEvent.fire(JTextComponent.java:4491) ~[?:?]
	at javax.swing.text.JTextComponent$MutableCaretEvent.stateChanged(JTextComponent.java:4513) ~[?:?]
	at javax.swing.text.DefaultCaret.fireStateChanged(DefaultCaret.java:842) ~[?:?]
	at javax.swing.text.DefaultCaret.changeCaretPosition(DefaultCaret.java:1313) ~[?:?]
	at javax.swing.text.DefaultCaret.handleSetDot(DefaultCaret.java:1212) ~[?:?]
	at javax.swing.text.DefaultCaret.setDot(DefaultCaret.java:1193) ~[?:?]
	at javax.swing.text.DefaultCaret$Handler.insertUpdate(DefaultCaret.java:1789) ~[?:?]
	at javax.swing.text.AbstractDocument.fireInsertUpdate(AbstractDocument.java:226) ~[?:?]
	at javax.swing.text.AbstractDocument.handleInsertString(AbstractDocument.java:780) ~[?:?]
	at javax.swing.text.AbstractDocument.insertString(AbstractDocument.java:739) ~[?:?]
	at javax.swing.text.PlainDocument.insertString(PlainDocument.java:131) ~[?:?]
	at javax.swing.text.AbstractDocument.replace(AbstractDocument.java:698) ~[?:?]
	at javax.swing.text.JTextComponent.setText(JTextComponent.java:1729) ~[?:?]
	at com.st.microxplorer.plugins.projectmanager.gui.ProjectChoiceTab.createHeapStackFields(ProjectChoiceTab.java:972) ~[filemanager.jar:?]
	at com.st.microxplorer.plugins.projectmanager.gui.ProjectChoiceTab.buildLinkSettingsPanel(ProjectChoiceTab.java:3597) ~[filemanager.jar:?]
	at com.st.microxplorer.plugins.projectmanager.gui.ProjectChoiceTab.defineWindowsFields(ProjectChoiceTab.java:1940) ~[filemanager.jar:?]
	at com.st.microxplorer.plugins.projectmanager.gui.ProjectChoiceTab.updateSettings(ProjectChoiceTab.java:550) ~[filemanager.jar:?]
	at com.st.microxplorer.plugins.projectmanager.gui.ProjectSettingsPanel.UpdateDialog(ProjectSettingsPanel.java:245) ~[filemanager.jar:?]
	at com.st.microxplorer.plugins.projectmanager.ProjectManagerView.propertyChange(ProjectManagerView.java:391) ~[filemanager.jar:?]
	at java.beans.PropertyChangeSupport.fire(PropertyChangeSupport.java:343) ~[?:?]
	at java.beans.PropertyChangeSupport.firePropertyChange(PropertyChangeSupport.java:335) ~[?:?]
	at java.beans.PropertyChangeSupport.firePropertyChange(PropertyChangeSupport.java:268) ~[?:?]
	at com.st.microxplorer.util.MXPropertyChangeSupport.firePropertyChange(MXPropertyChangeSupport.java:54) ~[STM32CubeMX.jar:?]
	at com.st.microxplorer.mxsystem.MxSystem.closeConfig(MxSystem.java:900) ~[STM32CubeMX.jar:?]
	at com.st.microxplorer.maingui.MainPanel.closeConfig(MainPanel.java:781) ~[STM32CubeMX.jar:?]
	at com.st.microxplorer.plugins.filemanager.engine.OpenFileManager.loadConfigurationFile(OpenFileManager.java:265) ~[filemanager.jar:?]
	at com.st.microxplorer.plugins.filemanager.engine.MainFileManager.userLoadConfig(MainFileManager.java:352) ~[filemanager.jar:?]
	at com.st.microxplorer.plugins.filemanager.engine.MainFileManager.userLoadConfig(MainFileManager.java:330) ~[filemanager.jar:?]
	at com.st.microxplorer.plugins.filemanager.FileManagerView.getSpecificTask(FileManagerView.java:246) ~[filemanager.jar:?]
	at com.st.stm32cube.common.mx.editor.CubeMxEditor.getMxTabbedPaneInstance(CubeMxEditor.java:1198) ~[com.st.stm32cube.common.mx_6.12.0.202406281431/:?]
	at com.st.stm32cube.common.mx.editor.CubeMxEditor$12$1.createSwingComponent(CubeMxEditor.java:1068) ~[com.st.stm32cube.common.mx_6.12.0.202406281431/:?]
	at com.st.stm32cube.common.mx.oss.core.awtswtbridge.EmbeddedSwingComposite.doComponentCreation(EmbeddedSwingComposite.java:492) ~[com.st.stm32cube.common.mx.oss_6.12.0.202406281431/:?]
	at com.st.stm32cube.common.mx.oss.core.awtswtbridge.EmbeddedSwingComposite$4.run(EmbeddedSwingComposite.java:291) ~[com.st.stm32cube.common.mx.oss_6.12.0.202406281431/:?]
	at com.st.stm32cube.common.mx.oss.core.awtswtbridge.AwtEnvironment$2.run(AwtEnvironment.java:166) ~[com.st.stm32cube.common.mx.oss_6.12.0.202406281431/:?]
	at java.awt.event.InvocationEvent.dispatch(InvocationEvent.java:318) ~[?:?]
	at java.awt.EventQueue.dispatchEventImpl(EventQueue.java:773) ~[?:?]
	at java.awt.EventQueue$4.run(EventQueue.java:720) ~[?:?]
	at java.awt.EventQueue$4.run(EventQueue.java:714) ~[?:?]
	at java.security.AccessController.doPrivileged(AccessController.java:399) ~[?:?]
	at java.security.ProtectionDomain$JavaSecurityAccessImpl.doIntersectionPrivilege(ProtectionDomain.java:86) ~[?:?]
	at java.awt.EventQueue.dispatchEvent(EventQueue.java:742) ~[?:?]
	at java.awt.EventDispatchThread.pumpOneEventForFilters(EventDispatchThread.java:203) ~[?:?]
	at java.awt.EventDispatchThread.pumpEventsForFilter(EventDispatchThread.java:124) ~[?:?]
	at java.awt.EventDispatchThread.pumpEventsForHierarchy(EventDispatchThread.java:113) ~[?:?]
	at java.awt.EventDispatchThread.pumpEvents(EventDispatchThread.java:109) ~[?:?]
	at java.awt.EventDispatchThread.pumpEvents(EventDispatchThread.java:101) ~[?:?]
	at java.awt.EventDispatchThread.run(EventDispatchThread.java:90) ~[?:?]
2024-09-12 13:32:19,979 [WARN] ThirdParty:871 - waiting for thirdparty lock release [close project]
2024-09-12 13:32:19,979 [INFO] ThirdParty:873 - entering critical section [close project]
2024-09-12 13:32:19,980 [INFO] ThirdParty:883 - exiting critical section [close project]
2024-09-12 13:32:19,984 [INFO] PinOutPanel:1561 - setPackage(No Configuration,No Configuration)
2024-09-12 13:32:20,018 [WARN] IpParametersView:151 - Warning: This peripheral hasn't parameters
2024-09-12 13:32:20,037 [WARN] MainPanel:284 - <html><b><center>Warning: This peripheral has no parameters to be configured<br></b></html>
2024-09-12 13:32:20,047 [INFO] UtilMem:75 - Begin LoadConfig() Used Memory: 347094528 Bytes (1017118720)
2024-09-12 13:32:20,048 [INFO] MicroXplorer:468 - Change Database Path : 
2024-09-12 13:32:20,048 [INFO] MicroXplorer:498 - Change Database Version : DB.6.0.120
2024-09-12 13:32:20,048 [INFO] OpenFileManager:332 - Change cursor
2024-09-12 13:32:20,075 [INFO] Mcu:2032 - Initializing MCU STM32F767ZITx STM32F767ZITx STM32F767ZIT6
2024-09-12 13:32:21,613 [INFO] Context:742 - Trying to add GPIOservice into a context  which must be forbidden
2024-09-12 13:32:22,238 [INFO] RtosManager:555 - Registered RTOS mode: class=CMSIS, group=RTOS, mode=CMSIS_V1, owner=FREERTOS
2024-09-12 13:32:22,238 [INFO] RtosManager:555 - Registered RTOS mode: class=CMSIS, group=RTOS2, mode=CMSIS_V2, owner=FREERTOS
2024-09-12 13:32:22,239 [INFO] RtosManager:555 - Registered RTOS mode: class=RTOS, group=Core, mode=CMSIS_V1, owner=FREERTOS
2024-09-12 13:32:22,239 [INFO] RtosManager:555 - Registered RTOS mode: class=RTOS, group=Core, mode=CMSIS_V2, owner=FREERTOS
2024-09-12 13:32:22,239 [WARN] ModelIntegratedComponent:184 - Missing modes for component STMicroelectronics:FreeRTOS:0.0.1:STMicroelectronics:RTOS:FreeRTOS:Core:::10.2.0:
2024-09-12 13:32:22,245 [WARN] ModelIntegratedComponent:63 - No mode defined for component null
2024-09-12 13:32:22,245 [WARN] ModelIntegratedComponent:63 - No mode defined for component null
2024-09-12 13:32:22,245 [WARN] ModelIntegratedComponent:63 - No mode defined for component null
2024-09-12 13:32:22,245 [WARN] ModelIntegratedComponent:63 - No mode defined for component null
2024-09-12 13:32:22,245 [WARN] ModelIntegratedComponent:63 - No mode defined for component null
2024-09-12 13:32:22,245 [WARN] ModelIntegratedComponent:63 - No mode defined for component null
2024-09-12 13:32:22,245 [WARN] ModelIntegratedComponent:63 - No mode defined for component null
2024-09-12 13:32:22,245 [WARN] ModelIntegratedComponent:63 - No mode defined for component null
2024-09-12 13:32:22,245 [WARN] ModelIntegratedComponent:63 - No mode defined for component null
2024-09-12 13:32:22,245 [WARN] ModelIntegratedComponent:63 - No mode defined for component null
2024-09-12 13:32:22,245 [WARN] ModelIntegratedComponent:63 - No mode defined for component null
2024-09-12 13:32:22,245 [WARN] ModelIntegratedComponent:63 - No mode defined for component null
2024-09-12 13:32:22,245 [WARN] ModelIntegratedComponent:63 - No mode defined for component null
2024-09-12 13:32:22,245 [WARN] ModelIntegratedComponent:63 - No mode defined for component null
2024-09-12 13:32:22,246 [WARN] ModelIntegratedComponent:63 - No mode defined for component null
2024-09-12 13:32:22,246 [WARN] ModelIntegratedComponent:63 - No mode defined for component null
2024-09-12 13:32:22,246 [WARN] ModelIntegratedComponent:63 - No mode defined for component null
2024-09-12 13:32:22,246 [WARN] ModelIntegratedComponent:63 - No mode defined for component null
2024-09-12 13:32:22,246 [WARN] ModelIntegratedComponent:63 - No mode defined for component null
2024-09-12 13:32:22,246 [WARN] ModelIntegratedComponent:63 - No mode defined for component null
2024-09-12 13:32:22,246 [WARN] ModelIntegratedComponent:63 - No mode defined for component null
2024-09-12 13:32:22,246 [WARN] ModelIntegratedComponent:63 - No mode defined for component null
2024-09-12 13:32:22,246 [WARN] ModelIntegratedComponent:63 - No mode defined for component null
2024-09-12 13:32:22,247 [WARN] ModelIntegratedComponent:63 - No mode defined for component null
2024-09-12 13:32:22,247 [WARN] ModelIntegratedComponent:63 - No mode defined for component null
2024-09-12 13:32:22,248 [WARN] ModelIntegratedComponent:63 - No mode defined for component null
2024-09-12 13:32:22,248 [WARN] ModelIntegratedComponent:63 - No mode defined for component null
2024-09-12 13:32:22,248 [WARN] ModelIntegratedComponent:63 - No mode defined for component null
2024-09-12 13:32:22,248 [WARN] ModelIntegratedComponent:63 - No mode defined for component null
2024-09-12 13:32:22,248 [WARN] ModelIntegratedComponent:63 - No mode defined for component null
2024-09-12 13:32:22,248 [WARN] ModelIntegratedComponent:63 - No mode defined for component null
2024-09-12 13:32:22,248 [WARN] ModelIntegratedComponent:63 - No mode defined for component null
2024-09-12 13:32:22,248 [WARN] ModelIntegratedComponent:63 - No mode defined for component null
2024-09-12 13:32:22,248 [WARN] ModelIntegratedComponent:63 - No mode defined for component null
2024-09-12 13:32:22,248 [WARN] ModelIntegratedComponent:63 - No mode defined for component null
2024-09-12 13:32:22,249 [WARN] ModelPack:524 - Component already loaded: STMicroelectronics:HAL Drivers:0.0.0:STMicroelectronics:Device:STMicro_Driver:XSPI:HAL::0.0.1:HAL_XSPI
2024-09-12 13:32:22,270 [INFO] ThirdPartyModel:298 - Start build external matchings
2024-09-12 13:32:22,415 [INFO] ThirdPartyModel:316 - End build external matchings
2024-09-12 13:32:22,749 [INFO] UtilMem:75 - End LoadConfig() Used Memory: 556575768 Bytes (1017118720)
2024-09-12 13:32:22,829 [WARN] ThirdParty:833 - waiting for thirdparty lock release [change project]
2024-09-12 13:32:22,830 [INFO] ThirdParty:835 - entering critical section [change project]
2024-09-12 13:32:22,830 [INFO] ThirdParty:1030 - CMSIS Pack Vendor :STMicroelectronics USBPD 4.1
2024-09-12 13:32:22,830 [INFO] ThirdParty:1030 - CMSIS Pack Vendor :STMicroelectronics X-CUBE-AZRTOS-H7 3.3.0
2024-09-12 13:32:22,830 [INFO] ThirdParty:1030 - CMSIS Pack Vendor :STMicroelectronics X-CUBE-GNSS1 6.0.0
2024-09-12 13:32:22,830 [INFO] ThirdParty:1030 - CMSIS Pack Vendor :STMicroelectronics USB_HOST 2.0.0
2024-09-12 13:32:22,830 [INFO] ThirdParty:1030 - CMSIS Pack Vendor :STMicroelectronics FP-SNS-MOTENVWB1 1.4.0
2024-09-12 13:32:22,831 [INFO] ThirdParty:1030 - CMSIS Pack Vendor :STMicroelectronics X-CUBE-AZRTOS-F4 1.1.0
2024-09-12 13:32:22,831 [INFO] ThirdParty:1030 - CMSIS Pack Vendor :STMicroelectronics LIBJPEG 8.0.0
2024-09-12 13:32:22,831 [INFO] ThirdParty:1030 - CMSIS Pack Vendor :STMicroelectronics X-CUBE-SMBUS 2.1.0
2024-09-12 13:32:22,831 [INFO] ThirdParty:1030 - CMSIS Pack Vendor :STMicroelectronics USB_DEVICE 3.0.0
2024-09-12 13:32:22,831 [INFO] ThirdParty:1030 - CMSIS Pack Vendor :STMicroelectronics X-CUBE-TCPP 4.1.0
2024-09-12 13:32:22,831 [INFO] ThirdParty:1030 - CMSIS Pack Vendor :STMicroelectronics X-CUBE-FREERTOS 1.2.0
2024-09-12 13:32:22,831 [INFO] ThirdParty:1030 - CMSIS Pack Vendor :STMicroelectronics X-CUBE-AZRTOS-WB 2.0.0
2024-09-12 13:32:22,831 [INFO] ThirdParty:1030 - CMSIS Pack Vendor :STMicroelectronics X-CUBE-GNSS1 7.0.0
2024-09-12 13:32:22,831 [INFO] ThirdParty:1030 - CMSIS Pack Vendor :STMicroelectronics X-CUBE-AZRTOS-F7 1.1.0
2024-09-12 13:32:22,831 [INFO] ThirdParty:1030 - CMSIS Pack Vendor :STMicroelectronics X-CUBE-AZRTOS-L5 2.0.0
2024-09-12 13:32:22,831 [INFO] ThirdParty:1030 - CMSIS Pack Vendor :STMicroelectronics USB_DEVICE 2.0.0
2024-09-12 13:32:22,831 [INFO] ThirdParty:1030 - CMSIS Pack Vendor :STMicroelectronics X-CUBE-NFC6 3.1.0
2024-09-12 13:32:22,831 [INFO] ThirdParty:1030 - CMSIS Pack Vendor :STMicroelectronics X-CUBE-MEMS1 11.0.0
2024-09-12 13:32:22,831 [INFO] ThirdParty:1030 - CMSIS Pack Vendor :STMicroelectronics FreeRTOS 0.0.1
2024-09-12 13:32:22,831 [INFO] ThirdParty:1030 - CMSIS Pack Vendor :STMicroelectronics X-CUBE-AZRTOS-G0 1.1.0
2024-09-12 13:32:22,831 [INFO] ThirdParty:1030 - CMSIS Pack Vendor :STMicroelectronics X-CUBE-SAFEA1 1.2.2
2024-09-12 13:32:22,831 [INFO] ThirdParty:1030 - CMSIS Pack Vendor :STMicroelectronics X-CUBE-NFC4 3.0.0
2024-09-12 13:32:22,831 [INFO] ThirdParty:1030 - CMSIS Pack Vendor :STMicroelectronics X-CUBE-SUBG2 5.0.0
2024-09-12 13:32:22,831 [INFO] ThirdParty:1030 - CMSIS Pack Vendor :STMicroelectronics STM32_WPAN 1.0.0
2024-09-12 13:32:22,831 [INFO] ThirdParty:1030 - CMSIS Pack Vendor :EmbeddedOffice I-CUBE-FS-RTOS 1.0.1
2024-09-12 13:32:22,831 [INFO] ThirdParty:1030 - CMSIS Pack Vendor :STMicroelectronics lwIP 2.0.3
2024-09-12 13:32:22,831 [INFO] ThirdParty:1030 - CMSIS Pack Vendor :STMicroelectronics FP-SNS-FLIGHT1 5.0.2
2024-09-12 13:32:22,831 [INFO] ThirdParty:1030 - CMSIS Pack Vendor :Cesanta I-CUBE-Mongoose 7.13.0
2024-09-12 13:32:22,831 [INFO] ThirdParty:1030 - CMSIS Pack Vendor :STMicroelectronics USB_HOST 1.0.0
2024-09-12 13:32:22,831 [INFO] ThirdParty:1030 - CMSIS Pack Vendor :STMicroelectronics X-CUBE-AI 9.0.0
2024-09-12 13:32:22,831 [INFO] ThirdParty:1030 - CMSIS Pack Vendor :STMicroelectronics X-CUBE-AZRTOS-G4 2.0.0
2024-09-12 13:32:22,831 [INFO] ThirdParty:1030 - CMSIS Pack Vendor :STMicroelectronics PDM2PCM 3.1.0
2024-09-12 13:32:22,831 [INFO] ThirdParty:1030 - CMSIS Pack Vendor :STMicroelectronics PDM2PCM 3.3.0
2024-09-12 13:32:22,831 [INFO] ThirdParty:1030 - CMSIS Pack Vendor :STMicroelectronics X-CUBE-DISPLAY 3.0.0
2024-09-12 13:32:22,831 [INFO] ThirdParty:1030 - CMSIS Pack Vendor :RealThread X-CUBE-RT-Thread_Nano 4.1.1
2024-09-12 13:32:22,831 [INFO] ThirdParty:1030 - CMSIS Pack Vendor :STMicroelectronics X-CUBE-BLE1 7.0.0
2024-09-12 13:32:22,831 [INFO] ThirdParty:1030 - CMSIS Pack Vendor :STMicroelectronics FP-ATR-SIGFOX1 3.2.0
2024-09-12 13:32:22,831 [INFO] ThirdParty:1030 - CMSIS Pack Vendor :wolfSSL I-CUBE-wolfSSL 5.7.2
2024-09-12 13:32:22,831 [INFO] ThirdParty:1030 - CMSIS Pack Vendor :STMicroelectronics X-CUBE-ISPU 2.0.0
2024-09-12 13:32:22,831 [INFO] ThirdParty:1030 - CMSIS Pack Vendor :STMicroelectronics X-CUBE-EEPRMA1 5.1.0
2024-09-12 13:32:22,831 [INFO] ThirdParty:1030 - CMSIS Pack Vendor :STMicroelectronics HAL Drivers 0.0.0
2024-09-12 13:32:22,831 [INFO] ThirdParty:1030 - CMSIS Pack Vendor :STMicroelectronics MBEDTLS 2.16.2
2024-09-12 13:32:22,831 [INFO] ThirdParty:1030 - CMSIS Pack Vendor :STMicroelectronics X-CUBE-ALS 1.0.2
2024-09-12 13:32:22,831 [INFO] ThirdParty:1030 - CMSIS Pack Vendor :emotas I-CUBE-CANOPEN 1.3.0
2024-09-12 13:32:22,831 [INFO] ThirdParty:1030 - CMSIS Pack Vendor :STMicroelectronics X-CUBE-NFC7 1.0.1
2024-09-12 13:32:22,831 [INFO] ThirdParty:1030 - CMSIS Pack Vendor :STMicroelectronics MBEDTLS 2.14.1
2024-09-12 13:32:22,831 [INFO] ThirdParty:1030 - CMSIS Pack Vendor :STMicroelectronics X-CUBE-TOUCHGFX 4.24.0
2024-09-12 13:32:22,831 [INFO] ThirdParty:1030 - CMSIS Pack Vendor :ITTIA_DB I-CUBE-ITTIADB 8.9.0
2024-09-12 13:32:22,831 [INFO] ThirdParty:1030 - CMSIS Pack Vendor :wolfSSL I-CUBE-wolfTPM 3.4.0
2024-09-12 13:32:22,831 [INFO] ThirdParty:1030 - CMSIS Pack Vendor :portGmbH I-Cube-SoM-uGOAL 1.1.0
2024-09-12 13:32:22,831 [INFO] ThirdParty:1030 - CMSIS Pack Vendor :STMicroelectronics X-CUBE-BLEMGR 3.1.0
2024-09-12 13:32:22,831 [INFO] ThirdParty:1030 - CMSIS Pack Vendor :STMicroelectronics ThreadX 1.0.0
2024-09-12 13:32:22,831 [INFO] ThirdParty:1030 - CMSIS Pack Vendor :STMicroelectronics FP-SNS-SMARTAG2 1.2.0
2024-09-12 13:32:22,831 [INFO] ThirdParty:1030 - CMSIS Pack Vendor :STMicroelectronics X-CUBE-AZRTOS-WL 2.0.0
2024-09-12 13:32:22,831 [INFO] ThirdParty:1030 - CMSIS Pack Vendor :SEGGER I-CUBE-embOS 1.3.1
2024-09-12 13:32:22,831 [INFO] ThirdParty:1030 - CMSIS Pack Vendor :STMicroelectronics X-CUBE-ALGOBUILD 1.4.0
2024-09-12 13:32:22,831 [INFO] ThirdParty:1030 - CMSIS Pack Vendor :STMicroelectronics FP-SNS-MOTENV1 5.0.0
2024-09-12 13:32:22,831 [INFO] ThirdParty:1030 - CMSIS Pack Vendor :STMicroelectronics USB_DEVICE 1.0.0
2024-09-12 13:32:22,831 [INFO] ThirdParty:1030 - CMSIS Pack Vendor :STMicroelectronics X-CUBE-AZRTOS-H7RS 1.0.0
2024-09-12 13:32:22,831 [INFO] ThirdParty:1030 - CMSIS Pack Vendor :wolfSSL I-CUBE-wolfMQTT 1.19.0
2024-09-12 13:32:22,831 [INFO] ThirdParty:1030 - CMSIS Pack Vendor :STMicroelectronics X-CUBE-AZRTOS-L4 2.0.0
2024-09-12 13:32:22,831 [INFO] ThirdParty:1030 - CMSIS Pack Vendor :STMicroelectronics ThreadX 0.0.2
2024-09-12 13:32:22,831 [INFO] ThirdParty:1030 - CMSIS Pack Vendor :WES I-CUBE-Cesium 1.3.0
2024-09-12 13:32:22,831 [INFO] ThirdParty:1030 - CMSIS Pack Vendor :STMicroelectronics FP-ATR-ASTRA1 2.0.0
2024-09-12 13:32:22,831 [INFO] ThirdParty:1030 - CMSIS Pack Vendor :STMicroelectronics lwIP 2.1.2
2024-09-12 13:32:22,831 [INFO] ThirdParty:1030 - CMSIS Pack Vendor :STMicroelectronics X-CUBE-SFXS2LP1 4.0.0
2024-09-12 13:32:22,832 [INFO] ThirdParty:1030 - CMSIS Pack Vendor :STMicroelectronics X-CUBE-BLE2 3.3.0
2024-09-12 13:32:22,832 [INFO] ThirdParty:1030 - CMSIS Pack Vendor :STMicroelectronics X-CUBE-TOF1 3.4.2
2024-09-12 13:32:22,832 [INFO] ThirdParty:1030 - CMSIS Pack Vendor :Infineon AIROC-Wi-Fi-Bluetooth-STM32 1.6.1
2024-09-12 13:32:22,832 [INFO] ThirdParty:1030 - CMSIS Pack Vendor :STMicroelectronics PDM2PCM 3.2.0
2024-09-12 13:32:22,832 [INFO] ThirdParty:1030 - CMSIS Pack Vendor :wolfSSL I-CUBE-wolfSSH 1.4.17
2024-09-12 13:32:22,832 [INFO] ThirdParty:841 - exiting critical section [change project]
2024-09-12 13:32:23,199 [INFO] PinOutPanel:1561 - setPackage(No Configuration,No Configuration)
2024-09-12 13:32:23,201 [INFO] PinOutPanel:1561 - setPackage(STM32F767ZITx,LQFP144)
2024-09-12 13:32:23,743 [INFO] UtilMem:75 - Before build in PCC Used Memory: 359842624 Bytes (1017118720)
2024-09-12 13:32:24,086 [INFO] UtilMem:75 - After build in PCC Used Memory: 409125696 Bytes (1017118720)
2024-09-12 13:32:24,125 [INFO] IPUIPlugin:80 - create IPUIPlugin
2024-09-12 13:32:24,125 [INFO] IPUIPlugin:80 - create IPUIPlugin
2024-09-12 13:32:24,125 [INFO] IPUIPlugin:80 - create IPUIPlugin
2024-09-12 13:32:24,126 [INFO] IPUIPlugin:80 - create IPUIPlugin
2024-09-12 13:32:24,126 [INFO] IPUIPlugin:80 - create IPUIPlugin
2024-09-12 13:32:24,126 [INFO] IPUIPlugin:80 - create IPUIPlugin
2024-09-12 13:32:24,126 [INFO] IPUIPlugin:80 - create IPUIPlugin
2024-09-12 13:32:24,126 [INFO] IPUIPlugin:80 - create IPUIPlugin
2024-09-12 13:32:24,126 [INFO] IPUIPlugin:80 - create IPUIPlugin
2024-09-12 13:32:24,126 [INFO] IPUIPlugin:80 - create IPUIPlugin
2024-09-12 13:32:24,126 [INFO] IPUIPlugin:80 - create IPUIPlugin
2024-09-12 13:32:24,126 [INFO] IPUIPlugin:80 - create IPUIPlugin
2024-09-12 13:32:24,126 [INFO] IPUIPlugin:80 - create IPUIPlugin
2024-09-12 13:32:24,126 [INFO] IPUIPlugin:80 - create IPUIPlugin
2024-09-12 13:32:24,126 [INFO] IPUIPlugin:80 - create IPUIPlugin
2024-09-12 13:32:24,127 [INFO] IPUIPlugin:80 - create IPUIPlugin
2024-09-12 13:32:24,127 [INFO] IPUIPlugin:80 - create IPUIPlugin
2024-09-12 13:32:24,127 [INFO] IPUIPlugin:80 - create IPUIPlugin
2024-09-12 13:32:24,127 [INFO] IPUIPlugin:80 - create IPUIPlugin
2024-09-12 13:32:24,127 [INFO] IPUIPlugin:80 - create IPUIPlugin
2024-09-12 13:32:24,127 [INFO] IPUIPlugin:80 - create IPUIPlugin
2024-09-12 13:32:24,127 [INFO] IPUIPlugin:80 - create IPUIPlugin
2024-09-12 13:32:24,127 [INFO] IPUIPlugin:80 - create IPUIPlugin
2024-09-12 13:32:24,127 [INFO] IPUIPlugin:80 - create IPUIPlugin
2024-09-12 13:32:24,127 [INFO] IPUIPlugin:80 - create IPUIPlugin
2024-09-12 13:32:24,127 [INFO] IPUIPlugin:80 - create IPUIPlugin
2024-09-12 13:32:24,128 [INFO] IPUIPlugin:80 - create IPUIPlugin
2024-09-12 13:32:24,128 [INFO] IPUIPlugin:80 - create IPUIPlugin
2024-09-12 13:32:24,128 [INFO] IPUIPlugin:80 - create IPUIPlugin
2024-09-12 13:32:24,128 [INFO] IPUIPlugin:80 - create IPUIPlugin
2024-09-12 13:32:24,128 [INFO] IPUIPlugin:80 - create IPUIPlugin
2024-09-12 13:32:24,128 [INFO] IPUIPlugin:80 - create IPUIPlugin
2024-09-12 13:32:24,128 [INFO] IPUIPlugin:80 - create IPUIPlugin
2024-09-12 13:32:24,129 [INFO] IPUIPlugin:80 - create IPUIPlugin
2024-09-12 13:32:24,130 [INFO] IPUIPlugin:80 - create IPUIPlugin
2024-09-12 13:32:24,131 [INFO] IPUIPlugin:80 - create IPUIPlugin
2024-09-12 13:32:24,131 [INFO] IPUIPlugin:80 - create IPUIPlugin
2024-09-12 13:32:24,132 [INFO] IPUIPlugin:80 - create IPUIPlugin
2024-09-12 13:32:24,133 [INFO] IPUIPlugin:80 - create IPUIPlugin
2024-09-12 13:32:24,133 [INFO] IPUIPlugin:80 - create IPUIPlugin
2024-09-12 13:32:24,133 [INFO] IPUIPlugin:80 - create IPUIPlugin
2024-09-12 13:32:24,134 [INFO] IPUIPlugin:80 - create IPUIPlugin
2024-09-12 13:32:24,134 [INFO] IPUIPlugin:80 - create IPUIPlugin
2024-09-12 13:32:24,134 [INFO] IPUIPlugin:80 - create IPUIPlugin
2024-09-12 13:32:24,134 [INFO] IPUIPlugin:80 - create IPUIPlugin
2024-09-12 13:32:24,134 [INFO] IPUIPlugin:80 - create IPUIPlugin
2024-09-12 13:32:24,134 [INFO] IPUIPlugin:80 - create IPUIPlugin
2024-09-12 13:32:24,134 [INFO] IPUIPlugin:80 - create IPUIPlugin
2024-09-12 13:32:24,134 [INFO] IPUIPlugin:80 - create IPUIPlugin
2024-09-12 13:32:24,134 [INFO] IPUIPlugin:80 - create IPUIPlugin
2024-09-12 13:32:24,135 [INFO] IPUIPlugin:80 - create IPUIPlugin
2024-09-12 13:32:24,135 [INFO] IPUIPlugin:80 - create IPUIPlugin
2024-09-12 13:32:24,135 [INFO] IPUIPlugin:80 - create IPUIPlugin
2024-09-12 13:32:24,135 [INFO] IPUIPlugin:80 - create IPUIPlugin
2024-09-12 13:32:24,135 [INFO] IPUIPlugin:80 - create IPUIPlugin
2024-09-12 13:32:24,135 [INFO] IPUIPlugin:80 - create IPUIPlugin
2024-09-12 13:32:24,135 [INFO] IPUIPlugin:80 - create IPUIPlugin
2024-09-12 13:32:24,135 [INFO] IPUIPlugin:80 - create IPUIPlugin
2024-09-12 13:32:24,135 [INFO] IPUIPlugin:80 - create IPUIPlugin
2024-09-12 13:32:24,135 [INFO] IPUIPlugin:80 - create IPUIPlugin
2024-09-12 13:32:24,135 [INFO] IPUIPlugin:80 - create IPUIPlugin
2024-09-12 13:32:24,135 [INFO] IPUIPlugin:80 - create IPUIPlugin
2024-09-12 13:32:24,135 [INFO] IPUIPlugin:80 - create IPUIPlugin
2024-09-12 13:32:24,135 [INFO] IPUIPlugin:80 - create IPUIPlugin
2024-09-12 13:32:24,135 [INFO] IPUIPlugin:80 - create IPUIPlugin
2024-09-12 13:32:24,135 [INFO] IPUIPlugin:80 - create IPUIPlugin
2024-09-12 13:32:24,136 [INFO] IPUIPlugin:80 - create IPUIPlugin
2024-09-12 13:32:24,136 [INFO] IPUIPlugin:80 - create IPUIPlugin
2024-09-12 13:32:24,136 [INFO] IPUIPlugin:80 - create IPUIPlugin
2024-09-12 13:32:24,136 [INFO] IPUIPlugin:80 - create IPUIPlugin
2024-09-12 13:32:24,136 [INFO] IPUIPlugin:80 - create IPUIPlugin
2024-09-12 13:32:24,136 [INFO] IPUIPlugin:80 - create IPUIPlugin
2024-09-12 13:32:24,136 [INFO] IPUIPlugin:80 - create IPUIPlugin
2024-09-12 13:32:24,137 [INFO] IPUIPlugin:80 - create IPUIPlugin
2024-09-12 13:32:24,137 [INFO] IPUIPlugin:80 - create IPUIPlugin
2024-09-12 13:32:24,137 [INFO] IPUIPlugin:80 - create IPUIPlugin
2024-09-12 13:32:24,137 [INFO] IPUIPlugin:80 - create IPUIPlugin
2024-09-12 13:32:24,137 [INFO] IPUIPlugin:80 - create IPUIPlugin
2024-09-12 13:32:24,138 [INFO] IPUIPlugin:80 - create IPUIPlugin
2024-09-12 13:32:24,142 [INFO] ApiDbMcu:508 - Load IP Config File for PDM2PCM
2024-09-12 13:32:24,226 [INFO] CADModel:165 - CPN selected for project levelSTM32F767ZIT6
2024-09-12 13:32:24,226 [INFO] CADModel:114 - Register for checkConnection events
2024-09-12 13:32:24,270 [INFO] OpenFileManager:363 - Restore cursor
2024-09-12 13:46:35,382 [INFO] MainUpdater:2873 - connection check result : 10
2024-09-12 13:46:35,384 [INFO] MainUpdater:2873 - connection check result : 10
2024-09-12 13:46:35,483 [INFO] MicroXplorer:468 - Change Database Path : 
2024-09-12 13:46:35,484 [INFO] MicroXplorer:498 - Change Database Version : DB.6.0.120
2024-09-12 13:46:35,533 [ERROR] ProjectManagerView:394 - 
java.lang.NullPointerException: Cannot invoke "javax.swing.JTextField.getText()" because the return value of "java.util.List.get(int)" is null
	at com.st.microxplorer.plugins.projectmanager.gui.ProjectChoiceTab$10.caretUpdate(ProjectChoiceTab.java:2622) ~[filemanager.jar:?]
	at javax.swing.text.JTextComponent.fireCaretUpdate(JTextComponent.java:412) ~[?:?]
	at javax.swing.text.JTextComponent$MutableCaretEvent.fire(JTextComponent.java:4491) ~[?:?]
	at javax.swing.text.JTextComponent$MutableCaretEvent.stateChanged(JTextComponent.java:4513) ~[?:?]
	at javax.swing.text.DefaultCaret.fireStateChanged(DefaultCaret.java:842) ~[?:?]
	at javax.swing.text.DefaultCaret.changeCaretPosition(DefaultCaret.java:1313) ~[?:?]
	at javax.swing.text.DefaultCaret.handleSetDot(DefaultCaret.java:1212) ~[?:?]
	at javax.swing.text.DefaultCaret.setDot(DefaultCaret.java:1193) ~[?:?]
	at javax.swing.text.DefaultCaret$Handler.insertUpdate(DefaultCaret.java:1789) ~[?:?]
	at javax.swing.text.AbstractDocument.fireInsertUpdate(AbstractDocument.java:226) ~[?:?]
	at javax.swing.text.AbstractDocument.handleInsertString(AbstractDocument.java:780) ~[?:?]
	at javax.swing.text.AbstractDocument.insertString(AbstractDocument.java:739) ~[?:?]
	at javax.swing.text.PlainDocument.insertString(PlainDocument.java:131) ~[?:?]
	at javax.swing.text.AbstractDocument.replace(AbstractDocument.java:698) ~[?:?]
	at javax.swing.text.JTextComponent.setText(JTextComponent.java:1729) ~[?:?]
	at com.st.microxplorer.plugins.projectmanager.gui.ProjectChoiceTab.createHeapStackFields(ProjectChoiceTab.java:972) ~[filemanager.jar:?]
	at com.st.microxplorer.plugins.projectmanager.gui.ProjectChoiceTab.buildLinkSettingsPanel(ProjectChoiceTab.java:3597) ~[filemanager.jar:?]
	at com.st.microxplorer.plugins.projectmanager.gui.ProjectChoiceTab.defineWindowsFields(ProjectChoiceTab.java:1940) ~[filemanager.jar:?]
	at com.st.microxplorer.plugins.projectmanager.gui.ProjectChoiceTab.updateSettings(ProjectChoiceTab.java:550) ~[filemanager.jar:?]
	at com.st.microxplorer.plugins.projectmanager.gui.ProjectSettingsPanel.UpdateDialog(ProjectSettingsPanel.java:245) ~[filemanager.jar:?]
	at com.st.microxplorer.plugins.projectmanager.ProjectManagerView.propertyChange(ProjectManagerView.java:391) ~[filemanager.jar:?]
	at java.beans.PropertyChangeSupport.fire(PropertyChangeSupport.java:343) ~[?:?]
	at java.beans.PropertyChangeSupport.firePropertyChange(PropertyChangeSupport.java:335) ~[?:?]
	at java.beans.PropertyChangeSupport.firePropertyChange(PropertyChangeSupport.java:268) ~[?:?]
	at com.st.microxplorer.util.MXPropertyChangeSupport.firePropertyChange(MXPropertyChangeSupport.java:54) ~[STM32CubeMX.jar:?]
	at com.st.microxplorer.mxsystem.MxSystem.closeConfig(MxSystem.java:900) ~[STM32CubeMX.jar:?]
	at com.st.microxplorer.maingui.MainPanel.closeConfig(MainPanel.java:781) ~[STM32CubeMX.jar:?]
	at com.st.microxplorer.plugins.filemanager.engine.OpenFileManager.loadConfigurationFile(OpenFileManager.java:265) ~[filemanager.jar:?]
	at com.st.microxplorer.plugins.filemanager.engine.MainFileManager.userLoadConfig(MainFileManager.java:352) ~[filemanager.jar:?]
	at com.st.microxplorer.plugins.filemanager.engine.MainFileManager.userLoadConfig(MainFileManager.java:330) ~[filemanager.jar:?]
	at com.st.microxplorer.plugins.filemanager.FileManagerView.getSpecificTask(FileManagerView.java:246) ~[filemanager.jar:?]
	at com.st.stm32cube.common.mx.editor.CubeMxEditor.getMxTabbedPaneInstance(CubeMxEditor.java:1198) ~[com.st.stm32cube.common.mx_6.12.0.202406281431/:?]
	at com.st.stm32cube.common.mx.editor.CubeMxEditor$12$1.createSwingComponent(CubeMxEditor.java:1068) ~[com.st.stm32cube.common.mx_6.12.0.202406281431/:?]
	at com.st.stm32cube.common.mx.oss.core.awtswtbridge.EmbeddedSwingComposite.doComponentCreation(EmbeddedSwingComposite.java:492) ~[com.st.stm32cube.common.mx.oss_6.12.0.202406281431/:?]
	at com.st.stm32cube.common.mx.oss.core.awtswtbridge.EmbeddedSwingComposite$4.run(EmbeddedSwingComposite.java:291) ~[com.st.stm32cube.common.mx.oss_6.12.0.202406281431/:?]
	at com.st.stm32cube.common.mx.oss.core.awtswtbridge.AwtEnvironment$2.run(AwtEnvironment.java:166) ~[com.st.stm32cube.common.mx.oss_6.12.0.202406281431/:?]
	at java.awt.event.InvocationEvent.dispatch(InvocationEvent.java:318) ~[?:?]
	at java.awt.EventQueue.dispatchEventImpl(EventQueue.java:773) ~[?:?]
	at java.awt.EventQueue$4.run(EventQueue.java:720) ~[?:?]
	at java.awt.EventQueue$4.run(EventQueue.java:714) ~[?:?]
	at java.security.AccessController.doPrivileged(AccessController.java:399) ~[?:?]
	at java.security.ProtectionDomain$JavaSecurityAccessImpl.doIntersectionPrivilege(ProtectionDomain.java:86) ~[?:?]
	at java.awt.EventQueue.dispatchEvent(EventQueue.java:742) ~[?:?]
	at java.awt.EventDispatchThread.pumpOneEventForFilters(EventDispatchThread.java:203) ~[?:?]
	at java.awt.EventDispatchThread.pumpEventsForFilter(EventDispatchThread.java:124) ~[?:?]
	at java.awt.EventDispatchThread.pumpEventsForHierarchy(EventDispatchThread.java:113) ~[?:?]
	at java.awt.EventDispatchThread.pumpEvents(EventDispatchThread.java:109) ~[?:?]
	at java.awt.EventDispatchThread.pumpEvents(EventDispatchThread.java:101) ~[?:?]
	at java.awt.EventDispatchThread.run(EventDispatchThread.java:90) ~[?:?]
2024-09-12 13:46:35,537 [WARN] ThirdParty:871 - waiting for thirdparty lock release [close project]
2024-09-12 13:46:35,537 [INFO] ThirdParty:873 - entering critical section [close project]
2024-09-12 13:46:35,538 [INFO] ThirdParty:883 - exiting critical section [close project]
2024-09-12 13:46:35,543 [INFO] PinOutPanel:1561 - setPackage(No Configuration,No Configuration)
2024-09-12 13:46:35,575 [WARN] IpParametersView:151 - Warning: This peripheral hasn't parameters
2024-09-12 13:46:35,597 [WARN] MainPanel:284 - <html><b><center>Warning: This peripheral has no parameters to be configured<br></b></html>
2024-09-12 13:46:35,602 [INFO] UtilMem:75 - Begin LoadConfig() Used Memory: 384528896 Bytes (1017118720)
2024-09-12 13:46:35,603 [INFO] MicroXplorer:468 - Change Database Path : 
2024-09-12 13:46:35,604 [INFO] MicroXplorer:498 - Change Database Version : DB.6.0.120
2024-09-12 13:46:35,604 [INFO] OpenFileManager:332 - Change cursor
2024-09-12 13:46:35,629 [INFO] Mcu:2032 - Initializing MCU STM32F767ZITx STM32F767ZITx STM32F767ZIT6
2024-09-12 13:46:37,104 [INFO] Context:742 - Trying to add GPIOservice into a context  which must be forbidden
2024-09-12 13:46:37,607 [INFO] RtosManager:555 - Registered RTOS mode: class=CMSIS, group=RTOS, mode=CMSIS_V1, owner=FREERTOS
2024-09-12 13:46:37,607 [INFO] RtosManager:555 - Registered RTOS mode: class=CMSIS, group=RTOS2, mode=CMSIS_V2, owner=FREERTOS
2024-09-12 13:46:37,607 [INFO] RtosManager:555 - Registered RTOS mode: class=RTOS, group=Core, mode=CMSIS_V1, owner=FREERTOS
2024-09-12 13:46:37,607 [INFO] RtosManager:555 - Registered RTOS mode: class=RTOS, group=Core, mode=CMSIS_V2, owner=FREERTOS
2024-09-12 13:46:37,607 [WARN] ModelIntegratedComponent:184 - Missing modes for component STMicroelectronics:FreeRTOS:0.0.1:STMicroelectronics:RTOS:FreeRTOS:Core:::10.2.0:
2024-09-12 13:46:37,614 [WARN] ModelIntegratedComponent:63 - No mode defined for component null
2024-09-12 13:46:37,614 [WARN] ModelIntegratedComponent:63 - No mode defined for component null
2024-09-12 13:46:37,614 [WARN] ModelIntegratedComponent:63 - No mode defined for component null
2024-09-12 13:46:37,614 [WARN] ModelIntegratedComponent:63 - No mode defined for component null
2024-09-12 13:46:37,614 [WARN] ModelIntegratedComponent:63 - No mode defined for component null
2024-09-12 13:46:37,614 [WARN] ModelIntegratedComponent:63 - No mode defined for component null
2024-09-12 13:46:37,614 [WARN] ModelIntegratedComponent:63 - No mode defined for component null
2024-09-12 13:46:37,614 [WARN] ModelIntegratedComponent:63 - No mode defined for component null
2024-09-12 13:46:37,614 [WARN] ModelIntegratedComponent:63 - No mode defined for component null
2024-09-12 13:46:37,614 [WARN] ModelIntegratedComponent:63 - No mode defined for component null
2024-09-12 13:46:37,614 [WARN] ModelIntegratedComponent:63 - No mode defined for component null
2024-09-12 13:46:37,614 [WARN] ModelIntegratedComponent:63 - No mode defined for component null
2024-09-12 13:46:37,614 [WARN] ModelIntegratedComponent:63 - No mode defined for component null
2024-09-12 13:46:37,614 [WARN] ModelIntegratedComponent:63 - No mode defined for component null
2024-09-12 13:46:37,614 [WARN] ModelIntegratedComponent:63 - No mode defined for component null
2024-09-12 13:46:37,614 [WARN] ModelIntegratedComponent:63 - No mode defined for component null
2024-09-12 13:46:37,614 [WARN] ModelIntegratedComponent:63 - No mode defined for component null
2024-09-12 13:46:37,614 [WARN] ModelIntegratedComponent:63 - No mode defined for component null
2024-09-12 13:46:37,614 [WARN] ModelIntegratedComponent:63 - No mode defined for component null
2024-09-12 13:46:37,614 [WARN] ModelIntegratedComponent:63 - No mode defined for component null
2024-09-12 13:46:37,614 [WARN] ModelIntegratedComponent:63 - No mode defined for component null
2024-09-12 13:46:37,614 [WARN] ModelIntegratedComponent:63 - No mode defined for component null
2024-09-12 13:46:37,614 [WARN] ModelIntegratedComponent:63 - No mode defined for component null
2024-09-12 13:46:37,614 [WARN] ModelIntegratedComponent:63 - No mode defined for component null
2024-09-12 13:46:37,614 [WARN] ModelIntegratedComponent:63 - No mode defined for component null
2024-09-12 13:46:37,614 [WARN] ModelIntegratedComponent:63 - No mode defined for component null
2024-09-12 13:46:37,614 [WARN] ModelIntegratedComponent:63 - No mode defined for component null
2024-09-12 13:46:37,614 [WARN] ModelIntegratedComponent:63 - No mode defined for component null
2024-09-12 13:46:37,614 [WARN] ModelIntegratedComponent:63 - No mode defined for component null
2024-09-12 13:46:37,614 [WARN] ModelIntegratedComponent:63 - No mode defined for component null
2024-09-12 13:46:37,614 [WARN] ModelIntegratedComponent:63 - No mode defined for component null
2024-09-12 13:46:37,614 [WARN] ModelIntegratedComponent:63 - No mode defined for component null
2024-09-12 13:46:37,614 [WARN] ModelIntegratedComponent:63 - No mode defined for component null
2024-09-12 13:46:37,614 [WARN] ModelIntegratedComponent:63 - No mode defined for component null
2024-09-12 13:46:37,614 [WARN] ModelIntegratedComponent:63 - No mode defined for component null
2024-09-12 13:46:37,615 [WARN] ModelPack:524 - Component already loaded: STMicroelectronics:HAL Drivers:0.0.0:STMicroelectronics:Device:STMicro_Driver:XSPI:HAL::0.0.1:HAL_XSPI
2024-09-12 13:46:37,626 [INFO] ThirdPartyModel:298 - Start build external matchings
2024-09-12 13:46:37,756 [INFO] ThirdPartyModel:316 - End build external matchings
2024-09-12 13:46:37,995 [INFO] UtilMem:75 - End LoadConfig() Used Memory: 818704272 Bytes (1017118720)
2024-09-12 13:46:38,022 [WARN] ThirdParty:833 - waiting for thirdparty lock release [change project]
2024-09-12 13:46:38,025 [INFO] ThirdParty:835 - entering critical section [change project]
2024-09-12 13:46:38,026 [INFO] ThirdParty:1030 - CMSIS Pack Vendor :STMicroelectronics USBPD 4.1
2024-09-12 13:46:38,026 [INFO] ThirdParty:1030 - CMSIS Pack Vendor :STMicroelectronics X-CUBE-AZRTOS-H7 3.3.0
2024-09-12 13:46:38,026 [INFO] ThirdParty:1030 - CMSIS Pack Vendor :STMicroelectronics X-CUBE-GNSS1 6.0.0
2024-09-12 13:46:38,026 [INFO] ThirdParty:1030 - CMSIS Pack Vendor :STMicroelectronics USB_HOST 2.0.0
2024-09-12 13:46:38,026 [INFO] ThirdParty:1030 - CMSIS Pack Vendor :STMicroelectronics FP-SNS-MOTENVWB1 1.4.0
2024-09-12 13:46:38,026 [INFO] ThirdParty:1030 - CMSIS Pack Vendor :STMicroelectronics X-CUBE-AZRTOS-F4 1.1.0
2024-09-12 13:46:38,026 [INFO] ThirdParty:1030 - CMSIS Pack Vendor :STMicroelectronics LIBJPEG 8.0.0
2024-09-12 13:46:38,026 [INFO] ThirdParty:1030 - CMSIS Pack Vendor :STMicroelectronics X-CUBE-SMBUS 2.1.0
2024-09-12 13:46:38,026 [INFO] ThirdParty:1030 - CMSIS Pack Vendor :STMicroelectronics USB_DEVICE 3.0.0
2024-09-12 13:46:38,026 [INFO] ThirdParty:1030 - CMSIS Pack Vendor :STMicroelectronics X-CUBE-TCPP 4.1.0
2024-09-12 13:46:38,026 [INFO] ThirdParty:1030 - CMSIS Pack Vendor :STMicroelectronics X-CUBE-FREERTOS 1.2.0
2024-09-12 13:46:38,026 [INFO] ThirdParty:1030 - CMSIS Pack Vendor :STMicroelectronics X-CUBE-AZRTOS-WB 2.0.0
2024-09-12 13:46:38,026 [INFO] ThirdParty:1030 - CMSIS Pack Vendor :STMicroelectronics X-CUBE-GNSS1 7.0.0
2024-09-12 13:46:38,026 [INFO] ThirdParty:1030 - CMSIS Pack Vendor :STMicroelectronics X-CUBE-AZRTOS-F7 1.1.0
2024-09-12 13:46:38,026 [INFO] ThirdParty:1030 - CMSIS Pack Vendor :STMicroelectronics X-CUBE-AZRTOS-L5 2.0.0
2024-09-12 13:46:38,026 [INFO] ThirdParty:1030 - CMSIS Pack Vendor :STMicroelectronics USB_DEVICE 2.0.0
2024-09-12 13:46:38,026 [INFO] ThirdParty:1030 - CMSIS Pack Vendor :STMicroelectronics X-CUBE-NFC6 3.1.0
2024-09-12 13:46:38,026 [INFO] ThirdParty:1030 - CMSIS Pack Vendor :STMicroelectronics X-CUBE-MEMS1 11.0.0
2024-09-12 13:46:38,026 [INFO] ThirdParty:1030 - CMSIS Pack Vendor :STMicroelectronics FreeRTOS 0.0.1
2024-09-12 13:46:38,026 [INFO] ThirdParty:1030 - CMSIS Pack Vendor :STMicroelectronics X-CUBE-AZRTOS-G0 1.1.0
2024-09-12 13:46:38,026 [INFO] ThirdParty:1030 - CMSIS Pack Vendor :STMicroelectronics X-CUBE-SAFEA1 1.2.2
2024-09-12 13:46:38,026 [INFO] ThirdParty:1030 - CMSIS Pack Vendor :STMicroelectronics X-CUBE-NFC4 3.0.0
2024-09-12 13:46:38,028 [INFO] ThirdParty:1030 - CMSIS Pack Vendor :STMicroelectronics X-CUBE-SUBG2 5.0.0
2024-09-12 13:46:38,033 [INFO] ThirdParty:1030 - CMSIS Pack Vendor :STMicroelectronics STM32_WPAN 1.0.0
2024-09-12 13:46:38,034 [INFO] ThirdParty:1030 - CMSIS Pack Vendor :EmbeddedOffice I-CUBE-FS-RTOS 1.0.1
2024-09-12 13:46:38,034 [INFO] ThirdParty:1030 - CMSIS Pack Vendor :STMicroelectronics lwIP 2.0.3
2024-09-12 13:46:38,035 [INFO] ThirdParty:1030 - CMSIS Pack Vendor :STMicroelectronics FP-SNS-FLIGHT1 5.0.2
2024-09-12 13:46:38,035 [INFO] ThirdParty:1030 - CMSIS Pack Vendor :Cesanta I-CUBE-Mongoose 7.13.0
2024-09-12 13:46:38,035 [INFO] ThirdParty:1030 - CMSIS Pack Vendor :STMicroelectronics USB_HOST 1.0.0
2024-09-12 13:46:38,035 [INFO] ThirdParty:1030 - CMSIS Pack Vendor :STMicroelectronics X-CUBE-AI 9.0.0
2024-09-12 13:46:38,035 [INFO] ThirdParty:1030 - CMSIS Pack Vendor :STMicroelectronics X-CUBE-AZRTOS-G4 2.0.0
2024-09-12 13:46:38,035 [INFO] ThirdParty:1030 - CMSIS Pack Vendor :STMicroelectronics PDM2PCM 3.1.0
2024-09-12 13:46:38,035 [INFO] ThirdParty:1030 - CMSIS Pack Vendor :STMicroelectronics PDM2PCM 3.3.0
2024-09-12 13:46:38,035 [INFO] ThirdParty:1030 - CMSIS Pack Vendor :STMicroelectronics X-CUBE-DISPLAY 3.0.0
2024-09-12 13:46:38,035 [INFO] ThirdParty:1030 - CMSIS Pack Vendor :RealThread X-CUBE-RT-Thread_Nano 4.1.1
2024-09-12 13:46:38,035 [INFO] ThirdParty:1030 - CMSIS Pack Vendor :STMicroelectronics X-CUBE-BLE1 7.0.0
2024-09-12 13:46:38,035 [INFO] ThirdParty:1030 - CMSIS Pack Vendor :STMicroelectronics FP-ATR-SIGFOX1 3.2.0
2024-09-12 13:46:38,035 [INFO] ThirdParty:1030 - CMSIS Pack Vendor :wolfSSL I-CUBE-wolfSSL 5.7.2
2024-09-12 13:46:38,035 [INFO] ThirdParty:1030 - CMSIS Pack Vendor :STMicroelectronics X-CUBE-ISPU 2.0.0
2024-09-12 13:46:38,035 [INFO] ThirdParty:1030 - CMSIS Pack Vendor :STMicroelectronics X-CUBE-EEPRMA1 5.1.0
2024-09-12 13:46:38,035 [INFO] ThirdParty:1030 - CMSIS Pack Vendor :STMicroelectronics HAL Drivers 0.0.0
2024-09-12 13:46:38,035 [INFO] ThirdParty:1030 - CMSIS Pack Vendor :STMicroelectronics MBEDTLS 2.16.2
2024-09-12 13:46:38,035 [INFO] ThirdParty:1030 - CMSIS Pack Vendor :STMicroelectronics X-CUBE-ALS 1.0.2
2024-09-12 13:46:38,035 [INFO] ThirdParty:1030 - CMSIS Pack Vendor :emotas I-CUBE-CANOPEN 1.3.0
2024-09-12 13:46:38,035 [INFO] ThirdParty:1030 - CMSIS Pack Vendor :STMicroelectronics X-CUBE-NFC7 1.0.1
2024-09-12 13:46:38,035 [INFO] ThirdParty:1030 - CMSIS Pack Vendor :STMicroelectronics MBEDTLS 2.14.1
2024-09-12 13:46:38,035 [INFO] ThirdParty:1030 - CMSIS Pack Vendor :STMicroelectronics X-CUBE-TOUCHGFX 4.24.0
2024-09-12 13:46:38,035 [INFO] ThirdParty:1030 - CMSIS Pack Vendor :ITTIA_DB I-CUBE-ITTIADB 8.9.0
2024-09-12 13:46:38,035 [INFO] ThirdParty:1030 - CMSIS Pack Vendor :wolfSSL I-CUBE-wolfTPM 3.4.0
2024-09-12 13:46:38,035 [INFO] ThirdParty:1030 - CMSIS Pack Vendor :portGmbH I-Cube-SoM-uGOAL 1.1.0
2024-09-12 13:46:38,035 [INFO] ThirdParty:1030 - CMSIS Pack Vendor :STMicroelectronics X-CUBE-BLEMGR 3.1.0
2024-09-12 13:46:38,035 [INFO] ThirdParty:1030 - CMSIS Pack Vendor :STMicroelectronics ThreadX 1.0.0
2024-09-12 13:46:38,035 [INFO] ThirdParty:1030 - CMSIS Pack Vendor :STMicroelectronics FP-SNS-SMARTAG2 1.2.0
2024-09-12 13:46:38,035 [INFO] ThirdParty:1030 - CMSIS Pack Vendor :STMicroelectronics X-CUBE-AZRTOS-WL 2.0.0
2024-09-12 13:46:38,035 [INFO] ThirdParty:1030 - CMSIS Pack Vendor :SEGGER I-CUBE-embOS 1.3.1
2024-09-12 13:46:38,035 [INFO] ThirdParty:1030 - CMSIS Pack Vendor :STMicroelectronics X-CUBE-ALGOBUILD 1.4.0
2024-09-12 13:46:38,035 [INFO] ThirdParty:1030 - CMSIS Pack Vendor :STMicroelectronics FP-SNS-MOTENV1 5.0.0
2024-09-12 13:46:38,035 [INFO] ThirdParty:1030 - CMSIS Pack Vendor :STMicroelectronics USB_DEVICE 1.0.0
2024-09-12 13:46:38,035 [INFO] ThirdParty:1030 - CMSIS Pack Vendor :STMicroelectronics X-CUBE-AZRTOS-H7RS 1.0.0
2024-09-12 13:46:38,035 [INFO] ThirdParty:1030 - CMSIS Pack Vendor :wolfSSL I-CUBE-wolfMQTT 1.19.0
2024-09-12 13:46:38,035 [INFO] ThirdParty:1030 - CMSIS Pack Vendor :STMicroelectronics X-CUBE-AZRTOS-L4 2.0.0
2024-09-12 13:46:38,035 [INFO] ThirdParty:1030 - CMSIS Pack Vendor :STMicroelectronics ThreadX 0.0.2
2024-09-12 13:46:38,035 [INFO] ThirdParty:1030 - CMSIS Pack Vendor :WES I-CUBE-Cesium 1.3.0
2024-09-12 13:46:38,035 [INFO] ThirdParty:1030 - CMSIS Pack Vendor :STMicroelectronics FP-ATR-ASTRA1 2.0.0
2024-09-12 13:46:38,035 [INFO] ThirdParty:1030 - CMSIS Pack Vendor :STMicroelectronics lwIP 2.1.2
2024-09-12 13:46:38,035 [INFO] ThirdParty:1030 - CMSIS Pack Vendor :STMicroelectronics X-CUBE-SFXS2LP1 4.0.0
2024-09-12 13:46:38,035 [INFO] ThirdParty:1030 - CMSIS Pack Vendor :STMicroelectronics X-CUBE-BLE2 3.3.0
2024-09-12 13:46:38,035 [INFO] ThirdParty:1030 - CMSIS Pack Vendor :STMicroelectronics X-CUBE-TOF1 3.4.2
2024-09-12 13:46:38,035 [INFO] ThirdParty:1030 - CMSIS Pack Vendor :Infineon AIROC-Wi-Fi-Bluetooth-STM32 1.6.1
2024-09-12 13:46:38,035 [INFO] ThirdParty:1030 - CMSIS Pack Vendor :STMicroelectronics PDM2PCM 3.2.0
2024-09-12 13:46:38,035 [INFO] ThirdParty:1030 - CMSIS Pack Vendor :wolfSSL I-CUBE-wolfSSH 1.4.17
2024-09-12 13:46:38,035 [INFO] ThirdParty:841 - exiting critical section [change project]
2024-09-12 13:46:38,356 [INFO] PinOutPanel:1561 - setPackage(No Configuration,No Configuration)
2024-09-12 13:46:38,361 [INFO] PinOutPanel:1561 - setPackage(STM32F767ZITx,LQFP144)
2024-09-12 13:46:38,808 [INFO] UtilMem:75 - Before build in PCC Used Memory: 581048832 Bytes (1017118720)
2024-09-12 13:46:39,001 [INFO] UtilMem:75 - After build in PCC Used Memory: 630331904 Bytes (1017118720)
2024-09-12 13:46:39,030 [INFO] IPUIPlugin:80 - create IPUIPlugin
2024-09-12 13:46:39,030 [INFO] IPUIPlugin:80 - create IPUIPlugin
2024-09-12 13:46:39,030 [INFO] IPUIPlugin:80 - create IPUIPlugin
2024-09-12 13:46:39,030 [INFO] IPUIPlugin:80 - create IPUIPlugin
2024-09-12 13:46:39,030 [INFO] IPUIPlugin:80 - create IPUIPlugin
2024-09-12 13:46:39,030 [INFO] IPUIPlugin:80 - create IPUIPlugin
2024-09-12 13:46:39,030 [INFO] IPUIPlugin:80 - create IPUIPlugin
2024-09-12 13:46:39,030 [INFO] IPUIPlugin:80 - create IPUIPlugin
2024-09-12 13:46:39,030 [INFO] IPUIPlugin:80 - create IPUIPlugin
2024-09-12 13:46:39,031 [INFO] IPUIPlugin:80 - create IPUIPlugin
2024-09-12 13:46:39,031 [INFO] IPUIPlugin:80 - create IPUIPlugin
2024-09-12 13:46:39,031 [INFO] IPUIPlugin:80 - create IPUIPlugin
2024-09-12 13:46:39,031 [INFO] IPUIPlugin:80 - create IPUIPlugin
2024-09-12 13:46:39,031 [INFO] IPUIPlugin:80 - create IPUIPlugin
2024-09-12 13:46:39,031 [INFO] IPUIPlugin:80 - create IPUIPlugin
2024-09-12 13:46:39,031 [INFO] IPUIPlugin:80 - create IPUIPlugin
2024-09-12 13:46:39,031 [INFO] IPUIPlugin:80 - create IPUIPlugin
2024-09-12 13:46:39,031 [INFO] IPUIPlugin:80 - create IPUIPlugin
2024-09-12 13:46:39,031 [INFO] IPUIPlugin:80 - create IPUIPlugin
2024-09-12 13:46:39,031 [INFO] IPUIPlugin:80 - create IPUIPlugin
2024-09-12 13:46:39,031 [INFO] IPUIPlugin:80 - create IPUIPlugin
2024-09-12 13:46:39,031 [INFO] IPUIPlugin:80 - create IPUIPlugin
2024-09-12 13:46:39,032 [INFO] IPUIPlugin:80 - create IPUIPlugin
2024-09-12 13:46:39,032 [INFO] IPUIPlugin:80 - create IPUIPlugin
2024-09-12 13:46:39,032 [INFO] IPUIPlugin:80 - create IPUIPlugin
2024-09-12 13:46:39,032 [INFO] IPUIPlugin:80 - create IPUIPlugin
2024-09-12 13:46:39,032 [INFO] IPUIPlugin:80 - create IPUIPlugin
2024-09-12 13:46:39,032 [INFO] IPUIPlugin:80 - create IPUIPlugin
2024-09-12 13:46:39,032 [INFO] IPUIPlugin:80 - create IPUIPlugin
2024-09-12 13:46:39,032 [INFO] IPUIPlugin:80 - create IPUIPlugin
2024-09-12 13:46:39,032 [INFO] IPUIPlugin:80 - create IPUIPlugin
2024-09-12 13:46:39,032 [INFO] IPUIPlugin:80 - create IPUIPlugin
2024-09-12 13:46:39,033 [INFO] IPUIPlugin:80 - create IPUIPlugin
2024-09-12 13:46:39,033 [INFO] IPUIPlugin:80 - create IPUIPlugin
2024-09-12 13:46:39,033 [INFO] IPUIPlugin:80 - create IPUIPlugin
2024-09-12 13:46:39,033 [INFO] IPUIPlugin:80 - create IPUIPlugin
2024-09-12 13:46:39,033 [INFO] IPUIPlugin:80 - create IPUIPlugin
2024-09-12 13:46:39,033 [INFO] IPUIPlugin:80 - create IPUIPlugin
2024-09-12 13:46:39,033 [INFO] IPUIPlugin:80 - create IPUIPlugin
2024-09-12 13:46:39,033 [INFO] IPUIPlugin:80 - create IPUIPlugin
2024-09-12 13:46:39,034 [INFO] IPUIPlugin:80 - create IPUIPlugin
2024-09-12 13:46:39,034 [INFO] IPUIPlugin:80 - create IPUIPlugin
2024-09-12 13:46:39,034 [INFO] IPUIPlugin:80 - create IPUIPlugin
2024-09-12 13:46:39,034 [INFO] IPUIPlugin:80 - create IPUIPlugin
2024-09-12 13:46:39,034 [INFO] IPUIPlugin:80 - create IPUIPlugin
2024-09-12 13:46:39,034 [INFO] IPUIPlugin:80 - create IPUIPlugin
2024-09-12 13:46:39,034 [INFO] IPUIPlugin:80 - create IPUIPlugin
2024-09-12 13:46:39,034 [INFO] IPUIPlugin:80 - create IPUIPlugin
2024-09-12 13:46:39,035 [INFO] IPUIPlugin:80 - create IPUIPlugin
2024-09-12 13:46:39,035 [INFO] IPUIPlugin:80 - create IPUIPlugin
2024-09-12 13:46:39,035 [INFO] IPUIPlugin:80 - create IPUIPlugin
2024-09-12 13:46:39,035 [INFO] IPUIPlugin:80 - create IPUIPlugin
2024-09-12 13:46:39,035 [INFO] IPUIPlugin:80 - create IPUIPlugin
2024-09-12 13:46:39,035 [INFO] IPUIPlugin:80 - create IPUIPlugin
2024-09-12 13:46:39,035 [INFO] IPUIPlugin:80 - create IPUIPlugin
2024-09-12 13:46:39,035 [INFO] IPUIPlugin:80 - create IPUIPlugin
2024-09-12 13:46:39,035 [INFO] IPUIPlugin:80 - create IPUIPlugin
2024-09-12 13:46:39,035 [INFO] IPUIPlugin:80 - create IPUIPlugin
2024-09-12 13:46:39,035 [INFO] IPUIPlugin:80 - create IPUIPlugin
2024-09-12 13:46:39,035 [INFO] IPUIPlugin:80 - create IPUIPlugin
2024-09-12 13:46:39,035 [INFO] IPUIPlugin:80 - create IPUIPlugin
2024-09-12 13:46:39,035 [INFO] IPUIPlugin:80 - create IPUIPlugin
2024-09-12 13:46:39,036 [INFO] IPUIPlugin:80 - create IPUIPlugin
2024-09-12 13:46:39,036 [INFO] IPUIPlugin:80 - create IPUIPlugin
2024-09-12 13:46:39,036 [INFO] IPUIPlugin:80 - create IPUIPlugin
2024-09-12 13:46:39,036 [INFO] IPUIPlugin:80 - create IPUIPlugin
2024-09-12 13:46:39,037 [INFO] IPUIPlugin:80 - create IPUIPlugin
2024-09-12 13:46:39,038 [INFO] IPUIPlugin:80 - create IPUIPlugin
2024-09-12 13:46:39,039 [INFO] IPUIPlugin:80 - create IPUIPlugin
2024-09-12 13:46:39,040 [INFO] IPUIPlugin:80 - create IPUIPlugin
2024-09-12 13:46:39,040 [INFO] IPUIPlugin:80 - create IPUIPlugin
2024-09-12 13:46:39,040 [INFO] IPUIPlugin:80 - create IPUIPlugin
2024-09-12 13:46:39,040 [INFO] IPUIPlugin:80 - create IPUIPlugin
2024-09-12 13:46:39,041 [INFO] IPUIPlugin:80 - create IPUIPlugin
2024-09-12 13:46:39,041 [INFO] IPUIPlugin:80 - create IPUIPlugin
2024-09-12 13:46:39,041 [INFO] IPUIPlugin:80 - create IPUIPlugin
2024-09-12 13:46:39,041 [INFO] IPUIPlugin:80 - create IPUIPlugin
2024-09-12 13:46:39,042 [INFO] IPUIPlugin:80 - create IPUIPlugin
2024-09-12 13:46:39,042 [INFO] IPUIPlugin:80 - create IPUIPlugin
2024-09-12 13:46:39,046 [INFO] ApiDbMcu:508 - Load IP Config File for PDM2PCM
2024-09-12 13:46:39,118 [INFO] CADModel:165 - CPN selected for project levelSTM32F767ZIT6
2024-09-12 13:46:39,118 [INFO] CADModel:114 - Register for checkConnection events
2024-09-12 13:46:39,161 [INFO] OpenFileManager:363 - Restore cursor
2024-09-12 13:54:28,565 [INFO] MainUpdater:2873 - connection check result : 10
2024-09-12 13:54:28,567 [INFO] MainUpdater:2873 - connection check result : 10
2024-09-12 13:54:28,757 [INFO] MicroXplorer:468 - Change Database Path : 
2024-09-12 13:54:28,758 [INFO] MicroXplorer:498 - Change Database Version : DB.6.0.120
2024-09-12 13:54:28,788 [ERROR] ProjectManagerView:394 - 
java.lang.NullPointerException: Cannot invoke "javax.swing.JTextField.getText()" because the return value of "java.util.List.get(int)" is null
	at com.st.microxplorer.plugins.projectmanager.gui.ProjectChoiceTab$10.caretUpdate(ProjectChoiceTab.java:2622) ~[filemanager.jar:?]
	at javax.swing.text.JTextComponent.fireCaretUpdate(JTextComponent.java:412) ~[?:?]
	at javax.swing.text.JTextComponent$MutableCaretEvent.fire(JTextComponent.java:4491) ~[?:?]
	at javax.swing.text.JTextComponent$MutableCaretEvent.stateChanged(JTextComponent.java:4513) ~[?:?]
	at javax.swing.text.DefaultCaret.fireStateChanged(DefaultCaret.java:842) ~[?:?]
	at javax.swing.text.DefaultCaret.changeCaretPosition(DefaultCaret.java:1313) ~[?:?]
	at javax.swing.text.DefaultCaret.handleSetDot(DefaultCaret.java:1212) ~[?:?]
	at javax.swing.text.DefaultCaret.setDot(DefaultCaret.java:1193) ~[?:?]
	at javax.swing.text.DefaultCaret$Handler.insertUpdate(DefaultCaret.java:1789) ~[?:?]
	at javax.swing.text.AbstractDocument.fireInsertUpdate(AbstractDocument.java:226) ~[?:?]
	at javax.swing.text.AbstractDocument.handleInsertString(AbstractDocument.java:780) ~[?:?]
	at javax.swing.text.AbstractDocument.insertString(AbstractDocument.java:739) ~[?:?]
	at javax.swing.text.PlainDocument.insertString(PlainDocument.java:131) ~[?:?]
	at javax.swing.text.AbstractDocument.replace(AbstractDocument.java:698) ~[?:?]
	at javax.swing.text.JTextComponent.setText(JTextComponent.java:1729) ~[?:?]
	at com.st.microxplorer.plugins.projectmanager.gui.ProjectChoiceTab.createHeapStackFields(ProjectChoiceTab.java:972) ~[filemanager.jar:?]
	at com.st.microxplorer.plugins.projectmanager.gui.ProjectChoiceTab.buildLinkSettingsPanel(ProjectChoiceTab.java:3597) ~[filemanager.jar:?]
	at com.st.microxplorer.plugins.projectmanager.gui.ProjectChoiceTab.defineWindowsFields(ProjectChoiceTab.java:1940) ~[filemanager.jar:?]
	at com.st.microxplorer.plugins.projectmanager.gui.ProjectChoiceTab.updateSettings(ProjectChoiceTab.java:550) ~[filemanager.jar:?]
	at com.st.microxplorer.plugins.projectmanager.gui.ProjectSettingsPanel.UpdateDialog(ProjectSettingsPanel.java:245) ~[filemanager.jar:?]
	at com.st.microxplorer.plugins.projectmanager.ProjectManagerView.propertyChange(ProjectManagerView.java:391) ~[filemanager.jar:?]
	at java.beans.PropertyChangeSupport.fire(PropertyChangeSupport.java:343) ~[?:?]
	at java.beans.PropertyChangeSupport.firePropertyChange(PropertyChangeSupport.java:335) ~[?:?]
	at java.beans.PropertyChangeSupport.firePropertyChange(PropertyChangeSupport.java:268) ~[?:?]
	at com.st.microxplorer.util.MXPropertyChangeSupport.firePropertyChange(MXPropertyChangeSupport.java:54) ~[STM32CubeMX.jar:?]
	at com.st.microxplorer.mxsystem.MxSystem.closeConfig(MxSystem.java:900) ~[STM32CubeMX.jar:?]
	at com.st.microxplorer.maingui.MainPanel.closeConfig(MainPanel.java:781) ~[STM32CubeMX.jar:?]
	at com.st.microxplorer.plugins.filemanager.engine.OpenFileManager.loadConfigurationFile(OpenFileManager.java:265) ~[filemanager.jar:?]
	at com.st.microxplorer.plugins.filemanager.engine.MainFileManager.userLoadConfig(MainFileManager.java:352) ~[filemanager.jar:?]
	at com.st.microxplorer.plugins.filemanager.engine.MainFileManager.userLoadConfig(MainFileManager.java:330) ~[filemanager.jar:?]
	at com.st.microxplorer.plugins.filemanager.FileManagerView.getSpecificTask(FileManagerView.java:246) ~[filemanager.jar:?]
	at com.st.stm32cube.common.mx.editor.CubeMxEditor.getMxTabbedPaneInstance(CubeMxEditor.java:1198) ~[com.st.stm32cube.common.mx_6.12.0.202406281431/:?]
	at com.st.stm32cube.common.mx.editor.CubeMxEditor$12$1.createSwingComponent(CubeMxEditor.java:1068) ~[com.st.stm32cube.common.mx_6.12.0.202406281431/:?]
	at com.st.stm32cube.common.mx.oss.core.awtswtbridge.EmbeddedSwingComposite.doComponentCreation(EmbeddedSwingComposite.java:492) ~[com.st.stm32cube.common.mx.oss_6.12.0.202406281431/:?]
	at com.st.stm32cube.common.mx.oss.core.awtswtbridge.EmbeddedSwingComposite$4.run(EmbeddedSwingComposite.java:291) ~[com.st.stm32cube.common.mx.oss_6.12.0.202406281431/:?]
	at com.st.stm32cube.common.mx.oss.core.awtswtbridge.AwtEnvironment$2.run(AwtEnvironment.java:166) ~[com.st.stm32cube.common.mx.oss_6.12.0.202406281431/:?]
	at java.awt.event.InvocationEvent.dispatch(InvocationEvent.java:318) ~[?:?]
	at java.awt.EventQueue.dispatchEventImpl(EventQueue.java:773) ~[?:?]
	at java.awt.EventQueue$4.run(EventQueue.java:720) ~[?:?]
	at java.awt.EventQueue$4.run(EventQueue.java:714) ~[?:?]
	at java.security.AccessController.doPrivileged(AccessController.java:399) ~[?:?]
	at java.security.ProtectionDomain$JavaSecurityAccessImpl.doIntersectionPrivilege(ProtectionDomain.java:86) ~[?:?]
	at java.awt.EventQueue.dispatchEvent(EventQueue.java:742) ~[?:?]
	at java.awt.EventDispatchThread.pumpOneEventForFilters(EventDispatchThread.java:203) ~[?:?]
	at java.awt.EventDispatchThread.pumpEventsForFilter(EventDispatchThread.java:124) ~[?:?]
	at java.awt.EventDispatchThread.pumpEventsForHierarchy(EventDispatchThread.java:113) ~[?:?]
	at java.awt.EventDispatchThread.pumpEvents(EventDispatchThread.java:109) ~[?:?]
	at java.awt.EventDispatchThread.pumpEvents(EventDispatchThread.java:101) ~[?:?]
	at java.awt.EventDispatchThread.run(EventDispatchThread.java:90) ~[?:?]
2024-09-12 13:54:28,791 [WARN] ThirdParty:871 - waiting for thirdparty lock release [close project]
2024-09-12 13:54:28,791 [INFO] ThirdParty:873 - entering critical section [close project]
2024-09-12 13:54:28,791 [INFO] ThirdParty:883 - exiting critical section [close project]
2024-09-12 13:54:28,794 [INFO] PinOutPanel:1561 - setPackage(No Configuration,No Configuration)
2024-09-12 13:54:28,802 [WARN] IpParametersView:151 - Warning: This peripheral hasn't parameters
2024-09-12 13:54:28,810 [WARN] MainPanel:284 - <html><b><center>Warning: This peripheral has no parameters to be configured<br></b></html>
2024-09-12 13:54:28,814 [INFO] UtilMem:75 - Begin LoadConfig() Used Memory: 333221888 Bytes (985661440)
2024-09-12 13:54:28,816 [INFO] MicroXplorer:468 - Change Database Path : 
2024-09-12 13:54:28,816 [INFO] MicroXplorer:498 - Change Database Version : DB.6.0.120
2024-09-12 13:54:28,816 [INFO] OpenFileManager:332 - Change cursor
2024-09-12 13:54:28,832 [INFO] Mcu:2032 - Initializing MCU STM32F767ZITx STM32F767ZITx STM32F767ZIT6
2024-09-12 13:54:30,032 [INFO] Context:742 - Trying to add GPIOservice into a context  which must be forbidden
2024-09-12 13:54:30,528 [INFO] RtosManager:555 - Registered RTOS mode: class=CMSIS, group=RTOS, mode=CMSIS_V1, owner=FREERTOS
2024-09-12 13:54:30,528 [INFO] RtosManager:555 - Registered RTOS mode: class=CMSIS, group=RTOS2, mode=CMSIS_V2, owner=FREERTOS
2024-09-12 13:54:30,528 [INFO] RtosManager:555 - Registered RTOS mode: class=RTOS, group=Core, mode=CMSIS_V1, owner=FREERTOS
2024-09-12 13:54:30,528 [INFO] RtosManager:555 - Registered RTOS mode: class=RTOS, group=Core, mode=CMSIS_V2, owner=FREERTOS
2024-09-12 13:54:30,528 [WARN] ModelIntegratedComponent:184 - Missing modes for component STMicroelectronics:FreeRTOS:0.0.1:STMicroelectronics:RTOS:FreeRTOS:Core:::10.2.0:
2024-09-12 13:54:30,535 [WARN] ModelIntegratedComponent:63 - No mode defined for component null
2024-09-12 13:54:30,535 [WARN] ModelIntegratedComponent:63 - No mode defined for component null
2024-09-12 13:54:30,535 [WARN] ModelIntegratedComponent:63 - No mode defined for component null
2024-09-12 13:54:30,535 [WARN] ModelIntegratedComponent:63 - No mode defined for component null
2024-09-12 13:54:30,535 [WARN] ModelIntegratedComponent:63 - No mode defined for component null
2024-09-12 13:54:30,535 [WARN] ModelIntegratedComponent:63 - No mode defined for component null
2024-09-12 13:54:30,535 [WARN] ModelIntegratedComponent:63 - No mode defined for component null
2024-09-12 13:54:30,535 [WARN] ModelIntegratedComponent:63 - No mode defined for component null
2024-09-12 13:54:30,535 [WARN] ModelIntegratedComponent:63 - No mode defined for component null
2024-09-12 13:54:30,535 [WARN] ModelIntegratedComponent:63 - No mode defined for component null
2024-09-12 13:54:30,535 [WARN] ModelIntegratedComponent:63 - No mode defined for component null
2024-09-12 13:54:30,535 [WARN] ModelIntegratedComponent:63 - No mode defined for component null
2024-09-12 13:54:30,535 [WARN] ModelIntegratedComponent:63 - No mode defined for component null
2024-09-12 13:54:30,535 [WARN] ModelIntegratedComponent:63 - No mode defined for component null
2024-09-12 13:54:30,535 [WARN] ModelIntegratedComponent:63 - No mode defined for component null
2024-09-12 13:54:30,535 [WARN] ModelIntegratedComponent:63 - No mode defined for component null
2024-09-12 13:54:30,535 [WARN] ModelIntegratedComponent:63 - No mode defined for component null
2024-09-12 13:54:30,535 [WARN] ModelIntegratedComponent:63 - No mode defined for component null
2024-09-12 13:54:30,535 [WARN] ModelIntegratedComponent:63 - No mode defined for component null
2024-09-12 13:54:30,535 [WARN] ModelIntegratedComponent:63 - No mode defined for component null
2024-09-12 13:54:30,535 [WARN] ModelIntegratedComponent:63 - No mode defined for component null
2024-09-12 13:54:30,535 [WARN] ModelIntegratedComponent:63 - No mode defined for component null
2024-09-12 13:54:30,535 [WARN] ModelIntegratedComponent:63 - No mode defined for component null
2024-09-12 13:54:30,535 [WARN] ModelIntegratedComponent:63 - No mode defined for component null
2024-09-12 13:54:30,535 [WARN] ModelIntegratedComponent:63 - No mode defined for component null
2024-09-12 13:54:30,535 [WARN] ModelIntegratedComponent:63 - No mode defined for component null
2024-09-12 13:54:30,535 [WARN] ModelIntegratedComponent:63 - No mode defined for component null
2024-09-12 13:54:30,535 [WARN] ModelIntegratedComponent:63 - No mode defined for component null
2024-09-12 13:54:30,535 [WARN] ModelIntegratedComponent:63 - No mode defined for component null
2024-09-12 13:54:30,535 [WARN] ModelIntegratedComponent:63 - No mode defined for component null
2024-09-12 13:54:30,536 [WARN] ModelIntegratedComponent:63 - No mode defined for component null
2024-09-12 13:54:30,536 [WARN] ModelIntegratedComponent:63 - No mode defined for component null
2024-09-12 13:54:30,536 [WARN] ModelIntegratedComponent:63 - No mode defined for component null
2024-09-12 13:54:30,536 [WARN] ModelIntegratedComponent:63 - No mode defined for component null
2024-09-12 13:54:30,536 [WARN] ModelIntegratedComponent:63 - No mode defined for component null
2024-09-12 13:54:30,536 [WARN] ModelPack:524 - Component already loaded: STMicroelectronics:HAL Drivers:0.0.0:STMicroelectronics:Device:STMicro_Driver:XSPI:HAL::0.0.1:HAL_XSPI
2024-09-12 13:54:30,550 [INFO] ThirdPartyModel:298 - Start build external matchings
2024-09-12 13:54:30,681 [INFO] ThirdPartyModel:316 - End build external matchings
2024-09-12 13:54:30,960 [INFO] UtilMem:75 - End LoadConfig() Used Memory: 810792680 Bytes (985661440)
2024-09-12 13:54:31,027 [WARN] ThirdParty:833 - waiting for thirdparty lock release [change project]
2024-09-12 13:54:31,029 [INFO] ThirdParty:835 - entering critical section [change project]
2024-09-12 13:54:31,029 [INFO] ThirdParty:1030 - CMSIS Pack Vendor :STMicroelectronics USBPD 4.1
2024-09-12 13:54:31,029 [INFO] ThirdParty:1030 - CMSIS Pack Vendor :STMicroelectronics X-CUBE-AZRTOS-H7 3.3.0
2024-09-12 13:54:31,029 [INFO] ThirdParty:1030 - CMSIS Pack Vendor :STMicroelectronics X-CUBE-GNSS1 6.0.0
2024-09-12 13:54:31,029 [INFO] ThirdParty:1030 - CMSIS Pack Vendor :STMicroelectronics USB_HOST 2.0.0
2024-09-12 13:54:31,029 [INFO] ThirdParty:1030 - CMSIS Pack Vendor :STMicroelectronics FP-SNS-MOTENVWB1 1.4.0
2024-09-12 13:54:31,029 [INFO] ThirdParty:1030 - CMSIS Pack Vendor :STMicroelectronics X-CUBE-AZRTOS-F4 1.1.0
2024-09-12 13:54:31,029 [INFO] ThirdParty:1030 - CMSIS Pack Vendor :STMicroelectronics LIBJPEG 8.0.0
2024-09-12 13:54:31,029 [INFO] ThirdParty:1030 - CMSIS Pack Vendor :STMicroelectronics X-CUBE-SMBUS 2.1.0
2024-09-12 13:54:31,029 [INFO] ThirdParty:1030 - CMSIS Pack Vendor :STMicroelectronics USB_DEVICE 3.0.0
2024-09-12 13:54:31,029 [INFO] ThirdParty:1030 - CMSIS Pack Vendor :STMicroelectronics X-CUBE-TCPP 4.1.0
2024-09-12 13:54:31,029 [INFO] ThirdParty:1030 - CMSIS Pack Vendor :STMicroelectronics X-CUBE-FREERTOS 1.2.0
2024-09-12 13:54:31,029 [INFO] ThirdParty:1030 - CMSIS Pack Vendor :STMicroelectronics X-CUBE-AZRTOS-WB 2.0.0
2024-09-12 13:54:31,029 [INFO] ThirdParty:1030 - CMSIS Pack Vendor :STMicroelectronics X-CUBE-GNSS1 7.0.0
2024-09-12 13:54:31,029 [INFO] ThirdParty:1030 - CMSIS Pack Vendor :STMicroelectronics X-CUBE-AZRTOS-F7 1.1.0
2024-09-12 13:54:31,029 [INFO] ThirdParty:1030 - CMSIS Pack Vendor :STMicroelectronics X-CUBE-AZRTOS-L5 2.0.0
2024-09-12 13:54:31,029 [INFO] ThirdParty:1030 - CMSIS Pack Vendor :STMicroelectronics USB_DEVICE 2.0.0
2024-09-12 13:54:31,029 [INFO] ThirdParty:1030 - CMSIS Pack Vendor :STMicroelectronics X-CUBE-NFC6 3.1.0
2024-09-12 13:54:31,029 [INFO] ThirdParty:1030 - CMSIS Pack Vendor :STMicroelectronics X-CUBE-MEMS1 11.0.0
2024-09-12 13:54:31,029 [INFO] ThirdParty:1030 - CMSIS Pack Vendor :STMicroelectronics FreeRTOS 0.0.1
2024-09-12 13:54:31,029 [INFO] ThirdParty:1030 - CMSIS Pack Vendor :STMicroelectronics X-CUBE-AZRTOS-G0 1.1.0
2024-09-12 13:54:31,029 [INFO] ThirdParty:1030 - CMSIS Pack Vendor :STMicroelectronics X-CUBE-SAFEA1 1.2.2
2024-09-12 13:54:31,029 [INFO] ThirdParty:1030 - CMSIS Pack Vendor :STMicroelectronics X-CUBE-NFC4 3.0.0
2024-09-12 13:54:31,029 [INFO] ThirdParty:1030 - CMSIS Pack Vendor :STMicroelectronics X-CUBE-SUBG2 5.0.0
2024-09-12 13:54:31,029 [INFO] ThirdParty:1030 - CMSIS Pack Vendor :STMicroelectronics STM32_WPAN 1.0.0
2024-09-12 13:54:31,029 [INFO] ThirdParty:1030 - CMSIS Pack Vendor :EmbeddedOffice I-CUBE-FS-RTOS 1.0.1
2024-09-12 13:54:31,029 [INFO] ThirdParty:1030 - CMSIS Pack Vendor :STMicroelectronics lwIP 2.0.3
2024-09-12 13:54:31,029 [INFO] ThirdParty:1030 - CMSIS Pack Vendor :STMicroelectronics FP-SNS-FLIGHT1 5.0.2
2024-09-12 13:54:31,029 [INFO] ThirdParty:1030 - CMSIS Pack Vendor :Cesanta I-CUBE-Mongoose 7.13.0
2024-09-12 13:54:31,029 [INFO] ThirdParty:1030 - CMSIS Pack Vendor :STMicroelectronics USB_HOST 1.0.0
2024-09-12 13:54:31,029 [INFO] ThirdParty:1030 - CMSIS Pack Vendor :STMicroelectronics X-CUBE-AI 9.0.0
2024-09-12 13:54:31,029 [INFO] ThirdParty:1030 - CMSIS Pack Vendor :STMicroelectronics X-CUBE-AZRTOS-G4 2.0.0
2024-09-12 13:54:31,029 [INFO] ThirdParty:1030 - CMSIS Pack Vendor :STMicroelectronics PDM2PCM 3.1.0
2024-09-12 13:54:31,029 [INFO] ThirdParty:1030 - CMSIS Pack Vendor :STMicroelectronics PDM2PCM 3.3.0
2024-09-12 13:54:31,029 [INFO] ThirdParty:1030 - CMSIS Pack Vendor :STMicroelectronics X-CUBE-DISPLAY 3.0.0
2024-09-12 13:54:31,029 [INFO] ThirdParty:1030 - CMSIS Pack Vendor :RealThread X-CUBE-RT-Thread_Nano 4.1.1
2024-09-12 13:54:31,029 [INFO] ThirdParty:1030 - CMSIS Pack Vendor :STMicroelectronics X-CUBE-BLE1 7.0.0
2024-09-12 13:54:31,029 [INFO] ThirdParty:1030 - CMSIS Pack Vendor :STMicroelectronics FP-ATR-SIGFOX1 3.2.0
2024-09-12 13:54:31,029 [INFO] ThirdParty:1030 - CMSIS Pack Vendor :wolfSSL I-CUBE-wolfSSL 5.7.2
2024-09-12 13:54:31,029 [INFO] ThirdParty:1030 - CMSIS Pack Vendor :STMicroelectronics X-CUBE-ISPU 2.0.0
2024-09-12 13:54:31,029 [INFO] ThirdParty:1030 - CMSIS Pack Vendor :STMicroelectronics X-CUBE-EEPRMA1 5.1.0
2024-09-12 13:54:31,029 [INFO] ThirdParty:1030 - CMSIS Pack Vendor :STMicroelectronics HAL Drivers 0.0.0
2024-09-12 13:54:31,029 [INFO] ThirdParty:1030 - CMSIS Pack Vendor :STMicroelectronics MBEDTLS 2.16.2
2024-09-12 13:54:31,029 [INFO] ThirdParty:1030 - CMSIS Pack Vendor :STMicroelectronics X-CUBE-ALS 1.0.2
2024-09-12 13:54:31,029 [INFO] ThirdParty:1030 - CMSIS Pack Vendor :emotas I-CUBE-CANOPEN 1.3.0
2024-09-12 13:54:31,029 [INFO] ThirdParty:1030 - CMSIS Pack Vendor :STMicroelectronics X-CUBE-NFC7 1.0.1
2024-09-12 13:54:31,029 [INFO] ThirdParty:1030 - CMSIS Pack Vendor :STMicroelectronics MBEDTLS 2.14.1
2024-09-12 13:54:31,029 [INFO] ThirdParty:1030 - CMSIS Pack Vendor :STMicroelectronics X-CUBE-TOUCHGFX 4.24.0
2024-09-12 13:54:31,029 [INFO] ThirdParty:1030 - CMSIS Pack Vendor :ITTIA_DB I-CUBE-ITTIADB 8.9.0
2024-09-12 13:54:31,029 [INFO] ThirdParty:1030 - CMSIS Pack Vendor :wolfSSL I-CUBE-wolfTPM 3.4.0
2024-09-12 13:54:31,029 [INFO] ThirdParty:1030 - CMSIS Pack Vendor :portGmbH I-Cube-SoM-uGOAL 1.1.0
2024-09-12 13:54:31,029 [INFO] ThirdParty:1030 - CMSIS Pack Vendor :STMicroelectronics X-CUBE-BLEMGR 3.1.0
2024-09-12 13:54:31,029 [INFO] ThirdParty:1030 - CMSIS Pack Vendor :STMicroelectronics ThreadX 1.0.0
2024-09-12 13:54:31,029 [INFO] ThirdParty:1030 - CMSIS Pack Vendor :STMicroelectronics FP-SNS-SMARTAG2 1.2.0
2024-09-12 13:54:31,029 [INFO] ThirdParty:1030 - CMSIS Pack Vendor :STMicroelectronics X-CUBE-AZRTOS-WL 2.0.0
2024-09-12 13:54:31,029 [INFO] ThirdParty:1030 - CMSIS Pack Vendor :SEGGER I-CUBE-embOS 1.3.1
2024-09-12 13:54:31,029 [INFO] ThirdParty:1030 - CMSIS Pack Vendor :STMicroelectronics X-CUBE-ALGOBUILD 1.4.0
2024-09-12 13:54:31,029 [INFO] ThirdParty:1030 - CMSIS Pack Vendor :STMicroelectronics FP-SNS-MOTENV1 5.0.0
2024-09-12 13:54:31,029 [INFO] ThirdParty:1030 - CMSIS Pack Vendor :STMicroelectronics USB_DEVICE 1.0.0
2024-09-12 13:54:31,029 [INFO] ThirdParty:1030 - CMSIS Pack Vendor :STMicroelectronics X-CUBE-AZRTOS-H7RS 1.0.0
2024-09-12 13:54:31,029 [INFO] ThirdParty:1030 - CMSIS Pack Vendor :wolfSSL I-CUBE-wolfMQTT 1.19.0
2024-09-12 13:54:31,029 [INFO] ThirdParty:1030 - CMSIS Pack Vendor :STMicroelectronics X-CUBE-AZRTOS-L4 2.0.0
2024-09-12 13:54:31,029 [INFO] ThirdParty:1030 - CMSIS Pack Vendor :STMicroelectronics ThreadX 0.0.2
2024-09-12 13:54:31,029 [INFO] ThirdParty:1030 - CMSIS Pack Vendor :WES I-CUBE-Cesium 1.3.0
2024-09-12 13:54:31,029 [INFO] ThirdParty:1030 - CMSIS Pack Vendor :STMicroelectronics FP-ATR-ASTRA1 2.0.0
2024-09-12 13:54:31,029 [INFO] ThirdParty:1030 - CMSIS Pack Vendor :STMicroelectronics lwIP 2.1.2
2024-09-12 13:54:31,029 [INFO] ThirdParty:1030 - CMSIS Pack Vendor :STMicroelectronics X-CUBE-SFXS2LP1 4.0.0
2024-09-12 13:54:31,029 [INFO] ThirdParty:1030 - CMSIS Pack Vendor :STMicroelectronics X-CUBE-BLE2 3.3.0
2024-09-12 13:54:31,029 [INFO] ThirdParty:1030 - CMSIS Pack Vendor :STMicroelectronics X-CUBE-TOF1 3.4.2
2024-09-12 13:54:31,029 [INFO] ThirdParty:1030 - CMSIS Pack Vendor :Infineon AIROC-Wi-Fi-Bluetooth-STM32 1.6.1
2024-09-12 13:54:31,029 [INFO] ThirdParty:1030 - CMSIS Pack Vendor :STMicroelectronics PDM2PCM 3.2.0
2024-09-12 13:54:31,029 [INFO] ThirdParty:1030 - CMSIS Pack Vendor :wolfSSL I-CUBE-wolfSSH 1.4.17
2024-09-12 13:54:31,030 [INFO] ThirdParty:841 - exiting critical section [change project]
2024-09-12 13:54:31,379 [INFO] PinOutPanel:1561 - setPackage(No Configuration,No Configuration)
2024-09-12 13:54:31,384 [INFO] PinOutPanel:1561 - setPackage(STM32F767ZITx,LQFP144)
2024-09-12 13:54:31,794 [INFO] UtilMem:75 - Before build in PCC Used Memory: 597233112 Bytes (985661440)
2024-09-12 13:54:31,982 [INFO] UtilMem:75 - After build in PCC Used Memory: 646522344 Bytes (985661440)
2024-09-12 13:54:32,026 [INFO] IPUIPlugin:80 - create IPUIPlugin
2024-09-12 13:54:32,026 [INFO] IPUIPlugin:80 - create IPUIPlugin
2024-09-12 13:54:32,026 [INFO] IPUIPlugin:80 - create IPUIPlugin
2024-09-12 13:54:32,026 [INFO] IPUIPlugin:80 - create IPUIPlugin
2024-09-12 13:54:32,026 [INFO] IPUIPlugin:80 - create IPUIPlugin
2024-09-12 13:54:32,026 [INFO] IPUIPlugin:80 - create IPUIPlugin
2024-09-12 13:54:32,026 [INFO] IPUIPlugin:80 - create IPUIPlugin
2024-09-12 13:54:32,026 [INFO] IPUIPlugin:80 - create IPUIPlugin
2024-09-12 13:54:32,026 [INFO] IPUIPlugin:80 - create IPUIPlugin
2024-09-12 13:54:32,027 [INFO] IPUIPlugin:80 - create IPUIPlugin
2024-09-12 13:54:32,027 [INFO] IPUIPlugin:80 - create IPUIPlugin
2024-09-12 13:54:32,027 [INFO] IPUIPlugin:80 - create IPUIPlugin
2024-09-12 13:54:32,027 [INFO] IPUIPlugin:80 - create IPUIPlugin
2024-09-12 13:54:32,027 [INFO] IPUIPlugin:80 - create IPUIPlugin
2024-09-12 13:54:32,027 [INFO] IPUIPlugin:80 - create IPUIPlugin
2024-09-12 13:54:32,027 [INFO] IPUIPlugin:80 - create IPUIPlugin
2024-09-12 13:54:32,027 [INFO] IPUIPlugin:80 - create IPUIPlugin
2024-09-12 13:54:32,027 [INFO] IPUIPlugin:80 - create IPUIPlugin
2024-09-12 13:54:32,027 [INFO] IPUIPlugin:80 - create IPUIPlugin
2024-09-12 13:54:32,027 [INFO] IPUIPlugin:80 - create IPUIPlugin
2024-09-12 13:54:32,027 [INFO] IPUIPlugin:80 - create IPUIPlugin
2024-09-12 13:54:32,027 [INFO] IPUIPlugin:80 - create IPUIPlugin
2024-09-12 13:54:32,028 [INFO] IPUIPlugin:80 - create IPUIPlugin
2024-09-12 13:54:32,028 [INFO] IPUIPlugin:80 - create IPUIPlugin
2024-09-12 13:54:32,028 [INFO] IPUIPlugin:80 - create IPUIPlugin
2024-09-12 13:54:32,028 [INFO] IPUIPlugin:80 - create IPUIPlugin
2024-09-12 13:54:32,028 [INFO] IPUIPlugin:80 - create IPUIPlugin
2024-09-12 13:54:32,028 [INFO] IPUIPlugin:80 - create IPUIPlugin
2024-09-12 13:54:32,028 [INFO] IPUIPlugin:80 - create IPUIPlugin
2024-09-12 13:54:32,028 [INFO] IPUIPlugin:80 - create IPUIPlugin
2024-09-12 13:54:32,028 [INFO] IPUIPlugin:80 - create IPUIPlugin
2024-09-12 13:54:32,029 [INFO] IPUIPlugin:80 - create IPUIPlugin
2024-09-12 13:54:32,029 [INFO] IPUIPlugin:80 - create IPUIPlugin
2024-09-12 13:54:32,029 [INFO] IPUIPlugin:80 - create IPUIPlugin
2024-09-12 13:54:32,029 [INFO] IPUIPlugin:80 - create IPUIPlugin
2024-09-12 13:54:32,029 [INFO] IPUIPlugin:80 - create IPUIPlugin
2024-09-12 13:54:32,029 [INFO] IPUIPlugin:80 - create IPUIPlugin
2024-09-12 13:54:32,029 [INFO] IPUIPlugin:80 - create IPUIPlugin
2024-09-12 13:54:32,029 [INFO] IPUIPlugin:80 - create IPUIPlugin
2024-09-12 13:54:32,029 [INFO] IPUIPlugin:80 - create IPUIPlugin
2024-09-12 13:54:32,029 [INFO] IPUIPlugin:80 - create IPUIPlugin
2024-09-12 13:54:32,030 [INFO] IPUIPlugin:80 - create IPUIPlugin
2024-09-12 13:54:32,030 [INFO] IPUIPlugin:80 - create IPUIPlugin
2024-09-12 13:54:32,030 [INFO] IPUIPlugin:80 - create IPUIPlugin
2024-09-12 13:54:32,030 [INFO] IPUIPlugin:80 - create IPUIPlugin
2024-09-12 13:54:32,030 [INFO] IPUIPlugin:80 - create IPUIPlugin
2024-09-12 13:54:32,030 [INFO] IPUIPlugin:80 - create IPUIPlugin
2024-09-12 13:54:32,030 [INFO] IPUIPlugin:80 - create IPUIPlugin
2024-09-12 13:54:32,032 [INFO] IPUIPlugin:80 - create IPUIPlugin
2024-09-12 13:54:32,033 [INFO] IPUIPlugin:80 - create IPUIPlugin
2024-09-12 13:54:32,033 [INFO] IPUIPlugin:80 - create IPUIPlugin
2024-09-12 13:54:32,033 [INFO] IPUIPlugin:80 - create IPUIPlugin
2024-09-12 13:54:32,033 [INFO] IPUIPlugin:80 - create IPUIPlugin
2024-09-12 13:54:32,033 [INFO] IPUIPlugin:80 - create IPUIPlugin
2024-09-12 13:54:32,033 [INFO] IPUIPlugin:80 - create IPUIPlugin
2024-09-12 13:54:32,033 [INFO] IPUIPlugin:80 - create IPUIPlugin
2024-09-12 13:54:32,033 [INFO] IPUIPlugin:80 - create IPUIPlugin
2024-09-12 13:54:32,033 [INFO] IPUIPlugin:80 - create IPUIPlugin
2024-09-12 13:54:32,033 [INFO] IPUIPlugin:80 - create IPUIPlugin
2024-09-12 13:54:32,033 [INFO] IPUIPlugin:80 - create IPUIPlugin
2024-09-12 13:54:32,033 [INFO] IPUIPlugin:80 - create IPUIPlugin
2024-09-12 13:54:32,033 [INFO] IPUIPlugin:80 - create IPUIPlugin
2024-09-12 13:54:32,033 [INFO] IPUIPlugin:80 - create IPUIPlugin
2024-09-12 13:54:32,033 [INFO] IPUIPlugin:80 - create IPUIPlugin
2024-09-12 13:54:32,033 [INFO] IPUIPlugin:80 - create IPUIPlugin
2024-09-12 13:54:32,034 [INFO] IPUIPlugin:80 - create IPUIPlugin
2024-09-12 13:54:32,034 [INFO] IPUIPlugin:80 - create IPUIPlugin
2024-09-12 13:54:32,034 [INFO] IPUIPlugin:80 - create IPUIPlugin
2024-09-12 13:54:32,034 [INFO] IPUIPlugin:80 - create IPUIPlugin
2024-09-12 13:54:32,034 [INFO] IPUIPlugin:80 - create IPUIPlugin
2024-09-12 13:54:32,034 [INFO] IPUIPlugin:80 - create IPUIPlugin
2024-09-12 13:54:32,034 [INFO] IPUIPlugin:80 - create IPUIPlugin
2024-09-12 13:54:32,034 [INFO] IPUIPlugin:80 - create IPUIPlugin
2024-09-12 13:54:32,035 [INFO] IPUIPlugin:80 - create IPUIPlugin
2024-09-12 13:54:32,035 [INFO] IPUIPlugin:80 - create IPUIPlugin
2024-09-12 13:54:32,035 [INFO] IPUIPlugin:80 - create IPUIPlugin
2024-09-12 13:54:32,035 [INFO] IPUIPlugin:80 - create IPUIPlugin
2024-09-12 13:54:32,036 [INFO] IPUIPlugin:80 - create IPUIPlugin
2024-09-12 13:54:32,036 [INFO] IPUIPlugin:80 - create IPUIPlugin
2024-09-12 13:54:32,041 [INFO] ApiDbMcu:508 - Load IP Config File for PDM2PCM
2024-09-12 13:54:32,103 [INFO] CADModel:165 - CPN selected for project levelSTM32F767ZIT6
2024-09-12 13:54:32,103 [INFO] CADModel:114 - Register for checkConnection events
2024-09-12 13:54:32,147 [INFO] OpenFileManager:363 - Restore cursor
2024-09-12 14:14:07,683 [ERROR] LogOutputStream:75 - [STDERR_REDIRECT] 
2024-09-12 14:14:27,458 [INFO] Activator:176 - 


2024-09-12 14:14:27,459 [INFO] Activator:177 - !SESSION log4j initialized
2024-09-12 14:14:30,554 [INFO] LogOutputStream:77 - [STDOUT_REDIRECT] 
2024-09-12 14:14:32,458 [ERROR] LogOutputStream:75 - [STDERR_REDIRECT] 
2024-09-12 14:14:34,930 [INFO] LogOutputStream:77 - [STDOUT_REDIRECT] 
2024-09-12 14:14:35,820 [ERROR] LogOutputStream:75 - [STDERR_REDIRECT] [Fatal Error] :2:10: DOCTYPE is disallowed when the feature "http://apache.org/xml/features/disallow-doctype-decl" set to true.
2024-09-12 14:14:35,823 [ERROR] LogOutputStream:75 - [STDERR_REDIRECT] 
2024-09-12 14:14:36,435 [INFO] ApplicationProperties:184 - Using Application install path: /Applications/STM32CubeIDE.app/Contents/Eclipse/plugins/com.st.stm32cube.common.mx_6.12.0.202406281431
2024-09-12 14:14:36,448 [INFO] DbMcusXml:78 - Set database path to: /Applications/STM32CubeIDE.app/Contents/Eclipse/plugins/com.st.stm32cube.common.mx_6.12.0.202406281431//db//mcu/
2024-09-12 14:14:36,448 [INFO] ApiDb:274 - Set plugin database path to: /Applications/STM32CubeIDE.app/Contents/Eclipse/plugins/com.st.stm32cube.common.mx_6.12.0.202406281431//db//plugins/boardmanager/
2024-09-12 14:14:36,449 [WARN] ApiDb:259 - Overriding images path with different value:  => /Applications/STM32CubeIDE.app/Contents/Eclipse/plugins/com.st.stm32cube.common.mx_6.12.0.202406281431//db//plugins/mcufinder/images/
2024-09-12 14:14:36,456 [INFO] ApiDb:250 - Set database path to: /Users/kitton/.stmcufinder/plugins/mcufinder//mcu/
2024-09-12 14:14:36,456 [INFO] DbMcusAds:125 - Set database path to: /Users/kitton/.stmcufinder/plugins/mcufinder//mcu/
2024-09-12 14:14:36,458 [INFO] CrossReferenceDbSqlite:203 - Set database path to: /Users/kitton/.stmcufinder/plugins/mcufinder//mcu/cs/
2024-09-12 14:14:36,576 [INFO] RulesReader:64 - Compatibility file has been processed (297 Rules)
2024-09-12 14:14:36,652 [INFO] DbMcusXml:78 - Set database path to: /Applications/STM32CubeIDE.app/Contents/Eclipse/plugins/com.st.stm32cube.common.mx_6.12.0.202406281431//db//mcu/
2024-09-12 14:14:36,653 [INFO] ApiDb:274 - Set plugin database path to: /Applications/STM32CubeIDE.app/Contents/Eclipse/plugins/com.st.stm32cube.common.mx_6.12.0.202406281431//db//plugins/boardmanager/
2024-09-12 14:14:36,653 [INFO] ApiDb:261 - Set plugin images path to: /Applications/STM32CubeIDE.app/Contents/Eclipse/plugins/com.st.stm32cube.common.mx_6.12.0.202406281431//db//plugins/mcufinder/images/
2024-09-12 14:14:36,654 [WARN] DbFile:41 - Overriding database path with different value: /Users/kitton/.stmcufinder/plugins/mcufinder/ => /Users/kitton/.stmcufinder/plugins/mcufinder
2024-09-12 14:14:36,654 [INFO] ApiDb:250 - Set database path to: /Users/kitton/.stmcufinder/plugins/mcufinder//mcu/
2024-09-12 14:14:36,654 [WARN] DbFile:41 - Overriding database path with different value: /Users/kitton/.stmcufinder/plugins/mcufinder/ => /Users/kitton/.stmcufinder/plugins/mcufinder
2024-09-12 14:14:36,654 [INFO] DbMcusAds:125 - Set database path to: /Users/kitton/.stmcufinder/plugins/mcufinder//mcu/
2024-09-12 14:14:36,654 [WARN] DbFile:41 - Overriding database path with different value: /Users/kitton/.stmcufinder/plugins/mcufinder/ => /Users/kitton/.stmcufinder/plugins/mcufinder
2024-09-12 14:14:36,654 [WARN] DbFile:41 - Overriding database path with different value: /Users/kitton/.stmcufinder/plugins/mcufinder/ => /Users/kitton/.stmcufinder/plugins/mcufinder
2024-09-12 14:14:36,655 [INFO] CrossReferenceDbSqlite:203 - Set database path to: /Users/kitton/.stmcufinder/plugins/mcufinder//mcu/cs/
2024-09-12 14:14:36,721 [INFO] MainPanel:268 - HeapMemory: 300941312
2024-09-12 14:14:36,984 [INFO] DbMcusXml:78 - Set database path to: /Applications/STM32CubeIDE.app/Contents/Eclipse/plugins/com.st.stm32cube.common.mx_6.12.0.202406281431//db//mcu/
2024-09-12 14:14:36,984 [INFO] ApiDb:274 - Set plugin database path to: /Applications/STM32CubeIDE.app/Contents/Eclipse/plugins/com.st.stm32cube.common.mx_6.12.0.202406281431//db//plugins/boardmanager/
2024-09-12 14:14:36,985 [INFO] ApiDb:261 - Set plugin images path to: /Applications/STM32CubeIDE.app/Contents/Eclipse/plugins/com.st.stm32cube.common.mx_6.12.0.202406281431//db//plugins/mcufinder/images/
2024-09-12 14:14:36,986 [WARN] DbFile:41 - Overriding database path with different value: /Users/kitton/.stmcufinder/plugins/mcufinder/ => /Users/kitton/.stmcufinder/plugins/mcufinder
2024-09-12 14:14:36,986 [INFO] ApiDb:250 - Set database path to: /Users/kitton/.stmcufinder/plugins/mcufinder//mcu/
2024-09-12 14:14:36,986 [WARN] DbFile:41 - Overriding database path with different value: /Users/kitton/.stmcufinder/plugins/mcufinder/ => /Users/kitton/.stmcufinder/plugins/mcufinder
2024-09-12 14:14:36,986 [INFO] DbMcusAds:125 - Set database path to: /Users/kitton/.stmcufinder/plugins/mcufinder//mcu/
2024-09-12 14:14:36,986 [WARN] DbFile:41 - Overriding database path with different value: /Users/kitton/.stmcufinder/plugins/mcufinder/ => /Users/kitton/.stmcufinder/plugins/mcufinder
2024-09-12 14:14:36,986 [WARN] DbFile:41 - Overriding database path with different value: /Users/kitton/.stmcufinder/plugins/mcufinder/ => /Users/kitton/.stmcufinder/plugins/mcufinder
2024-09-12 14:14:36,986 [INFO] CrossReferenceDbSqlite:203 - Set database path to: /Users/kitton/.stmcufinder/plugins/mcufinder//mcu/cs/
2024-09-12 14:14:37,004 [INFO] ApplicationProperties:184 - Using Application install path: /Applications/STM32CubeIDE.app/Contents/Eclipse/plugins/com.st.stm32cube.common.mx_6.12.0.202406281431
2024-09-12 14:14:37,005 [INFO] PluginManage:196 - Search for loadable plugins [exclusion list=, ]
2024-09-12 14:14:37,007 [INFO] PluginManage:310 - Check plugin analytics
2024-09-12 14:14:37,154 [INFO] AnalyticsPlugin:253 - Accepted Software Licenses: 
2024-09-12 14:14:37,154 [INFO] AnalyticsPlugin:255 - Accepted CMSIS Pack Licenses: 
2024-09-12 14:14:37,154 [INFO] AnalyticsPlugin:257 - Accepted Firmware Licenses: FW.F7.1.17.0
2024-09-12 14:14:37,162 [INFO] PluginManage:359 - Loaded plugin analytics (category:tool,tabindex:-1)
2024-09-12 14:14:37,163 [INFO] PluginManage:310 - Check plugin cadmodel
2024-09-12 14:14:37,172 [INFO] CADModel:105 - Init CAD model plugin
2024-09-12 14:14:37,172 [INFO] PluginManage:359 - Loaded plugin cadmodel (category:power,tabindex:5)
2024-09-12 14:14:37,173 [INFO] PluginManage:310 - Check plugin clock
2024-09-12 14:14:37,181 [INFO] PluginManage:359 - Loaded plugin clock (category:base,tabindex:2)
2024-09-12 14:14:37,182 [INFO] PluginManage:310 - Check plugin ddr
2024-09-12 14:14:37,185 [INFO] PluginManage:359 - Loaded plugin ddr (category:tool,tabindex:6)
2024-09-12 14:14:37,186 [INFO] PluginManage:310 - Check plugin filemanager
2024-09-12 14:14:37,292 [INFO] PluginManage:359 - Loaded plugin filemanager (category:base,tabindex:10)
2024-09-12 14:14:37,292 [INFO] PluginManage:310 - Check plugin ipmanager
2024-09-12 14:14:37,298 [INFO] PluginManage:359 - Loaded plugin ipmanager (category:base,tabindex:5)
2024-09-12 14:14:37,298 [INFO] PluginManage:310 - Check plugin lpbam
2024-09-12 14:14:37,307 [INFO] PluginManage:359 - Loaded plugin lpbam (category:base,tabindex:0)
2024-09-12 14:14:37,307 [INFO] PluginManage:310 - Check plugin memorymap
2024-09-12 14:14:37,313 [INFO] PluginManage:359 - Loaded plugin memorymap (category:base,tabindex:4)
2024-09-12 14:14:37,313 [INFO] PluginManage:310 - Check plugin pinoutandconfiguration
2024-09-12 14:14:37,317 [INFO] PluginManage:359 - Loaded plugin pinoutandconfiguration (category:base,tabindex:1)
2024-09-12 14:14:37,317 [INFO] PluginManage:310 - Check plugin pinoutconfig
2024-09-12 14:14:37,378 [WARN] SupportedApi:132 - Cannot load RTOS API schema: s4s-elt-must-match.1: The content of 'definitions' must match (annotation?, (simpleType | complexType)?, (unique | key | keyref)*)). A problem was found starting at: attribute.
2024-09-12 14:14:37,472 [INFO] PluginManage:359 - Loaded plugin pinoutconfig (category:base,tabindex:0)
2024-09-12 14:14:37,473 [INFO] PluginManage:310 - Check plugin power
2024-09-12 14:14:37,494 [INFO] PluginManage:359 - Loaded plugin power (category:power,tabindex:4)
2024-09-12 14:14:37,494 [INFO] PluginManage:310 - Check plugin projectmanager
2024-09-12 14:14:37,527 [INFO] PluginManage:359 - Loaded plugin projectmanager (category:projectmanager,tabindex:4)
2024-09-12 14:14:37,528 [INFO] PluginManage:310 - Check plugin rif
2024-09-12 14:14:37,534 [INFO] PluginManage:359 - Loaded plugin rif (category:base,tabindex:3)
2024-09-12 14:14:37,535 [INFO] PluginManage:310 - Check plugin thirdparty
2024-09-12 14:14:37,676 [INFO] PluginManage:359 - Loaded plugin thirdparty (category:base,tabindex:-1)
2024-09-12 14:14:37,676 [WARN] IntegrityCheckThread:84 - waiting for thirdparty lock release [integrity check]
2024-09-12 14:14:37,678 [INFO] PluginManage:310 - Check plugin tools
2024-09-12 14:14:37,679 [INFO] IntegrityCheckThread:86 - entering critical section [integrity check]
2024-09-12 14:14:37,680 [INFO] ThirdPartyUpdaterWithRetryManager:70 - Updater plugin not ready yet. [1/15]
2024-09-12 14:14:37,681 [INFO] PluginManage:359 - Loaded plugin tools (category:base,tabindex:7)
2024-09-12 14:14:37,681 [INFO] PluginManage:310 - Check plugin tutovideos
2024-09-12 14:14:37,824 [INFO] PluginManage:359 - Loaded plugin tutovideos (category:base,tabindex:-1)
2024-09-12 14:14:37,825 [INFO] PluginManage:310 - Check plugin updater
2024-09-12 14:14:37,843 [INFO] PluginManage:359 - Loaded plugin updater (category:base,tabindex:12)
2024-09-12 14:14:37,843 [INFO] PluginManage:310 - Check plugin userauth
2024-09-12 14:14:37,846 [INFO] UserAuth:113 - Init User Auth plugin
2024-09-12 14:14:37,847 [INFO] PluginManage:359 - Loaded plugin userauth (category:base,tabindex:14)
2024-09-12 14:14:37,848 [INFO] PluginManage:283 - PluginManage : Loaded plugins [18]
2024-09-12 14:14:38,027 [INFO] PinOutPanel:1561 - setPackage(No Configuration,No Configuration)
2024-09-12 14:14:38,082 [INFO] CADModel:165 - CPN selected for project level
2024-09-12 14:14:38,082 [INFO] CADModel:114 - Register for checkConnection events
2024-09-12 14:14:38,090 [INFO] IPUIPlugin:80 - create IPUIPlugin
2024-09-12 14:14:38,090 [INFO] PluginManager:220 - loadIPPluginJar : add mdma
2024-09-12 14:14:38,093 [INFO] IPUIPlugin:80 - create IPUIPlugin
2024-09-12 14:14:38,093 [INFO] PluginManager:220 - loadIPPluginJar : add freertos
2024-09-12 14:14:38,095 [INFO] IPUIPlugin:80 - create IPUIPlugin
2024-09-12 14:14:38,095 [INFO] PluginManager:220 - loadIPPluginJar : add gic
2024-09-12 14:14:38,099 [INFO] IPUIPlugin:80 - create IPUIPlugin
2024-09-12 14:14:38,099 [INFO] PluginManager:220 - loadIPPluginJar : add adc
2024-09-12 14:14:38,099 [INFO] IPUIPlugin:80 - create IPUIPlugin
2024-09-12 14:14:38,100 [INFO] PluginManager:220 - loadIPPluginJar : add gtzc
2024-09-12 14:14:38,100 [INFO] IPUIPlugin:80 - create IPUIPlugin
2024-09-12 14:14:38,100 [INFO] PluginManager:220 - loadIPPluginJar : add quadspi
2024-09-12 14:14:38,101 [INFO] IPUIPlugin:80 - create IPUIPlugin
2024-09-12 14:14:38,101 [INFO] PluginManager:220 - loadIPPluginJar : add aes
2024-09-12 14:14:38,102 [INFO] IPUIPlugin:80 - create IPUIPlugin
2024-09-12 14:14:38,102 [INFO] PluginManager:220 - loadIPPluginJar : add pdm2pcm
2024-09-12 14:14:38,103 [INFO] IPUIPlugin:80 - create IPUIPlugin
2024-09-12 14:14:38,103 [INFO] PluginManager:220 - loadIPPluginJar : add hash
2024-09-12 14:14:38,103 [INFO] IPUIPlugin:80 - create IPUIPlugin
2024-09-12 14:14:38,103 [INFO] PluginManager:220 - loadIPPluginJar : add tim
2024-09-12 14:14:38,103 [INFO] IPUIPlugin:80 - create IPUIPlugin
2024-09-12 14:14:38,104 [INFO] PluginManager:220 - loadIPPluginJar : add tsc
2024-09-12 14:14:38,105 [INFO] IPUIPlugin:80 - create IPUIPlugin
2024-09-12 14:14:38,105 [INFO] PluginManager:220 - loadIPPluginJar : add extmemmanager
2024-09-12 14:14:38,106 [INFO] IPUIPlugin:80 - create IPUIPlugin
2024-09-12 14:14:38,106 [INFO] PluginManager:220 - loadIPPluginJar : add ts
2024-09-12 14:14:38,106 [INFO] IPUIPlugin:80 - create IPUIPlugin
2024-09-12 14:14:38,106 [INFO] PluginManager:220 - loadIPPluginJar : add radio
2024-09-12 14:14:38,107 [INFO] IPUIPlugin:80 - create IPUIPlugin
2024-09-12 14:14:38,107 [INFO] PluginManager:220 - loadIPPluginJar : add can
2024-09-12 14:14:38,108 [INFO] IPUIPlugin:80 - create IPUIPlugin
2024-09-12 14:14:38,108 [INFO] PluginManager:220 - loadIPPluginJar : add dma3
2024-09-12 14:14:38,109 [INFO] IPUIPlugin:80 - create IPUIPlugin
2024-09-12 14:14:38,109 [INFO] PluginManager:220 - loadIPPluginJar : add dfsdm
2024-09-12 14:14:38,110 [INFO] IPUIPlugin:80 - create IPUIPlugin
2024-09-12 14:14:38,110 [INFO] PluginManager:220 - loadIPPluginJar : add spi
2024-09-12 14:14:38,111 [INFO] IPUIPlugin:80 - create IPUIPlugin
2024-09-12 14:14:38,111 [INFO] PluginManager:220 - loadIPPluginJar : add gfxmmu
2024-09-12 14:14:38,112 [INFO] IPUIPlugin:80 - create IPUIPlugin
2024-09-12 14:14:38,112 [INFO] PluginManager:220 - loadIPPluginJar : add genericplugin
2024-09-12 14:14:38,112 [INFO] IPUIPlugin:80 - create IPUIPlugin
2024-09-12 14:14:38,113 [INFO] PluginManager:220 - loadIPPluginJar : add cryp
2024-09-12 14:14:38,116 [INFO] IPUIPlugin:80 - create IPUIPlugin
2024-09-12 14:14:38,116 [INFO] PluginManager:220 - loadIPPluginJar : add gpio
2024-09-12 14:14:38,118 [INFO] IPUIPlugin:80 - create IPUIPlugin
2024-09-12 14:14:38,118 [INFO] PluginManager:220 - loadIPPluginJar : add ddr_ctrl_phy
2024-09-12 14:14:38,118 [INFO] IPUIPlugin:80 - create IPUIPlugin
2024-09-12 14:14:38,118 [INFO] PluginManager:220 - loadIPPluginJar : add comp
2024-09-12 14:14:38,120 [INFO] IPUIPlugin:80 - create IPUIPlugin
2024-09-12 14:14:38,120 [INFO] PluginManager:220 - loadIPPluginJar : add tracer_emb
2024-09-12 14:14:38,121 [INFO] IPUIPlugin:80 - create IPUIPlugin
2024-09-12 14:14:38,121 [INFO] PluginManager:220 - loadIPPluginJar : add openamp
2024-09-12 14:14:38,123 [INFO] IPUIPlugin:80 - create IPUIPlugin
2024-09-12 14:14:38,123 [INFO] PluginManager:220 - loadIPPluginJar : add stm32_wpan
2024-09-12 14:14:38,125 [INFO] IPUIPlugin:80 - create IPUIPlugin
2024-09-12 14:14:38,127 [INFO] PluginManager:220 - loadIPPluginJar : add plateformsettings
2024-09-12 14:14:38,129 [INFO] IPUIPlugin:80 - create IPUIPlugin
2024-09-12 14:14:38,129 [INFO] PluginManager:220 - loadIPPluginJar : add ipddr
2024-09-12 14:14:38,129 [INFO] IPUIPlugin:80 - create IPUIPlugin
2024-09-12 14:14:38,129 [INFO] PluginManager:220 - loadIPPluginJar : add usart
2024-09-12 14:14:38,130 [INFO] IPUIPlugin:80 - create IPUIPlugin
2024-09-12 14:14:38,130 [INFO] PluginManager:220 - loadIPPluginJar : add ltdc
2024-09-12 14:14:38,131 [INFO] IPUIPlugin:80 - create IPUIPlugin
2024-09-12 14:14:38,131 [INFO] PluginManager:220 - loadIPPluginJar : add nvic
2024-09-12 14:14:38,131 [INFO] IPUIPlugin:80 - create IPUIPlugin
2024-09-12 14:14:38,132 [INFO] PluginManager:220 - loadIPPluginJar : add fatfs
2024-09-12 14:14:38,134 [INFO] IPUIPlugin:80 - create IPUIPlugin
2024-09-12 14:14:38,134 [INFO] PluginManager:220 - loadIPPluginJar : add linkedlist
2024-09-12 14:14:38,136 [INFO] IPUIPlugin:80 - create IPUIPlugin
2024-09-12 14:14:38,136 [INFO] PluginManager:220 - loadIPPluginJar : add dma
2024-09-12 14:14:38,138 [INFO] IPUIPlugin:80 - create IPUIPlugin
2024-09-12 14:14:38,138 [INFO] PluginManager:220 - loadIPPluginJar : add fmc
2024-09-12 14:14:38,138 [INFO] IPUIPlugin:80 - create IPUIPlugin
2024-09-12 14:14:38,138 [INFO] PluginManager:220 - loadIPPluginJar : add i2s
2024-09-12 14:14:38,139 [INFO] IPUIPlugin:80 - create IPUIPlugin
2024-09-12 14:14:38,139 [INFO] PluginManager:220 - loadIPPluginJar : add ucpd
2024-09-12 14:14:38,139 [INFO] IPUIPlugin:80 - create IPUIPlugin
2024-09-12 14:14:38,139 [INFO] PluginManager:220 - loadIPPluginJar : add lorawan
2024-09-12 14:14:38,140 [INFO] IPUIPlugin:80 - create IPUIPlugin
2024-09-12 14:14:38,140 [INFO] PluginManager:220 - loadIPPluginJar : add opamp
2024-09-12 14:14:38,141 [INFO] IPUIPlugin:80 - create IPUIPlugin
2024-09-12 14:14:38,141 [INFO] PluginManager:220 - loadIPPluginJar : add i3c
2024-09-12 14:14:38,142 [INFO] IPUIPlugin:80 - create IPUIPlugin
2024-09-12 14:14:38,142 [INFO] PluginManager:220 - loadIPPluginJar : add touchsensing
2024-09-12 14:14:38,143 [INFO] IPUIPlugin:80 - create IPUIPlugin
2024-09-12 14:14:38,143 [INFO] PluginManager:220 - loadIPPluginJar : add i2c
2024-09-12 14:14:38,144 [INFO] IPUIPlugin:80 - create IPUIPlugin
2024-09-12 14:14:38,144 [INFO] PluginManager:220 - loadIPPluginJar : add resmgrutility
2024-09-12 14:14:38,146 [INFO] IPUIPlugin:80 - create IPUIPlugin
2024-09-12 14:14:38,146 [INFO] PluginManager:220 - loadIPPluginJar : add sai
2024-09-12 14:14:38,147 [INFO] IPUIPlugin:80 - create IPUIPlugin
2024-09-12 14:14:38,147 [INFO] PluginManager:220 - loadIPPluginJar : add usbx
2024-09-12 14:14:38,248 [INFO] CADModel:165 - CPN selected for project level
2024-09-12 14:14:38,248 [INFO] CADModel:114 - Register for checkConnection events
2024-09-12 14:14:38,248 [FATAL] Updater:334 - Updater called before beeing initialized
2024-09-12 14:14:38,248 [ERROR] CADModel:125 - Updater not yet initialized, retry later 
2024-09-12 14:14:38,412 [INFO] CADModel:165 - CPN selected for project level
2024-09-12 14:14:38,412 [INFO] CADModel:114 - Register for checkConnection events
2024-09-12 14:14:38,412 [FATAL] Updater:334 - Updater called before beeing initialized
2024-09-12 14:14:38,412 [ERROR] CADModel:125 - Updater not yet initialized, retry later 
2024-09-12 14:14:38,414 [FATAL] Updater:334 - Updater called before beeing initialized
2024-09-12 14:14:38,526 [FATAL] Updater:334 - Updater called before beeing initialized
2024-09-12 14:14:38,531 [INFO] DbMcusAds:53 - JSON generation date=Thu May 16 16:22:00 ICT 2024 (1715851320667)
2024-09-12 14:14:38,531 [FATAL] Updater:334 - Updater called before beeing initialized
2024-09-12 14:14:38,573 [WARN] DetailPanel:346 - Failed to get advertising image, set to default
2024-09-12 14:14:38,631 [FATAL] Updater:334 - Updater called before beeing initialized
2024-09-12 14:14:38,636 [FATAL] Updater:334 - Updater called before beeing initialized
2024-09-12 14:14:38,636 [FATAL] Updater:334 - Updater called before beeing initialized
2024-09-12 14:14:38,636 [WARN] DetailPanel:346 - Failed to get advertising image, set to default
2024-09-12 14:14:38,637 [FATAL] Updater:334 - Updater called before beeing initialized
2024-09-12 14:14:38,769 [ERROR] Updater:1164 - MainUpdater not yet initialized. External WinMGr cannot be set.
2024-09-12 14:14:38,776 [INFO] Updater:1100 - Updater Version found : 6.12.0
2024-09-12 14:14:38,788 [INFO] ApplicationProperties:184 - Using Application install path: /Applications/STM32CubeIDE.app/Contents/Eclipse/plugins/com.st.stm32cube.common.mx_6.12.0.202406281431
2024-09-12 14:14:39,069 [INFO] MainUpdater:2873 - connection check result : 10
2024-09-12 14:14:39,070 [INFO] MainUpdater:290 - Updater Check For Update Now.
2024-09-12 14:14:39,070 [INFO] MicroXplorer:498 - Change Database Version : DB.6.0.120
2024-09-12 14:14:39,076 [INFO] McuFinderGlobals:63 - Set McuFinder mode to 2 (CubeIDE integrated)
2024-09-12 14:14:39,078 [INFO] UserAuth:417 - Internet connection configuration mode: 1
2024-09-12 14:14:39,086 [INFO] JxBrowserEngine:152 - Initiate JxBrowser Engine with user profile folder
2024-09-12 14:14:39,274 [INFO] CheckServerUpdateThread:120 - End of CheckServer Thread
2024-09-12 14:14:40,825 [WARN] PackLoader:240 - Cannot read IP mode file for STMicroelectronics.FP-SNS-MOTENVWB1.1.4.0
2024-09-12 14:14:40,867 [WARN] PackLoader:240 - Cannot read IP mode file for STMicroelectronics.X-CUBE-SMBUS.2.1.0
2024-09-12 14:14:40,924 [WARN] PackLoader:240 - Cannot read IP mode file for STMicroelectronics.X-CUBE-AZRTOS-F7.1.1.0
2024-09-12 14:14:41,103 [WARN] PackLoader:240 - Cannot read IP mode file for STMicroelectronics.X-CUBE-MEMS1.11.0.0
2024-09-12 14:14:41,274 [WARN] PackLoader:240 - Cannot read IP mode file for STMicroelectronics.FP-SNS-FLIGHT1.5.0.2
2024-09-12 14:14:41,287 [WARN] PackLoader:240 - Cannot read IP mode file for STMicroelectronics.X-CUBE-DISPLAY.3.0.0
2024-09-12 14:14:41,307 [WARN] PackLoader:240 - Cannot read IP mode file for STMicroelectronics.X-CUBE-BLE1.7.0.0
2024-09-12 14:14:41,320 [WARN] PackLoader:240 - Cannot read IP mode file for emotas.I-CUBE-CANOPEN.1.3.0
2024-09-12 14:14:41,341 [WARN] PackLoader:240 - Cannot read IP mode file for STMicroelectronics.X-CUBE-BLEMGR.3.1.0
2024-09-12 14:14:41,347 [WARN] PackLoader:240 - Cannot read IP mode file for STMicroelectronics.FP-SNS-SMARTAG2.1.2.0
2024-09-12 14:14:41,356 [INFO] LogOutputStream:77 - [STDOUT_REDIRECT] 1 : Invalid condition id : UX_CORESTACK_Condition cause : null
2024-09-12 14:14:41,359 [INFO] LogOutputStream:77 - [STDOUT_REDIRECT] 1 : Invalid condition id : UX_CORESTACK_Condition cause : null
2024-09-12 14:14:41,359 [INFO] LogOutputStream:77 - [STDOUT_REDIRECT] 1 : Invalid condition id : UX_CORESTACK_Condition cause : null
2024-09-12 14:14:41,360 [INFO] LogOutputStream:77 - [STDOUT_REDIRECT] 1 : Invalid condition id : UX_CORESTACK_Condition cause : null
2024-09-12 14:14:41,360 [INFO] LogOutputStream:77 - [STDOUT_REDIRECT] 1 : Invalid condition id : UX_CORESTACK_Condition cause : null
2024-09-12 14:14:41,377 [WARN] PackLoader:240 - Cannot read IP mode file for STMicroelectronics.X-CUBE-AZRTOS-WL.2.0.0
2024-09-12 14:14:41,385 [WARN] PackLoader:240 - Cannot read IP mode file for STMicroelectronics.FP-SNS-MOTENV1.5.0.0
2024-09-12 14:14:41,388 [WARN] PackLoader:240 - Cannot read IP mode file for wolfSSL.I-CUBE-wolfMQTT.1.19.0
2024-09-12 14:14:41,393 [WARN] PackLoader:240 - Cannot read IP mode file for WES.I-CUBE-Cesium.1.3.0
2024-09-12 14:14:41,397 [WARN] PackLoader:240 - Cannot read IP mode file for STMicroelectronics.X-CUBE-BLE2.3.3.0
2024-09-12 14:14:41,402 [WARN] PackLoader:240 - Cannot read IP mode file for STMicroelectronics.X-CUBE-TCPP.4.1.0
2024-09-12 14:14:41,420 [WARN] PackLoader:240 - Cannot read IP mode file for STMicroelectronics.X-CUBE-AZRTOS-G0.1.1.0
2024-09-12 14:14:41,433 [WARN] PackLoader:240 - Cannot read IP mode file for STMicroelectronics.X-CUBE-SAFEA1.1.2.2
2024-09-12 14:14:41,438 [WARN] PackLoader:240 - Cannot read IP mode file for STMicroelectronics.X-CUBE-NFC4.3.0.0
2024-09-12 14:14:41,451 [WARN] PackLoader:240 - Cannot read IP mode file for EmbeddedOffice.I-CUBE-FS-RTOS.1.0.1
2024-09-12 14:14:41,452 [ERROR] ConditionMgr:805 - Attr not supported : Dmpu
2024-09-12 14:14:41,453 [ERROR] ConditionMgr:805 - Attr not supported : Dmpu
2024-09-12 14:14:41,453 [ERROR] ConditionMgr:805 - Attr not supported : Dmpu
2024-09-12 14:14:41,453 [ERROR] ConditionMgr:805 - Attr not supported : Dmpu
2024-09-12 14:14:41,454 [ERROR] ConditionMgr:805 - Attr not supported : Dmpu
2024-09-12 14:14:41,454 [ERROR] ConditionMgr:805 - Attr not supported : Dmpu
2024-09-12 14:14:41,454 [ERROR] ConditionMgr:805 - Attr not supported : Dmpu
2024-09-12 14:14:41,454 [ERROR] ConditionMgr:805 - Attr not supported : Dmpu
2024-09-12 14:14:41,454 [ERROR] ConditionMgr:805 - Attr not supported : Dmpu
2024-09-12 14:14:41,454 [ERROR] ConditionMgr:805 - Attr not supported : Dmpu
2024-09-12 14:14:41,454 [ERROR] ConditionMgr:805 - Attr not supported : Dmpu
2024-09-12 14:14:41,454 [ERROR] ConditionMgr:805 - Attr not supported : Dmpu
2024-09-12 14:14:41,454 [ERROR] ConditionMgr:805 - Attr not supported : Dmpu
2024-09-12 14:14:41,454 [ERROR] ConditionMgr:805 - Attr not supported : Dmpu
2024-09-12 14:14:41,454 [ERROR] ConditionMgr:805 - Attr not supported : Dmpu
2024-09-12 14:14:41,454 [ERROR] ConditionMgr:805 - Attr not supported : Dmpu
2024-09-12 14:14:41,454 [ERROR] ConditionMgr:805 - Attr not supported : Dmpu
2024-09-12 14:14:41,454 [ERROR] ConditionMgr:805 - Attr not supported : Dmpu
2024-09-12 14:14:41,454 [ERROR] ConditionMgr:805 - Attr not supported : Dmpu
2024-09-12 14:14:41,454 [ERROR] ConditionMgr:805 - Attr not supported : Dmpu
2024-09-12 14:14:41,454 [ERROR] ConditionMgr:805 - Attr not supported : Dmpu
2024-09-12 14:14:41,454 [ERROR] ConditionMgr:805 - Attr not supported : Dmpu
2024-09-12 14:14:41,454 [ERROR] ConditionMgr:805 - Attr not supported : Dmpu
2024-09-12 14:14:41,454 [ERROR] ConditionMgr:805 - Attr not supported : Dmpu
2024-09-12 14:14:41,455 [ERROR] ConditionMgr:805 - Attr not supported : Dmpu
2024-09-12 14:14:41,455 [ERROR] ConditionMgr:805 - Attr not supported : Dmpu
2024-09-12 14:14:41,455 [ERROR] ConditionMgr:805 - Attr not supported : Dmpu
2024-09-12 14:14:41,455 [ERROR] ConditionMgr:805 - Attr not supported : Dmpu
2024-09-12 14:14:41,455 [ERROR] ConditionMgr:805 - Attr not supported : Dmpu
2024-09-12 14:14:41,455 [ERROR] ConditionMgr:805 - Attr not supported : Dmpu
2024-09-12 14:14:41,455 [ERROR] ConditionMgr:805 - Attr not supported : Dmpu
2024-09-12 14:14:41,455 [ERROR] ConditionMgr:805 - Attr not supported : Dmpu
2024-09-12 14:14:41,455 [ERROR] ConditionMgr:805 - Attr not supported : Dmpu
2024-09-12 14:14:41,455 [ERROR] ConditionMgr:805 - Attr not supported : Dmpu
2024-09-12 14:14:41,456 [ERROR] ConditionMgr:805 - Attr not supported : Dmpu
2024-09-12 14:14:41,456 [ERROR] ConditionMgr:805 - Attr not supported : Dmpu
2024-09-12 14:14:41,458 [ERROR] ConditionMgr:805 - Attr not supported : Dmpu
2024-09-12 14:14:41,459 [ERROR] ConditionMgr:805 - Attr not supported : Dmpu
2024-09-12 14:14:41,464 [ERROR] ConditionMgr:805 - Attr not supported : Dmpu
2024-09-12 14:14:41,464 [ERROR] ConditionMgr:805 - Attr not supported : Dmpu
2024-09-12 14:14:41,465 [ERROR] ConditionMgr:805 - Attr not supported : Dmpu
2024-09-12 14:14:41,465 [ERROR] ConditionMgr:805 - Attr not supported : Dmpu
2024-09-12 14:14:41,465 [ERROR] ConditionMgr:805 - Attr not supported : Dmpu
2024-09-12 14:14:41,465 [ERROR] ConditionMgr:805 - Attr not supported : Dmpu
2024-09-12 14:14:41,465 [ERROR] ConditionMgr:805 - Attr not supported : Dmpu
2024-09-12 14:14:41,465 [ERROR] ConditionMgr:805 - Attr not supported : Dmpu
2024-09-12 14:14:41,465 [ERROR] ConditionMgr:805 - Attr not supported : Dmpu
2024-09-12 14:14:41,465 [ERROR] ConditionMgr:805 - Attr not supported : Dmpu
2024-09-12 14:14:41,465 [ERROR] ConditionMgr:805 - Attr not supported : Dmpu
2024-09-12 14:14:41,465 [ERROR] ConditionMgr:805 - Attr not supported : Dmpu
2024-09-12 14:14:41,465 [ERROR] ConditionMgr:805 - Attr not supported : Dmpu
2024-09-12 14:14:41,465 [ERROR] ConditionMgr:805 - Attr not supported : Dmpu
2024-09-12 14:14:41,465 [ERROR] ConditionMgr:805 - Attr not supported : Dmpu
2024-09-12 14:14:41,465 [ERROR] ConditionMgr:805 - Attr not supported : Dmpu
2024-09-12 14:14:41,465 [ERROR] ConditionMgr:805 - Attr not supported : Dmpu
2024-09-12 14:14:41,465 [ERROR] ConditionMgr:805 - Attr not supported : Dmpu
2024-09-12 14:14:41,465 [ERROR] ConditionMgr:805 - Attr not supported : Dmpu
2024-09-12 14:14:41,465 [ERROR] ConditionMgr:805 - Attr not supported : Dmpu
2024-09-12 14:14:41,466 [ERROR] ConditionMgr:805 - Attr not supported : Dmpu
2024-09-12 14:14:41,466 [ERROR] ConditionMgr:805 - Attr not supported : Dmpu
2024-09-12 14:14:41,466 [ERROR] ConditionMgr:805 - Attr not supported : Dmpu
2024-09-12 14:14:41,466 [ERROR] ConditionMgr:805 - Attr not supported : Dmpu
2024-09-12 14:14:41,466 [ERROR] ConditionMgr:805 - Attr not supported : Dmpu
2024-09-12 14:14:41,466 [ERROR] ConditionMgr:805 - Attr not supported : Dmpu
2024-09-12 14:14:41,471 [WARN] PackLoader:240 - Cannot read IP mode file for RealThread.X-CUBE-RT-Thread_Nano.4.1.1
2024-09-12 14:14:41,478 [WARN] PackLoader:240 - Cannot read IP mode file for STMicroelectronics.FP-ATR-SIGFOX1.3.2.0
2024-09-12 14:14:41,483 [WARN] PackLoader:240 - Cannot read IP mode file for wolfSSL.I-CUBE-wolfSSL.5.7.2
2024-09-12 14:14:41,490 [WARN] PackLoader:240 - Cannot read IP mode file for STMicroelectronics.X-CUBE-EEPRMA1.5.1.0
2024-09-12 14:14:41,499 [WARN] PackLoader:240 - Cannot read IP mode file for ITTIA_DB.I-CUBE-ITTIADB.8.9.0
2024-09-12 14:14:41,561 [WARN] PackLoader:240 - Cannot read IP mode file for SEGGER.I-CUBE-embOS.1.3.1
2024-09-12 14:14:41,618 [WARN] PackLoader:240 - Cannot read IP mode file for STMicroelectronics.X-CUBE-ALGOBUILD.1.4.0
2024-09-12 14:14:41,624 [WARN] PackLoader:240 - Cannot read IP mode file for STMicroelectronics.X-CUBE-GNSS1.6.0.0
2024-09-12 14:14:41,642 [WARN] PackLoader:240 - Cannot read IP mode file for STMicroelectronics.X-CUBE-AZRTOS-F4.1.1.0
2024-09-12 14:14:41,652 [WARN] PackLoader:240 - Cannot read IP mode file for STMicroelectronics.X-CUBE-FREERTOS.1.2.0
2024-09-12 14:14:41,668 [WARN] PackLoader:240 - Cannot read IP mode file for STMicroelectronics.X-CUBE-AZRTOS-L5.2.0.0
2024-09-12 14:14:41,680 [WARN] PackLoader:240 - Cannot read IP mode file for STMicroelectronics.X-CUBE-NFC6.3.1.0
2024-09-12 14:14:41,686 [WARN] PackLoader:240 - Cannot read IP mode file for STMicroelectronics.X-CUBE-AI.9.0.0
2024-09-12 14:14:41,689 [WARN] PackLoader:240 - Cannot read IP mode file for STMicroelectronics.X-CUBE-NFC7.1.0.1
2024-09-12 14:14:41,710 [WARN] ConditionMgr:438 - getConditionDescription Invalid condition id : LAN8742 Phy interface Condition cause : null
2024-09-12 14:14:41,711 [WARN] PackLoader:240 - Cannot read IP mode file for STMicroelectronics.X-CUBE-AZRTOS-L4.2.0.0
2024-09-12 14:14:41,713 [WARN] ConditionMgr:1039 - genDependencies : Invalid condition id : LAN8742 Phy interface Condition cause : null
2024-09-12 14:14:41,714 [WARN] ConditionMgr:1039 - genDependencies : Invalid condition id : LAN8742 Phy interface Condition cause : null
2024-09-12 14:14:41,715 [WARN] ConditionMgr:1039 - genDependencies : Invalid condition id : LAN8742 Phy interface Condition cause : null
2024-09-12 14:14:41,726 [WARN] PackLoader:240 - Cannot read IP mode file for STMicroelectronics.X-CUBE-SFXS2LP1.4.0.0
2024-09-12 14:14:41,749 [WARN] PackLoader:240 - Cannot read IP mode file for STMicroelectronics.X-CUBE-AZRTOS-H7.3.3.0
2024-09-12 14:14:41,768 [WARN] ConditionMgr:438 - getConditionDescription Invalid condition id : UX DEVICE CLASS RTOS Condition cause : null
2024-09-12 14:14:41,768 [WARN] ConditionMgr:438 - getConditionDescription Invalid condition id : UX DEVICE CLASS RTOS Condition cause : null
2024-09-12 14:14:41,772 [WARN] PackLoader:240 - Cannot read IP mode file for STMicroelectronics.X-CUBE-AZRTOS-WB.2.0.0
2024-09-12 14:14:41,773 [WARN] ConditionMgr:1039 - genDependencies : Invalid condition id : UX DEVICE CLASS RTOS Condition cause : null
2024-09-12 14:14:41,773 [WARN] ConditionMgr:1039 - genDependencies : Invalid condition id : UX DEVICE CLASS RTOS Condition cause : null
2024-09-12 14:14:41,773 [WARN] ConditionMgr:1039 - genDependencies : Invalid condition id : UX DEVICE CLASS RTOS Condition cause : null
2024-09-12 14:14:41,774 [WARN] ConditionMgr:1039 - genDependencies : Invalid condition id : UX DEVICE CLASS RTOS Condition cause : null
2024-09-12 14:14:41,774 [WARN] ConditionMgr:1039 - genDependencies : Invalid condition id : UX DEVICE CLASS RTOS Condition cause : null
2024-09-12 14:14:41,780 [WARN] PackLoader:240 - Cannot read IP mode file for STMicroelectronics.X-CUBE-GNSS1.7.0.0
2024-09-12 14:14:41,797 [WARN] PackLoader:240 - Cannot read IP mode file for STMicroelectronics.X-CUBE-SUBG2.5.0.0
2024-09-12 14:14:41,804 [WARN] PackLoader:240 - Cannot read IP mode file for Cesanta.I-CUBE-Mongoose.7.13.0
2024-09-12 14:14:41,818 [WARN] PackLoader:240 - Cannot read IP mode file for STMicroelectronics.X-CUBE-AZRTOS-G4.2.0.0
2024-09-12 14:14:41,827 [WARN] PackLoader:240 - Cannot read IP mode file for STMicroelectronics.X-CUBE-ISPU.2.0.0
2024-09-12 14:14:41,829 [WARN] PackLoader:240 - Cannot read IP mode file for STMicroelectronics.X-CUBE-ALS.1.0.2
2024-09-12 14:14:41,832 [WARN] PackLoader:240 - Cannot read IP mode file for STMicroelectronics.X-CUBE-TOUCHGFX.4.24.0
2024-09-12 14:14:41,834 [WARN] PackLoader:240 - Cannot read IP mode file for wolfSSL.I-CUBE-wolfTPM.3.4.0
2024-09-12 14:14:41,838 [WARN] PackLoader:240 - Cannot read IP mode file for portGmbH.I-Cube-SoM-uGOAL.1.1.0
2024-09-12 14:14:41,857 [WARN] PackLoader:240 - Cannot read IP mode file for STMicroelectronics.X-CUBE-AZRTOS-H7RS.1.0.0
2024-09-12 14:14:41,863 [WARN] PackLoader:240 - Cannot read IP mode file for STMicroelectronics.FP-ATR-ASTRA1.2.0.0
2024-09-12 14:14:41,873 [WARN] PackLoader:240 - Cannot read IP mode file for STMicroelectronics.X-CUBE-TOF1.3.4.2
2024-09-12 14:14:41,905 [WARN] PackLoader:240 - Cannot read IP mode file for Infineon.AIROC-Wi-Fi-Bluetooth-STM32.1.6.1
2024-09-12 14:14:41,912 [WARN] PackLoader:240 - Cannot read IP mode file for wolfSSL.I-CUBE-wolfSSH.1.4.17
2024-09-12 14:14:41,914 [INFO] ThirdParty:978 - Integrity check success = true
2024-09-12 14:14:41,914 [INFO] IntegrityCheckThread:100 - exiting critical section [integrity check]
2024-09-12 14:14:41,914 [INFO] IntegrityCheckThread:103 - End integrity checks thread
2024-09-12 14:14:42,894 [INFO] WebApp:167 - Instantiating new browser for Auth
2024-09-12 14:14:43,897 [INFO] WebApp:448 - Apply proxy settings
2024-09-12 14:14:43,903 [INFO] WebApp:493 - Chromium authenticates against Manually configured proxy
2024-09-12 14:14:43,920 [INFO] WebApp:501 - Username used for proxy authentication: 
2024-09-12 14:14:43,970 [INFO] WebApp:869 - Register for checkConnection events
2024-09-12 14:14:43,971 [INFO] WebApp:448 - Apply proxy settings
2024-09-12 14:14:43,973 [INFO] WebApp:493 - Chromium authenticates against Manually configured proxy
2024-09-12 14:14:43,973 [INFO] WebApp:501 - Username used for proxy authentication: 
2024-09-12 14:14:44,086 [INFO] WebApp:220 - Starting web application
2024-09-12 14:14:44,086 [INFO] WebApp:578 - Web application path used /Applications/STM32CubeIDE.app/Contents/Eclipse/plugins/com.st.stm32cube.common.mx_6.12.0.202406281431/db/plugins/mcufinder/reactClient1/index.html
2024-09-12 14:14:44,512 [INFO] UserAuth:417 - Internet connection configuration mode: 1
2024-09-12 14:14:44,650 [INFO] WebApp:186 - Connection restablished
2024-09-12 14:24:07,314 [INFO] McuFinderGlobals:63 - Set McuFinder mode to 2 (CubeIDE integrated)
2024-09-12 14:24:07,319 [INFO] MainUpdater:2873 - connection check result : 10
2024-09-12 14:24:07,320 [INFO] MainUpdater:2873 - connection check result : 10
2024-09-12 14:24:07,819 [INFO] RulesReader:64 - Compatibility file has been processed (297 Rules)
2024-09-12 14:24:07,826 [INFO] RulesReader:64 - Compatibility file has been processed (297 Rules)
2024-09-12 14:24:07,831 [INFO] MicroXplorer:468 - Change Database Path : 
2024-09-12 14:24:07,831 [INFO] MicroXplorer:498 - Change Database Version : DB.6.0.120
2024-09-12 14:24:07,836 [WARN] ThirdParty:871 - waiting for thirdparty lock release [close project]
2024-09-12 14:24:07,836 [INFO] ThirdParty:873 - entering critical section [close project]
2024-09-12 14:24:07,840 [INFO] ThirdParty:883 - exiting critical section [close project]
2024-09-12 14:24:07,843 [INFO] PinOutPanel:1561 - setPackage(No Configuration,No Configuration)
2024-09-12 14:24:07,849 [INFO] UtilMem:75 - Begin LoadConfig() Used Memory: 620832936 Bytes (1000341504)
2024-09-12 14:24:07,850 [INFO] MicroXplorer:468 - Change Database Path : 
2024-09-12 14:24:07,850 [INFO] MicroXplorer:498 - Change Database Version : DB.6.0.120
2024-09-12 14:24:07,850 [INFO] OpenFileManager:332 - Change cursor
2024-09-12 14:24:07,886 [INFO] Mcu:2032 - Initializing MCU STM32F767ZITx STM32F767ZITx STM32F767ZIT6
2024-09-12 14:24:10,056 [INFO] Context:742 - Trying to add GPIOservice into a context  which must be forbidden
2024-09-12 14:24:11,130 [INFO] RtosManager:555 - Registered RTOS mode: class=CMSIS, group=RTOS, mode=CMSIS_V1, owner=FREERTOS
2024-09-12 14:24:11,132 [INFO] RtosManager:555 - Registered RTOS mode: class=CMSIS, group=RTOS2, mode=CMSIS_V2, owner=FREERTOS
2024-09-12 14:24:11,132 [INFO] RtosManager:555 - Registered RTOS mode: class=RTOS, group=Core, mode=CMSIS_V1, owner=FREERTOS
2024-09-12 14:24:11,132 [INFO] RtosManager:555 - Registered RTOS mode: class=RTOS, group=Core, mode=CMSIS_V2, owner=FREERTOS
2024-09-12 14:24:11,132 [WARN] ModelIntegratedComponent:184 - Missing modes for component STMicroelectronics:FreeRTOS:0.0.1:STMicroelectronics:RTOS:FreeRTOS:Core:::10.2.0:
2024-09-12 14:24:11,147 [WARN] ModelIntegratedComponent:63 - No mode defined for component null
2024-09-12 14:24:11,147 [WARN] ModelIntegratedComponent:63 - No mode defined for component null
2024-09-12 14:24:11,147 [WARN] ModelIntegratedComponent:63 - No mode defined for component null
2024-09-12 14:24:11,148 [WARN] ModelIntegratedComponent:63 - No mode defined for component null
2024-09-12 14:24:11,148 [WARN] ModelIntegratedComponent:63 - No mode defined for component null
2024-09-12 14:24:11,148 [WARN] ModelIntegratedComponent:63 - No mode defined for component null
2024-09-12 14:24:11,148 [WARN] ModelIntegratedComponent:63 - No mode defined for component null
2024-09-12 14:24:11,148 [WARN] ModelIntegratedComponent:63 - No mode defined for component null
2024-09-12 14:24:11,148 [WARN] ModelIntegratedComponent:63 - No mode defined for component null
2024-09-12 14:24:11,148 [WARN] ModelIntegratedComponent:63 - No mode defined for component null
2024-09-12 14:24:11,148 [WARN] ModelIntegratedComponent:63 - No mode defined for component null
2024-09-12 14:24:11,148 [WARN] ModelIntegratedComponent:63 - No mode defined for component null
2024-09-12 14:24:11,148 [WARN] ModelIntegratedComponent:63 - No mode defined for component null
2024-09-12 14:24:11,148 [WARN] ModelIntegratedComponent:63 - No mode defined for component null
2024-09-12 14:24:11,148 [WARN] ModelIntegratedComponent:63 - No mode defined for component null
2024-09-12 14:24:11,148 [WARN] ModelIntegratedComponent:63 - No mode defined for component null
2024-09-12 14:24:11,148 [WARN] ModelIntegratedComponent:63 - No mode defined for component null
2024-09-12 14:24:11,148 [WARN] ModelIntegratedComponent:63 - No mode defined for component null
2024-09-12 14:24:11,148 [WARN] ModelIntegratedComponent:63 - No mode defined for component null
2024-09-12 14:24:11,148 [WARN] ModelIntegratedComponent:63 - No mode defined for component null
2024-09-12 14:24:11,148 [WARN] ModelIntegratedComponent:63 - No mode defined for component null
2024-09-12 14:24:11,148 [WARN] ModelIntegratedComponent:63 - No mode defined for component null
2024-09-12 14:24:11,148 [WARN] ModelIntegratedComponent:63 - No mode defined for component null
2024-09-12 14:24:11,148 [WARN] ModelIntegratedComponent:63 - No mode defined for component null
2024-09-12 14:24:11,148 [WARN] ModelIntegratedComponent:63 - No mode defined for component null
2024-09-12 14:24:11,149 [WARN] ModelIntegratedComponent:63 - No mode defined for component null
2024-09-12 14:24:11,149 [WARN] ModelIntegratedComponent:63 - No mode defined for component null
2024-09-12 14:24:11,149 [WARN] ModelIntegratedComponent:63 - No mode defined for component null
2024-09-12 14:24:11,149 [WARN] ModelIntegratedComponent:63 - No mode defined for component null
2024-09-12 14:24:11,149 [WARN] ModelIntegratedComponent:63 - No mode defined for component null
2024-09-12 14:24:11,149 [WARN] ModelIntegratedComponent:63 - No mode defined for component null
2024-09-12 14:24:11,149 [WARN] ModelIntegratedComponent:63 - No mode defined for component null
2024-09-12 14:24:11,149 [WARN] ModelIntegratedComponent:63 - No mode defined for component null
2024-09-12 14:24:11,149 [WARN] ModelIntegratedComponent:63 - No mode defined for component null
2024-09-12 14:24:11,149 [WARN] ModelIntegratedComponent:63 - No mode defined for component null
2024-09-12 14:24:11,149 [WARN] ModelPack:524 - Component already loaded: STMicroelectronics:HAL Drivers:0.0.0:STMicroelectronics:Device:STMicro_Driver:XSPI:HAL::0.0.1:HAL_XSPI
2024-09-12 14:24:11,177 [INFO] ThirdPartyModel:298 - Start build external matchings
2024-09-12 14:24:11,380 [INFO] ThirdPartyModel:316 - End build external matchings
2024-09-12 14:24:12,345 [INFO] ApiDb:581 - Connected to CubeFinder SQLite database (/Users/kitton/.stmcufinder/plugins/mcufinder/mcu/cube-finder-db.db)
2024-09-12 14:24:12,383 [INFO] ApiDb:668 - CubeFinder database Data Model version=2.1
2024-09-12 14:24:12,383 [INFO] ApiDb:669 - CubeFinder database Configuration version=3.0.39
2024-09-12 14:24:12,385 [INFO] ApiDb:670 - CubeFinder database generation date=2024-08-06 (1722941618)
2024-09-12 14:24:12,385 [INFO] ApiDb:671 - CubeFinder database FW Pack versions=[FP-ATR-ASTRA1_V2.0.0, FP-SNS-FLIGHT1_V5.0.2, FP-SNS-MOTENV1_V5.0.0, FP-SNS-MOTENVWB1_V1.4.0, FP-SNS-SMARTAG2_V1.2.0, FP-SNS-STBOX1_V2.0.0, STM32Cube_FW_C0_V1.2.0, STM32Cube_FW_F4_V1.28.0, STM32Cube_FW_F7_V1.17.2, STM32Cube_FW_G0_V1.6.2, STM32Cube_FW_G4_V1.6.0, STM32Cube_FW_H5_V1.3.0, STM32Cube_FW_H7RS_V1.1.0, STM32Cube_FW_H7_V1.11.2, STM32Cube_FW_L0_V1.12.2, STM32Cube_FW_L5_V1.5.1, STM32Cube_FW_U0_V1.1.0, STM32Cube_FW_U5_V1.6.0, STM32Cube_FW_WB0_V1.0.0, STM32Cube_FW_WBA_V1.4.1, STM32Cube_FW_WB_V1.20.0, STM32Cube_FW_WL_V1.3.0, X-CUBE-ALGOBUILD_V1.4.0, X-CUBE-ALS_V1.0.2, X-CUBE-AZRTOS-F4_V1.1.0, X-CUBE-AZRTOS-F7_V1.1.0, X-CUBE-AZRTOS-G0_V1.1.0, X-CUBE-AZRTOS-G4_V2.0.0, X-CUBE-AZRTOS-H7RS_V1.0.0, X-CUBE-AZRTOS-H7_V3.2.0, X-CUBE-AZRTOS-L4_V2.0.0, X-CUBE-AZRTOS-L5_V1.1.0, X-CUBE-AZRTOS-WB_V2.0.0, X-CUBE-AZRTOS-WL_V2.0.0, X-CUBE-BLE1_V7.0.0, X-CUBE-BLE2_V3.3.0, X-CUBE-BLEMGR_V3.1.0, X-CUBE-EEPRMA1_V5.1.0, X-CUBE-FREERTOS_V1.2.0, X-CUBE-GNSS1_V6.0.0, X-CUBE-MEMS1_V10.0.0, X-CUBE-NFC4_V3.0.0, X-CUBE-NFC7_V1.0.1, X-CUBE-SFXS2LP1_V4.0.0, X-CUBE-SUBG2_V5.0.0, X-CUBE-TOF1_V3.4.2]
2024-09-12 14:24:12,458 [INFO] DbBoardsSqlite:226 - include board P-NUCLEO-WB55-NUCLEO as a kit item of type 'Nucleo-64'
2024-09-12 14:24:12,459 [INFO] DbBoardsSqlite:226 - include board P-NUCLEO-WB55-USBDONGLE as a kit item of type 'Nucleo USB Dongle'
2024-09-12 14:24:12,460 [INFO] DbBoardsSqlite:226 - include board STEVAL-IDP005V1 as a kit item of type 'Evaluation Board'
2024-09-12 14:24:12,460 [INFO] DbBoardsSqlite:226 - include board STEVAL-IDP005V2 as a kit item of type 'Evaluation Board'
2024-09-12 14:24:12,542 [INFO] ApiDb:240 - Found 646 in-development CPN: [B-G473E-ZEST1S, B-WB1M-WPAN1, B-WL5M-SUBG1, NUCLEO-C031C6, NUCLEO-C071RB, NUCLEO-H503RB, NUCLEO-H533RE, NUCLEO-H563ZI, NUCLEO-H7S3L8, NUCLEO-U031R8, NUCLEO-U083RC, NUCLEO-U545RE-Q, NUCLEO-U5A5ZJ-Q, NUCLEO-WB05KZ, NUCLEO-WB07CC, NUCLEO-WB09KE, NUCLEO-WBA52CG, NUCLEO-WBA55CG, STEVAL-PROTEUS1, STEVAL-SMARTAG2, STEVAL-STWINBX1, STM320518-EVAL, STM32C0116-DK, STM32C011D6Y3TR, STM32C011D6Y6TR, STM32C011F4P3, STM32C011F4P6, STM32C011F4U3, STM32C011F4U6TR, STM32C011F6P3, STM32C011F6P6, STM32C011F6U3, STM32C011F6U6TR, STM32C011J4M3, STM32C011J4M6, STM32C011J6M3, STM32C011J6M6, STM32C0316-DK, STM32C031C4T3, STM32C031C4T6, STM32C031C4U3, STM32C031C4U6, STM32C031C6T3, STM32C031C6T6, STM32C031C6U3, STM32C031C6U6, STM32C031F4P3, STM32C031F4P6, STM32C031F6P3, STM32C031F6P6, STM32C031G4U3, STM32C031G4U6, STM32C031G6U3, STM32C031G6U6, STM32C031K4T3, STM32C031K4T6, STM32C031K4U3, STM32C031K4U6, STM32C031K6T3, STM32C031K6T6, STM32C031K6U3, STM32C031K6U6, STM32C071C8T6, STM32C071C8T6N, STM32C071C8U6, STM32C071C8U6N, STM32C071CBT6, STM32C071CBT6N, STM32C071CBU6, STM32C071CBU6N, STM32C071F8P6, STM32C071F8P6N, STM32C071FBP6, STM32C071FBP6N, STM32C071FBY6TR, STM32C071G8U6, STM32C071G8U6N, STM32C071GBU6, STM32C071GBU6N, STM32C071K8T6, STM32C071K8T6N, STM32C071K8U6, STM32C071K8U6N, STM32C071KBT6, STM32C071KBT6N, STM32C071KBU6, STM32C071KBU6N, STM32C071R8T6, STM32C071R8T6N, STM32C071RBI6N, STM32C071RBT6, STM32C071RBT6N, STM32G071K8TXN, STM32G071K8UXN, STM32G081GBU6N, STM32G081KBT6N, STM32G081KBUXN, STM32G0B1CCT6N, STM32G0B1KCT6, STM32G0B1NEY6TR, STM32G0B1RCT6N, STM32G0C1CCT6, STM32G0C1CCT6N, STM32G0C1CCU6N, STM32G0C1CET6N, STM32G0C1CEU6N, STM32G0C1KCT6, STM32G0C1NEY6TR, STM32G0C1RCI6N, STM32G0C1RCT6N, STM32G0C1REI6N, STM32G0C1RET6N, STM32G0C1VCI6, STM32G0C1VEI6, STM32G411C6T3, STM32G411C6T6, STM32G411C6U3, STM32G411C6U6, STM32G411C8T3, STM32G411C8T6, STM32G411C8U3, STM32G411C8U6, STM32G411CBT3, STM32G411CBT6, STM32G411CBU3, STM32G411CBU6, STM32G411K6T3, STM32G411K6T6, STM32G411K6U3, STM32G411K6U6, STM32G411K8T3, STM32G411K8T6, STM32G411K8U3, STM32G411K8U6, STM32G411KBT3, STM32G411KBT6, STM32G411KBU3, STM32G411KBU6, STM32G411M6T3, STM32G411M6T6, STM32G411M8T3, STM32G411M8T6, STM32G411MBT3, STM32G411MBT6, STM32G411R6T3, STM32G411R6T6, STM32G411R8T3, STM32G411R8T6, STM32G411RBT3, STM32G411RBT6, STM32G414CBT3, STM32G414CBT6, STM32G414CBU3, STM32G414CBU6, STM32G414CCT3, STM32G414CCT6, STM32G414CCU3, STM32G414CCU6, STM32G414MBT3, STM32G414MBT6, STM32G414MCT3, STM32G414MCT6, STM32G414RBT3, STM32G414RBT6, STM32G414RCT3, STM32G414RCT6, STM32G414VBT3, STM32G414VBT6, STM32G414VCT3, STM32G414VCT6, STM32G431CBT3Z, STM32G431RBT3Z, STM32G471CCT6, STM32G471CCU6, STM32G471CET3, STM32G471CET6, STM32G471CEU3, STM32G471CEU6, STM32G471MCT6, STM32G471MET3, STM32G471MET6, STM32G471MEY6TR, STM32G471QCT6, STM32G471QET3, STM32G471RCT6, STM32G471RET3, STM32G471RET6, STM32G471VCH6, STM32G471VCI6, STM32G471VCT6, STM32G471VEH3, STM32G471VEH6, STM32G471VEI3, STM32G471VEI6, STM32G471VET3, STM32G471VET6, STM32G473QET3Z, STM32G473RET3Z, STM32G474CCT6, STM32G491RET3Z, STM32H503CBT6, STM32H503CBU6, STM32H503EBY6TR, STM32H503KBU6, STM32H503RBT6, STM32H523CCT6, STM32H523CCU6, STM32H523CET6, STM32H523CEU6, STM32H523HEY6TR, STM32H523RCT6, STM32H523RET6, STM32H523VCI6, STM32H523VCT6, STM32H523VEI6, STM32H523VET6, STM32H523ZCJ6, STM32H523ZCT6, STM32H523ZEJ6, STM32H523ZET6, STM32H533CET6, STM32H533CEU6, STM32H533HEY6TR, STM32H533RET6, STM32H533VEI6, STM32H533VET6, STM32H533ZEJ6, STM32H533ZET6, STM32H562AGI6, STM32H562AII6, STM32H562IGK6, STM32H562IGT6, STM32H562IIK6, STM32H562IIT6, STM32H562RGT6, STM32H562RGV6, STM32H562RIT6, STM32H562RIV6, STM32H562VGT6, STM32H562VIT6, STM32H562ZGT6, STM32H562ZIT6, STM32H563AGI6, STM32H563AII3Q, STM32H563AII6, STM32H563IGK6, STM32H563IGT6, STM32H563IIK3Q, STM32H563IIK6, STM32H563IIT3Q, STM32H563IIT6, STM32H563MIY3QTR, STM32H563RGT6, STM32H563RGV6, STM32H563RIT6, STM32H563RIV6, STM32H563VGT6, STM32H563VIT3Q, STM32H563VIT6, STM32H563ZGT6, STM32H563ZIT3Q, STM32H563ZIT6, STM32H573AII3Q, STM32H573AII6, STM32H573I-DK, STM32H573IIK3Q, STM32H573IIK6, STM32H573IIT3Q, STM32H573IIT6, STM32H573MIY3QTR, STM32H573RIT6, STM32H573RIV6, STM32H573VIT3Q, STM32H573VIT6, STM32H573ZIT3Q, STM32H573ZIT6, STM32H7R3A8I6, STM32H7R3I8K6, STM32H7R3I8T6, STM32H7R3L8H6, STM32H7R3L8H6H, STM32H7R3R8V6, STM32H7R3V8H6, STM32H7R3V8T6, STM32H7R3V8Y6TR, STM32H7R3Z8J6, STM32H7R3Z8T6, STM32H7R7A8I6, STM32H7R7I8K6, STM32H7R7I8T6, STM32H7R7L8H6, STM32H7R7L8H6H, STM32H7R7Z8J6, STM32H7S3A8I6, STM32H7S3I8K6, STM32H7S3I8T6, STM32H7S3L8H6, STM32H7S3L8H6H, STM32H7S3R8V6, STM32H7S3V8H6, STM32H7S3V8T6, STM32H7S3V8Y6TR, STM32H7S3Z8J6, STM32H7S3Z8T6, STM32H7S78-DK, STM32H7S7A8I6, STM32H7S7I8K6, STM32H7S7I8T6, STM32H7S7L8H6, STM32H7S7L8H6H, STM32H7S7Z8J6, STM32L4R5QGI6STR, STM32MP131AAE3, STM32MP131AAF3, STM32MP131AAG3, STM32MP131CAE3, STM32MP131CAF3, STM32MP131CAG3, STM32MP131DAE7, STM32MP131DAF7, STM32MP131DAG7, STM32MP131FAE7, STM32MP131FAF7, STM32MP131FAG7, STM32MP133AAE3, STM32MP133AAF3, STM32MP133AAG3, STM32MP133CAE3, STM32MP133CAF3, STM32MP133CAG3, STM32MP133DAE7, STM32MP133DAF7, STM32MP133DAG7, STM32MP133FAE7, STM32MP133FAF7, STM32MP133FAG7, STM32MP135AAE3, STM32MP135AAF3, STM32MP135AAG3, STM32MP135CAE3, STM32MP135CAF3, STM32MP135CAG3, STM32MP135DAE7, STM32MP135DAF7, STM32MP135DAG7, STM32MP135F-DK, STM32MP135FAE7, STM32MP135FAF7, STM32MP135FAF7T, STM32MP135FAF7U, STM32MP135FAG7, STM32MP251AAI3, STM32MP251AAK3, STM32MP251AAL3, STM32MP251CAI3, STM32MP251CAK3, STM32MP251CAL3, STM32MP251DAI3, STM32MP251DAK3, STM32MP251DAL3, STM32MP251FAI3, STM32MP251FAK3, STM32MP251FAL3, STM32MP253AAI3, STM32MP253AAK3, STM32MP253AAL3, STM32MP253CAI3, STM32MP253CAK3, STM32MP253CAL3, STM32MP253DAI3, STM32MP253DAK3, STM32MP253DAL3, STM32MP253FAI3, STM32MP253FAK3, STM32MP253FAL3, STM32MP255AAI3, STM32MP255AAK3, STM32MP255AAL3, STM32MP255CAI3, STM32MP255CAK3, STM32MP255CAL3, STM32MP255DAI3, STM32MP255DAK3, STM32MP255DAL3, STM32MP255FAI3, STM32MP255FAK3, STM32MP255FAL3, STM32MP257AAI3, STM32MP257AAK3, STM32MP257AAL3, STM32MP257CAI3, STM32MP257CAK3, STM32MP257CAL3, STM32MP257DAI3, STM32MP257DAK3, STM32MP257DAL3, STM32MP257F-DK, STM32MP257F-EV1, STM32MP257FAI3, STM32MP257FAK3, STM32MP257FAL3, STM32U031C6T6, STM32U031C6U6, STM32U031C8T6, STM32U031C8U6, STM32U031F4P6, STM32U031F6P6, STM32U031F8P6, STM32U031G6Y6TR, STM32U031G8Y6TR, STM32U031K4U6, STM32U031K6U6, STM32U031K8U6, STM32U031R6I6, STM32U031R6T6, STM32U031R8I6, STM32U031R8T6, STM32U073C8T6, STM32U073C8U6, STM32U073CBT6, STM32U073CBU6, STM32U073CCT6, STM32U073CCU6, STM32U073H8Y6TR, STM32U073HBY6TR, STM32U073HCY6TR, STM32U073K8U6, STM32U073KBU6, STM32U073KCU6, STM32U073M8I6, STM32U073M8T6, STM32U073MBI6, STM32U073MBT6, STM32U073MCI6, STM32U073MCT6, STM32U073R8I6, STM32U073R8T6, STM32U073RBI6, STM32U073RBT6, STM32U073RCI6, STM32U073RCT6, STM32U083C-DK, STM32U083CCT6, STM32U083CCU6, STM32U083HCY6TR, STM32U083KCU6, STM32U083MCI6, STM32U083MCT6, STM32U083RCI6, STM32U083RCT6, STM32U535CBT6, STM32U535CBT6Q, STM32U535CBU6, STM32U535CBU6Q, STM32U535CCT6, STM32U535CCT6Q, STM32U535CCU6, STM32U535CCU6Q, STM32U535CET6, STM32U535CET6Q, STM32U535CEU6, STM32U535CEU6Q, STM32U535JEY6QTR, STM32U535NCY6QTR, STM32U535NEY6QTR, STM32U535RBI6, STM32U535RBI6Q, STM32U535RBT6, STM32U535RBT6Q, STM32U535RCI6, STM32U535RCI6Q, STM32U535RCT6, STM32U535RCT6Q, STM32U535REI6, STM32U535REI6Q, STM32U535RET6, STM32U535RET6Q, STM32U535VCI6, STM32U535VCI6Q, STM32U535VCT6, STM32U535VCT6Q, STM32U535VEI6, STM32U535VEI6Q, STM32U535VET6, STM32U535VET6Q, STM32U545CET6, STM32U545CET6Q, STM32U545CEU6, STM32U545CEU6Q, STM32U545JEY6QTR, STM32U545NEY6QTR, STM32U545REI6, STM32U545REI6Q, STM32U545RET6, STM32U545RET6Q, STM32U545VEI6, STM32U545VEI6Q, STM32U545VET6, STM32U545VET6Q, STM32U595AIH6, STM32U595AIH6Q, STM32U595AJH6, STM32U595AJH6Q, STM32U595QII6, STM32U595QII6Q, STM32U595QJI6, STM32U595QJI6Q, STM32U595RIT6, STM32U595RIT6Q, STM32U595RJT6, STM32U595RJT6Q, STM32U595VIT6, STM32U595VIT6Q, STM32U595VJT6, STM32U595VJT6Q, STM32U595ZIT6, STM32U595ZIT6Q, STM32U595ZIY6QTR, STM32U595ZJT6, STM32U595ZJT6Q, STM32U595ZJY6QTR, STM32U599BJY6QTR, STM32U599NIH6Q, STM32U599NJH6Q, STM32U599VIT6Q, STM32U599VJT6, STM32U599VJT6Q, STM32U599ZIT6Q, STM32U599ZIY6QTR, STM32U599ZJT6Q, STM32U599ZJY6QTR, STM32U5A5AJH6, STM32U5A5AJH6Q, STM32U5A5QII3Q , STM32U5A5QJI6, STM32U5A5QJI6Q, STM32U5A5RJT6, STM32U5A5RJT6Q, STM32U5A5VJT6, STM32U5A5VJT6Q, STM32U5A5ZJT6, STM32U5A5ZJT6Q, STM32U5A5ZJY6QTR, STM32U5A9BJY6QTR, STM32U5A9J-DK, STM32U5A9NJH6Q, STM32U5A9VJT6Q, STM32U5A9ZJT6Q, STM32U5A9ZJY6QTR, STM32U5F7VIT6, STM32U5F7VIT6Q, STM32U5F7VJT6, STM32U5F7VJT6Q, STM32U5F9BJY6QTR, STM32U5F9NJH6Q, STM32U5F9VIT6Q, STM32U5F9VJT6Q, STM32U5F9ZIJ6QTR, STM32U5F9ZIT6Q, STM32U5F9ZJJ6QTR, STM32U5F9ZJT6Q, STM32U5G7VJT6, STM32U5G7VJT6Q, STM32U5G9BJY6QTR, STM32U5G9J-DK1, STM32U5G9J-DK2, STM32U5G9NJH6Q, STM32U5G9VJT6Q, STM32U5G9ZJJ6QTR, STM32U5G9ZJT6Q, STM32WB05KZV6TR, STM32WB05KZV7TR, STM32WB05TZF6TR, STM32WB05TZF7TR, STM32WB06CCF6TR, STM32WB06CCF7TR, STM32WB06CCV6TR, STM32WB06CCV7TR, STM32WB06KCV6TR, STM32WB06KCV7TR, STM32WB07CCF6TR, STM32WB07CCF7TR, STM32WB07CCV6TR, STM32WB07CCV7TR, STM32WB07KCV6TR, STM32WB07KCV7TR, STM32WB09KEV6TR, STM32WB09KEV7TR, STM32WB09TEF6TR, STM32WB09TEF7TR, STM32WB1MMCH6, STM32WBA50KGU6, STM32WBA50KGU6TR, STM32WBA52CEU6, STM32WBA52CEU6TR, STM32WBA52CEU7, STM32WBA52CEU7TR, STM32WBA52CGU6, STM32WBA52CGU6TR, STM32WBA52CGU6U, STM32WBA52CGU7, STM32WBA52CGU7TR, STM32WBA52KEU6, STM32WBA52KEU6TR, STM32WBA52KGU6, STM32WBA52KGU6TR, STM32WBA54CEU6, STM32WBA54CEU6TR, STM32WBA54CEU7, STM32WBA54CEU7TR, STM32WBA54CGU6, STM32WBA54CGU6TR, STM32WBA54CGU7, STM32WBA54CGU7TR, STM32WBA54KEU6, STM32WBA54KEU6TR, STM32WBA54KEU7, STM32WBA54KEU7TR, STM32WBA54KGU6, STM32WBA54KGU6TR, STM32WBA54KGU7, STM32WBA54KGU7TR, STM32WBA55CEU6, STM32WBA55CEU6TR, STM32WBA55CEU7, STM32WBA55CEU7TR, STM32WBA55CGU6, STM32WBA55CGU6TR, STM32WBA55CGU6U, STM32WBA55CGU7, STM32WBA55CGU7TR, STM32WBA55G-DK1, STM32WBA55HEF6, STM32WBA55HEF7, STM32WBA55HGF6, STM32WBA55HGF7, STM32WBA55UEI6, STM32WBA55UEI6TR, STM32WBA55UEI7, STM32WBA55UEI7TR, STM32WBA55UGI6, STM32WBA55UGI6TR, STM32WBA55UGI7, STM32WBA55UGI7TR, STM32WL5MOCH6, STM32WL5MOCH6TR]
2024-09-12 14:24:12,629 [INFO] BoardInfo:889 - No configuration file found for board P-NUCLEO-WB55
2024-09-12 14:24:12,630 [INFO] DbBoards:161 - Kit is not supported: P-NUCLEO-WB55
2024-09-12 14:24:12,634 [INFO] BoardInfo:889 - No configuration file found for board STEVAL-BFA001V1B
2024-09-12 14:24:12,634 [INFO] DbBoards:161 - Kit is not supported: STEVAL-BFA001V1B
2024-09-12 14:24:12,634 [INFO] BoardInfo:889 - No configuration file found for board STEVAL-BFA001V2B
2024-09-12 14:24:12,635 [INFO] DbBoards:161 - Kit is not supported: STEVAL-BFA001V2B
2024-09-12 14:24:12,719 [INFO] DbBoards:168 - Found 201 boards, 198 are supported
2024-09-12 14:24:12,719 [INFO] DbBoards:169 - Found 201 boards, 25 of them is supported for  Bsp
2024-09-12 14:24:12,722 [INFO] ApiDb:668 - CubeFinder database Data Model version=2.1
2024-09-12 14:24:12,722 [INFO] ApiDb:669 - CubeFinder database Configuration version=3.0.39
2024-09-12 14:24:12,722 [INFO] ApiDb:670 - CubeFinder database generation date=2024-08-06 (1722941618)
2024-09-12 14:24:12,722 [INFO] ApiDb:671 - CubeFinder database FW Pack versions=[FP-ATR-ASTRA1_V2.0.0, FP-SNS-FLIGHT1_V5.0.2, FP-SNS-MOTENV1_V5.0.0, FP-SNS-MOTENVWB1_V1.4.0, FP-SNS-SMARTAG2_V1.2.0, FP-SNS-STBOX1_V2.0.0, STM32Cube_FW_C0_V1.2.0, STM32Cube_FW_F4_V1.28.0, STM32Cube_FW_F7_V1.17.2, STM32Cube_FW_G0_V1.6.2, STM32Cube_FW_G4_V1.6.0, STM32Cube_FW_H5_V1.3.0, STM32Cube_FW_H7RS_V1.1.0, STM32Cube_FW_H7_V1.11.2, STM32Cube_FW_L0_V1.12.2, STM32Cube_FW_L5_V1.5.1, STM32Cube_FW_U0_V1.1.0, STM32Cube_FW_U5_V1.6.0, STM32Cube_FW_WB0_V1.0.0, STM32Cube_FW_WBA_V1.4.1, STM32Cube_FW_WB_V1.20.0, STM32Cube_FW_WL_V1.3.0, X-CUBE-ALGOBUILD_V1.4.0, X-CUBE-ALS_V1.0.2, X-CUBE-AZRTOS-F4_V1.1.0, X-CUBE-AZRTOS-F7_V1.1.0, X-CUBE-AZRTOS-G0_V1.1.0, X-CUBE-AZRTOS-G4_V2.0.0, X-CUBE-AZRTOS-H7RS_V1.0.0, X-CUBE-AZRTOS-H7_V3.2.0, X-CUBE-AZRTOS-L4_V2.0.0, X-CUBE-AZRTOS-L5_V1.1.0, X-CUBE-AZRTOS-WB_V2.0.0, X-CUBE-AZRTOS-WL_V2.0.0, X-CUBE-BLE1_V7.0.0, X-CUBE-BLE2_V3.3.0, X-CUBE-BLEMGR_V3.1.0, X-CUBE-EEPRMA1_V5.1.0, X-CUBE-FREERTOS_V1.2.0, X-CUBE-GNSS1_V6.0.0, X-CUBE-MEMS1_V10.0.0, X-CUBE-NFC4_V3.0.0, X-CUBE-NFC7_V1.0.1, X-CUBE-SFXS2LP1_V4.0.0, X-CUBE-SUBG2_V5.0.0, X-CUBE-TOF1_V3.4.2]
2024-09-12 14:24:13,808 [INFO] ApiDb:240 - Found 646 in-development CPN: [B-G473E-ZEST1S, B-WB1M-WPAN1, B-WL5M-SUBG1, NUCLEO-C031C6, NUCLEO-C071RB, NUCLEO-H503RB, NUCLEO-H533RE, NUCLEO-H563ZI, NUCLEO-H7S3L8, NUCLEO-U031R8, NUCLEO-U083RC, NUCLEO-U545RE-Q, NUCLEO-U5A5ZJ-Q, NUCLEO-WB05KZ, NUCLEO-WB07CC, NUCLEO-WB09KE, NUCLEO-WBA52CG, NUCLEO-WBA55CG, STEVAL-PROTEUS1, STEVAL-SMARTAG2, STEVAL-STWINBX1, STM320518-EVAL, STM32C0116-DK, STM32C011D6Y3TR, STM32C011D6Y6TR, STM32C011F4P3, STM32C011F4P6, STM32C011F4U3, STM32C011F4U6TR, STM32C011F6P3, STM32C011F6P6, STM32C011F6U3, STM32C011F6U6TR, STM32C011J4M3, STM32C011J4M6, STM32C011J6M3, STM32C011J6M6, STM32C0316-DK, STM32C031C4T3, STM32C031C4T6, STM32C031C4U3, STM32C031C4U6, STM32C031C6T3, STM32C031C6T6, STM32C031C6U3, STM32C031C6U6, STM32C031F4P3, STM32C031F4P6, STM32C031F6P3, STM32C031F6P6, STM32C031G4U3, STM32C031G4U6, STM32C031G6U3, STM32C031G6U6, STM32C031K4T3, STM32C031K4T6, STM32C031K4U3, STM32C031K4U6, STM32C031K6T3, STM32C031K6T6, STM32C031K6U3, STM32C031K6U6, STM32C071C8T6, STM32C071C8T6N, STM32C071C8U6, STM32C071C8U6N, STM32C071CBT6, STM32C071CBT6N, STM32C071CBU6, STM32C071CBU6N, STM32C071F8P6, STM32C071F8P6N, STM32C071FBP6, STM32C071FBP6N, STM32C071FBY6TR, STM32C071G8U6, STM32C071G8U6N, STM32C071GBU6, STM32C071GBU6N, STM32C071K8T6, STM32C071K8T6N, STM32C071K8U6, STM32C071K8U6N, STM32C071KBT6, STM32C071KBT6N, STM32C071KBU6, STM32C071KBU6N, STM32C071R8T6, STM32C071R8T6N, STM32C071RBI6N, STM32C071RBT6, STM32C071RBT6N, STM32G071K8TXN, STM32G071K8UXN, STM32G081GBU6N, STM32G081KBT6N, STM32G081KBUXN, STM32G0B1CCT6N, STM32G0B1KCT6, STM32G0B1NEY6TR, STM32G0B1RCT6N, STM32G0C1CCT6, STM32G0C1CCT6N, STM32G0C1CCU6N, STM32G0C1CET6N, STM32G0C1CEU6N, STM32G0C1KCT6, STM32G0C1NEY6TR, STM32G0C1RCI6N, STM32G0C1RCT6N, STM32G0C1REI6N, STM32G0C1RET6N, STM32G0C1VCI6, STM32G0C1VEI6, STM32G411C6T3, STM32G411C6T6, STM32G411C6U3, STM32G411C6U6, STM32G411C8T3, STM32G411C8T6, STM32G411C8U3, STM32G411C8U6, STM32G411CBT3, STM32G411CBT6, STM32G411CBU3, STM32G411CBU6, STM32G411K6T3, STM32G411K6T6, STM32G411K6U3, STM32G411K6U6, STM32G411K8T3, STM32G411K8T6, STM32G411K8U3, STM32G411K8U6, STM32G411KBT3, STM32G411KBT6, STM32G411KBU3, STM32G411KBU6, STM32G411M6T3, STM32G411M6T6, STM32G411M8T3, STM32G411M8T6, STM32G411MBT3, STM32G411MBT6, STM32G411R6T3, STM32G411R6T6, STM32G411R8T3, STM32G411R8T6, STM32G411RBT3, STM32G411RBT6, STM32G414CBT3, STM32G414CBT6, STM32G414CBU3, STM32G414CBU6, STM32G414CCT3, STM32G414CCT6, STM32G414CCU3, STM32G414CCU6, STM32G414MBT3, STM32G414MBT6, STM32G414MCT3, STM32G414MCT6, STM32G414RBT3, STM32G414RBT6, STM32G414RCT3, STM32G414RCT6, STM32G414VBT3, STM32G414VBT6, STM32G414VCT3, STM32G414VCT6, STM32G431CBT3Z, STM32G431RBT3Z, STM32G471CCT6, STM32G471CCU6, STM32G471CET3, STM32G471CET6, STM32G471CEU3, STM32G471CEU6, STM32G471MCT6, STM32G471MET3, STM32G471MET6, STM32G471MEY6TR, STM32G471QCT6, STM32G471QET3, STM32G471RCT6, STM32G471RET3, STM32G471RET6, STM32G471VCH6, STM32G471VCI6, STM32G471VCT6, STM32G471VEH3, STM32G471VEH6, STM32G471VEI3, STM32G471VEI6, STM32G471VET3, STM32G471VET6, STM32G473QET3Z, STM32G473RET3Z, STM32G474CCT6, STM32G491RET3Z, STM32H503CBT6, STM32H503CBU6, STM32H503EBY6TR, STM32H503KBU6, STM32H503RBT6, STM32H523CCT6, STM32H523CCU6, STM32H523CET6, STM32H523CEU6, STM32H523HEY6TR, STM32H523RCT6, STM32H523RET6, STM32H523VCI6, STM32H523VCT6, STM32H523VEI6, STM32H523VET6, STM32H523ZCJ6, STM32H523ZCT6, STM32H523ZEJ6, STM32H523ZET6, STM32H533CET6, STM32H533CEU6, STM32H533HEY6TR, STM32H533RET6, STM32H533VEI6, STM32H533VET6, STM32H533ZEJ6, STM32H533ZET6, STM32H562AGI6, STM32H562AII6, STM32H562IGK6, STM32H562IGT6, STM32H562IIK6, STM32H562IIT6, STM32H562RGT6, STM32H562RGV6, STM32H562RIT6, STM32H562RIV6, STM32H562VGT6, STM32H562VIT6, STM32H562ZGT6, STM32H562ZIT6, STM32H563AGI6, STM32H563AII3Q, STM32H563AII6, STM32H563IGK6, STM32H563IGT6, STM32H563IIK3Q, STM32H563IIK6, STM32H563IIT3Q, STM32H563IIT6, STM32H563MIY3QTR, STM32H563RGT6, STM32H563RGV6, STM32H563RIT6, STM32H563RIV6, STM32H563VGT6, STM32H563VIT3Q, STM32H563VIT6, STM32H563ZGT6, STM32H563ZIT3Q, STM32H563ZIT6, STM32H573AII3Q, STM32H573AII6, STM32H573I-DK, STM32H573IIK3Q, STM32H573IIK6, STM32H573IIT3Q, STM32H573IIT6, STM32H573MIY3QTR, STM32H573RIT6, STM32H573RIV6, STM32H573VIT3Q, STM32H573VIT6, STM32H573ZIT3Q, STM32H573ZIT6, STM32H7R3A8I6, STM32H7R3I8K6, STM32H7R3I8T6, STM32H7R3L8H6, STM32H7R3L8H6H, STM32H7R3R8V6, STM32H7R3V8H6, STM32H7R3V8T6, STM32H7R3V8Y6TR, STM32H7R3Z8J6, STM32H7R3Z8T6, STM32H7R7A8I6, STM32H7R7I8K6, STM32H7R7I8T6, STM32H7R7L8H6, STM32H7R7L8H6H, STM32H7R7Z8J6, STM32H7S3A8I6, STM32H7S3I8K6, STM32H7S3I8T6, STM32H7S3L8H6, STM32H7S3L8H6H, STM32H7S3R8V6, STM32H7S3V8H6, STM32H7S3V8T6, STM32H7S3V8Y6TR, STM32H7S3Z8J6, STM32H7S3Z8T6, STM32H7S78-DK, STM32H7S7A8I6, STM32H7S7I8K6, STM32H7S7I8T6, STM32H7S7L8H6, STM32H7S7L8H6H, STM32H7S7Z8J6, STM32L4R5QGI6STR, STM32MP131AAE3, STM32MP131AAF3, STM32MP131AAG3, STM32MP131CAE3, STM32MP131CAF3, STM32MP131CAG3, STM32MP131DAE7, STM32MP131DAF7, STM32MP131DAG7, STM32MP131FAE7, STM32MP131FAF7, STM32MP131FAG7, STM32MP133AAE3, STM32MP133AAF3, STM32MP133AAG3, STM32MP133CAE3, STM32MP133CAF3, STM32MP133CAG3, STM32MP133DAE7, STM32MP133DAF7, STM32MP133DAG7, STM32MP133FAE7, STM32MP133FAF7, STM32MP133FAG7, STM32MP135AAE3, STM32MP135AAF3, STM32MP135AAG3, STM32MP135CAE3, STM32MP135CAF3, STM32MP135CAG3, STM32MP135DAE7, STM32MP135DAF7, STM32MP135DAG7, STM32MP135F-DK, STM32MP135FAE7, STM32MP135FAF7, STM32MP135FAF7T, STM32MP135FAF7U, STM32MP135FAG7, STM32MP251AAI3, STM32MP251AAK3, STM32MP251AAL3, STM32MP251CAI3, STM32MP251CAK3, STM32MP251CAL3, STM32MP251DAI3, STM32MP251DAK3, STM32MP251DAL3, STM32MP251FAI3, STM32MP251FAK3, STM32MP251FAL3, STM32MP253AAI3, STM32MP253AAK3, STM32MP253AAL3, STM32MP253CAI3, STM32MP253CAK3, STM32MP253CAL3, STM32MP253DAI3, STM32MP253DAK3, STM32MP253DAL3, STM32MP253FAI3, STM32MP253FAK3, STM32MP253FAL3, STM32MP255AAI3, STM32MP255AAK3, STM32MP255AAL3, STM32MP255CAI3, STM32MP255CAK3, STM32MP255CAL3, STM32MP255DAI3, STM32MP255DAK3, STM32MP255DAL3, STM32MP255FAI3, STM32MP255FAK3, STM32MP255FAL3, STM32MP257AAI3, STM32MP257AAK3, STM32MP257AAL3, STM32MP257CAI3, STM32MP257CAK3, STM32MP257CAL3, STM32MP257DAI3, STM32MP257DAK3, STM32MP257DAL3, STM32MP257F-DK, STM32MP257F-EV1, STM32MP257FAI3, STM32MP257FAK3, STM32MP257FAL3, STM32U031C6T6, STM32U031C6U6, STM32U031C8T6, STM32U031C8U6, STM32U031F4P6, STM32U031F6P6, STM32U031F8P6, STM32U031G6Y6TR, STM32U031G8Y6TR, STM32U031K4U6, STM32U031K6U6, STM32U031K8U6, STM32U031R6I6, STM32U031R6T6, STM32U031R8I6, STM32U031R8T6, STM32U073C8T6, STM32U073C8U6, STM32U073CBT6, STM32U073CBU6, STM32U073CCT6, STM32U073CCU6, STM32U073H8Y6TR, STM32U073HBY6TR, STM32U073HCY6TR, STM32U073K8U6, STM32U073KBU6, STM32U073KCU6, STM32U073M8I6, STM32U073M8T6, STM32U073MBI6, STM32U073MBT6, STM32U073MCI6, STM32U073MCT6, STM32U073R8I6, STM32U073R8T6, STM32U073RBI6, STM32U073RBT6, STM32U073RCI6, STM32U073RCT6, STM32U083C-DK, STM32U083CCT6, STM32U083CCU6, STM32U083HCY6TR, STM32U083KCU6, STM32U083MCI6, STM32U083MCT6, STM32U083RCI6, STM32U083RCT6, STM32U535CBT6, STM32U535CBT6Q, STM32U535CBU6, STM32U535CBU6Q, STM32U535CCT6, STM32U535CCT6Q, STM32U535CCU6, STM32U535CCU6Q, STM32U535CET6, STM32U535CET6Q, STM32U535CEU6, STM32U535CEU6Q, STM32U535JEY6QTR, STM32U535NCY6QTR, STM32U535NEY6QTR, STM32U535RBI6, STM32U535RBI6Q, STM32U535RBT6, STM32U535RBT6Q, STM32U535RCI6, STM32U535RCI6Q, STM32U535RCT6, STM32U535RCT6Q, STM32U535REI6, STM32U535REI6Q, STM32U535RET6, STM32U535RET6Q, STM32U535VCI6, STM32U535VCI6Q, STM32U535VCT6, STM32U535VCT6Q, STM32U535VEI6, STM32U535VEI6Q, STM32U535VET6, STM32U535VET6Q, STM32U545CET6, STM32U545CET6Q, STM32U545CEU6, STM32U545CEU6Q, STM32U545JEY6QTR, STM32U545NEY6QTR, STM32U545REI6, STM32U545REI6Q, STM32U545RET6, STM32U545RET6Q, STM32U545VEI6, STM32U545VEI6Q, STM32U545VET6, STM32U545VET6Q, STM32U595AIH6, STM32U595AIH6Q, STM32U595AJH6, STM32U595AJH6Q, STM32U595QII6, STM32U595QII6Q, STM32U595QJI6, STM32U595QJI6Q, STM32U595RIT6, STM32U595RIT6Q, STM32U595RJT6, STM32U595RJT6Q, STM32U595VIT6, STM32U595VIT6Q, STM32U595VJT6, STM32U595VJT6Q, STM32U595ZIT6, STM32U595ZIT6Q, STM32U595ZIY6QTR, STM32U595ZJT6, STM32U595ZJT6Q, STM32U595ZJY6QTR, STM32U599BJY6QTR, STM32U599NIH6Q, STM32U599NJH6Q, STM32U599VIT6Q, STM32U599VJT6, STM32U599VJT6Q, STM32U599ZIT6Q, STM32U599ZIY6QTR, STM32U599ZJT6Q, STM32U599ZJY6QTR, STM32U5A5AJH6, STM32U5A5AJH6Q, STM32U5A5QII3Q , STM32U5A5QJI6, STM32U5A5QJI6Q, STM32U5A5RJT6, STM32U5A5RJT6Q, STM32U5A5VJT6, STM32U5A5VJT6Q, STM32U5A5ZJT6, STM32U5A5ZJT6Q, STM32U5A5ZJY6QTR, STM32U5A9BJY6QTR, STM32U5A9J-DK, STM32U5A9NJH6Q, STM32U5A9VJT6Q, STM32U5A9ZJT6Q, STM32U5A9ZJY6QTR, STM32U5F7VIT6, STM32U5F7VIT6Q, STM32U5F7VJT6, STM32U5F7VJT6Q, STM32U5F9BJY6QTR, STM32U5F9NJH6Q, STM32U5F9VIT6Q, STM32U5F9VJT6Q, STM32U5F9ZIJ6QTR, STM32U5F9ZIT6Q, STM32U5F9ZJJ6QTR, STM32U5F9ZJT6Q, STM32U5G7VJT6, STM32U5G7VJT6Q, STM32U5G9BJY6QTR, STM32U5G9J-DK1, STM32U5G9J-DK2, STM32U5G9NJH6Q, STM32U5G9VJT6Q, STM32U5G9ZJJ6QTR, STM32U5G9ZJT6Q, STM32WB05KZV6TR, STM32WB05KZV7TR, STM32WB05TZF6TR, STM32WB05TZF7TR, STM32WB06CCF6TR, STM32WB06CCF7TR, STM32WB06CCV6TR, STM32WB06CCV7TR, STM32WB06KCV6TR, STM32WB06KCV7TR, STM32WB07CCF6TR, STM32WB07CCF7TR, STM32WB07CCV6TR, STM32WB07CCV7TR, STM32WB07KCV6TR, STM32WB07KCV7TR, STM32WB09KEV6TR, STM32WB09KEV7TR, STM32WB09TEF6TR, STM32WB09TEF7TR, STM32WB1MMCH6, STM32WBA50KGU6, STM32WBA50KGU6TR, STM32WBA52CEU6, STM32WBA52CEU6TR, STM32WBA52CEU7, STM32WBA52CEU7TR, STM32WBA52CGU6, STM32WBA52CGU6TR, STM32WBA52CGU6U, STM32WBA52CGU7, STM32WBA52CGU7TR, STM32WBA52KEU6, STM32WBA52KEU6TR, STM32WBA52KGU6, STM32WBA52KGU6TR, STM32WBA54CEU6, STM32WBA54CEU6TR, STM32WBA54CEU7, STM32WBA54CEU7TR, STM32WBA54CGU6, STM32WBA54CGU6TR, STM32WBA54CGU7, STM32WBA54CGU7TR, STM32WBA54KEU6, STM32WBA54KEU6TR, STM32WBA54KEU7, STM32WBA54KEU7TR, STM32WBA54KGU6, STM32WBA54KGU6TR, STM32WBA54KGU7, STM32WBA54KGU7TR, STM32WBA55CEU6, STM32WBA55CEU6TR, STM32WBA55CEU7, STM32WBA55CEU7TR, STM32WBA55CGU6, STM32WBA55CGU6TR, STM32WBA55CGU6U, STM32WBA55CGU7, STM32WBA55CGU7TR, STM32WBA55G-DK1, STM32WBA55HEF6, STM32WBA55HEF7, STM32WBA55HGF6, STM32WBA55HGF7, STM32WBA55UEI6, STM32WBA55UEI6TR, STM32WBA55UEI7, STM32WBA55UEI7TR, STM32WBA55UGI6, STM32WBA55UGI6TR, STM32WBA55UGI7, STM32WBA55UGI7TR, STM32WL5MOCH6, STM32WL5MOCH6TR]
2024-09-12 14:24:13,817 [INFO] DbMcus:218 - Found 4251 MCUs, 4251 are supported
2024-09-12 14:24:13,819 [INFO] ApiDb:423 - Load user favorites file /Users/kitton/.stm32cubeide/favorites.mcus.txt: 1 item(s)
2024-09-12 14:24:13,819 [INFO] ApiDb:427 - User favorites MCUs=[STM32F767ZIT6]
2024-09-12 14:24:13,819 [INFO] DbMcus:224 - Set 1 / 1 favorites MCUs
2024-09-12 14:24:14,044 [INFO] ApiDb:414 - User favorites file not found: /Users/kitton/.stm32cubeide/favorites.boards.txt
2024-09-12 14:24:14,049 [INFO] DbBoards:198 - Set 0 / 0 favorites Boards
2024-09-12 14:24:14,176 [INFO] UtilMem:75 - End LoadConfig() Used Memory: 854346568 Bytes (1073741824)
2024-09-12 14:24:14,275 [WARN] ThirdParty:833 - waiting for thirdparty lock release [change project]
2024-09-12 14:24:14,277 [INFO] ThirdParty:835 - entering critical section [change project]
2024-09-12 14:24:14,277 [INFO] ThirdParty:1030 - CMSIS Pack Vendor :STMicroelectronics USBPD 4.1
2024-09-12 14:24:14,278 [INFO] ThirdParty:1030 - CMSIS Pack Vendor :STMicroelectronics X-CUBE-AZRTOS-H7 3.3.0
2024-09-12 14:24:14,278 [INFO] ThirdParty:1030 - CMSIS Pack Vendor :STMicroelectronics X-CUBE-GNSS1 6.0.0
2024-09-12 14:24:14,278 [INFO] ThirdParty:1030 - CMSIS Pack Vendor :STMicroelectronics USB_HOST 2.0.0
2024-09-12 14:24:14,278 [INFO] ThirdParty:1030 - CMSIS Pack Vendor :STMicroelectronics FP-SNS-MOTENVWB1 1.4.0
2024-09-12 14:24:14,278 [INFO] ThirdParty:1030 - CMSIS Pack Vendor :STMicroelectronics X-CUBE-AZRTOS-F4 1.1.0
2024-09-12 14:24:14,278 [INFO] ThirdParty:1030 - CMSIS Pack Vendor :STMicroelectronics LIBJPEG 8.0.0
2024-09-12 14:24:14,278 [INFO] ThirdParty:1030 - CMSIS Pack Vendor :STMicroelectronics X-CUBE-SMBUS 2.1.0
2024-09-12 14:24:14,278 [INFO] ThirdParty:1030 - CMSIS Pack Vendor :STMicroelectronics USB_DEVICE 3.0.0
2024-09-12 14:24:14,278 [INFO] ThirdParty:1030 - CMSIS Pack Vendor :STMicroelectronics X-CUBE-TCPP 4.1.0
2024-09-12 14:24:14,278 [INFO] ThirdParty:1030 - CMSIS Pack Vendor :STMicroelectronics X-CUBE-FREERTOS 1.2.0
2024-09-12 14:24:14,278 [INFO] ThirdParty:1030 - CMSIS Pack Vendor :STMicroelectronics X-CUBE-AZRTOS-WB 2.0.0
2024-09-12 14:24:14,278 [INFO] ThirdParty:1030 - CMSIS Pack Vendor :STMicroelectronics X-CUBE-GNSS1 7.0.0
2024-09-12 14:24:14,278 [INFO] ThirdParty:1030 - CMSIS Pack Vendor :STMicroelectronics X-CUBE-AZRTOS-F7 1.1.0
2024-09-12 14:24:14,278 [INFO] ThirdParty:1030 - CMSIS Pack Vendor :STMicroelectronics X-CUBE-AZRTOS-L5 2.0.0
2024-09-12 14:24:14,278 [INFO] ThirdParty:1030 - CMSIS Pack Vendor :STMicroelectronics USB_DEVICE 2.0.0
2024-09-12 14:24:14,278 [INFO] ThirdParty:1030 - CMSIS Pack Vendor :STMicroelectronics X-CUBE-NFC6 3.1.0
2024-09-12 14:24:14,278 [INFO] ThirdParty:1030 - CMSIS Pack Vendor :STMicroelectronics X-CUBE-MEMS1 11.0.0
2024-09-12 14:24:14,278 [INFO] ThirdParty:1030 - CMSIS Pack Vendor :STMicroelectronics FreeRTOS 0.0.1
2024-09-12 14:24:14,278 [INFO] ThirdParty:1030 - CMSIS Pack Vendor :STMicroelectronics X-CUBE-AZRTOS-G0 1.1.0
2024-09-12 14:24:14,278 [INFO] ThirdParty:1030 - CMSIS Pack Vendor :STMicroelectronics X-CUBE-SAFEA1 1.2.2
2024-09-12 14:24:14,278 [INFO] ThirdParty:1030 - CMSIS Pack Vendor :STMicroelectronics X-CUBE-NFC4 3.0.0
2024-09-12 14:24:14,278 [INFO] ThirdParty:1030 - CMSIS Pack Vendor :STMicroelectronics X-CUBE-SUBG2 5.0.0
2024-09-12 14:24:14,278 [INFO] ThirdParty:1030 - CMSIS Pack Vendor :STMicroelectronics STM32_WPAN 1.0.0
2024-09-12 14:24:14,278 [INFO] ThirdParty:1030 - CMSIS Pack Vendor :EmbeddedOffice I-CUBE-FS-RTOS 1.0.1
2024-09-12 14:24:14,278 [INFO] ThirdParty:1030 - CMSIS Pack Vendor :STMicroelectronics lwIP 2.0.3
2024-09-12 14:24:14,278 [INFO] ThirdParty:1030 - CMSIS Pack Vendor :STMicroelectronics FP-SNS-FLIGHT1 5.0.2
2024-09-12 14:24:14,278 [INFO] ThirdParty:1030 - CMSIS Pack Vendor :Cesanta I-CUBE-Mongoose 7.13.0
2024-09-12 14:24:14,278 [INFO] ThirdParty:1030 - CMSIS Pack Vendor :STMicroelectronics USB_HOST 1.0.0
2024-09-12 14:24:14,278 [INFO] ThirdParty:1030 - CMSIS Pack Vendor :STMicroelectronics X-CUBE-AI 9.0.0
2024-09-12 14:24:14,278 [INFO] ThirdParty:1030 - CMSIS Pack Vendor :STMicroelectronics X-CUBE-AZRTOS-G4 2.0.0
2024-09-12 14:24:14,278 [INFO] ThirdParty:1030 - CMSIS Pack Vendor :STMicroelectronics PDM2PCM 3.1.0
2024-09-12 14:24:14,278 [INFO] ThirdParty:1030 - CMSIS Pack Vendor :STMicroelectronics PDM2PCM 3.3.0
2024-09-12 14:24:14,278 [INFO] ThirdParty:1030 - CMSIS Pack Vendor :STMicroelectronics X-CUBE-DISPLAY 3.0.0
2024-09-12 14:24:14,278 [INFO] ThirdParty:1030 - CMSIS Pack Vendor :RealThread X-CUBE-RT-Thread_Nano 4.1.1
2024-09-12 14:24:14,278 [INFO] ThirdParty:1030 - CMSIS Pack Vendor :STMicroelectronics X-CUBE-BLE1 7.0.0
2024-09-12 14:24:14,278 [INFO] ThirdParty:1030 - CMSIS Pack Vendor :STMicroelectronics FP-ATR-SIGFOX1 3.2.0
2024-09-12 14:24:14,278 [INFO] ThirdParty:1030 - CMSIS Pack Vendor :wolfSSL I-CUBE-wolfSSL 5.7.2
2024-09-12 14:24:14,278 [INFO] ThirdParty:1030 - CMSIS Pack Vendor :STMicroelectronics X-CUBE-ISPU 2.0.0
2024-09-12 14:24:14,278 [INFO] ThirdParty:1030 - CMSIS Pack Vendor :STMicroelectronics X-CUBE-EEPRMA1 5.1.0
2024-09-12 14:24:14,278 [INFO] ThirdParty:1030 - CMSIS Pack Vendor :STMicroelectronics HAL Drivers 0.0.0
2024-09-12 14:24:14,278 [INFO] ThirdParty:1030 - CMSIS Pack Vendor :STMicroelectronics MBEDTLS 2.16.2
2024-09-12 14:24:14,278 [INFO] ThirdParty:1030 - CMSIS Pack Vendor :STMicroelectronics X-CUBE-ALS 1.0.2
2024-09-12 14:24:14,278 [INFO] ThirdParty:1030 - CMSIS Pack Vendor :emotas I-CUBE-CANOPEN 1.3.0
2024-09-12 14:24:14,278 [INFO] ThirdParty:1030 - CMSIS Pack Vendor :STMicroelectronics X-CUBE-NFC7 1.0.1
2024-09-12 14:24:14,278 [INFO] ThirdParty:1030 - CMSIS Pack Vendor :STMicroelectronics MBEDTLS 2.14.1
2024-09-12 14:24:14,278 [INFO] ThirdParty:1030 - CMSIS Pack Vendor :STMicroelectronics X-CUBE-TOUCHGFX 4.24.0
2024-09-12 14:24:14,279 [INFO] ThirdParty:1030 - CMSIS Pack Vendor :ITTIA_DB I-CUBE-ITTIADB 8.9.0
2024-09-12 14:24:14,279 [INFO] ThirdParty:1030 - CMSIS Pack Vendor :wolfSSL I-CUBE-wolfTPM 3.4.0
2024-09-12 14:24:14,279 [INFO] ThirdParty:1030 - CMSIS Pack Vendor :portGmbH I-Cube-SoM-uGOAL 1.1.0
2024-09-12 14:24:14,279 [INFO] ThirdParty:1030 - CMSIS Pack Vendor :STMicroelectronics X-CUBE-BLEMGR 3.1.0
2024-09-12 14:24:14,279 [INFO] ThirdParty:1030 - CMSIS Pack Vendor :STMicroelectronics ThreadX 1.0.0
2024-09-12 14:24:14,279 [INFO] ThirdParty:1030 - CMSIS Pack Vendor :STMicroelectronics FP-SNS-SMARTAG2 1.2.0
2024-09-12 14:24:14,279 [INFO] ThirdParty:1030 - CMSIS Pack Vendor :STMicroelectronics X-CUBE-AZRTOS-WL 2.0.0
2024-09-12 14:24:14,279 [INFO] ThirdParty:1030 - CMSIS Pack Vendor :SEGGER I-CUBE-embOS 1.3.1
2024-09-12 14:24:14,279 [INFO] ThirdParty:1030 - CMSIS Pack Vendor :STMicroelectronics X-CUBE-ALGOBUILD 1.4.0
2024-09-12 14:24:14,279 [INFO] ThirdParty:1030 - CMSIS Pack Vendor :STMicroelectronics FP-SNS-MOTENV1 5.0.0
2024-09-12 14:24:14,279 [INFO] ThirdParty:1030 - CMSIS Pack Vendor :STMicroelectronics USB_DEVICE 1.0.0
2024-09-12 14:24:14,279 [INFO] ThirdParty:1030 - CMSIS Pack Vendor :STMicroelectronics X-CUBE-AZRTOS-H7RS 1.0.0
2024-09-12 14:24:14,279 [INFO] ThirdParty:1030 - CMSIS Pack Vendor :wolfSSL I-CUBE-wolfMQTT 1.19.0
2024-09-12 14:24:14,279 [INFO] ThirdParty:1030 - CMSIS Pack Vendor :STMicroelectronics X-CUBE-AZRTOS-L4 2.0.0
2024-09-12 14:24:14,279 [INFO] ThirdParty:1030 - CMSIS Pack Vendor :STMicroelectronics ThreadX 0.0.2
2024-09-12 14:24:14,279 [INFO] ThirdParty:1030 - CMSIS Pack Vendor :WES I-CUBE-Cesium 1.3.0
2024-09-12 14:24:14,279 [INFO] ThirdParty:1030 - CMSIS Pack Vendor :STMicroelectronics FP-ATR-ASTRA1 2.0.0
2024-09-12 14:24:14,279 [INFO] ThirdParty:1030 - CMSIS Pack Vendor :STMicroelectronics lwIP 2.1.2
2024-09-12 14:24:14,279 [INFO] ThirdParty:1030 - CMSIS Pack Vendor :STMicroelectronics X-CUBE-SFXS2LP1 4.0.0
2024-09-12 14:24:14,279 [INFO] ThirdParty:1030 - CMSIS Pack Vendor :STMicroelectronics X-CUBE-BLE2 3.3.0
2024-09-12 14:24:14,279 [INFO] ThirdParty:1030 - CMSIS Pack Vendor :STMicroelectronics X-CUBE-TOF1 3.4.2
2024-09-12 14:24:14,279 [INFO] ThirdParty:1030 - CMSIS Pack Vendor :Infineon AIROC-Wi-Fi-Bluetooth-STM32 1.6.1
2024-09-12 14:24:14,279 [INFO] ThirdParty:1030 - CMSIS Pack Vendor :STMicroelectronics PDM2PCM 3.2.0
2024-09-12 14:24:14,279 [INFO] ThirdParty:1030 - CMSIS Pack Vendor :wolfSSL I-CUBE-wolfSSH 1.4.17
2024-09-12 14:24:14,282 [INFO] ThirdParty:841 - exiting critical section [change project]
2024-09-12 14:24:15,159 [INFO] PinOutPanel:1561 - setPackage(No Configuration,No Configuration)
2024-09-12 14:24:15,163 [INFO] PinOutPanel:1561 - setPackage(STM32F767ZITx,LQFP144)
2024-09-12 14:24:16,037 [INFO] UtilMem:75 - Before build in PCC Used Memory: 713245808 Bytes (1073741824)
2024-09-12 14:24:17,310 [INFO] UtilMem:75 - After build in PCC Used Memory: 642931944 Bytes (1073741824)
2024-09-12 14:24:17,417 [INFO] IPUIPlugin:80 - create IPUIPlugin
2024-09-12 14:24:17,423 [INFO] IPUIPlugin:80 - create IPUIPlugin
2024-09-12 14:24:17,424 [INFO] IPUIPlugin:80 - create IPUIPlugin
2024-09-12 14:24:17,426 [INFO] IPUIPlugin:80 - create IPUIPlugin
2024-09-12 14:24:17,427 [INFO] IPUIPlugin:80 - create IPUIPlugin
2024-09-12 14:24:17,429 [INFO] IPUIPlugin:80 - create IPUIPlugin
2024-09-12 14:24:17,430 [INFO] IPUIPlugin:80 - create IPUIPlugin
2024-09-12 14:24:17,430 [INFO] IPUIPlugin:80 - create IPUIPlugin
2024-09-12 14:24:17,430 [INFO] IPUIPlugin:80 - create IPUIPlugin
2024-09-12 14:24:17,430 [INFO] IPUIPlugin:80 - create IPUIPlugin
2024-09-12 14:24:17,430 [INFO] IPUIPlugin:80 - create IPUIPlugin
2024-09-12 14:24:17,430 [INFO] IPUIPlugin:80 - create IPUIPlugin
2024-09-12 14:24:17,430 [INFO] IPUIPlugin:80 - create IPUIPlugin
2024-09-12 14:24:17,430 [INFO] IPUIPlugin:80 - create IPUIPlugin
2024-09-12 14:24:17,431 [INFO] IPUIPlugin:80 - create IPUIPlugin
2024-09-12 14:24:17,433 [INFO] IPUIPlugin:80 - create IPUIPlugin
2024-09-12 14:24:17,434 [INFO] IPUIPlugin:80 - create IPUIPlugin
2024-09-12 14:24:17,434 [INFO] IPUIPlugin:80 - create IPUIPlugin
2024-09-12 14:24:17,434 [INFO] IPUIPlugin:80 - create IPUIPlugin
2024-09-12 14:24:17,434 [INFO] IPUIPlugin:80 - create IPUIPlugin
2024-09-12 14:24:17,435 [INFO] IPUIPlugin:80 - create IPUIPlugin
2024-09-12 14:24:17,435 [INFO] IPUIPlugin:80 - create IPUIPlugin
2024-09-12 14:24:17,435 [INFO] IPUIPlugin:80 - create IPUIPlugin
2024-09-12 14:24:17,435 [INFO] IPUIPlugin:80 - create IPUIPlugin
2024-09-12 14:24:17,435 [INFO] IPUIPlugin:80 - create IPUIPlugin
2024-09-12 14:24:17,435 [INFO] IPUIPlugin:80 - create IPUIPlugin
2024-09-12 14:24:17,435 [INFO] IPUIPlugin:80 - create IPUIPlugin
2024-09-12 14:24:17,435 [INFO] IPUIPlugin:80 - create IPUIPlugin
2024-09-12 14:24:17,436 [INFO] IPUIPlugin:80 - create IPUIPlugin
2024-09-12 14:24:17,436 [INFO] IPUIPlugin:80 - create IPUIPlugin
2024-09-12 14:24:17,436 [INFO] IPUIPlugin:80 - create IPUIPlugin
2024-09-12 14:24:17,436 [INFO] IPUIPlugin:80 - create IPUIPlugin
2024-09-12 14:24:17,436 [INFO] IPUIPlugin:80 - create IPUIPlugin
2024-09-12 14:24:17,436 [INFO] IPUIPlugin:80 - create IPUIPlugin
2024-09-12 14:24:17,437 [INFO] IPUIPlugin:80 - create IPUIPlugin
2024-09-12 14:24:17,437 [INFO] IPUIPlugin:80 - create IPUIPlugin
2024-09-12 14:24:17,437 [INFO] IPUIPlugin:80 - create IPUIPlugin
2024-09-12 14:24:17,437 [INFO] IPUIPlugin:80 - create IPUIPlugin
2024-09-12 14:24:17,439 [INFO] IPUIPlugin:80 - create IPUIPlugin
2024-09-12 14:24:17,439 [INFO] IPUIPlugin:80 - create IPUIPlugin
2024-09-12 14:24:17,439 [INFO] IPUIPlugin:80 - create IPUIPlugin
2024-09-12 14:24:17,439 [INFO] IPUIPlugin:80 - create IPUIPlugin
2024-09-12 14:24:17,440 [INFO] IPUIPlugin:80 - create IPUIPlugin
2024-09-12 14:24:17,440 [INFO] IPUIPlugin:80 - create IPUIPlugin
2024-09-12 14:24:17,440 [INFO] IPUIPlugin:80 - create IPUIPlugin
2024-09-12 14:24:17,440 [INFO] IPUIPlugin:80 - create IPUIPlugin
2024-09-12 14:24:17,441 [INFO] IPUIPlugin:80 - create IPUIPlugin
2024-09-12 14:24:17,441 [INFO] IPUIPlugin:80 - create IPUIPlugin
2024-09-12 14:24:17,441 [INFO] IPUIPlugin:80 - create IPUIPlugin
2024-09-12 14:24:17,441 [INFO] IPUIPlugin:80 - create IPUIPlugin
2024-09-12 14:24:17,441 [INFO] IPUIPlugin:80 - create IPUIPlugin
2024-09-12 14:24:17,441 [INFO] IPUIPlugin:80 - create IPUIPlugin
2024-09-12 14:24:17,441 [INFO] IPUIPlugin:80 - create IPUIPlugin
2024-09-12 14:24:17,441 [INFO] IPUIPlugin:80 - create IPUIPlugin
2024-09-12 14:24:17,441 [INFO] IPUIPlugin:80 - create IPUIPlugin
2024-09-12 14:24:17,441 [INFO] IPUIPlugin:80 - create IPUIPlugin
2024-09-12 14:24:17,441 [INFO] IPUIPlugin:80 - create IPUIPlugin
2024-09-12 14:24:17,441 [INFO] IPUIPlugin:80 - create IPUIPlugin
2024-09-12 14:24:17,441 [INFO] IPUIPlugin:80 - create IPUIPlugin
2024-09-12 14:24:17,442 [INFO] IPUIPlugin:80 - create IPUIPlugin
2024-09-12 14:24:17,442 [INFO] IPUIPlugin:80 - create IPUIPlugin
2024-09-12 14:24:17,442 [INFO] IPUIPlugin:80 - create IPUIPlugin
2024-09-12 14:24:17,442 [INFO] IPUIPlugin:80 - create IPUIPlugin
2024-09-12 14:24:17,442 [INFO] IPUIPlugin:80 - create IPUIPlugin
2024-09-12 14:24:17,442 [INFO] IPUIPlugin:80 - create IPUIPlugin
2024-09-12 14:24:17,442 [INFO] IPUIPlugin:80 - create IPUIPlugin
2024-09-12 14:24:17,442 [INFO] IPUIPlugin:80 - create IPUIPlugin
2024-09-12 14:24:17,442 [INFO] IPUIPlugin:80 - create IPUIPlugin
2024-09-12 14:24:17,442 [INFO] IPUIPlugin:80 - create IPUIPlugin
2024-09-12 14:24:17,442 [INFO] IPUIPlugin:80 - create IPUIPlugin
2024-09-12 14:24:17,443 [INFO] IPUIPlugin:80 - create IPUIPlugin
2024-09-12 14:24:17,443 [INFO] IPUIPlugin:80 - create IPUIPlugin
2024-09-12 14:24:17,443 [INFO] IPUIPlugin:80 - create IPUIPlugin
2024-09-12 14:24:17,443 [INFO] IPUIPlugin:80 - create IPUIPlugin
2024-09-12 14:24:17,443 [INFO] IPUIPlugin:80 - create IPUIPlugin
2024-09-12 14:24:17,444 [INFO] IPUIPlugin:80 - create IPUIPlugin
2024-09-12 14:24:17,444 [INFO] IPUIPlugin:80 - create IPUIPlugin
2024-09-12 14:24:17,444 [INFO] IPUIPlugin:80 - create IPUIPlugin
2024-09-12 14:24:17,444 [INFO] IPUIPlugin:80 - create IPUIPlugin
2024-09-12 14:24:17,487 [INFO] ApiDbMcu:508 - Load IP Config File for PDM2PCM
2024-09-12 14:24:17,886 [INFO] CADModel:165 - CPN selected for project levelSTM32F767ZIT6
2024-09-12 14:24:17,887 [INFO] CADModel:114 - Register for checkConnection events
2024-09-12 14:24:17,967 [INFO] OpenFileManager:363 - Restore cursor
2024-09-12 14:25:28,629 [INFO] NvicIntPanel:101 - NVIC parent = com.st.microxplorer.plugins.ip.nvic.MultiNvicIntPanel[,0,0,0x0,invalid,layout=javax.swing.BoxLayout,alignmentX=0.0,alignmentY=0.0,border=,flags=9,maximumSize=,minimumSize=,preferredSize=]
2024-09-12 14:25:33,816 [INFO] UtilMem:75 - End SaveConfig() Used Memory: 437446200 Bytes (1073741824)
2024-09-12 14:25:33,968 [INFO] UtilMem:75 - End SaveConfig() Used Memory: 467414768 Bytes (1073741824)
2024-09-12 14:25:35,555 [INFO] UtilMem:75 - End SaveConfig() Used Memory: 551300848 Bytes (1073741824)
2024-09-12 14:25:36,290 [INFO] BlockDiagram:2766 - set Specific Code input for plugin: TIM1_8F77
2024-09-12 14:25:36,291 [INFO] BlockDiagram:2766 - set Specific Code input for plugin: SYS
2024-09-12 14:25:36,291 [INFO] BlockDiagram:2766 - set Specific Code input for plugin: RCC
2024-09-12 14:25:36,291 [INFO] BlockDiagram:2766 - set Specific Code input for plugin: NVIC
2024-09-12 14:25:36,291 [INFO] BlockDiagram:2766 - set Specific Code input for plugin: CORTEX_M7
2024-09-12 14:25:36,292 [INFO] BlockDiagram:2766 - set Specific Code input for plugin: GPIO
2024-09-12 14:25:36,293 [INFO] CodeGenerator:807 - code generatio: config db path: /Applications/STM32CubeIDE.app/Contents/Eclipse/plugins/com.st.stm32cube.common.mx_6.12.0.202406281431//db/
2024-09-12 14:25:36,482 [INFO] CodeEngine:255 - oldGeneratedFile, /Users/kitton/STM32CubeIDE/MAD_LAB/Lab_07/MXTmpFiles/license.tmp_save
2024-09-12 14:25:36,904 [INFO] CodeEngine:279 - Generated code: /Users/kitton/STM32CubeIDE/MAD_LAB/Lab_07/MXTmpFiles/license.tmp
2024-09-12 14:25:37,039 [INFO] CodeEngine:255 - oldGeneratedFile, /Users/kitton/STM32CubeIDE/MAD_LAB/Lab_07/Core/Src/gpio.c_save
2024-09-12 14:25:37,280 [INFO] CodeEngine:279 - Generated code: /Users/kitton/STM32CubeIDE/MAD_LAB/Lab_07/Core/Src/gpio.c
2024-09-12 14:25:37,287 [INFO] CodeEngine:255 - oldGeneratedFile, /Users/kitton/STM32CubeIDE/MAD_LAB/Lab_07/Core/Inc/gpio.h_save
2024-09-12 14:25:37,349 [INFO] CodeEngine:279 - Generated code: /Users/kitton/STM32CubeIDE/MAD_LAB/Lab_07/Core/Inc/gpio.h
2024-09-12 14:25:37,522 [INFO] CodeEngine:255 - oldGeneratedFile, /Users/kitton/STM32CubeIDE/MAD_LAB/Lab_07/MXTmpFiles/cortex.tmp_save
2024-09-12 14:25:37,609 [INFO] CodeEngine:279 - Generated code: /Users/kitton/STM32CubeIDE/MAD_LAB/Lab_07/MXTmpFiles/cortex.tmp
2024-09-12 14:25:37,613 [INFO] CodeEngine:255 - oldGeneratedFile, /Users/kitton/STM32CubeIDE/MAD_LAB/Lab_07/Core/Src/tim.c_save
2024-09-12 14:25:37,757 [INFO] CodeEngine:279 - Generated code: /Users/kitton/STM32CubeIDE/MAD_LAB/Lab_07/Core/Src/tim.c
2024-09-12 14:25:37,759 [INFO] CodeEngine:255 - oldGeneratedFile, /Users/kitton/STM32CubeIDE/MAD_LAB/Lab_07/Core/Inc/tim.h_save
2024-09-12 14:25:37,835 [INFO] CodeEngine:279 - Generated code: /Users/kitton/STM32CubeIDE/MAD_LAB/Lab_07/Core/Inc/tim.h
2024-09-12 14:25:37,840 [INFO] CodeEngine:255 - oldGeneratedFile, /Users/kitton/STM32CubeIDE/MAD_LAB/Lab_07/Core/Src/stm32f7xx_it.c_save
2024-09-12 14:25:37,943 [INFO] CodeEngine:279 - Generated code: /Users/kitton/STM32CubeIDE/MAD_LAB/Lab_07/Core/Src/stm32f7xx_it.c
2024-09-12 14:25:37,951 [INFO] CodeEngine:255 - oldGeneratedFile, /Users/kitton/STM32CubeIDE/MAD_LAB/Lab_07/Core/Inc/stm32f7xx_it.h_save
2024-09-12 14:25:38,024 [INFO] CodeEngine:279 - Generated code: /Users/kitton/STM32CubeIDE/MAD_LAB/Lab_07/Core/Inc/stm32f7xx_it.h
2024-09-12 14:25:38,046 [INFO] CodeEngine:255 - oldGeneratedFile, /Users/kitton/STM32CubeIDE/MAD_LAB/Lab_07/Core/Src/stm32f7xx_hal_msp.c_save
2024-09-12 14:25:38,199 [INFO] CodeEngine:279 - Generated code: /Users/kitton/STM32CubeIDE/MAD_LAB/Lab_07/Core/Src/stm32f7xx_hal_msp.c
2024-09-12 14:25:38,211 [INFO] CodeEngine:255 - oldGeneratedFile, /Users/kitton/STM32CubeIDE/MAD_LAB/Lab_07/MXTmpFiles/system.tmp_save
2024-09-12 14:25:38,269 [INFO] CodeEngine:279 - Generated code: /Users/kitton/STM32CubeIDE/MAD_LAB/Lab_07/MXTmpFiles/system.tmp
2024-09-12 14:25:38,284 [INFO] CodeEngine:311 - oldGeneratedFile, /Users/kitton/STM32CubeIDE/MAD_LAB/Lab_07/Core/Inc/stm32f7xx_hal_conf.h_save
2024-09-12 14:25:38,348 [INFO] CodeEngine:335 - Generated code: /Users/kitton/STM32CubeIDE/MAD_LAB/Lab_07/Core/Inc/stm32f7xx_hal_conf.h
2024-09-12 14:25:38,429 [INFO] CodeEngine:255 - oldGeneratedFile, /Users/kitton/STM32CubeIDE/MAD_LAB/Lab_07/Core/Inc/main.h_save
2024-09-12 14:25:38,514 [INFO] CodeEngine:279 - Generated code: /Users/kitton/STM32CubeIDE/MAD_LAB/Lab_07/Core/Inc/main.h
2024-09-12 14:25:38,518 [INFO] CodeEngine:255 - oldGeneratedFile, /Users/kitton/STM32CubeIDE/MAD_LAB/Lab_07/Core/Src/main.c_save
2024-09-12 14:25:38,725 [INFO] CodeEngine:279 - Generated code: /Users/kitton/STM32CubeIDE/MAD_LAB/Lab_07/Core/Src/main.c
2024-09-12 14:25:39,004 [INFO] ProjectBuilder:3249 - Time for Copy HAL[1] : 59mS.
2024-09-12 14:25:39,010 [INFO] ProjectBuilder:4828 - Project Generator version: 4.4.0-B60
2024-09-12 14:25:39,087 [INFO] ConfigFileManager:1531 - The Die is : DIE451
2024-09-12 14:25:39,096 [INFO] ApiDbMcu:508 - Load IP Config File for FATFS
2024-09-12 14:25:39,101 [INFO] ApiDbMcu:508 - Load IP Config File for FREERTOS
2024-09-12 14:25:39,107 [INFO] ApiDbMcu:508 - Load IP Config File for LIBJPEG
2024-09-12 14:25:39,114 [INFO] ApiDbMcu:508 - Load IP Config File for LWIP
2024-09-12 14:25:39,130 [INFO] ApiDbMcu:508 - Load IP Config File for MBEDTLS
2024-09-12 14:25:39,140 [INFO] ApiDbMcu:508 - Load IP Config File for USB_DEVICE
2024-09-12 14:25:39,152 [INFO] ApiDbMcu:508 - Load IP Config File for USB_HOST
2024-09-12 14:25:39,486 [INFO] LogOutputStream:77 - [STDOUT_REDIRECT] 
2024-09-12 14:25:40,459 [INFO] ProjectBuilder:5097 - Time for Generating toolchain IDE Files: 1448mS.
2024-09-12 14:25:40,461 [INFO] ProjectBuilder:3107 - Time for Copy CMSIS : 0mS.
2024-09-12 14:25:40,462 [INFO] ProjectBuilder:3107 - Time for Copy CMSIS : 0mS.
2024-09-12 14:30:36,868 [INFO] NvicIntPanel:101 - NVIC parent = com.st.microxplorer.plugins.ip.nvic.MultiNvicIntPanel[,0,0,0x0,invalid,layout=javax.swing.BoxLayout,alignmentX=0.0,alignmentY=0.0,border=,flags=9,maximumSize=,minimumSize=,preferredSize=]
2024-09-12 14:30:40,092 [INFO] UtilMem:75 - End SaveConfig() Used Memory: 598490880 Bytes (1066401792)
2024-09-12 14:30:40,222 [INFO] UtilMem:75 - End SaveConfig() Used Memory: 627851008 Bytes (1066401792)
2024-09-12 14:30:42,062 [INFO] UtilMem:75 - End SaveConfig() Used Memory: 674510592 Bytes (1066401792)
2024-09-12 14:30:42,184 [INFO] BlockDiagram:2766 - set Specific Code input for plugin: TIM1_8F77
2024-09-12 14:30:42,184 [INFO] BlockDiagram:2766 - set Specific Code input for plugin: SYS
2024-09-12 14:30:42,184 [INFO] BlockDiagram:2766 - set Specific Code input for plugin: RCC
2024-09-12 14:30:42,184 [INFO] BlockDiagram:2766 - set Specific Code input for plugin: NVIC
2024-09-12 14:30:42,184 [INFO] BlockDiagram:2766 - set Specific Code input for plugin: CORTEX_M7
2024-09-12 14:30:42,184 [INFO] BlockDiagram:2766 - set Specific Code input for plugin: GPIO
2024-09-12 14:30:42,186 [INFO] CodeGenerator:807 - code generatio: config db path: /Applications/STM32CubeIDE.app/Contents/Eclipse/plugins/com.st.stm32cube.common.mx_6.12.0.202406281431//db/
2024-09-12 14:30:42,283 [INFO] CodeEngine:255 - oldGeneratedFile, /Users/kitton/STM32CubeIDE/MAD_LAB/Lab_07/MXTmpFiles/license.tmp_save
2024-09-12 14:30:42,388 [INFO] CodeEngine:279 - Generated code: /Users/kitton/STM32CubeIDE/MAD_LAB/Lab_07/MXTmpFiles/license.tmp
2024-09-12 14:30:42,410 [INFO] CodeEngine:255 - oldGeneratedFile, /Users/kitton/STM32CubeIDE/MAD_LAB/Lab_07/Core/Src/gpio.c_save
2024-09-12 14:30:42,490 [INFO] CodeEngine:279 - Generated code: /Users/kitton/STM32CubeIDE/MAD_LAB/Lab_07/Core/Src/gpio.c
2024-09-12 14:30:42,494 [INFO] CodeEngine:255 - oldGeneratedFile, /Users/kitton/STM32CubeIDE/MAD_LAB/Lab_07/Core/Inc/gpio.h_save
2024-09-12 14:30:42,539 [INFO] CodeEngine:279 - Generated code: /Users/kitton/STM32CubeIDE/MAD_LAB/Lab_07/Core/Inc/gpio.h
2024-09-12 14:30:42,611 [INFO] CodeEngine:255 - oldGeneratedFile, /Users/kitton/STM32CubeIDE/MAD_LAB/Lab_07/MXTmpFiles/cortex.tmp_save
2024-09-12 14:30:42,671 [INFO] CodeEngine:279 - Generated code: /Users/kitton/STM32CubeIDE/MAD_LAB/Lab_07/MXTmpFiles/cortex.tmp
2024-09-12 14:30:42,674 [INFO] CodeEngine:255 - oldGeneratedFile, /Users/kitton/STM32CubeIDE/MAD_LAB/Lab_07/Core/Src/tim.c_save
2024-09-12 14:30:42,775 [INFO] CodeEngine:279 - Generated code: /Users/kitton/STM32CubeIDE/MAD_LAB/Lab_07/Core/Src/tim.c
2024-09-12 14:30:42,777 [INFO] CodeEngine:255 - oldGeneratedFile, /Users/kitton/STM32CubeIDE/MAD_LAB/Lab_07/Core/Inc/tim.h_save
2024-09-12 14:30:42,823 [INFO] CodeEngine:279 - Generated code: /Users/kitton/STM32CubeIDE/MAD_LAB/Lab_07/Core/Inc/tim.h
2024-09-12 14:30:42,828 [INFO] CodeEngine:255 - oldGeneratedFile, /Users/kitton/STM32CubeIDE/MAD_LAB/Lab_07/Core/Src/stm32f7xx_it.c_save
2024-09-12 14:30:42,904 [INFO] CodeEngine:279 - Generated code: /Users/kitton/STM32CubeIDE/MAD_LAB/Lab_07/Core/Src/stm32f7xx_it.c
2024-09-12 14:30:42,911 [INFO] CodeEngine:255 - oldGeneratedFile, /Users/kitton/STM32CubeIDE/MAD_LAB/Lab_07/Core/Inc/stm32f7xx_it.h_save
2024-09-12 14:30:42,972 [INFO] CodeEngine:279 - Generated code: /Users/kitton/STM32CubeIDE/MAD_LAB/Lab_07/Core/Inc/stm32f7xx_it.h
2024-09-12 14:30:42,983 [INFO] CodeEngine:255 - oldGeneratedFile, /Users/kitton/STM32CubeIDE/MAD_LAB/Lab_07/Core/Src/stm32f7xx_hal_msp.c_save
2024-09-12 14:30:43,069 [INFO] CodeEngine:279 - Generated code: /Users/kitton/STM32CubeIDE/MAD_LAB/Lab_07/Core/Src/stm32f7xx_hal_msp.c
2024-09-12 14:30:43,074 [INFO] CodeEngine:255 - oldGeneratedFile, /Users/kitton/STM32CubeIDE/MAD_LAB/Lab_07/MXTmpFiles/system.tmp_save
2024-09-12 14:30:43,117 [INFO] CodeEngine:279 - Generated code: /Users/kitton/STM32CubeIDE/MAD_LAB/Lab_07/MXTmpFiles/system.tmp
2024-09-12 14:30:43,126 [INFO] CodeEngine:311 - oldGeneratedFile, /Users/kitton/STM32CubeIDE/MAD_LAB/Lab_07/Core/Inc/stm32f7xx_hal_conf.h_save
2024-09-12 14:30:43,173 [INFO] CodeEngine:335 - Generated code: /Users/kitton/STM32CubeIDE/MAD_LAB/Lab_07/Core/Inc/stm32f7xx_hal_conf.h
2024-09-12 14:30:43,200 [INFO] CodeEngine:255 - oldGeneratedFile, /Users/kitton/STM32CubeIDE/MAD_LAB/Lab_07/Core/Inc/main.h_save
2024-09-12 14:30:43,257 [INFO] CodeEngine:279 - Generated code: /Users/kitton/STM32CubeIDE/MAD_LAB/Lab_07/Core/Inc/main.h
2024-09-12 14:30:43,258 [INFO] CodeEngine:255 - oldGeneratedFile, /Users/kitton/STM32CubeIDE/MAD_LAB/Lab_07/Core/Src/main.c_save
2024-09-12 14:30:43,325 [INFO] CodeEngine:279 - Generated code: /Users/kitton/STM32CubeIDE/MAD_LAB/Lab_07/Core/Src/main.c
2024-09-12 14:30:43,642 [INFO] ProjectBuilder:3249 - Time for Copy HAL[1] : 47mS.
2024-09-12 14:30:43,648 [INFO] ProjectBuilder:4828 - Project Generator version: 4.4.0-B60
2024-09-12 14:30:43,720 [INFO] ConfigFileManager:1531 - The Die is : DIE451
2024-09-12 14:30:44,442 [INFO] ProjectBuilder:5097 - Time for Generating toolchain IDE Files: 793mS.
2024-09-12 14:30:44,442 [INFO] ProjectBuilder:3107 - Time for Copy CMSIS : 0mS.
2024-09-12 14:30:44,443 [INFO] ProjectBuilder:3107 - Time for Copy CMSIS : 0mS.
2024-09-12 14:48:29,946 [INFO] UtilMem:75 - End SaveConfig() Used Memory: 366480224 Bytes (1066401792)
2024-09-12 14:48:30,074 [INFO] UtilMem:75 - End SaveConfig() Used Memory: 397413216 Bytes (1066401792)
2024-09-12 14:48:34,300 [INFO] UtilMem:75 - End SaveConfig() Used Memory: 522193760 Bytes (1066401792)
2024-09-12 14:48:34,750 [INFO] BlockDiagram:2766 - set Specific Code input for plugin: TIM1_8F77
2024-09-12 14:48:34,753 [INFO] BlockDiagram:2766 - set Specific Code input for plugin: SYS
2024-09-12 14:48:34,753 [INFO] BlockDiagram:2766 - set Specific Code input for plugin: RCC
2024-09-12 14:48:34,753 [INFO] BlockDiagram:2766 - set Specific Code input for plugin: NVIC
2024-09-12 14:48:34,753 [INFO] BlockDiagram:2766 - set Specific Code input for plugin: USART
2024-09-12 14:48:34,753 [INFO] BlockDiagram:2766 - set Specific Code input for plugin: CORTEX_M7
2024-09-12 14:48:34,759 [INFO] BlockDiagram:2766 - set Specific Code input for plugin: GPIO
2024-09-12 14:48:34,764 [INFO] CodeGenerator:807 - code generatio: config db path: /Applications/STM32CubeIDE.app/Contents/Eclipse/plugins/com.st.stm32cube.common.mx_6.12.0.202406281431//db/
2024-09-12 14:48:34,923 [INFO] CodeEngine:255 - oldGeneratedFile, /Users/kitton/STM32CubeIDE/MAD_LAB/Lab_07/MXTmpFiles/license.tmp_save
2024-09-12 14:48:35,033 [INFO] CodeEngine:279 - Generated code: /Users/kitton/STM32CubeIDE/MAD_LAB/Lab_07/MXTmpFiles/license.tmp
2024-09-12 14:48:35,066 [INFO] CodeEngine:255 - oldGeneratedFile, /Users/kitton/STM32CubeIDE/MAD_LAB/Lab_07/Core/Src/gpio.c_save
2024-09-12 14:48:35,129 [INFO] CodeEngine:279 - Generated code: /Users/kitton/STM32CubeIDE/MAD_LAB/Lab_07/Core/Src/gpio.c
2024-09-12 14:48:35,130 [INFO] CodeEngine:255 - oldGeneratedFile, /Users/kitton/STM32CubeIDE/MAD_LAB/Lab_07/Core/Inc/gpio.h_save
2024-09-12 14:48:35,169 [INFO] CodeEngine:279 - Generated code: /Users/kitton/STM32CubeIDE/MAD_LAB/Lab_07/Core/Inc/gpio.h
2024-09-12 14:48:35,261 [INFO] CodeEngine:255 - oldGeneratedFile, /Users/kitton/STM32CubeIDE/MAD_LAB/Lab_07/MXTmpFiles/cortex.tmp_save
2024-09-12 14:48:35,320 [INFO] CodeEngine:279 - Generated code: /Users/kitton/STM32CubeIDE/MAD_LAB/Lab_07/MXTmpFiles/cortex.tmp
2024-09-12 14:48:35,323 [INFO] CodeEngine:255 - oldGeneratedFile, /Users/kitton/STM32CubeIDE/MAD_LAB/Lab_07/Core/Src/tim.c_save
2024-09-12 14:48:35,408 [INFO] CodeEngine:279 - Generated code: /Users/kitton/STM32CubeIDE/MAD_LAB/Lab_07/Core/Src/tim.c
2024-09-12 14:48:35,410 [INFO] CodeEngine:255 - oldGeneratedFile, /Users/kitton/STM32CubeIDE/MAD_LAB/Lab_07/Core/Inc/tim.h_save
2024-09-12 14:48:35,451 [INFO] CodeEngine:279 - Generated code: /Users/kitton/STM32CubeIDE/MAD_LAB/Lab_07/Core/Inc/tim.h
2024-09-12 14:48:35,453 [INFO] CodeEngine:255 - oldGeneratedFile, /Users/kitton/STM32CubeIDE/MAD_LAB/Lab_07/Core/Src/usart.c_save
2024-09-12 14:48:35,509 [INFO] CodeEngine:279 - Generated code: /Users/kitton/STM32CubeIDE/MAD_LAB/Lab_07/Core/Src/usart.c
2024-09-12 14:48:35,510 [INFO] CodeEngine:255 - oldGeneratedFile, /Users/kitton/STM32CubeIDE/MAD_LAB/Lab_07/Core/Inc/usart.h_save
2024-09-12 14:48:35,549 [INFO] CodeEngine:279 - Generated code: /Users/kitton/STM32CubeIDE/MAD_LAB/Lab_07/Core/Inc/usart.h
2024-09-12 14:48:35,553 [INFO] CodeEngine:255 - oldGeneratedFile, /Users/kitton/STM32CubeIDE/MAD_LAB/Lab_07/Core/Src/stm32f7xx_it.c_save
2024-09-12 14:48:35,665 [INFO] CodeEngine:279 - Generated code: /Users/kitton/STM32CubeIDE/MAD_LAB/Lab_07/Core/Src/stm32f7xx_it.c
2024-09-12 14:48:35,666 [INFO] CodeEngine:255 - oldGeneratedFile, /Users/kitton/STM32CubeIDE/MAD_LAB/Lab_07/Core/Inc/stm32f7xx_it.h_save
2024-09-12 14:48:35,708 [INFO] CodeEngine:279 - Generated code: /Users/kitton/STM32CubeIDE/MAD_LAB/Lab_07/Core/Inc/stm32f7xx_it.h
2024-09-12 14:48:35,713 [INFO] CodeEngine:255 - oldGeneratedFile, /Users/kitton/STM32CubeIDE/MAD_LAB/Lab_07/Core/Src/stm32f7xx_hal_msp.c_save
2024-09-12 14:48:35,771 [INFO] CodeEngine:279 - Generated code: /Users/kitton/STM32CubeIDE/MAD_LAB/Lab_07/Core/Src/stm32f7xx_hal_msp.c
2024-09-12 14:48:35,772 [INFO] CodeEngine:255 - oldGeneratedFile, /Users/kitton/STM32CubeIDE/MAD_LAB/Lab_07/MXTmpFiles/system.tmp_save
2024-09-12 14:48:35,810 [INFO] CodeEngine:279 - Generated code: /Users/kitton/STM32CubeIDE/MAD_LAB/Lab_07/MXTmpFiles/system.tmp
2024-09-12 14:48:35,814 [INFO] CodeEngine:311 - oldGeneratedFile, /Users/kitton/STM32CubeIDE/MAD_LAB/Lab_07/Core/Inc/stm32f7xx_hal_conf.h_save
2024-09-12 14:48:35,859 [INFO] CodeEngine:335 - Generated code: /Users/kitton/STM32CubeIDE/MAD_LAB/Lab_07/Core/Inc/stm32f7xx_hal_conf.h
2024-09-12 14:48:35,878 [INFO] CodeEngine:255 - oldGeneratedFile, /Users/kitton/STM32CubeIDE/MAD_LAB/Lab_07/Core/Inc/main.h_save
2024-09-12 14:48:35,943 [INFO] CodeEngine:279 - Generated code: /Users/kitton/STM32CubeIDE/MAD_LAB/Lab_07/Core/Inc/main.h
2024-09-12 14:48:35,944 [INFO] CodeEngine:255 - oldGeneratedFile, /Users/kitton/STM32CubeIDE/MAD_LAB/Lab_07/Core/Src/main.c_save
2024-09-12 14:48:36,038 [INFO] CodeEngine:279 - Generated code: /Users/kitton/STM32CubeIDE/MAD_LAB/Lab_07/Core/Src/main.c
2024-09-12 14:48:36,205 [INFO] ProjectBuilder:3249 - Time for Copy HAL[1] : 55mS.
2024-09-12 14:48:36,208 [INFO] ProjectBuilder:4828 - Project Generator version: 4.4.0-B60
2024-09-12 14:48:36,255 [INFO] ConfigFileManager:1531 - The Die is : DIE451
2024-09-12 14:48:37,414 [INFO] ProjectBuilder:5097 - Time for Generating toolchain IDE Files: 1203mS.
2024-09-12 14:48:37,419 [INFO] ProjectBuilder:3107 - Time for Copy CMSIS : 1mS.
2024-09-12 14:48:37,422 [INFO] ProjectBuilder:3107 - Time for Copy CMSIS : 0mS.
2024-09-12 15:00:33,933 [INFO] UtilMem:75 - End SaveConfig() Used Memory: 649660512 Bytes (1071644672)
2024-09-12 15:00:34,125 [INFO] UtilMem:75 - End SaveConfig() Used Memory: 682651904 Bytes (1071644672)
2024-09-12 15:00:36,069 [INFO] UtilMem:75 - End SaveConfig() Used Memory: 740399096 Bytes (1071644672)
2024-09-12 15:00:36,155 [INFO] BlockDiagram:2766 - set Specific Code input for plugin: TIM1_8F77
2024-09-12 15:00:36,155 [INFO] BlockDiagram:2766 - set Specific Code input for plugin: SYS
2024-09-12 15:00:36,155 [INFO] BlockDiagram:2766 - set Specific Code input for plugin: RCC
2024-09-12 15:00:36,155 [INFO] BlockDiagram:2766 - set Specific Code input for plugin: NVIC
2024-09-12 15:00:36,155 [INFO] BlockDiagram:2766 - set Specific Code input for plugin: USART
2024-09-12 15:00:36,155 [INFO] BlockDiagram:2766 - set Specific Code input for plugin: CORTEX_M7
2024-09-12 15:00:36,155 [INFO] BlockDiagram:2766 - set Specific Code input for plugin: GPIO
2024-09-12 15:00:36,156 [INFO] CodeGenerator:807 - code generatio: config db path: /Applications/STM32CubeIDE.app/Contents/Eclipse/plugins/com.st.stm32cube.common.mx_6.12.0.202406281431//db/
2024-09-12 15:00:36,237 [INFO] CodeEngine:255 - oldGeneratedFile, /Users/kitton/STM32CubeIDE/MAD_LAB/Lab_07/MXTmpFiles/license.tmp_save
2024-09-12 15:00:36,306 [INFO] CodeEngine:279 - Generated code: /Users/kitton/STM32CubeIDE/MAD_LAB/Lab_07/MXTmpFiles/license.tmp
2024-09-12 15:00:36,324 [INFO] CodeEngine:255 - oldGeneratedFile, /Users/kitton/STM32CubeIDE/MAD_LAB/Lab_07/Core/Src/gpio.c_save
2024-09-12 15:00:36,381 [INFO] CodeEngine:279 - Generated code: /Users/kitton/STM32CubeIDE/MAD_LAB/Lab_07/Core/Src/gpio.c
2024-09-12 15:00:36,383 [INFO] CodeEngine:255 - oldGeneratedFile, /Users/kitton/STM32CubeIDE/MAD_LAB/Lab_07/Core/Inc/gpio.h_save
2024-09-12 15:00:36,442 [INFO] CodeEngine:279 - Generated code: /Users/kitton/STM32CubeIDE/MAD_LAB/Lab_07/Core/Inc/gpio.h
2024-09-12 15:00:36,569 [INFO] CodeEngine:255 - oldGeneratedFile, /Users/kitton/STM32CubeIDE/MAD_LAB/Lab_07/MXTmpFiles/cortex.tmp_save
2024-09-12 15:00:36,647 [INFO] CodeEngine:279 - Generated code: /Users/kitton/STM32CubeIDE/MAD_LAB/Lab_07/MXTmpFiles/cortex.tmp
2024-09-12 15:00:36,658 [INFO] CodeEngine:255 - oldGeneratedFile, /Users/kitton/STM32CubeIDE/MAD_LAB/Lab_07/Core/Src/tim.c_save
2024-09-12 15:00:36,753 [INFO] CodeEngine:279 - Generated code: /Users/kitton/STM32CubeIDE/MAD_LAB/Lab_07/Core/Src/tim.c
2024-09-12 15:00:36,759 [INFO] CodeEngine:255 - oldGeneratedFile, /Users/kitton/STM32CubeIDE/MAD_LAB/Lab_07/Core/Inc/tim.h_save
2024-09-12 15:00:36,806 [INFO] CodeEngine:279 - Generated code: /Users/kitton/STM32CubeIDE/MAD_LAB/Lab_07/Core/Inc/tim.h
2024-09-12 15:00:36,811 [INFO] CodeEngine:255 - oldGeneratedFile, /Users/kitton/STM32CubeIDE/MAD_LAB/Lab_07/Core/Src/usart.c_save
2024-09-12 15:00:36,878 [INFO] CodeEngine:279 - Generated code: /Users/kitton/STM32CubeIDE/MAD_LAB/Lab_07/Core/Src/usart.c
2024-09-12 15:00:36,880 [INFO] CodeEngine:255 - oldGeneratedFile, /Users/kitton/STM32CubeIDE/MAD_LAB/Lab_07/Core/Inc/usart.h_save
2024-09-12 15:00:36,918 [INFO] CodeEngine:279 - Generated code: /Users/kitton/STM32CubeIDE/MAD_LAB/Lab_07/Core/Inc/usart.h
2024-09-12 15:00:36,924 [INFO] CodeEngine:255 - oldGeneratedFile, /Users/kitton/STM32CubeIDE/MAD_LAB/Lab_07/Core/Src/stm32f7xx_it.c_save
2024-09-12 15:00:36,968 [INFO] CodeEngine:279 - Generated code: /Users/kitton/STM32CubeIDE/MAD_LAB/Lab_07/Core/Src/stm32f7xx_it.c
2024-09-12 15:00:36,969 [INFO] CodeEngine:255 - oldGeneratedFile, /Users/kitton/STM32CubeIDE/MAD_LAB/Lab_07/Core/Inc/stm32f7xx_it.h_save
2024-09-12 15:00:37,007 [INFO] CodeEngine:279 - Generated code: /Users/kitton/STM32CubeIDE/MAD_LAB/Lab_07/Core/Inc/stm32f7xx_it.h
2024-09-12 15:00:37,013 [INFO] CodeEngine:255 - oldGeneratedFile, /Users/kitton/STM32CubeIDE/MAD_LAB/Lab_07/Core/Src/stm32f7xx_hal_msp.c_save
2024-09-12 15:00:37,066 [INFO] CodeEngine:279 - Generated code: /Users/kitton/STM32CubeIDE/MAD_LAB/Lab_07/Core/Src/stm32f7xx_hal_msp.c
2024-09-12 15:00:37,067 [INFO] CodeEngine:255 - oldGeneratedFile, /Users/kitton/STM32CubeIDE/MAD_LAB/Lab_07/MXTmpFiles/system.tmp_save
2024-09-12 15:00:37,104 [INFO] CodeEngine:279 - Generated code: /Users/kitton/STM32CubeIDE/MAD_LAB/Lab_07/MXTmpFiles/system.tmp
2024-09-12 15:00:37,109 [INFO] CodeEngine:311 - oldGeneratedFile, /Users/kitton/STM32CubeIDE/MAD_LAB/Lab_07/Core/Inc/stm32f7xx_hal_conf.h_save
2024-09-12 15:00:37,155 [INFO] CodeEngine:335 - Generated code: /Users/kitton/STM32CubeIDE/MAD_LAB/Lab_07/Core/Inc/stm32f7xx_hal_conf.h
2024-09-12 15:00:37,173 [INFO] CodeEngine:255 - oldGeneratedFile, /Users/kitton/STM32CubeIDE/MAD_LAB/Lab_07/Core/Inc/main.h_save
2024-09-12 15:00:37,216 [INFO] CodeEngine:279 - Generated code: /Users/kitton/STM32CubeIDE/MAD_LAB/Lab_07/Core/Inc/main.h
2024-09-12 15:00:37,219 [INFO] CodeEngine:255 - oldGeneratedFile, /Users/kitton/STM32CubeIDE/MAD_LAB/Lab_07/Core/Src/main.c_save
2024-09-12 15:00:37,275 [INFO] CodeEngine:279 - Generated code: /Users/kitton/STM32CubeIDE/MAD_LAB/Lab_07/Core/Src/main.c
2024-09-12 15:00:37,625 [INFO] ProjectBuilder:3249 - Time for Copy HAL[1] : 61mS.
2024-09-12 15:00:37,631 [INFO] ProjectBuilder:4828 - Project Generator version: 4.4.0-B60
2024-09-12 15:00:37,699 [INFO] ConfigFileManager:1531 - The Die is : DIE451
2024-09-12 15:00:38,368 [INFO] ProjectBuilder:5097 - Time for Generating toolchain IDE Files: 736mS.
2024-09-12 15:00:38,368 [INFO] ProjectBuilder:3107 - Time for Copy CMSIS : 0mS.
2024-09-12 15:00:38,369 [INFO] ProjectBuilder:3107 - Time for Copy CMSIS : 0mS.
2024-09-12 15:01:05,908 [INFO] Gpio:277 - dependency for GPIO [TIM2, USART3]
2024-09-12 15:01:22,881 [INFO] Gpio:277 - dependency for GPIO [TIM2, USART3]
2024-09-12 15:01:56,669 [INFO] UtilMem:75 - End SaveConfig() Used Memory: 526295128 Bytes (1071644672)
2024-09-12 15:01:56,767 [INFO] UtilMem:75 - End SaveConfig() Used Memory: 556703832 Bytes (1071644672)
2024-09-12 15:01:58,980 [INFO] UtilMem:75 - End SaveConfig() Used Memory: 612804696 Bytes (1071644672)
2024-09-12 15:01:59,310 [INFO] BlockDiagram:2766 - set Specific Code input for plugin: TIM1_8F77
2024-09-12 15:01:59,314 [INFO] BlockDiagram:2766 - set Specific Code input for plugin: SYS
2024-09-12 15:01:59,314 [INFO] BlockDiagram:2766 - set Specific Code input for plugin: RCC
2024-09-12 15:01:59,314 [INFO] BlockDiagram:2766 - set Specific Code input for plugin: NVIC
2024-09-12 15:01:59,314 [INFO] BlockDiagram:2766 - set Specific Code input for plugin: USART
2024-09-12 15:01:59,314 [INFO] BlockDiagram:2766 - set Specific Code input for plugin: CORTEX_M7
2024-09-12 15:01:59,318 [INFO] BlockDiagram:2766 - set Specific Code input for plugin: GPIO
2024-09-12 15:01:59,321 [INFO] CodeGenerator:807 - code generatio: config db path: /Applications/STM32CubeIDE.app/Contents/Eclipse/plugins/com.st.stm32cube.common.mx_6.12.0.202406281431//db/
2024-09-12 15:01:59,438 [INFO] CodeEngine:255 - oldGeneratedFile, /Users/kitton/STM32CubeIDE/MAD_LAB/Lab_07/MXTmpFiles/license.tmp_save
2024-09-12 15:01:59,541 [INFO] CodeEngine:279 - Generated code: /Users/kitton/STM32CubeIDE/MAD_LAB/Lab_07/MXTmpFiles/license.tmp
2024-09-12 15:01:59,551 [INFO] CodeEngine:255 - oldGeneratedFile, /Users/kitton/STM32CubeIDE/MAD_LAB/Lab_07/Core/Src/gpio.c_save
2024-09-12 15:01:59,601 [INFO] CodeEngine:279 - Generated code: /Users/kitton/STM32CubeIDE/MAD_LAB/Lab_07/Core/Src/gpio.c
2024-09-12 15:01:59,602 [INFO] CodeEngine:255 - oldGeneratedFile, /Users/kitton/STM32CubeIDE/MAD_LAB/Lab_07/Core/Inc/gpio.h_save
2024-09-12 15:01:59,638 [INFO] CodeEngine:279 - Generated code: /Users/kitton/STM32CubeIDE/MAD_LAB/Lab_07/Core/Inc/gpio.h
2024-09-12 15:01:59,698 [INFO] CodeEngine:255 - oldGeneratedFile, /Users/kitton/STM32CubeIDE/MAD_LAB/Lab_07/MXTmpFiles/cortex.tmp_save
2024-09-12 15:01:59,739 [INFO] CodeEngine:279 - Generated code: /Users/kitton/STM32CubeIDE/MAD_LAB/Lab_07/MXTmpFiles/cortex.tmp
2024-09-12 15:01:59,741 [INFO] CodeEngine:255 - oldGeneratedFile, /Users/kitton/STM32CubeIDE/MAD_LAB/Lab_07/Core/Src/tim.c_save
2024-09-12 15:01:59,796 [INFO] CodeEngine:279 - Generated code: /Users/kitton/STM32CubeIDE/MAD_LAB/Lab_07/Core/Src/tim.c
2024-09-12 15:01:59,797 [INFO] CodeEngine:255 - oldGeneratedFile, /Users/kitton/STM32CubeIDE/MAD_LAB/Lab_07/Core/Inc/tim.h_save
2024-09-12 15:01:59,834 [INFO] CodeEngine:279 - Generated code: /Users/kitton/STM32CubeIDE/MAD_LAB/Lab_07/Core/Inc/tim.h
2024-09-12 15:01:59,838 [INFO] CodeEngine:255 - oldGeneratedFile, /Users/kitton/STM32CubeIDE/MAD_LAB/Lab_07/Core/Src/usart.c_save
2024-09-12 15:01:59,889 [INFO] CodeEngine:279 - Generated code: /Users/kitton/STM32CubeIDE/MAD_LAB/Lab_07/Core/Src/usart.c
2024-09-12 15:01:59,894 [INFO] CodeEngine:255 - oldGeneratedFile, /Users/kitton/STM32CubeIDE/MAD_LAB/Lab_07/Core/Inc/usart.h_save
2024-09-12 15:01:59,930 [INFO] CodeEngine:279 - Generated code: /Users/kitton/STM32CubeIDE/MAD_LAB/Lab_07/Core/Inc/usart.h
2024-09-12 15:01:59,933 [INFO] CodeEngine:255 - oldGeneratedFile, /Users/kitton/STM32CubeIDE/MAD_LAB/Lab_07/Core/Src/stm32f7xx_it.c_save
2024-09-12 15:01:59,973 [INFO] CodeEngine:279 - Generated code: /Users/kitton/STM32CubeIDE/MAD_LAB/Lab_07/Core/Src/stm32f7xx_it.c
2024-09-12 15:01:59,974 [INFO] CodeEngine:255 - oldGeneratedFile, /Users/kitton/STM32CubeIDE/MAD_LAB/Lab_07/Core/Inc/stm32f7xx_it.h_save
2024-09-12 15:02:00,010 [INFO] CodeEngine:279 - Generated code: /Users/kitton/STM32CubeIDE/MAD_LAB/Lab_07/Core/Inc/stm32f7xx_it.h
2024-09-12 15:02:00,015 [INFO] CodeEngine:255 - oldGeneratedFile, /Users/kitton/STM32CubeIDE/MAD_LAB/Lab_07/Core/Src/stm32f7xx_hal_msp.c_save
2024-09-12 15:02:00,070 [INFO] CodeEngine:279 - Generated code: /Users/kitton/STM32CubeIDE/MAD_LAB/Lab_07/Core/Src/stm32f7xx_hal_msp.c
2024-09-12 15:02:00,071 [INFO] CodeEngine:255 - oldGeneratedFile, /Users/kitton/STM32CubeIDE/MAD_LAB/Lab_07/MXTmpFiles/system.tmp_save
2024-09-12 15:02:00,108 [INFO] CodeEngine:279 - Generated code: /Users/kitton/STM32CubeIDE/MAD_LAB/Lab_07/MXTmpFiles/system.tmp
2024-09-12 15:02:00,110 [INFO] CodeEngine:311 - oldGeneratedFile, /Users/kitton/STM32CubeIDE/MAD_LAB/Lab_07/Core/Inc/stm32f7xx_hal_conf.h_save
2024-09-12 15:02:00,155 [INFO] CodeEngine:335 - Generated code: /Users/kitton/STM32CubeIDE/MAD_LAB/Lab_07/Core/Inc/stm32f7xx_hal_conf.h
2024-09-12 15:02:00,169 [INFO] CodeEngine:255 - oldGeneratedFile, /Users/kitton/STM32CubeIDE/MAD_LAB/Lab_07/Core/Inc/main.h_save
2024-09-12 15:02:00,208 [INFO] CodeEngine:279 - Generated code: /Users/kitton/STM32CubeIDE/MAD_LAB/Lab_07/Core/Inc/main.h
2024-09-12 15:02:00,209 [INFO] CodeEngine:255 - oldGeneratedFile, /Users/kitton/STM32CubeIDE/MAD_LAB/Lab_07/Core/Src/main.c_save
2024-09-12 15:02:00,274 [INFO] CodeEngine:279 - Generated code: /Users/kitton/STM32CubeIDE/MAD_LAB/Lab_07/Core/Src/main.c
2024-09-12 15:02:00,408 [INFO] ProjectBuilder:3249 - Time for Copy HAL[1] : 39mS.
2024-09-12 15:02:00,410 [INFO] ProjectBuilder:4828 - Project Generator version: 4.4.0-B60
2024-09-12 15:02:00,472 [INFO] ConfigFileManager:1531 - The Die is : DIE451
2024-09-12 15:02:00,979 [INFO] ProjectBuilder:5097 - Time for Generating toolchain IDE Files: 569mS.
2024-09-12 15:02:00,979 [INFO] ProjectBuilder:3107 - Time for Copy CMSIS : 0mS.
2024-09-12 15:02:00,981 [INFO] ProjectBuilder:3107 - Time for Copy CMSIS : 1mS.
2024-09-12 15:06:56,863 [INFO] UtilMem:75 - End SaveConfig() Used Memory: 610160528 Bytes (1071644672)
2024-09-12 15:06:57,007 [INFO] UtilMem:75 - End SaveConfig() Used Memory: 642140048 Bytes (1071644672)
2024-09-12 15:06:58,910 [INFO] UtilMem:75 - End SaveConfig() Used Memory: 697714576 Bytes (1071644672)
2024-09-12 15:06:59,018 [INFO] BlockDiagram:2766 - set Specific Code input for plugin: TIM1_8F77
2024-09-12 15:06:59,018 [INFO] BlockDiagram:2766 - set Specific Code input for plugin: SYS
2024-09-12 15:06:59,018 [INFO] BlockDiagram:2766 - set Specific Code input for plugin: RCC
2024-09-12 15:06:59,018 [INFO] BlockDiagram:2766 - set Specific Code input for plugin: NVIC
2024-09-12 15:06:59,018 [INFO] BlockDiagram:2766 - set Specific Code input for plugin: USART
2024-09-12 15:06:59,018 [INFO] BlockDiagram:2766 - set Specific Code input for plugin: CORTEX_M7
2024-09-12 15:06:59,019 [INFO] BlockDiagram:2766 - set Specific Code input for plugin: GPIO
2024-09-12 15:06:59,020 [INFO] CodeGenerator:807 - code generatio: config db path: /Applications/STM32CubeIDE.app/Contents/Eclipse/plugins/com.st.stm32cube.common.mx_6.12.0.202406281431//db/
2024-09-12 15:06:59,321 [INFO] CodeEngine:255 - oldGeneratedFile, /Users/kitton/STM32CubeIDE/MAD_LAB/Lab_07/MXTmpFiles/license.tmp_save
2024-09-12 15:06:59,433 [INFO] CodeEngine:279 - Generated code: /Users/kitton/STM32CubeIDE/MAD_LAB/Lab_07/MXTmpFiles/license.tmp
2024-09-12 15:06:59,445 [INFO] CodeEngine:255 - oldGeneratedFile, /Users/kitton/STM32CubeIDE/MAD_LAB/Lab_07/Core/Src/gpio.c_save
2024-09-12 15:06:59,494 [INFO] CodeEngine:279 - Generated code: /Users/kitton/STM32CubeIDE/MAD_LAB/Lab_07/Core/Src/gpio.c
2024-09-12 15:06:59,496 [INFO] CodeEngine:255 - oldGeneratedFile, /Users/kitton/STM32CubeIDE/MAD_LAB/Lab_07/Core/Inc/gpio.h_save
2024-09-12 15:06:59,533 [INFO] CodeEngine:279 - Generated code: /Users/kitton/STM32CubeIDE/MAD_LAB/Lab_07/Core/Inc/gpio.h
2024-09-12 15:06:59,619 [INFO] CodeEngine:255 - oldGeneratedFile, /Users/kitton/STM32CubeIDE/MAD_LAB/Lab_07/MXTmpFiles/cortex.tmp_save
2024-09-12 15:06:59,659 [INFO] CodeEngine:279 - Generated code: /Users/kitton/STM32CubeIDE/MAD_LAB/Lab_07/MXTmpFiles/cortex.tmp
2024-09-12 15:06:59,663 [INFO] CodeEngine:255 - oldGeneratedFile, /Users/kitton/STM32CubeIDE/MAD_LAB/Lab_07/Core/Src/tim.c_save
2024-09-12 15:06:59,720 [INFO] CodeEngine:279 - Generated code: /Users/kitton/STM32CubeIDE/MAD_LAB/Lab_07/Core/Src/tim.c
2024-09-12 15:06:59,721 [INFO] CodeEngine:255 - oldGeneratedFile, /Users/kitton/STM32CubeIDE/MAD_LAB/Lab_07/Core/Inc/tim.h_save
2024-09-12 15:06:59,760 [INFO] CodeEngine:279 - Generated code: /Users/kitton/STM32CubeIDE/MAD_LAB/Lab_07/Core/Inc/tim.h
2024-09-12 15:06:59,762 [INFO] CodeEngine:255 - oldGeneratedFile, /Users/kitton/STM32CubeIDE/MAD_LAB/Lab_07/Core/Src/usart.c_save
2024-09-12 15:06:59,812 [INFO] CodeEngine:279 - Generated code: /Users/kitton/STM32CubeIDE/MAD_LAB/Lab_07/Core/Src/usart.c
2024-09-12 15:06:59,813 [INFO] CodeEngine:255 - oldGeneratedFile, /Users/kitton/STM32CubeIDE/MAD_LAB/Lab_07/Core/Inc/usart.h_save
2024-09-12 15:06:59,849 [INFO] CodeEngine:279 - Generated code: /Users/kitton/STM32CubeIDE/MAD_LAB/Lab_07/Core/Inc/usart.h
2024-09-12 15:06:59,853 [INFO] CodeEngine:255 - oldGeneratedFile, /Users/kitton/STM32CubeIDE/MAD_LAB/Lab_07/Core/Src/stm32f7xx_it.c_save
2024-09-12 15:06:59,895 [INFO] CodeEngine:279 - Generated code: /Users/kitton/STM32CubeIDE/MAD_LAB/Lab_07/Core/Src/stm32f7xx_it.c
2024-09-12 15:06:59,896 [INFO] CodeEngine:255 - oldGeneratedFile, /Users/kitton/STM32CubeIDE/MAD_LAB/Lab_07/Core/Inc/stm32f7xx_it.h_save
2024-09-12 15:06:59,932 [INFO] CodeEngine:279 - Generated code: /Users/kitton/STM32CubeIDE/MAD_LAB/Lab_07/Core/Inc/stm32f7xx_it.h
2024-09-12 15:06:59,940 [INFO] CodeEngine:255 - oldGeneratedFile, /Users/kitton/STM32CubeIDE/MAD_LAB/Lab_07/Core/Src/stm32f7xx_hal_msp.c_save
2024-09-12 15:06:59,991 [INFO] CodeEngine:279 - Generated code: /Users/kitton/STM32CubeIDE/MAD_LAB/Lab_07/Core/Src/stm32f7xx_hal_msp.c
2024-09-12 15:06:59,992 [INFO] CodeEngine:255 - oldGeneratedFile, /Users/kitton/STM32CubeIDE/MAD_LAB/Lab_07/MXTmpFiles/system.tmp_save
2024-09-12 15:07:00,027 [INFO] CodeEngine:279 - Generated code: /Users/kitton/STM32CubeIDE/MAD_LAB/Lab_07/MXTmpFiles/system.tmp
2024-09-12 15:07:00,034 [INFO] CodeEngine:311 - oldGeneratedFile, /Users/kitton/STM32CubeIDE/MAD_LAB/Lab_07/Core/Inc/stm32f7xx_hal_conf.h_save
2024-09-12 15:07:00,077 [INFO] CodeEngine:335 - Generated code: /Users/kitton/STM32CubeIDE/MAD_LAB/Lab_07/Core/Inc/stm32f7xx_hal_conf.h
2024-09-12 15:07:00,091 [INFO] CodeEngine:255 - oldGeneratedFile, /Users/kitton/STM32CubeIDE/MAD_LAB/Lab_07/Core/Inc/main.h_save
2024-09-12 15:07:00,135 [INFO] CodeEngine:279 - Generated code: /Users/kitton/STM32CubeIDE/MAD_LAB/Lab_07/Core/Inc/main.h
2024-09-12 15:07:00,137 [INFO] CodeEngine:255 - oldGeneratedFile, /Users/kitton/STM32CubeIDE/MAD_LAB/Lab_07/Core/Src/main.c_save
2024-09-12 15:07:00,192 [INFO] CodeEngine:279 - Generated code: /Users/kitton/STM32CubeIDE/MAD_LAB/Lab_07/Core/Src/main.c
2024-09-12 15:07:00,360 [INFO] ProjectBuilder:3249 - Time for Copy HAL[1] : 53mS.
2024-09-12 15:07:00,361 [INFO] ProjectBuilder:4828 - Project Generator version: 4.4.0-B60
2024-09-12 15:07:00,412 [INFO] ConfigFileManager:1531 - The Die is : DIE451
2024-09-12 15:07:00,904 [INFO] ProjectBuilder:5097 - Time for Generating toolchain IDE Files: 543mS.
2024-09-12 15:07:00,905 [INFO] ProjectBuilder:3107 - Time for Copy CMSIS : 0mS.
2024-09-12 15:07:00,905 [INFO] ProjectBuilder:3107 - Time for Copy CMSIS : 0mS.
2024-09-12 15:16:59,793 [INFO] UtilMem:75 - End SaveConfig() Used Memory: 862145888 Bytes (1073741824)
2024-09-12 15:16:59,905 [INFO] UtilMem:75 - End SaveConfig() Used Memory: 894586272 Bytes (1073741824)
2024-09-12 15:17:00,060 [INFO] UtilMem:75 - End SaveConfig() Used Memory: 931867664 Bytes (1073741824)
2024-09-12 15:17:00,149 [INFO] BlockDiagram:2766 - set Specific Code input for plugin: TIM1_8F77
2024-09-12 15:17:00,149 [INFO] BlockDiagram:2766 - set Specific Code input for plugin: SYS
2024-09-12 15:17:00,149 [INFO] BlockDiagram:2766 - set Specific Code input for plugin: RCC
2024-09-12 15:17:00,149 [INFO] BlockDiagram:2766 - set Specific Code input for plugin: NVIC
2024-09-12 15:17:00,149 [INFO] BlockDiagram:2766 - set Specific Code input for plugin: USART
2024-09-12 15:17:00,149 [INFO] BlockDiagram:2766 - set Specific Code input for plugin: CORTEX_M7
2024-09-12 15:17:00,150 [INFO] BlockDiagram:2766 - set Specific Code input for plugin: GPIO
2024-09-12 15:17:00,150 [INFO] CodeGenerator:807 - code generatio: config db path: /Applications/STM32CubeIDE.app/Contents/Eclipse/plugins/com.st.stm32cube.common.mx_6.12.0.202406281431//db/
2024-09-12 15:17:00,269 [INFO] CodeEngine:255 - oldGeneratedFile, /Users/kitton/STM32CubeIDE/MAD_LAB/Lab_07/MXTmpFiles/license.tmp_save
2024-09-12 15:17:00,458 [INFO] CodeEngine:279 - Generated code: /Users/kitton/STM32CubeIDE/MAD_LAB/Lab_07/MXTmpFiles/license.tmp
2024-09-12 15:17:00,492 [INFO] CodeEngine:255 - oldGeneratedFile, /Users/kitton/STM32CubeIDE/MAD_LAB/Lab_07/Core/Src/gpio.c_save
2024-09-12 15:17:00,543 [INFO] CodeEngine:279 - Generated code: /Users/kitton/STM32CubeIDE/MAD_LAB/Lab_07/Core/Src/gpio.c
2024-09-12 15:17:00,544 [INFO] CodeEngine:255 - oldGeneratedFile, /Users/kitton/STM32CubeIDE/MAD_LAB/Lab_07/Core/Inc/gpio.h_save
2024-09-12 15:17:00,579 [INFO] CodeEngine:279 - Generated code: /Users/kitton/STM32CubeIDE/MAD_LAB/Lab_07/Core/Inc/gpio.h
2024-09-12 15:17:00,671 [INFO] CodeEngine:255 - oldGeneratedFile, /Users/kitton/STM32CubeIDE/MAD_LAB/Lab_07/MXTmpFiles/cortex.tmp_save
2024-09-12 15:17:00,710 [INFO] CodeEngine:279 - Generated code: /Users/kitton/STM32CubeIDE/MAD_LAB/Lab_07/MXTmpFiles/cortex.tmp
2024-09-12 15:17:00,713 [INFO] CodeEngine:255 - oldGeneratedFile, /Users/kitton/STM32CubeIDE/MAD_LAB/Lab_07/Core/Src/tim.c_save
2024-09-12 15:17:00,794 [INFO] CodeEngine:279 - Generated code: /Users/kitton/STM32CubeIDE/MAD_LAB/Lab_07/Core/Src/tim.c
2024-09-12 15:17:00,797 [INFO] CodeEngine:255 - oldGeneratedFile, /Users/kitton/STM32CubeIDE/MAD_LAB/Lab_07/Core/Inc/tim.h_save
2024-09-12 15:17:00,838 [INFO] CodeEngine:279 - Generated code: /Users/kitton/STM32CubeIDE/MAD_LAB/Lab_07/Core/Inc/tim.h
2024-09-12 15:17:00,840 [INFO] CodeEngine:255 - oldGeneratedFile, /Users/kitton/STM32CubeIDE/MAD_LAB/Lab_07/Core/Src/usart.c_save
2024-09-12 15:17:00,896 [INFO] CodeEngine:279 - Generated code: /Users/kitton/STM32CubeIDE/MAD_LAB/Lab_07/Core/Src/usart.c
2024-09-12 15:17:00,897 [INFO] CodeEngine:255 - oldGeneratedFile, /Users/kitton/STM32CubeIDE/MAD_LAB/Lab_07/Core/Inc/usart.h_save
2024-09-12 15:17:00,937 [INFO] CodeEngine:279 - Generated code: /Users/kitton/STM32CubeIDE/MAD_LAB/Lab_07/Core/Inc/usart.h
2024-09-12 15:17:00,945 [INFO] CodeEngine:255 - oldGeneratedFile, /Users/kitton/STM32CubeIDE/MAD_LAB/Lab_07/Core/Src/stm32f7xx_it.c_save
2024-09-12 15:17:00,994 [INFO] CodeEngine:279 - Generated code: /Users/kitton/STM32CubeIDE/MAD_LAB/Lab_07/Core/Src/stm32f7xx_it.c
2024-09-12 15:17:00,995 [INFO] CodeEngine:255 - oldGeneratedFile, /Users/kitton/STM32CubeIDE/MAD_LAB/Lab_07/Core/Inc/stm32f7xx_it.h_save
2024-09-12 15:17:01,034 [INFO] CodeEngine:279 - Generated code: /Users/kitton/STM32CubeIDE/MAD_LAB/Lab_07/Core/Inc/stm32f7xx_it.h
2024-09-12 15:17:01,039 [INFO] CodeEngine:255 - oldGeneratedFile, /Users/kitton/STM32CubeIDE/MAD_LAB/Lab_07/Core/Src/stm32f7xx_hal_msp.c_save
2024-09-12 15:17:01,093 [INFO] CodeEngine:279 - Generated code: /Users/kitton/STM32CubeIDE/MAD_LAB/Lab_07/Core/Src/stm32f7xx_hal_msp.c
2024-09-12 15:17:01,094 [INFO] CodeEngine:255 - oldGeneratedFile, /Users/kitton/STM32CubeIDE/MAD_LAB/Lab_07/MXTmpFiles/system.tmp_save
2024-09-12 15:17:01,130 [INFO] CodeEngine:279 - Generated code: /Users/kitton/STM32CubeIDE/MAD_LAB/Lab_07/MXTmpFiles/system.tmp
2024-09-12 15:17:01,133 [INFO] CodeEngine:311 - oldGeneratedFile, /Users/kitton/STM32CubeIDE/MAD_LAB/Lab_07/Core/Inc/stm32f7xx_hal_conf.h_save
2024-09-12 15:17:01,176 [INFO] CodeEngine:335 - Generated code: /Users/kitton/STM32CubeIDE/MAD_LAB/Lab_07/Core/Inc/stm32f7xx_hal_conf.h
2024-09-12 15:17:01,192 [INFO] CodeEngine:255 - oldGeneratedFile, /Users/kitton/STM32CubeIDE/MAD_LAB/Lab_07/Core/Inc/main.h_save
2024-09-12 15:17:01,232 [INFO] CodeEngine:279 - Generated code: /Users/kitton/STM32CubeIDE/MAD_LAB/Lab_07/Core/Inc/main.h
2024-09-12 15:17:01,233 [INFO] CodeEngine:255 - oldGeneratedFile, /Users/kitton/STM32CubeIDE/MAD_LAB/Lab_07/Core/Src/main.c_save
2024-09-12 15:17:01,295 [INFO] CodeEngine:279 - Generated code: /Users/kitton/STM32CubeIDE/MAD_LAB/Lab_07/Core/Src/main.c
2024-09-12 15:17:01,488 [INFO] ProjectBuilder:3249 - Time for Copy HAL[1] : 54mS.
2024-09-12 15:17:01,490 [INFO] ProjectBuilder:4828 - Project Generator version: 4.4.0-B60
2024-09-12 15:17:01,539 [INFO] ConfigFileManager:1531 - The Die is : DIE451
2024-09-12 15:17:02,190 [INFO] ProjectBuilder:5097 - Time for Generating toolchain IDE Files: 700mS.
2024-09-12 15:17:02,190 [INFO] ProjectBuilder:3107 - Time for Copy CMSIS : 0mS.
2024-09-12 15:17:02,191 [INFO] ProjectBuilder:3107 - Time for Copy CMSIS : 0mS.
2024-09-12 15:19:08,334 [INFO] UtilMem:75 - End SaveConfig() Used Memory: 407408296 Bytes (1073741824)
2024-09-12 15:19:08,506 [INFO] UtilMem:75 - End SaveConfig() Used Memory: 439291344 Bytes (1073741824)
2024-09-12 15:19:10,422 [INFO] UtilMem:75 - End SaveConfig() Used Memory: 543138648 Bytes (1073741824)
2024-09-12 15:19:10,723 [INFO] BlockDiagram:2766 - set Specific Code input for plugin: TIM1_8F77
2024-09-12 15:19:10,727 [INFO] BlockDiagram:2766 - set Specific Code input for plugin: SYS
2024-09-12 15:19:10,727 [INFO] BlockDiagram:2766 - set Specific Code input for plugin: RCC
2024-09-12 15:19:10,727 [INFO] BlockDiagram:2766 - set Specific Code input for plugin: NVIC
2024-09-12 15:19:10,727 [INFO] BlockDiagram:2766 - set Specific Code input for plugin: USART
2024-09-12 15:19:10,727 [INFO] BlockDiagram:2766 - set Specific Code input for plugin: CORTEX_M7
2024-09-12 15:19:10,732 [INFO] BlockDiagram:2766 - set Specific Code input for plugin: GPIO
2024-09-12 15:19:10,734 [INFO] CodeGenerator:807 - code generatio: config db path: /Applications/STM32CubeIDE.app/Contents/Eclipse/plugins/com.st.stm32cube.common.mx_6.12.0.202406281431//db/
2024-09-12 15:19:10,865 [INFO] CodeEngine:255 - oldGeneratedFile, /Users/kitton/STM32CubeIDE/MAD_LAB/Lab_07/MXTmpFiles/license.tmp_save
2024-09-12 15:19:10,953 [INFO] CodeEngine:279 - Generated code: /Users/kitton/STM32CubeIDE/MAD_LAB/Lab_07/MXTmpFiles/license.tmp
2024-09-12 15:19:10,974 [INFO] CodeEngine:255 - oldGeneratedFile, /Users/kitton/STM32CubeIDE/MAD_LAB/Lab_07/Core/Src/gpio.c_save
2024-09-12 15:19:11,021 [INFO] CodeEngine:279 - Generated code: /Users/kitton/STM32CubeIDE/MAD_LAB/Lab_07/Core/Src/gpio.c
2024-09-12 15:19:11,022 [INFO] CodeEngine:255 - oldGeneratedFile, /Users/kitton/STM32CubeIDE/MAD_LAB/Lab_07/Core/Inc/gpio.h_save
2024-09-12 15:19:11,059 [INFO] CodeEngine:279 - Generated code: /Users/kitton/STM32CubeIDE/MAD_LAB/Lab_07/Core/Inc/gpio.h
2024-09-12 15:19:11,131 [INFO] CodeEngine:255 - oldGeneratedFile, /Users/kitton/STM32CubeIDE/MAD_LAB/Lab_07/MXTmpFiles/cortex.tmp_save
2024-09-12 15:19:11,172 [INFO] CodeEngine:279 - Generated code: /Users/kitton/STM32CubeIDE/MAD_LAB/Lab_07/MXTmpFiles/cortex.tmp
2024-09-12 15:19:11,174 [INFO] CodeEngine:255 - oldGeneratedFile, /Users/kitton/STM32CubeIDE/MAD_LAB/Lab_07/Core/Src/tim.c_save
2024-09-12 15:19:11,232 [INFO] CodeEngine:279 - Generated code: /Users/kitton/STM32CubeIDE/MAD_LAB/Lab_07/Core/Src/tim.c
2024-09-12 15:19:11,233 [INFO] CodeEngine:255 - oldGeneratedFile, /Users/kitton/STM32CubeIDE/MAD_LAB/Lab_07/Core/Inc/tim.h_save
2024-09-12 15:19:11,270 [INFO] CodeEngine:279 - Generated code: /Users/kitton/STM32CubeIDE/MAD_LAB/Lab_07/Core/Inc/tim.h
2024-09-12 15:19:11,272 [INFO] CodeEngine:255 - oldGeneratedFile, /Users/kitton/STM32CubeIDE/MAD_LAB/Lab_07/Core/Src/usart.c_save
2024-09-12 15:19:11,321 [INFO] CodeEngine:279 - Generated code: /Users/kitton/STM32CubeIDE/MAD_LAB/Lab_07/Core/Src/usart.c
2024-09-12 15:19:11,322 [INFO] CodeEngine:255 - oldGeneratedFile, /Users/kitton/STM32CubeIDE/MAD_LAB/Lab_07/Core/Inc/usart.h_save
2024-09-12 15:19:11,356 [INFO] CodeEngine:279 - Generated code: /Users/kitton/STM32CubeIDE/MAD_LAB/Lab_07/Core/Inc/usart.h
2024-09-12 15:19:11,363 [INFO] CodeEngine:255 - oldGeneratedFile, /Users/kitton/STM32CubeIDE/MAD_LAB/Lab_07/Core/Src/stm32f7xx_it.c_save
2024-09-12 15:19:11,401 [INFO] CodeEngine:279 - Generated code: /Users/kitton/STM32CubeIDE/MAD_LAB/Lab_07/Core/Src/stm32f7xx_it.c
2024-09-12 15:19:11,402 [INFO] CodeEngine:255 - oldGeneratedFile, /Users/kitton/STM32CubeIDE/MAD_LAB/Lab_07/Core/Inc/stm32f7xx_it.h_save
2024-09-12 15:19:11,437 [INFO] CodeEngine:279 - Generated code: /Users/kitton/STM32CubeIDE/MAD_LAB/Lab_07/Core/Inc/stm32f7xx_it.h
2024-09-12 15:19:11,441 [INFO] CodeEngine:255 - oldGeneratedFile, /Users/kitton/STM32CubeIDE/MAD_LAB/Lab_07/Core/Src/stm32f7xx_hal_msp.c_save
2024-09-12 15:19:11,492 [INFO] CodeEngine:279 - Generated code: /Users/kitton/STM32CubeIDE/MAD_LAB/Lab_07/Core/Src/stm32f7xx_hal_msp.c
2024-09-12 15:19:11,492 [INFO] CodeEngine:255 - oldGeneratedFile, /Users/kitton/STM32CubeIDE/MAD_LAB/Lab_07/MXTmpFiles/system.tmp_save
2024-09-12 15:19:11,527 [INFO] CodeEngine:279 - Generated code: /Users/kitton/STM32CubeIDE/MAD_LAB/Lab_07/MXTmpFiles/system.tmp
2024-09-12 15:19:11,529 [INFO] CodeEngine:311 - oldGeneratedFile, /Users/kitton/STM32CubeIDE/MAD_LAB/Lab_07/Core/Inc/stm32f7xx_hal_conf.h_save
2024-09-12 15:19:11,571 [INFO] CodeEngine:335 - Generated code: /Users/kitton/STM32CubeIDE/MAD_LAB/Lab_07/Core/Inc/stm32f7xx_hal_conf.h
2024-09-12 15:19:11,591 [INFO] CodeEngine:255 - oldGeneratedFile, /Users/kitton/STM32CubeIDE/MAD_LAB/Lab_07/Core/Inc/main.h_save
2024-09-12 15:19:11,641 [INFO] CodeEngine:279 - Generated code: /Users/kitton/STM32CubeIDE/MAD_LAB/Lab_07/Core/Inc/main.h
2024-09-12 15:19:11,642 [INFO] CodeEngine:255 - oldGeneratedFile, /Users/kitton/STM32CubeIDE/MAD_LAB/Lab_07/Core/Src/main.c_save
2024-09-12 15:19:11,697 [INFO] CodeEngine:279 - Generated code: /Users/kitton/STM32CubeIDE/MAD_LAB/Lab_07/Core/Src/main.c
2024-09-12 15:19:11,823 [INFO] ProjectBuilder:3249 - Time for Copy HAL[1] : 27mS.
2024-09-12 15:19:11,826 [INFO] ProjectBuilder:4828 - Project Generator version: 4.4.0-B60
2024-09-12 15:19:11,875 [INFO] ConfigFileManager:1531 - The Die is : DIE451
2024-09-12 15:19:12,367 [INFO] ProjectBuilder:5097 - Time for Generating toolchain IDE Files: 541mS.
2024-09-12 15:19:12,367 [INFO] ProjectBuilder:3107 - Time for Copy CMSIS : 0mS.
2024-09-12 15:19:12,368 [INFO] ProjectBuilder:3107 - Time for Copy CMSIS : 0mS.
2024-09-12 15:37:53,504 [INFO] UtilMem:75 - End SaveConfig() Used Memory: 613143416 Bytes (1073741824)
2024-09-12 15:37:53,642 [INFO] UtilMem:75 - End SaveConfig() Used Memory: 644078456 Bytes (1073741824)
2024-09-12 15:37:55,199 [INFO] UtilMem:75 - End SaveConfig() Used Memory: 698604408 Bytes (1073741824)
2024-09-12 15:37:55,302 [INFO] BlockDiagram:2766 - set Specific Code input for plugin: TIM1_8F77
2024-09-12 15:37:55,302 [INFO] BlockDiagram:2766 - set Specific Code input for plugin: SYS
2024-09-12 15:37:55,302 [INFO] BlockDiagram:2766 - set Specific Code input for plugin: RCC
2024-09-12 15:37:55,302 [INFO] BlockDiagram:2766 - set Specific Code input for plugin: NVIC
2024-09-12 15:37:55,302 [INFO] BlockDiagram:2766 - set Specific Code input for plugin: USART
2024-09-12 15:37:55,302 [INFO] BlockDiagram:2766 - set Specific Code input for plugin: CORTEX_M7
2024-09-12 15:37:55,302 [INFO] BlockDiagram:2766 - set Specific Code input for plugin: GPIO
2024-09-12 15:37:55,303 [INFO] CodeGenerator:807 - code generatio: config db path: /Applications/STM32CubeIDE.app/Contents/Eclipse/plugins/com.st.stm32cube.common.mx_6.12.0.202406281431//db/
2024-09-12 15:37:55,388 [INFO] CodeEngine:255 - oldGeneratedFile, /Users/kitton/STM32CubeIDE/MAD_LAB/Lab_07/MXTmpFiles/license.tmp_save
2024-09-12 15:37:55,471 [INFO] CodeEngine:279 - Generated code: /Users/kitton/STM32CubeIDE/MAD_LAB/Lab_07/MXTmpFiles/license.tmp
2024-09-12 15:37:55,500 [INFO] CodeEngine:255 - oldGeneratedFile, /Users/kitton/STM32CubeIDE/MAD_LAB/Lab_07/Core/Src/gpio.c_save
2024-09-12 15:37:55,556 [INFO] CodeEngine:279 - Generated code: /Users/kitton/STM32CubeIDE/MAD_LAB/Lab_07/Core/Src/gpio.c
2024-09-12 15:37:55,557 [INFO] CodeEngine:255 - oldGeneratedFile, /Users/kitton/STM32CubeIDE/MAD_LAB/Lab_07/Core/Inc/gpio.h_save
2024-09-12 15:37:55,595 [INFO] CodeEngine:279 - Generated code: /Users/kitton/STM32CubeIDE/MAD_LAB/Lab_07/Core/Inc/gpio.h
2024-09-12 15:37:55,671 [INFO] CodeEngine:255 - oldGeneratedFile, /Users/kitton/STM32CubeIDE/MAD_LAB/Lab_07/MXTmpFiles/cortex.tmp_save
2024-09-12 15:37:55,723 [INFO] CodeEngine:279 - Generated code: /Users/kitton/STM32CubeIDE/MAD_LAB/Lab_07/MXTmpFiles/cortex.tmp
2024-09-12 15:37:55,726 [INFO] CodeEngine:255 - oldGeneratedFile, /Users/kitton/STM32CubeIDE/MAD_LAB/Lab_07/Core/Src/tim.c_save
2024-09-12 15:37:55,787 [INFO] CodeEngine:279 - Generated code: /Users/kitton/STM32CubeIDE/MAD_LAB/Lab_07/Core/Src/tim.c
2024-09-12 15:37:55,789 [INFO] CodeEngine:255 - oldGeneratedFile, /Users/kitton/STM32CubeIDE/MAD_LAB/Lab_07/Core/Inc/tim.h_save
2024-09-12 15:37:55,826 [INFO] CodeEngine:279 - Generated code: /Users/kitton/STM32CubeIDE/MAD_LAB/Lab_07/Core/Inc/tim.h
2024-09-12 15:37:55,831 [INFO] CodeEngine:255 - oldGeneratedFile, /Users/kitton/STM32CubeIDE/MAD_LAB/Lab_07/Core/Src/usart.c_save
2024-09-12 15:37:55,884 [INFO] CodeEngine:279 - Generated code: /Users/kitton/STM32CubeIDE/MAD_LAB/Lab_07/Core/Src/usart.c
2024-09-12 15:37:55,885 [INFO] CodeEngine:255 - oldGeneratedFile, /Users/kitton/STM32CubeIDE/MAD_LAB/Lab_07/Core/Inc/usart.h_save
2024-09-12 15:37:55,922 [INFO] CodeEngine:279 - Generated code: /Users/kitton/STM32CubeIDE/MAD_LAB/Lab_07/Core/Inc/usart.h
2024-09-12 15:37:55,929 [INFO] CodeEngine:255 - oldGeneratedFile, /Users/kitton/STM32CubeIDE/MAD_LAB/Lab_07/Core/Src/stm32f7xx_it.c_save
2024-09-12 15:37:56,012 [INFO] CodeEngine:279 - Generated code: /Users/kitton/STM32CubeIDE/MAD_LAB/Lab_07/Core/Src/stm32f7xx_it.c
2024-09-12 15:37:56,014 [INFO] CodeEngine:255 - oldGeneratedFile, /Users/kitton/STM32CubeIDE/MAD_LAB/Lab_07/Core/Inc/stm32f7xx_it.h_save
2024-09-12 15:37:56,050 [INFO] CodeEngine:279 - Generated code: /Users/kitton/STM32CubeIDE/MAD_LAB/Lab_07/Core/Inc/stm32f7xx_it.h
2024-09-12 15:37:56,055 [INFO] CodeEngine:255 - oldGeneratedFile, /Users/kitton/STM32CubeIDE/MAD_LAB/Lab_07/Core/Src/stm32f7xx_hal_msp.c_save
2024-09-12 15:37:56,107 [INFO] CodeEngine:279 - Generated code: /Users/kitton/STM32CubeIDE/MAD_LAB/Lab_07/Core/Src/stm32f7xx_hal_msp.c
2024-09-12 15:37:56,109 [INFO] CodeEngine:255 - oldGeneratedFile, /Users/kitton/STM32CubeIDE/MAD_LAB/Lab_07/MXTmpFiles/system.tmp_save
2024-09-12 15:37:56,144 [INFO] CodeEngine:279 - Generated code: /Users/kitton/STM32CubeIDE/MAD_LAB/Lab_07/MXTmpFiles/system.tmp
2024-09-12 15:37:56,150 [INFO] CodeEngine:311 - oldGeneratedFile, /Users/kitton/STM32CubeIDE/MAD_LAB/Lab_07/Core/Inc/stm32f7xx_hal_conf.h_save
2024-09-12 15:37:56,193 [INFO] CodeEngine:335 - Generated code: /Users/kitton/STM32CubeIDE/MAD_LAB/Lab_07/Core/Inc/stm32f7xx_hal_conf.h
2024-09-12 15:37:56,206 [INFO] CodeEngine:255 - oldGeneratedFile, /Users/kitton/STM32CubeIDE/MAD_LAB/Lab_07/Core/Inc/main.h_save
2024-09-12 15:37:56,256 [INFO] CodeEngine:279 - Generated code: /Users/kitton/STM32CubeIDE/MAD_LAB/Lab_07/Core/Inc/main.h
2024-09-12 15:37:56,257 [INFO] CodeEngine:255 - oldGeneratedFile, /Users/kitton/STM32CubeIDE/MAD_LAB/Lab_07/Core/Src/main.c_save
2024-09-12 15:37:56,318 [INFO] CodeEngine:279 - Generated code: /Users/kitton/STM32CubeIDE/MAD_LAB/Lab_07/Core/Src/main.c
2024-09-12 15:37:56,626 [INFO] ProjectBuilder:3249 - Time for Copy HAL[1] : 53mS.
2024-09-12 15:37:56,631 [INFO] ProjectBuilder:4828 - Project Generator version: 4.4.0-B60
2024-09-12 15:37:56,717 [INFO] ConfigFileManager:1531 - The Die is : DIE451
2024-09-12 15:37:57,362 [INFO] ProjectBuilder:5097 - Time for Generating toolchain IDE Files: 731mS.
2024-09-12 15:37:57,364 [INFO] ProjectBuilder:3107 - Time for Copy CMSIS : 0mS.
2024-09-12 15:37:57,365 [INFO] ProjectBuilder:3107 - Time for Copy CMSIS : 0mS.
2024-09-12 15:37:57,613 [INFO] NvicIntPanel:101 - NVIC parent = com.st.microxplorer.plugins.ip.nvic.MultiNvicIntPanel[,0,0,0x0,invalid,layout=javax.swing.BoxLayout,alignmentX=0.0,alignmentY=0.0,border=,flags=9,maximumSize=,minimumSize=,preferredSize=]
2024-09-12 15:38:10,011 [INFO] UtilMem:75 - End SaveConfig() Used Memory: 448786320 Bytes (1073741824)
2024-09-12 15:38:10,128 [INFO] UtilMem:75 - End SaveConfig() Used Memory: 480850992 Bytes (1073741824)
2024-09-12 15:38:13,797 [INFO] UtilMem:75 - End SaveConfig() Used Memory: 541142064 Bytes (1073741824)
2024-09-12 15:38:13,888 [INFO] BlockDiagram:2766 - set Specific Code input for plugin: TIM1_8F77
2024-09-12 15:38:13,888 [INFO] BlockDiagram:2766 - set Specific Code input for plugin: SYS
2024-09-12 15:38:13,888 [INFO] BlockDiagram:2766 - set Specific Code input for plugin: RCC
2024-09-12 15:38:13,888 [INFO] BlockDiagram:2766 - set Specific Code input for plugin: NVIC
2024-09-12 15:38:13,888 [INFO] BlockDiagram:2766 - set Specific Code input for plugin: USART
2024-09-12 15:38:13,888 [INFO] BlockDiagram:2766 - set Specific Code input for plugin: CORTEX_M7
2024-09-12 15:38:13,888 [INFO] BlockDiagram:2766 - set Specific Code input for plugin: GPIO
2024-09-12 15:38:13,890 [INFO] CodeGenerator:807 - code generatio: config db path: /Applications/STM32CubeIDE.app/Contents/Eclipse/plugins/com.st.stm32cube.common.mx_6.12.0.202406281431//db/
2024-09-12 15:38:13,965 [INFO] CodeEngine:255 - oldGeneratedFile, /Users/kitton/STM32CubeIDE/MAD_LAB/Lab_07/MXTmpFiles/license.tmp_save
2024-09-12 15:38:14,022 [INFO] CodeEngine:279 - Generated code: /Users/kitton/STM32CubeIDE/MAD_LAB/Lab_07/MXTmpFiles/license.tmp
2024-09-12 15:38:14,036 [INFO] CodeEngine:255 - oldGeneratedFile, /Users/kitton/STM32CubeIDE/MAD_LAB/Lab_07/Core/Src/gpio.c_save
2024-09-12 15:38:14,085 [INFO] CodeEngine:279 - Generated code: /Users/kitton/STM32CubeIDE/MAD_LAB/Lab_07/Core/Src/gpio.c
2024-09-12 15:38:14,086 [INFO] CodeEngine:255 - oldGeneratedFile, /Users/kitton/STM32CubeIDE/MAD_LAB/Lab_07/Core/Inc/gpio.h_save
2024-09-12 15:38:14,121 [INFO] CodeEngine:279 - Generated code: /Users/kitton/STM32CubeIDE/MAD_LAB/Lab_07/Core/Inc/gpio.h
2024-09-12 15:38:14,182 [INFO] CodeEngine:255 - oldGeneratedFile, /Users/kitton/STM32CubeIDE/MAD_LAB/Lab_07/MXTmpFiles/cortex.tmp_save
2024-09-12 15:38:14,219 [INFO] CodeEngine:279 - Generated code: /Users/kitton/STM32CubeIDE/MAD_LAB/Lab_07/MXTmpFiles/cortex.tmp
2024-09-12 15:38:14,221 [INFO] CodeEngine:255 - oldGeneratedFile, /Users/kitton/STM32CubeIDE/MAD_LAB/Lab_07/Core/Src/tim.c_save
2024-09-12 15:38:14,278 [INFO] CodeEngine:279 - Generated code: /Users/kitton/STM32CubeIDE/MAD_LAB/Lab_07/Core/Src/tim.c
2024-09-12 15:38:14,279 [INFO] CodeEngine:255 - oldGeneratedFile, /Users/kitton/STM32CubeIDE/MAD_LAB/Lab_07/Core/Inc/tim.h_save
2024-09-12 15:38:14,315 [INFO] CodeEngine:279 - Generated code: /Users/kitton/STM32CubeIDE/MAD_LAB/Lab_07/Core/Inc/tim.h
2024-09-12 15:38:14,317 [INFO] CodeEngine:255 - oldGeneratedFile, /Users/kitton/STM32CubeIDE/MAD_LAB/Lab_07/Core/Src/usart.c_save
2024-09-12 15:38:14,366 [INFO] CodeEngine:279 - Generated code: /Users/kitton/STM32CubeIDE/MAD_LAB/Lab_07/Core/Src/usart.c
2024-09-12 15:38:14,367 [INFO] CodeEngine:255 - oldGeneratedFile, /Users/kitton/STM32CubeIDE/MAD_LAB/Lab_07/Core/Inc/usart.h_save
2024-09-12 15:38:14,403 [INFO] CodeEngine:279 - Generated code: /Users/kitton/STM32CubeIDE/MAD_LAB/Lab_07/Core/Inc/usart.h
2024-09-12 15:38:14,407 [INFO] CodeEngine:255 - oldGeneratedFile, /Users/kitton/STM32CubeIDE/MAD_LAB/Lab_07/Core/Src/stm32f7xx_it.c_save
2024-09-12 15:38:14,446 [INFO] CodeEngine:279 - Generated code: /Users/kitton/STM32CubeIDE/MAD_LAB/Lab_07/Core/Src/stm32f7xx_it.c
2024-09-12 15:38:14,448 [INFO] CodeEngine:255 - oldGeneratedFile, /Users/kitton/STM32CubeIDE/MAD_LAB/Lab_07/Core/Inc/stm32f7xx_it.h_save
2024-09-12 15:38:14,483 [INFO] CodeEngine:279 - Generated code: /Users/kitton/STM32CubeIDE/MAD_LAB/Lab_07/Core/Inc/stm32f7xx_it.h
2024-09-12 15:38:14,488 [INFO] CodeEngine:255 - oldGeneratedFile, /Users/kitton/STM32CubeIDE/MAD_LAB/Lab_07/Core/Src/stm32f7xx_hal_msp.c_save
2024-09-12 15:38:14,539 [INFO] CodeEngine:279 - Generated code: /Users/kitton/STM32CubeIDE/MAD_LAB/Lab_07/Core/Src/stm32f7xx_hal_msp.c
2024-09-12 15:38:14,541 [INFO] CodeEngine:255 - oldGeneratedFile, /Users/kitton/STM32CubeIDE/MAD_LAB/Lab_07/MXTmpFiles/system.tmp_save
2024-09-12 15:38:14,576 [INFO] CodeEngine:279 - Generated code: /Users/kitton/STM32CubeIDE/MAD_LAB/Lab_07/MXTmpFiles/system.tmp
2024-09-12 15:38:14,579 [INFO] CodeEngine:311 - oldGeneratedFile, /Users/kitton/STM32CubeIDE/MAD_LAB/Lab_07/Core/Inc/stm32f7xx_hal_conf.h_save
2024-09-12 15:38:14,638 [INFO] CodeEngine:335 - Generated code: /Users/kitton/STM32CubeIDE/MAD_LAB/Lab_07/Core/Inc/stm32f7xx_hal_conf.h
2024-09-12 15:38:14,649 [INFO] CodeEngine:255 - oldGeneratedFile, /Users/kitton/STM32CubeIDE/MAD_LAB/Lab_07/Core/Inc/main.h_save
2024-09-12 15:38:14,689 [INFO] CodeEngine:279 - Generated code: /Users/kitton/STM32CubeIDE/MAD_LAB/Lab_07/Core/Inc/main.h
2024-09-12 15:38:14,689 [INFO] CodeEngine:255 - oldGeneratedFile, /Users/kitton/STM32CubeIDE/MAD_LAB/Lab_07/Core/Src/main.c_save
2024-09-12 15:38:14,754 [INFO] CodeEngine:279 - Generated code: /Users/kitton/STM32CubeIDE/MAD_LAB/Lab_07/Core/Src/main.c
2024-09-12 15:38:15,028 [INFO] ProjectBuilder:3249 - Time for Copy HAL[1] : 30mS.
2024-09-12 15:38:15,034 [INFO] ProjectBuilder:4828 - Project Generator version: 4.4.0-B60
2024-09-12 15:38:15,118 [INFO] ConfigFileManager:1531 - The Die is : DIE451
2024-09-12 15:38:15,655 [INFO] ProjectBuilder:5097 - Time for Generating toolchain IDE Files: 621mS.
2024-09-12 15:38:15,656 [INFO] ProjectBuilder:3107 - Time for Copy CMSIS : 0mS.
2024-09-12 15:38:15,656 [INFO] ProjectBuilder:3107 - Time for Copy CMSIS : 0mS.
2024-09-12 15:54:12,606 [INFO] UtilMem:75 - End SaveConfig() Used Memory: 521812544 Bytes (1073741824)
2024-09-12 15:54:12,711 [INFO] UtilMem:75 - End SaveConfig() Used Memory: 553121528 Bytes (1073741824)
2024-09-12 15:54:15,639 [INFO] UtilMem:75 - End SaveConfig() Used Memory: 616992696 Bytes (1073741824)
2024-09-12 15:54:15,766 [INFO] BlockDiagram:2766 - set Specific Code input for plugin: TIM1_8F77
2024-09-12 15:54:15,767 [INFO] BlockDiagram:2766 - set Specific Code input for plugin: SYS
2024-09-12 15:54:15,767 [INFO] BlockDiagram:2766 - set Specific Code input for plugin: RCC
2024-09-12 15:54:15,767 [INFO] BlockDiagram:2766 - set Specific Code input for plugin: NVIC
2024-09-12 15:54:15,767 [INFO] BlockDiagram:2766 - set Specific Code input for plugin: USART
2024-09-12 15:54:15,767 [INFO] BlockDiagram:2766 - set Specific Code input for plugin: CORTEX_M7
2024-09-12 15:54:15,768 [INFO] BlockDiagram:2766 - set Specific Code input for plugin: GPIO
2024-09-12 15:54:15,769 [INFO] CodeGenerator:807 - code generatio: config db path: /Applications/STM32CubeIDE.app/Contents/Eclipse/plugins/com.st.stm32cube.common.mx_6.12.0.202406281431//db/
2024-09-12 15:54:16,044 [INFO] CodeEngine:255 - oldGeneratedFile, /Users/kitton/STM32CubeIDE/MAD_LAB/Lab_07/MXTmpFiles/license.tmp_save
2024-09-12 15:54:16,219 [INFO] CodeEngine:279 - Generated code: /Users/kitton/STM32CubeIDE/MAD_LAB/Lab_07/MXTmpFiles/license.tmp
2024-09-12 15:54:16,259 [INFO] CodeEngine:255 - oldGeneratedFile, /Users/kitton/STM32CubeIDE/MAD_LAB/Lab_07/Core/Src/gpio.c_save
2024-09-12 15:54:16,324 [INFO] CodeEngine:279 - Generated code: /Users/kitton/STM32CubeIDE/MAD_LAB/Lab_07/Core/Src/gpio.c
2024-09-12 15:54:16,329 [INFO] CodeEngine:255 - oldGeneratedFile, /Users/kitton/STM32CubeIDE/MAD_LAB/Lab_07/Core/Inc/gpio.h_save
2024-09-12 15:54:16,366 [INFO] CodeEngine:279 - Generated code: /Users/kitton/STM32CubeIDE/MAD_LAB/Lab_07/Core/Inc/gpio.h
2024-09-12 15:54:16,441 [INFO] CodeEngine:255 - oldGeneratedFile, /Users/kitton/STM32CubeIDE/MAD_LAB/Lab_07/MXTmpFiles/cortex.tmp_save
2024-09-12 15:54:16,488 [INFO] CodeEngine:279 - Generated code: /Users/kitton/STM32CubeIDE/MAD_LAB/Lab_07/MXTmpFiles/cortex.tmp
2024-09-12 15:54:16,491 [INFO] CodeEngine:255 - oldGeneratedFile, /Users/kitton/STM32CubeIDE/MAD_LAB/Lab_07/Core/Src/tim.c_save
2024-09-12 15:54:16,549 [INFO] CodeEngine:279 - Generated code: /Users/kitton/STM32CubeIDE/MAD_LAB/Lab_07/Core/Src/tim.c
2024-09-12 15:54:16,551 [INFO] CodeEngine:255 - oldGeneratedFile, /Users/kitton/STM32CubeIDE/MAD_LAB/Lab_07/Core/Inc/tim.h_save
2024-09-12 15:54:16,587 [INFO] CodeEngine:279 - Generated code: /Users/kitton/STM32CubeIDE/MAD_LAB/Lab_07/Core/Inc/tim.h
2024-09-12 15:54:16,589 [INFO] CodeEngine:255 - oldGeneratedFile, /Users/kitton/STM32CubeIDE/MAD_LAB/Lab_07/Core/Src/usart.c_save
2024-09-12 15:54:16,642 [INFO] CodeEngine:279 - Generated code: /Users/kitton/STM32CubeIDE/MAD_LAB/Lab_07/Core/Src/usart.c
2024-09-12 15:54:16,643 [INFO] CodeEngine:255 - oldGeneratedFile, /Users/kitton/STM32CubeIDE/MAD_LAB/Lab_07/Core/Inc/usart.h_save
2024-09-12 15:54:16,698 [INFO] CodeEngine:279 - Generated code: /Users/kitton/STM32CubeIDE/MAD_LAB/Lab_07/Core/Inc/usart.h
2024-09-12 15:54:16,706 [INFO] CodeEngine:255 - oldGeneratedFile, /Users/kitton/STM32CubeIDE/MAD_LAB/Lab_07/Core/Src/stm32f7xx_it.c_save
2024-09-12 15:54:16,789 [INFO] CodeEngine:279 - Generated code: /Users/kitton/STM32CubeIDE/MAD_LAB/Lab_07/Core/Src/stm32f7xx_it.c
2024-09-12 15:54:16,792 [INFO] CodeEngine:255 - oldGeneratedFile, /Users/kitton/STM32CubeIDE/MAD_LAB/Lab_07/Core/Inc/stm32f7xx_it.h_save
2024-09-12 15:54:16,829 [INFO] CodeEngine:279 - Generated code: /Users/kitton/STM32CubeIDE/MAD_LAB/Lab_07/Core/Inc/stm32f7xx_it.h
2024-09-12 15:54:16,835 [INFO] CodeEngine:255 - oldGeneratedFile, /Users/kitton/STM32CubeIDE/MAD_LAB/Lab_07/Core/Src/stm32f7xx_hal_msp.c_save
2024-09-12 15:54:16,892 [INFO] CodeEngine:279 - Generated code: /Users/kitton/STM32CubeIDE/MAD_LAB/Lab_07/Core/Src/stm32f7xx_hal_msp.c
2024-09-12 15:54:16,893 [INFO] CodeEngine:255 - oldGeneratedFile, /Users/kitton/STM32CubeIDE/MAD_LAB/Lab_07/MXTmpFiles/system.tmp_save
2024-09-12 15:54:16,930 [INFO] CodeEngine:279 - Generated code: /Users/kitton/STM32CubeIDE/MAD_LAB/Lab_07/MXTmpFiles/system.tmp
2024-09-12 15:54:16,934 [INFO] CodeEngine:311 - oldGeneratedFile, /Users/kitton/STM32CubeIDE/MAD_LAB/Lab_07/Core/Inc/stm32f7xx_hal_conf.h_save
2024-09-12 15:54:16,975 [INFO] CodeEngine:335 - Generated code: /Users/kitton/STM32CubeIDE/MAD_LAB/Lab_07/Core/Inc/stm32f7xx_hal_conf.h
2024-09-12 15:54:16,988 [INFO] CodeEngine:255 - oldGeneratedFile, /Users/kitton/STM32CubeIDE/MAD_LAB/Lab_07/Core/Inc/main.h_save
2024-09-12 15:54:17,043 [INFO] CodeEngine:279 - Generated code: /Users/kitton/STM32CubeIDE/MAD_LAB/Lab_07/Core/Inc/main.h
2024-09-12 15:54:17,044 [INFO] CodeEngine:255 - oldGeneratedFile, /Users/kitton/STM32CubeIDE/MAD_LAB/Lab_07/Core/Src/main.c_save
2024-09-12 15:54:17,098 [INFO] CodeEngine:279 - Generated code: /Users/kitton/STM32CubeIDE/MAD_LAB/Lab_07/Core/Src/main.c
2024-09-12 15:54:17,288 [INFO] ProjectBuilder:3249 - Time for Copy HAL[1] : 53mS.
2024-09-12 15:54:17,290 [INFO] ProjectBuilder:4828 - Project Generator version: 4.4.0-B60
2024-09-12 15:54:17,338 [INFO] ConfigFileManager:1531 - The Die is : DIE451
2024-09-12 15:54:17,948 [INFO] ProjectBuilder:5097 - Time for Generating toolchain IDE Files: 658mS.
2024-09-12 15:54:17,948 [INFO] ProjectBuilder:3107 - Time for Copy CMSIS : 0mS.
2024-09-12 15:54:17,949 [INFO] ProjectBuilder:3107 - Time for Copy CMSIS : 0mS.
2024-09-12 16:17:07,037 [ERROR] LogOutputStream:75 - [STDERR_REDIRECT] 
2024-09-12 16:17:18,570 [INFO] Activator:176 - 


2024-09-12 16:17:18,572 [INFO] Activator:177 - !SESSION log4j initialized
2024-09-12 16:17:22,242 [ERROR] LogOutputStream:75 - [STDERR_REDIRECT] 
2024-09-12 16:17:22,920 [INFO] LogOutputStream:77 - [STDOUT_REDIRECT] 
2024-09-12 16:17:24,667 [INFO] LogOutputStream:77 - [STDOUT_REDIRECT] 
2024-09-12 16:17:25,561 [ERROR] LogOutputStream:75 - [STDERR_REDIRECT] [Fatal Error] :2:10: DOCTYPE is disallowed when the feature "http://apache.org/xml/features/disallow-doctype-decl" set to true.
2024-09-12 16:17:25,564 [ERROR] LogOutputStream:75 - [STDERR_REDIRECT] 
2024-09-12 16:17:26,761 [INFO] ApplicationProperties:184 - Using Application install path: /Applications/STM32CubeIDE.app/Contents/Eclipse/plugins/com.st.stm32cube.common.mx_6.12.0.202406281431
2024-09-12 16:17:26,771 [INFO] DbMcusXml:78 - Set database path to: /Applications/STM32CubeIDE.app/Contents/Eclipse/plugins/com.st.stm32cube.common.mx_6.12.0.202406281431//db//mcu/
2024-09-12 16:17:26,771 [INFO] ApiDb:274 - Set plugin database path to: /Applications/STM32CubeIDE.app/Contents/Eclipse/plugins/com.st.stm32cube.common.mx_6.12.0.202406281431//db//plugins/boardmanager/
2024-09-12 16:17:26,771 [WARN] ApiDb:259 - Overriding images path with different value:  => /Applications/STM32CubeIDE.app/Contents/Eclipse/plugins/com.st.stm32cube.common.mx_6.12.0.202406281431//db//plugins/mcufinder/images/
2024-09-12 16:17:26,781 [INFO] ApiDb:250 - Set database path to: /Users/kitton/.stmcufinder/plugins/mcufinder//mcu/
2024-09-12 16:17:26,782 [INFO] DbMcusAds:125 - Set database path to: /Users/kitton/.stmcufinder/plugins/mcufinder//mcu/
2024-09-12 16:17:26,783 [INFO] CrossReferenceDbSqlite:203 - Set database path to: /Users/kitton/.stmcufinder/plugins/mcufinder//mcu/cs/
2024-09-12 16:17:26,892 [INFO] RulesReader:64 - Compatibility file has been processed (297 Rules)
2024-09-12 16:17:26,933 [INFO] DbMcusXml:78 - Set database path to: /Applications/STM32CubeIDE.app/Contents/Eclipse/plugins/com.st.stm32cube.common.mx_6.12.0.202406281431//db//mcu/
2024-09-12 16:17:26,933 [INFO] ApiDb:274 - Set plugin database path to: /Applications/STM32CubeIDE.app/Contents/Eclipse/plugins/com.st.stm32cube.common.mx_6.12.0.202406281431//db//plugins/boardmanager/
2024-09-12 16:17:26,933 [INFO] ApiDb:261 - Set plugin images path to: /Applications/STM32CubeIDE.app/Contents/Eclipse/plugins/com.st.stm32cube.common.mx_6.12.0.202406281431//db//plugins/mcufinder/images/
2024-09-12 16:17:26,934 [WARN] DbFile:41 - Overriding database path with different value: /Users/kitton/.stmcufinder/plugins/mcufinder/ => /Users/kitton/.stmcufinder/plugins/mcufinder
2024-09-12 16:17:26,934 [INFO] ApiDb:250 - Set database path to: /Users/kitton/.stmcufinder/plugins/mcufinder//mcu/
2024-09-12 16:17:26,934 [WARN] DbFile:41 - Overriding database path with different value: /Users/kitton/.stmcufinder/plugins/mcufinder/ => /Users/kitton/.stmcufinder/plugins/mcufinder
2024-09-12 16:17:26,934 [INFO] DbMcusAds:125 - Set database path to: /Users/kitton/.stmcufinder/plugins/mcufinder//mcu/
2024-09-12 16:17:26,934 [WARN] DbFile:41 - Overriding database path with different value: /Users/kitton/.stmcufinder/plugins/mcufinder/ => /Users/kitton/.stmcufinder/plugins/mcufinder
2024-09-12 16:17:26,934 [WARN] DbFile:41 - Overriding database path with different value: /Users/kitton/.stmcufinder/plugins/mcufinder/ => /Users/kitton/.stmcufinder/plugins/mcufinder
2024-09-12 16:17:26,934 [INFO] CrossReferenceDbSqlite:203 - Set database path to: /Users/kitton/.stmcufinder/plugins/mcufinder//mcu/cs/
2024-09-12 16:17:26,998 [INFO] MainPanel:268 - HeapMemory: 292552704
2024-09-12 16:17:27,232 [INFO] DbMcusXml:78 - Set database path to: /Applications/STM32CubeIDE.app/Contents/Eclipse/plugins/com.st.stm32cube.common.mx_6.12.0.202406281431//db//mcu/
2024-09-12 16:17:27,232 [INFO] ApiDb:274 - Set plugin database path to: /Applications/STM32CubeIDE.app/Contents/Eclipse/plugins/com.st.stm32cube.common.mx_6.12.0.202406281431//db//plugins/boardmanager/
2024-09-12 16:17:27,232 [INFO] ApiDb:261 - Set plugin images path to: /Applications/STM32CubeIDE.app/Contents/Eclipse/plugins/com.st.stm32cube.common.mx_6.12.0.202406281431//db//plugins/mcufinder/images/
2024-09-12 16:17:27,232 [WARN] DbFile:41 - Overriding database path with different value: /Users/kitton/.stmcufinder/plugins/mcufinder/ => /Users/kitton/.stmcufinder/plugins/mcufinder
2024-09-12 16:17:27,232 [INFO] ApiDb:250 - Set database path to: /Users/kitton/.stmcufinder/plugins/mcufinder//mcu/
2024-09-12 16:17:27,232 [WARN] DbFile:41 - Overriding database path with different value: /Users/kitton/.stmcufinder/plugins/mcufinder/ => /Users/kitton/.stmcufinder/plugins/mcufinder
2024-09-12 16:17:27,233 [INFO] DbMcusAds:125 - Set database path to: /Users/kitton/.stmcufinder/plugins/mcufinder//mcu/
2024-09-12 16:17:27,233 [WARN] DbFile:41 - Overriding database path with different value: /Users/kitton/.stmcufinder/plugins/mcufinder/ => /Users/kitton/.stmcufinder/plugins/mcufinder
2024-09-12 16:17:27,233 [WARN] DbFile:41 - Overriding database path with different value: /Users/kitton/.stmcufinder/plugins/mcufinder/ => /Users/kitton/.stmcufinder/plugins/mcufinder
2024-09-12 16:17:27,233 [INFO] CrossReferenceDbSqlite:203 - Set database path to: /Users/kitton/.stmcufinder/plugins/mcufinder//mcu/cs/
2024-09-12 16:17:27,250 [INFO] ApplicationProperties:184 - Using Application install path: /Applications/STM32CubeIDE.app/Contents/Eclipse/plugins/com.st.stm32cube.common.mx_6.12.0.202406281431
2024-09-12 16:17:27,251 [INFO] PluginManage:196 - Search for loadable plugins [exclusion list=, ]
2024-09-12 16:17:27,253 [INFO] PluginManage:310 - Check plugin analytics
2024-09-12 16:17:27,464 [INFO] AnalyticsPlugin:253 - Accepted Software Licenses: 
2024-09-12 16:17:27,464 [INFO] AnalyticsPlugin:255 - Accepted CMSIS Pack Licenses: 
2024-09-12 16:17:27,464 [INFO] AnalyticsPlugin:257 - Accepted Firmware Licenses: FW.F7.1.17.0
2024-09-12 16:17:27,468 [INFO] PluginManage:359 - Loaded plugin analytics (category:tool,tabindex:-1)
2024-09-12 16:17:27,469 [INFO] PluginManage:310 - Check plugin cadmodel
2024-09-12 16:17:27,478 [INFO] CADModel:105 - Init CAD model plugin
2024-09-12 16:17:27,478 [INFO] PluginManage:359 - Loaded plugin cadmodel (category:power,tabindex:5)
2024-09-12 16:17:27,478 [INFO] PluginManage:310 - Check plugin clock
2024-09-12 16:17:27,486 [INFO] PluginManage:359 - Loaded plugin clock (category:base,tabindex:2)
2024-09-12 16:17:27,486 [INFO] PluginManage:310 - Check plugin ddr
2024-09-12 16:17:27,487 [INFO] PluginManage:359 - Loaded plugin ddr (category:tool,tabindex:6)
2024-09-12 16:17:27,487 [INFO] PluginManage:310 - Check plugin filemanager
2024-09-12 16:17:27,602 [INFO] PluginManage:359 - Loaded plugin filemanager (category:base,tabindex:10)
2024-09-12 16:17:27,603 [INFO] PluginManage:310 - Check plugin ipmanager
2024-09-12 16:17:27,608 [INFO] PluginManage:359 - Loaded plugin ipmanager (category:base,tabindex:5)
2024-09-12 16:17:27,608 [INFO] PluginManage:310 - Check plugin lpbam
2024-09-12 16:17:27,614 [INFO] PluginManage:359 - Loaded plugin lpbam (category:base,tabindex:0)
2024-09-12 16:17:27,614 [INFO] PluginManage:310 - Check plugin memorymap
2024-09-12 16:17:27,620 [INFO] PluginManage:359 - Loaded plugin memorymap (category:base,tabindex:4)
2024-09-12 16:17:27,620 [INFO] PluginManage:310 - Check plugin pinoutandconfiguration
2024-09-12 16:17:27,623 [INFO] PluginManage:359 - Loaded plugin pinoutandconfiguration (category:base,tabindex:1)
2024-09-12 16:17:27,623 [INFO] PluginManage:310 - Check plugin pinoutconfig
2024-09-12 16:17:27,733 [WARN] SupportedApi:132 - Cannot load RTOS API schema: s4s-elt-must-match.1: The content of 'definitions' must match (annotation?, (simpleType | complexType)?, (unique | key | keyref)*)). A problem was found starting at: attribute.
2024-09-12 16:17:27,953 [INFO] PluginManage:359 - Loaded plugin pinoutconfig (category:base,tabindex:0)
2024-09-12 16:17:27,955 [INFO] PluginManage:310 - Check plugin power
2024-09-12 16:17:27,979 [INFO] PluginManage:359 - Loaded plugin power (category:power,tabindex:4)
2024-09-12 16:17:27,979 [INFO] PluginManage:310 - Check plugin projectmanager
2024-09-12 16:17:28,024 [INFO] PluginManage:359 - Loaded plugin projectmanager (category:projectmanager,tabindex:4)
2024-09-12 16:17:28,025 [INFO] PluginManage:310 - Check plugin rif
2024-09-12 16:17:28,030 [INFO] PluginManage:359 - Loaded plugin rif (category:base,tabindex:3)
2024-09-12 16:17:28,031 [INFO] PluginManage:310 - Check plugin thirdparty
2024-09-12 16:17:28,310 [INFO] PluginManage:359 - Loaded plugin thirdparty (category:base,tabindex:-1)
2024-09-12 16:17:28,310 [WARN] IntegrityCheckThread:84 - waiting for thirdparty lock release [integrity check]
2024-09-12 16:17:28,313 [INFO] IntegrityCheckThread:86 - entering critical section [integrity check]
2024-09-12 16:17:28,313 [INFO] PluginManage:310 - Check plugin tools
2024-09-12 16:17:28,315 [INFO] ThirdPartyUpdaterWithRetryManager:70 - Updater plugin not ready yet. [1/15]
2024-09-12 16:17:28,319 [INFO] PluginManage:359 - Loaded plugin tools (category:base,tabindex:7)
2024-09-12 16:17:28,319 [INFO] PluginManage:310 - Check plugin tutovideos
2024-09-12 16:17:28,467 [INFO] PluginManage:359 - Loaded plugin tutovideos (category:base,tabindex:-1)
2024-09-12 16:17:28,467 [INFO] PluginManage:310 - Check plugin updater
2024-09-12 16:17:28,486 [INFO] PluginManage:359 - Loaded plugin updater (category:base,tabindex:12)
2024-09-12 16:17:28,486 [INFO] PluginManage:310 - Check plugin userauth
2024-09-12 16:17:28,492 [INFO] UserAuth:113 - Init User Auth plugin
2024-09-12 16:17:28,492 [INFO] PluginManage:359 - Loaded plugin userauth (category:base,tabindex:14)
2024-09-12 16:17:28,494 [INFO] PluginManage:283 - PluginManage : Loaded plugins [18]
2024-09-12 16:17:28,774 [INFO] PinOutPanel:1561 - setPackage(No Configuration,No Configuration)
2024-09-12 16:17:28,851 [INFO] CADModel:165 - CPN selected for project level
2024-09-12 16:17:28,852 [INFO] CADModel:114 - Register for checkConnection events
2024-09-12 16:17:28,861 [INFO] IPUIPlugin:80 - create IPUIPlugin
2024-09-12 16:17:28,862 [INFO] PluginManager:220 - loadIPPluginJar : add mdma
2024-09-12 16:17:28,867 [INFO] IPUIPlugin:80 - create IPUIPlugin
2024-09-12 16:17:28,867 [INFO] PluginManager:220 - loadIPPluginJar : add freertos
2024-09-12 16:17:28,870 [INFO] IPUIPlugin:80 - create IPUIPlugin
2024-09-12 16:17:28,870 [INFO] PluginManager:220 - loadIPPluginJar : add gic
2024-09-12 16:17:28,876 [INFO] IPUIPlugin:80 - create IPUIPlugin
2024-09-12 16:17:28,876 [INFO] PluginManager:220 - loadIPPluginJar : add adc
2024-09-12 16:17:28,878 [INFO] IPUIPlugin:80 - create IPUIPlugin
2024-09-12 16:17:28,878 [INFO] PluginManager:220 - loadIPPluginJar : add gtzc
2024-09-12 16:17:28,879 [INFO] IPUIPlugin:80 - create IPUIPlugin
2024-09-12 16:17:28,879 [INFO] PluginManager:220 - loadIPPluginJar : add quadspi
2024-09-12 16:17:28,879 [INFO] IPUIPlugin:80 - create IPUIPlugin
2024-09-12 16:17:28,879 [INFO] PluginManager:220 - loadIPPluginJar : add aes
2024-09-12 16:17:28,881 [INFO] IPUIPlugin:80 - create IPUIPlugin
2024-09-12 16:17:28,881 [INFO] PluginManager:220 - loadIPPluginJar : add pdm2pcm
2024-09-12 16:17:28,882 [INFO] IPUIPlugin:80 - create IPUIPlugin
2024-09-12 16:17:28,882 [INFO] PluginManager:220 - loadIPPluginJar : add hash
2024-09-12 16:17:28,883 [INFO] IPUIPlugin:80 - create IPUIPlugin
2024-09-12 16:17:28,883 [INFO] PluginManager:220 - loadIPPluginJar : add tim
2024-09-12 16:17:28,883 [INFO] IPUIPlugin:80 - create IPUIPlugin
2024-09-12 16:17:28,883 [INFO] PluginManager:220 - loadIPPluginJar : add tsc
2024-09-12 16:17:28,885 [INFO] IPUIPlugin:80 - create IPUIPlugin
2024-09-12 16:17:28,885 [INFO] PluginManager:220 - loadIPPluginJar : add extmemmanager
2024-09-12 16:17:28,886 [INFO] IPUIPlugin:80 - create IPUIPlugin
2024-09-12 16:17:28,886 [INFO] PluginManager:220 - loadIPPluginJar : add ts
2024-09-12 16:17:28,886 [INFO] IPUIPlugin:80 - create IPUIPlugin
2024-09-12 16:17:28,887 [INFO] PluginManager:220 - loadIPPluginJar : add radio
2024-09-12 16:17:28,887 [INFO] IPUIPlugin:80 - create IPUIPlugin
2024-09-12 16:17:28,887 [INFO] PluginManager:220 - loadIPPluginJar : add can
2024-09-12 16:17:28,889 [INFO] IPUIPlugin:80 - create IPUIPlugin
2024-09-12 16:17:28,889 [INFO] PluginManager:220 - loadIPPluginJar : add dma3
2024-09-12 16:17:28,891 [INFO] IPUIPlugin:80 - create IPUIPlugin
2024-09-12 16:17:28,891 [INFO] PluginManager:220 - loadIPPluginJar : add dfsdm
2024-09-12 16:17:28,891 [INFO] IPUIPlugin:80 - create IPUIPlugin
2024-09-12 16:17:28,892 [INFO] PluginManager:220 - loadIPPluginJar : add spi
2024-09-12 16:17:28,894 [INFO] IPUIPlugin:80 - create IPUIPlugin
2024-09-12 16:17:28,894 [INFO] PluginManager:220 - loadIPPluginJar : add gfxmmu
2024-09-12 16:17:28,895 [INFO] IPUIPlugin:80 - create IPUIPlugin
2024-09-12 16:17:28,895 [INFO] PluginManager:220 - loadIPPluginJar : add genericplugin
2024-09-12 16:17:28,896 [INFO] IPUIPlugin:80 - create IPUIPlugin
2024-09-12 16:17:28,897 [INFO] PluginManager:220 - loadIPPluginJar : add cryp
2024-09-12 16:17:28,899 [INFO] IPUIPlugin:80 - create IPUIPlugin
2024-09-12 16:17:28,899 [INFO] PluginManager:220 - loadIPPluginJar : add gpio
2024-09-12 16:17:28,901 [INFO] IPUIPlugin:80 - create IPUIPlugin
2024-09-12 16:17:28,901 [INFO] PluginManager:220 - loadIPPluginJar : add ddr_ctrl_phy
2024-09-12 16:17:28,902 [INFO] IPUIPlugin:80 - create IPUIPlugin
2024-09-12 16:17:28,902 [INFO] PluginManager:220 - loadIPPluginJar : add comp
2024-09-12 16:17:28,904 [INFO] IPUIPlugin:80 - create IPUIPlugin
2024-09-12 16:17:28,904 [INFO] PluginManager:220 - loadIPPluginJar : add tracer_emb
2024-09-12 16:17:28,905 [INFO] IPUIPlugin:80 - create IPUIPlugin
2024-09-12 16:17:28,905 [INFO] PluginManager:220 - loadIPPluginJar : add openamp
2024-09-12 16:17:28,907 [INFO] IPUIPlugin:80 - create IPUIPlugin
2024-09-12 16:17:28,907 [INFO] PluginManager:220 - loadIPPluginJar : add stm32_wpan
2024-09-12 16:17:28,910 [INFO] IPUIPlugin:80 - create IPUIPlugin
2024-09-12 16:17:28,912 [INFO] PluginManager:220 - loadIPPluginJar : add plateformsettings
2024-09-12 16:17:28,916 [INFO] IPUIPlugin:80 - create IPUIPlugin
2024-09-12 16:17:28,916 [INFO] PluginManager:220 - loadIPPluginJar : add ipddr
2024-09-12 16:17:28,917 [INFO] IPUIPlugin:80 - create IPUIPlugin
2024-09-12 16:17:28,917 [INFO] PluginManager:220 - loadIPPluginJar : add usart
2024-09-12 16:17:28,918 [INFO] IPUIPlugin:80 - create IPUIPlugin
2024-09-12 16:17:28,918 [INFO] PluginManager:220 - loadIPPluginJar : add ltdc
2024-09-12 16:17:28,920 [INFO] IPUIPlugin:80 - create IPUIPlugin
2024-09-12 16:17:28,920 [INFO] PluginManager:220 - loadIPPluginJar : add nvic
2024-09-12 16:17:28,920 [INFO] IPUIPlugin:80 - create IPUIPlugin
2024-09-12 16:17:28,920 [INFO] PluginManager:220 - loadIPPluginJar : add fatfs
2024-09-12 16:17:28,923 [INFO] IPUIPlugin:80 - create IPUIPlugin
2024-09-12 16:17:28,925 [INFO] PluginManager:220 - loadIPPluginJar : add linkedlist
2024-09-12 16:17:28,928 [INFO] IPUIPlugin:80 - create IPUIPlugin
2024-09-12 16:17:28,928 [INFO] PluginManager:220 - loadIPPluginJar : add dma
2024-09-12 16:17:28,931 [INFO] IPUIPlugin:80 - create IPUIPlugin
2024-09-12 16:17:28,931 [INFO] PluginManager:220 - loadIPPluginJar : add fmc
2024-09-12 16:17:28,932 [INFO] IPUIPlugin:80 - create IPUIPlugin
2024-09-12 16:17:28,932 [INFO] PluginManager:220 - loadIPPluginJar : add i2s
2024-09-12 16:17:28,933 [INFO] IPUIPlugin:80 - create IPUIPlugin
2024-09-12 16:17:28,933 [INFO] PluginManager:220 - loadIPPluginJar : add ucpd
2024-09-12 16:17:28,934 [INFO] IPUIPlugin:80 - create IPUIPlugin
2024-09-12 16:17:28,934 [INFO] PluginManager:220 - loadIPPluginJar : add lorawan
2024-09-12 16:17:28,936 [INFO] IPUIPlugin:80 - create IPUIPlugin
2024-09-12 16:17:28,936 [INFO] PluginManager:220 - loadIPPluginJar : add opamp
2024-09-12 16:17:28,937 [INFO] IPUIPlugin:80 - create IPUIPlugin
2024-09-12 16:17:28,937 [INFO] PluginManager:220 - loadIPPluginJar : add i3c
2024-09-12 16:17:28,940 [INFO] IPUIPlugin:80 - create IPUIPlugin
2024-09-12 16:17:28,943 [INFO] PluginManager:220 - loadIPPluginJar : add touchsensing
2024-09-12 16:17:28,945 [INFO] IPUIPlugin:80 - create IPUIPlugin
2024-09-12 16:17:28,946 [INFO] PluginManager:220 - loadIPPluginJar : add i2c
2024-09-12 16:17:28,947 [INFO] IPUIPlugin:80 - create IPUIPlugin
2024-09-12 16:17:28,947 [INFO] PluginManager:220 - loadIPPluginJar : add resmgrutility
2024-09-12 16:17:28,949 [INFO] IPUIPlugin:80 - create IPUIPlugin
2024-09-12 16:17:28,949 [INFO] PluginManager:220 - loadIPPluginJar : add sai
2024-09-12 16:17:28,951 [INFO] IPUIPlugin:80 - create IPUIPlugin
2024-09-12 16:17:28,951 [INFO] PluginManager:220 - loadIPPluginJar : add usbx
2024-09-12 16:17:29,096 [INFO] CADModel:165 - CPN selected for project level
2024-09-12 16:17:29,097 [INFO] CADModel:114 - Register for checkConnection events
2024-09-12 16:17:29,098 [FATAL] Updater:334 - Updater called before beeing initialized
2024-09-12 16:17:29,098 [ERROR] CADModel:125 - Updater not yet initialized, retry later 
2024-09-12 16:17:29,643 [INFO] CADModel:165 - CPN selected for project level
2024-09-12 16:17:29,644 [INFO] CADModel:114 - Register for checkConnection events
2024-09-12 16:17:29,644 [FATAL] Updater:334 - Updater called before beeing initialized
2024-09-12 16:17:29,644 [ERROR] CADModel:125 - Updater not yet initialized, retry later 
2024-09-12 16:17:29,646 [FATAL] Updater:334 - Updater called before beeing initialized
2024-09-12 16:17:29,860 [FATAL] Updater:334 - Updater called before beeing initialized
2024-09-12 16:17:29,865 [INFO] DbMcusAds:53 - JSON generation date=Thu May 16 16:22:00 ICT 2024 (1715851320667)
2024-09-12 16:17:29,866 [FATAL] Updater:334 - Updater called before beeing initialized
2024-09-12 16:17:29,929 [WARN] DetailPanel:346 - Failed to get advertising image, set to default
2024-09-12 16:17:30,150 [FATAL] Updater:334 - Updater called before beeing initialized
2024-09-12 16:17:30,158 [FATAL] Updater:334 - Updater called before beeing initialized
2024-09-12 16:17:30,158 [FATAL] Updater:334 - Updater called before beeing initialized
2024-09-12 16:17:30,159 [WARN] DetailPanel:346 - Failed to get advertising image, set to default
2024-09-12 16:17:30,168 [FATAL] Updater:334 - Updater called before beeing initialized
2024-09-12 16:17:30,345 [ERROR] Updater:1164 - MainUpdater not yet initialized. External WinMGr cannot be set.
2024-09-12 16:17:30,353 [INFO] Updater:1100 - Updater Version found : 6.12.0
2024-09-12 16:17:30,364 [INFO] ApplicationProperties:184 - Using Application install path: /Applications/STM32CubeIDE.app/Contents/Eclipse/plugins/com.st.stm32cube.common.mx_6.12.0.202406281431
2024-09-12 16:17:30,820 [INFO] MainUpdater:2873 - connection check result : 10
2024-09-12 16:17:30,822 [INFO] MainUpdater:290 - Updater Check For Update Now.
2024-09-12 16:17:30,822 [INFO] MicroXplorer:498 - Change Database Version : DB.6.0.120
2024-09-12 16:17:30,830 [INFO] McuFinderGlobals:63 - Set McuFinder mode to 2 (CubeIDE integrated)
2024-09-12 16:17:30,830 [INFO] UserAuth:417 - Internet connection configuration mode: 1
2024-09-12 16:17:30,840 [INFO] JxBrowserEngine:152 - Initiate JxBrowser Engine with user profile folder
2024-09-12 16:17:31,055 [INFO] CheckServerUpdateThread:120 - End of CheckServer Thread
2024-09-12 16:17:31,451 [WARN] PackLoader:240 - Cannot read IP mode file for STMicroelectronics.FP-SNS-MOTENVWB1.1.4.0
2024-09-12 16:17:31,472 [WARN] PackLoader:240 - Cannot read IP mode file for STMicroelectronics.X-CUBE-SMBUS.2.1.0
2024-09-12 16:17:31,556 [WARN] PackLoader:240 - Cannot read IP mode file for STMicroelectronics.X-CUBE-AZRTOS-F7.1.1.0
2024-09-12 16:17:31,705 [WARN] PackLoader:240 - Cannot read IP mode file for STMicroelectronics.X-CUBE-MEMS1.11.0.0
2024-09-12 16:17:31,868 [WARN] PackLoader:240 - Cannot read IP mode file for STMicroelectronics.FP-SNS-FLIGHT1.5.0.2
2024-09-12 16:17:31,883 [WARN] PackLoader:240 - Cannot read IP mode file for STMicroelectronics.X-CUBE-DISPLAY.3.0.0
2024-09-12 16:17:31,910 [WARN] PackLoader:240 - Cannot read IP mode file for STMicroelectronics.X-CUBE-BLE1.7.0.0
2024-09-12 16:17:31,991 [WARN] PackLoader:240 - Cannot read IP mode file for emotas.I-CUBE-CANOPEN.1.3.0
2024-09-12 16:17:32,055 [WARN] PackLoader:240 - Cannot read IP mode file for STMicroelectronics.X-CUBE-BLEMGR.3.1.0
2024-09-12 16:17:32,072 [WARN] PackLoader:240 - Cannot read IP mode file for STMicroelectronics.FP-SNS-SMARTAG2.1.2.0
2024-09-12 16:17:32,085 [INFO] LogOutputStream:77 - [STDOUT_REDIRECT] 1 : Invalid condition id : UX_CORESTACK_Condition cause : null
2024-09-12 16:17:32,087 [INFO] LogOutputStream:77 - [STDOUT_REDIRECT] 1 : Invalid condition id : UX_CORESTACK_Condition cause : null
2024-09-12 16:17:32,087 [INFO] LogOutputStream:77 - [STDOUT_REDIRECT] 1 : Invalid condition id : UX_CORESTACK_Condition cause : null
2024-09-12 16:17:32,088 [INFO] LogOutputStream:77 - [STDOUT_REDIRECT] 1 : Invalid condition id : UX_CORESTACK_Condition cause : null
2024-09-12 16:17:32,088 [INFO] LogOutputStream:77 - [STDOUT_REDIRECT] 1 : Invalid condition id : UX_CORESTACK_Condition cause : null
2024-09-12 16:17:32,095 [WARN] PackLoader:240 - Cannot read IP mode file for STMicroelectronics.X-CUBE-AZRTOS-WL.2.0.0
2024-09-12 16:17:32,103 [WARN] PackLoader:240 - Cannot read IP mode file for STMicroelectronics.FP-SNS-MOTENV1.5.0.0
2024-09-12 16:17:32,107 [WARN] PackLoader:240 - Cannot read IP mode file for wolfSSL.I-CUBE-wolfMQTT.1.19.0
2024-09-12 16:17:32,116 [WARN] PackLoader:240 - Cannot read IP mode file for WES.I-CUBE-Cesium.1.3.0
2024-09-12 16:17:32,120 [WARN] PackLoader:240 - Cannot read IP mode file for STMicroelectronics.X-CUBE-BLE2.3.3.0
2024-09-12 16:17:32,126 [WARN] PackLoader:240 - Cannot read IP mode file for STMicroelectronics.X-CUBE-TCPP.4.1.0
2024-09-12 16:17:32,152 [WARN] PackLoader:240 - Cannot read IP mode file for STMicroelectronics.X-CUBE-AZRTOS-G0.1.1.0
2024-09-12 16:17:32,171 [WARN] PackLoader:240 - Cannot read IP mode file for STMicroelectronics.X-CUBE-SAFEA1.1.2.2
2024-09-12 16:17:32,178 [WARN] PackLoader:240 - Cannot read IP mode file for STMicroelectronics.X-CUBE-NFC4.3.0.0
2024-09-12 16:17:32,195 [WARN] PackLoader:240 - Cannot read IP mode file for EmbeddedOffice.I-CUBE-FS-RTOS.1.0.1
2024-09-12 16:17:32,197 [ERROR] ConditionMgr:805 - Attr not supported : Dmpu
2024-09-12 16:17:32,198 [ERROR] ConditionMgr:805 - Attr not supported : Dmpu
2024-09-12 16:17:32,198 [ERROR] ConditionMgr:805 - Attr not supported : Dmpu
2024-09-12 16:17:32,198 [ERROR] ConditionMgr:805 - Attr not supported : Dmpu
2024-09-12 16:17:32,198 [ERROR] ConditionMgr:805 - Attr not supported : Dmpu
2024-09-12 16:17:32,198 [ERROR] ConditionMgr:805 - Attr not supported : Dmpu
2024-09-12 16:17:32,198 [ERROR] ConditionMgr:805 - Attr not supported : Dmpu
2024-09-12 16:17:32,198 [ERROR] ConditionMgr:805 - Attr not supported : Dmpu
2024-09-12 16:17:32,198 [ERROR] ConditionMgr:805 - Attr not supported : Dmpu
2024-09-12 16:17:32,198 [ERROR] ConditionMgr:805 - Attr not supported : Dmpu
2024-09-12 16:17:32,198 [ERROR] ConditionMgr:805 - Attr not supported : Dmpu
2024-09-12 16:17:32,198 [ERROR] ConditionMgr:805 - Attr not supported : Dmpu
2024-09-12 16:17:32,198 [ERROR] ConditionMgr:805 - Attr not supported : Dmpu
2024-09-12 16:17:32,199 [ERROR] ConditionMgr:805 - Attr not supported : Dmpu
2024-09-12 16:17:32,199 [ERROR] ConditionMgr:805 - Attr not supported : Dmpu
2024-09-12 16:17:32,199 [ERROR] ConditionMgr:805 - Attr not supported : Dmpu
2024-09-12 16:17:32,199 [ERROR] ConditionMgr:805 - Attr not supported : Dmpu
2024-09-12 16:17:32,199 [ERROR] ConditionMgr:805 - Attr not supported : Dmpu
2024-09-12 16:17:32,199 [ERROR] ConditionMgr:805 - Attr not supported : Dmpu
2024-09-12 16:17:32,199 [ERROR] ConditionMgr:805 - Attr not supported : Dmpu
2024-09-12 16:17:32,199 [ERROR] ConditionMgr:805 - Attr not supported : Dmpu
2024-09-12 16:17:32,199 [ERROR] ConditionMgr:805 - Attr not supported : Dmpu
2024-09-12 16:17:32,199 [ERROR] ConditionMgr:805 - Attr not supported : Dmpu
2024-09-12 16:17:32,199 [ERROR] ConditionMgr:805 - Attr not supported : Dmpu
2024-09-12 16:17:32,199 [ERROR] ConditionMgr:805 - Attr not supported : Dmpu
2024-09-12 16:17:32,200 [ERROR] ConditionMgr:805 - Attr not supported : Dmpu
2024-09-12 16:17:32,200 [ERROR] ConditionMgr:805 - Attr not supported : Dmpu
2024-09-12 16:17:32,200 [ERROR] ConditionMgr:805 - Attr not supported : Dmpu
2024-09-12 16:17:32,200 [ERROR] ConditionMgr:805 - Attr not supported : Dmpu
2024-09-12 16:17:32,200 [ERROR] ConditionMgr:805 - Attr not supported : Dmpu
2024-09-12 16:17:32,200 [ERROR] ConditionMgr:805 - Attr not supported : Dmpu
2024-09-12 16:17:32,200 [ERROR] ConditionMgr:805 - Attr not supported : Dmpu
2024-09-12 16:17:32,200 [ERROR] ConditionMgr:805 - Attr not supported : Dmpu
2024-09-12 16:17:32,200 [ERROR] ConditionMgr:805 - Attr not supported : Dmpu
2024-09-12 16:17:32,200 [ERROR] ConditionMgr:805 - Attr not supported : Dmpu
2024-09-12 16:17:32,201 [ERROR] ConditionMgr:805 - Attr not supported : Dmpu
2024-09-12 16:17:32,202 [ERROR] ConditionMgr:805 - Attr not supported : Dmpu
2024-09-12 16:17:32,204 [ERROR] ConditionMgr:805 - Attr not supported : Dmpu
2024-09-12 16:17:32,205 [ERROR] ConditionMgr:805 - Attr not supported : Dmpu
2024-09-12 16:17:32,205 [ERROR] ConditionMgr:805 - Attr not supported : Dmpu
2024-09-12 16:17:32,205 [ERROR] ConditionMgr:805 - Attr not supported : Dmpu
2024-09-12 16:17:32,205 [ERROR] ConditionMgr:805 - Attr not supported : Dmpu
2024-09-12 16:17:32,205 [ERROR] ConditionMgr:805 - Attr not supported : Dmpu
2024-09-12 16:17:32,205 [ERROR] ConditionMgr:805 - Attr not supported : Dmpu
2024-09-12 16:17:32,205 [ERROR] ConditionMgr:805 - Attr not supported : Dmpu
2024-09-12 16:17:32,205 [ERROR] ConditionMgr:805 - Attr not supported : Dmpu
2024-09-12 16:17:32,205 [ERROR] ConditionMgr:805 - Attr not supported : Dmpu
2024-09-12 16:17:32,205 [ERROR] ConditionMgr:805 - Attr not supported : Dmpu
2024-09-12 16:17:32,205 [ERROR] ConditionMgr:805 - Attr not supported : Dmpu
2024-09-12 16:17:32,205 [ERROR] ConditionMgr:805 - Attr not supported : Dmpu
2024-09-12 16:17:32,205 [ERROR] ConditionMgr:805 - Attr not supported : Dmpu
2024-09-12 16:17:32,206 [ERROR] ConditionMgr:805 - Attr not supported : Dmpu
2024-09-12 16:17:32,206 [ERROR] ConditionMgr:805 - Attr not supported : Dmpu
2024-09-12 16:17:32,206 [ERROR] ConditionMgr:805 - Attr not supported : Dmpu
2024-09-12 16:17:32,206 [ERROR] ConditionMgr:805 - Attr not supported : Dmpu
2024-09-12 16:17:32,206 [ERROR] ConditionMgr:805 - Attr not supported : Dmpu
2024-09-12 16:17:32,206 [ERROR] ConditionMgr:805 - Attr not supported : Dmpu
2024-09-12 16:17:32,206 [ERROR] ConditionMgr:805 - Attr not supported : Dmpu
2024-09-12 16:17:32,206 [ERROR] ConditionMgr:805 - Attr not supported : Dmpu
2024-09-12 16:17:32,206 [ERROR] ConditionMgr:805 - Attr not supported : Dmpu
2024-09-12 16:17:32,206 [ERROR] ConditionMgr:805 - Attr not supported : Dmpu
2024-09-12 16:17:32,206 [ERROR] ConditionMgr:805 - Attr not supported : Dmpu
2024-09-12 16:17:32,206 [ERROR] ConditionMgr:805 - Attr not supported : Dmpu
2024-09-12 16:17:32,206 [ERROR] ConditionMgr:805 - Attr not supported : Dmpu
2024-09-12 16:17:32,214 [WARN] PackLoader:240 - Cannot read IP mode file for RealThread.X-CUBE-RT-Thread_Nano.4.1.1
2024-09-12 16:17:32,219 [WARN] PackLoader:240 - Cannot read IP mode file for STMicroelectronics.FP-ATR-SIGFOX1.3.2.0
2024-09-12 16:17:32,224 [WARN] PackLoader:240 - Cannot read IP mode file for wolfSSL.I-CUBE-wolfSSL.5.7.2
2024-09-12 16:17:32,229 [WARN] PackLoader:240 - Cannot read IP mode file for STMicroelectronics.X-CUBE-EEPRMA1.5.1.0
2024-09-12 16:17:32,242 [WARN] PackLoader:240 - Cannot read IP mode file for ITTIA_DB.I-CUBE-ITTIADB.8.9.0
2024-09-12 16:17:32,309 [WARN] PackLoader:240 - Cannot read IP mode file for SEGGER.I-CUBE-embOS.1.3.1
2024-09-12 16:17:32,393 [WARN] PackLoader:240 - Cannot read IP mode file for STMicroelectronics.X-CUBE-ALGOBUILD.1.4.0
2024-09-12 16:17:32,398 [WARN] PackLoader:240 - Cannot read IP mode file for STMicroelectronics.X-CUBE-GNSS1.6.0.0
2024-09-12 16:17:32,427 [WARN] PackLoader:240 - Cannot read IP mode file for STMicroelectronics.X-CUBE-AZRTOS-F4.1.1.0
2024-09-12 16:17:32,444 [WARN] PackLoader:240 - Cannot read IP mode file for STMicroelectronics.X-CUBE-FREERTOS.1.2.0
2024-09-12 16:17:32,471 [WARN] PackLoader:240 - Cannot read IP mode file for STMicroelectronics.X-CUBE-AZRTOS-L5.2.0.0
2024-09-12 16:17:32,489 [WARN] PackLoader:240 - Cannot read IP mode file for STMicroelectronics.X-CUBE-NFC6.3.1.0
2024-09-12 16:17:32,495 [WARN] PackLoader:240 - Cannot read IP mode file for STMicroelectronics.X-CUBE-AI.9.0.0
2024-09-12 16:17:32,499 [WARN] PackLoader:240 - Cannot read IP mode file for STMicroelectronics.X-CUBE-NFC7.1.0.1
2024-09-12 16:17:32,519 [WARN] ConditionMgr:438 - getConditionDescription Invalid condition id : LAN8742 Phy interface Condition cause : null
2024-09-12 16:17:32,520 [WARN] PackLoader:240 - Cannot read IP mode file for STMicroelectronics.X-CUBE-AZRTOS-L4.2.0.0
2024-09-12 16:17:32,523 [WARN] ConditionMgr:1039 - genDependencies : Invalid condition id : LAN8742 Phy interface Condition cause : null
2024-09-12 16:17:32,523 [WARN] ConditionMgr:1039 - genDependencies : Invalid condition id : LAN8742 Phy interface Condition cause : null
2024-09-12 16:17:32,524 [WARN] ConditionMgr:1039 - genDependencies : Invalid condition id : LAN8742 Phy interface Condition cause : null
2024-09-12 16:17:32,539 [WARN] PackLoader:240 - Cannot read IP mode file for STMicroelectronics.X-CUBE-SFXS2LP1.4.0.0
2024-09-12 16:17:32,562 [WARN] PackLoader:240 - Cannot read IP mode file for STMicroelectronics.X-CUBE-AZRTOS-H7.3.3.0
2024-09-12 16:17:32,584 [WARN] ConditionMgr:438 - getConditionDescription Invalid condition id : UX DEVICE CLASS RTOS Condition cause : null
2024-09-12 16:17:32,584 [WARN] ConditionMgr:438 - getConditionDescription Invalid condition id : UX DEVICE CLASS RTOS Condition cause : null
2024-09-12 16:17:32,587 [WARN] PackLoader:240 - Cannot read IP mode file for STMicroelectronics.X-CUBE-AZRTOS-WB.2.0.0
2024-09-12 16:17:32,588 [WARN] ConditionMgr:1039 - genDependencies : Invalid condition id : UX DEVICE CLASS RTOS Condition cause : null
2024-09-12 16:17:32,588 [WARN] ConditionMgr:1039 - genDependencies : Invalid condition id : UX DEVICE CLASS RTOS Condition cause : null
2024-09-12 16:17:32,592 [WARN] ConditionMgr:1039 - genDependencies : Invalid condition id : UX DEVICE CLASS RTOS Condition cause : null
2024-09-12 16:17:32,592 [WARN] ConditionMgr:1039 - genDependencies : Invalid condition id : UX DEVICE CLASS RTOS Condition cause : null
2024-09-12 16:17:32,592 [WARN] ConditionMgr:1039 - genDependencies : Invalid condition id : UX DEVICE CLASS RTOS Condition cause : null
2024-09-12 16:17:32,610 [WARN] PackLoader:240 - Cannot read IP mode file for STMicroelectronics.X-CUBE-GNSS1.7.0.0
2024-09-12 16:17:32,644 [WARN] PackLoader:240 - Cannot read IP mode file for STMicroelectronics.X-CUBE-SUBG2.5.0.0
2024-09-12 16:17:32,688 [WARN] PackLoader:240 - Cannot read IP mode file for Cesanta.I-CUBE-Mongoose.7.13.0
2024-09-12 16:17:32,710 [WARN] PackLoader:240 - Cannot read IP mode file for STMicroelectronics.X-CUBE-AZRTOS-G4.2.0.0
2024-09-12 16:17:32,740 [WARN] PackLoader:240 - Cannot read IP mode file for STMicroelectronics.X-CUBE-ISPU.2.0.0
2024-09-12 16:17:32,744 [WARN] PackLoader:240 - Cannot read IP mode file for STMicroelectronics.X-CUBE-ALS.1.0.2
2024-09-12 16:17:32,758 [WARN] PackLoader:240 - Cannot read IP mode file for STMicroelectronics.X-CUBE-TOUCHGFX.4.24.0
2024-09-12 16:17:32,767 [WARN] PackLoader:240 - Cannot read IP mode file for wolfSSL.I-CUBE-wolfTPM.3.4.0
2024-09-12 16:17:32,810 [WARN] PackLoader:240 - Cannot read IP mode file for portGmbH.I-Cube-SoM-uGOAL.1.1.0
2024-09-12 16:17:32,832 [WARN] PackLoader:240 - Cannot read IP mode file for STMicroelectronics.X-CUBE-AZRTOS-H7RS.1.0.0
2024-09-12 16:17:32,838 [WARN] PackLoader:240 - Cannot read IP mode file for STMicroelectronics.FP-ATR-ASTRA1.2.0.0
2024-09-12 16:17:32,852 [WARN] PackLoader:240 - Cannot read IP mode file for STMicroelectronics.X-CUBE-TOF1.3.4.2
2024-09-12 16:17:32,927 [WARN] PackLoader:240 - Cannot read IP mode file for Infineon.AIROC-Wi-Fi-Bluetooth-STM32.1.6.1
2024-09-12 16:17:33,060 [WARN] PackLoader:240 - Cannot read IP mode file for wolfSSL.I-CUBE-wolfSSH.1.4.17
2024-09-12 16:17:33,066 [INFO] ThirdParty:978 - Integrity check success = true
2024-09-12 16:17:33,066 [INFO] IntegrityCheckThread:100 - exiting critical section [integrity check]
2024-09-12 16:17:33,066 [INFO] IntegrityCheckThread:103 - End integrity checks thread
2024-09-12 16:17:34,717 [INFO] WebApp:167 - Instantiating new browser for Auth
2024-09-12 16:17:36,179 [INFO] WebApp:448 - Apply proxy settings
2024-09-12 16:17:36,186 [INFO] WebApp:493 - Chromium authenticates against Manually configured proxy
2024-09-12 16:17:36,207 [INFO] WebApp:501 - Username used for proxy authentication: 
2024-09-12 16:17:36,257 [INFO] WebApp:869 - Register for checkConnection events
2024-09-12 16:17:36,257 [INFO] WebApp:448 - Apply proxy settings
2024-09-12 16:17:36,260 [INFO] WebApp:493 - Chromium authenticates against Manually configured proxy
2024-09-12 16:17:36,260 [INFO] WebApp:501 - Username used for proxy authentication: 
2024-09-12 16:17:36,393 [INFO] WebApp:220 - Starting web application
2024-09-12 16:17:36,393 [INFO] WebApp:578 - Web application path used /Applications/STM32CubeIDE.app/Contents/Eclipse/plugins/com.st.stm32cube.common.mx_6.12.0.202406281431/db/plugins/mcufinder/reactClient1/index.html
2024-09-12 16:17:36,830 [INFO] UserAuth:417 - Internet connection configuration mode: 1
2024-09-12 16:17:36,926 [INFO] WebApp:186 - Connection restablished
2024-09-12 16:28:00,911 [INFO] WebApp:189 - Connection lost
2024-09-12 16:28:05,601 [INFO] WebApp:186 - Connection restablished
2024-09-12 16:28:51,006 [INFO] WebApp:189 - Connection lost
2024-09-12 16:28:56,778 [INFO] WebApp:186 - Connection restablished
2024-09-12 16:30:06,308 [ERROR] LogOutputStream:75 - [STDERR_REDIRECT] 
